obs,time,elapsed,date,hhmmss,averaging,Room,Plant,fanrpm,TIME,E,Emm,A,Ca,Ci,Pci,Pca,gsw,gbw,gtw,gtc,Rabs,TleafEB,TleafCnd,SVPleaf,RHcham,VPcham,SVPcham,VPDleaf,LatHFlux,SenHFlux,NetTherm,EBSum,Leak,LeakPct,CorrFact,CorrFactPct,Fan,DarkAdaptedID,Qmax_d,Fo,Fm,Fv/Fm,A_dark,LightAdaptedID,Qmax,Fs,Fm',PhiPS2,PS2/1,Qabs_fs,A_fs,ETR,k,b,Jt,מונה,מחנה,CI*,Rd,Cc,Ci-Cc,gm,PhiCO2,NPQ,alt._Fo',DarkPulseID,Fmin,Fo',Fv'/Fm',qP,qN,qP_Fo,qN_Fo,qL,1-qL,ID,P1_dur,P1_Fmax,T@P1_Fmax,Q@P1_Fmax,P1_PredF,P1_Î”F,P2_dur,P2_ramp,P2_int,P2_int_se,P2_slp,P2_slp_se,P2_R2,P2_dQdt,P3_dur,P3_Fmax,T@P3_Fmax,Q@P3_Fmax,P3_PredF,P3_Î”F,ID,Dur,DCo,InitSlope,Fo,F1,T@F1,T@HIR,F2,T@F2,DCmax,T@DCmax,PhiPS2_dc,Qin,Qabs,alpha,convert,S,K,Geometry,Custom,TIME,CO2_s,CO2_r,H2O_s,H2O_r,CO2_a,H2O_a,Flow,Pa,Î”Pcham,Tair,Tleaf,Tleaf2,Offset,Offset2,Fan_speed,Qamb_in,Qamb_out,Î”CO2,CO2_s_d,CO2_r_d,Î”H2O,CO2_b,H2O_b,e_s,e_r,Td_s,Td_r,Q,f_red,f_blue,f_farred,F,Q_modavg,F_dc,Pc,Tled,TDigital,TPreamp,TPwrSpy,TDrive,Q_red,Q_blue,Q_farred,TSPF,state,F_avg,dF/dt,dF_dc/dt,F_dc_avg,period,time,hhmmss,co2_t,h2o_t,count,co2_adj,h2o_adj,co2_match,h2o_match,co2_at,h2o_at,co2_cv,h2o_cv,Î”CO2:MN,Î”CO2:SLP,Î”CO2:SD,Î”CO2:OK,F:MN,F:SLP,F:SD,F:OK,Î”H2O:MN,Î”H2O:SLP,Î”H2O:SD,Î”H2O:OK,Stable,Total,State,Vflow,VPchamber,abs_c_a,abs_c_b,abs_h_a,abs_h_b,Wc_s,Wc_r,Wco_s,Wco_r,Ww_s,Ww_r,Wwo_s,Wwo_r,Flow_s_v,Flow_r_v,Tleaf_mv,Tleaf2_mv,Tleaf_j,Tleaf2_j,Console_RH,Console_T,Console_H2O,Fan_%,Flow_%,Pump,Tchp_pwm,Txchg_pwm,diag_20v,diag_5_4v,diag_12v,diag_5va,diag_3_3vf,AccCO2_soda,AccH2O_des,AccH2O_hum,CO2_hrs,ADC_CH1,ADC_CH2,ADC_CH3,ADC_CH4,ADC_CH5,ADC_CH6,ADC_CH7,ADC_CH8,DAC_1,DAC_2,DAC_3,DAC_4,GPIO,GPIO_dir,excit_5v,power_12v,power_5v,ch1_pullup,AuxPower,MatchValveR,MatchValveS,MatchCO2,MatchH2O,cf_co2_a,cf_co2_b,cf_co2_c,cf_co2_d,cf_h2o_a,cf_h2o_b,cf_h2o_c,cf_h2o_d,co2_fit_low,co2_fit_high,h2o_fit_low,h2o_fit_high,co2_elapsed,h2o_elapsed,CO2_f,CO2_f_s,Pump_f,Pump_f_s,Pump_p,Pump_p_s,Tboard,V_system,DIAG,Flow_s,Flow_r,Txchg,Tirga,Tchopper,Ts,Tr,CO2_%,Desiccant_%,Humidifier_%,Txchg_sp,CO2_r_sp,H2O_r_sp,SS_s,SS_r
,,,,,,,,,,,,,,,,,,,,,,,,,,,,,,,,,,,,,,,,,,,,,,,,,,,,,,,,,,,,,,,,,,,,,,,,,,,,,,,,,,,,,,,,,,,,,,,,,,,,,,,,,,,,,,,,,,,,,,,,,,,,,,,,,,,,,,,,,,,,,,,,,,,,,,,,,,,,,,,,,,,,,,,,,,,,,,,,,,,,,,,,,,,,,,,,,,,,,,,,,,,,,,,,,,,,,,,,,,,,,,,,,,,,,,,,,,,,,,,,,,,,,,,,,,,,,,,,,,,,,,,,,,,,,,,,,,,,,,,,,,,,,,,,,,,,,,
13,1745739188,1716.9,20250427 10:33:07,10:33:07,15,A,4,5615.85,1745739180,0.003467841,3.467841388,9.853536295,416.2244333,249.520898,25.22762721,42.08206577,0.108367676,2.001726532,0.105210773,0.066032708,193.8024056,40.77842931,39.37499667,7.169666814,52.98446226,4.021616969,7.590181719,3.148049845,-152.9318052,115.0590332,14.07598529,170.0056189,0,0,1,0,24959,RECT-24220-20250331-19_34_23,10063.9,425.8796,624.32,0.317850461,-0.387208687,MPF-24413-20250427-10_32_14,10019.8,262.8928,406.4446874,0.353189233,0.5,1009.17704,9.853536295,178.2152323,10.469,0.0882,121.495897,17298.4134,145.0519517,64.17628686,1.562716139,119.2566746,130.2642234,0.07564269,0.01014762,0.53605157,311.8472489,DARK-24414-20250427-10_32_21,206.31,206.31,0.492403256,0.717276397,0.521220336,-7.386289313,1.097938286,0.562895954,0.437104046,24413,290,372.95,225,10019.8,371.38,1.57,300,24.1,406.4446874,1.183649156,-35.13280941,1.046441973,0.975761472,-0.007312059,290,369.78,765,9997.01,371.3,-1.52,None,None,None,None,None,None,None,None,None,None,None,None,None,1199.992667,1009.17704,0.840986006,0.161502992,2,0.5,0: Broadleaf,2,1745739180,416.2244333,419.9901,39.77692667,38.66695333,416.6837,39.18191333,599.9966333,101.0043,0.09996586,40.44117667,39.37499667,999.9,0,0,5006.5,0,1004.349033,-3.765567667,433.4665,436.8829,1.109977,419.9901,38.66695333,4.017637333,3.905526333,28.98222,28.49407,1199.992667,0.9669952,0.033005193,0,262.9126333,4.99998,3387.547,11896.56333,49.17873333,50.8666,49.4454,50.39153333,50.687,1155.552667,39.44,0,589.2,0,262.8928,-0.761230747,-18.54307692,3387.448,15,1745738475,10:21:15,1745738475,1745738471,2,-0.28,0.197,-0.714,0.595,1500,35,1.24,0.57,-3.778458049,0.077564739,0.096927621,1,262.9301471,-0.873445371,0.216691178,1,1.109041707,0.01012223,0.003646843,1,3,3,03-Mar,3.22098,2.75525,0.0948465,0.0959229,0.173919,0.170549,26661.5,29956.5,28826,31368.2,33797.2,35408.1,44186,46035.6,2.087,1.5968,0.145882,0,37.0529,999.9,63.5,36.9,39.4208,29.1136,28.5777,1,1.00482,0,20.2921,5.23406,11.9381,4.972,3.2846,9999,9999,9999,156.5,4.97122,1.86633,1.86914,1.86682,1.87167,1.86996,1.8735,1.87195,0,0,0,0,11111111,oooooooo,on,on,on,on,0,100,100,-0.46,0.595,-0.639398626,0.000859946,-1.19E-06,3.87E-10,0.59501,0,0,0,2,2149,0,22,11.9,11.9,1.06812,2.35229,1.59424,2.33276,1.49292,2.43408,44.1954,24.035,18,612.982,416.498,39.1406,39.4807,30.0004,39.114,39.0724,21.4495,-30,-30,-999.9,420,0,97.5228,98.5039
14,1745739263,1791.9,20250427 10:34:22,10:34:22,15,A,4,5615.58,1745739255,0.003241222,3.241221971,5.45919597,297.8419677,194.4028085,19.65465663,30.11263907,0.099057615,2.00074619,0.096411456,0.060489019,193.8042453,40.9042989,39.49889355,7.217472149,52.67334695,4.007214932,7.607670985,3.210257216,-142.9378889,106.3008932,13.02133286,170.1885825,0,0,1,0,24499,RECT-24220-20250331-19_34_23,10063.9,425.8796,624.32,0.317850461,-0.387208687,MPF-24415-20250427-10_33_29,10022.9,259.17688,385.730243,0.328087738,0.5,1009.186723,5.45919597,165.5508946,10.469,0.0882,109.9880759,14229.56367,149.9649753,64.17628686,1.562716139,94.88591347,99.51689503,0.054856976,0.005793184,0.618540447,299.5066419,DARK-24416-20250427-10_33_36,211.67,211.67,0.451248628,0.72706645,0.57818916,-3.152064502,1.202324512,0.593795849,0.406204151,24415,290,357.62,195,10022.9,357.13,0.49,300,24.1,385.730243,1.132874325,-28.66342193,1.001528103,0.966945526,-0.007311839,290,356.77,815,9994.79,357.05,-0.28,None,None,None,None,None,None,None,None,None,None,None,None,None,1200.004194,1009.186723,0.840985997,0.161502973,2,0.5,0: Broadleaf,2,1745739255,297.8419677,299.9835806,39.63507742,38.59744839,298.3202581,39.04006129,599.9747097,101.0028065,0.099933681,40.4844,39.49889355,999.9,0,0,5002.580645,0,1019.529774,-2.14158129,310.1341613,312.0270645,1.037633226,299.9835806,38.59744839,4.00325129,3.898448065,28.92024839,28.46285161,1200.004194,0.966994774,0.033005597,0,259.1892581,4.99998,3345.131613,11896.67742,49.25,50.794,49.5,50.34654839,50.75,1155.564194,39.44,0,73.20000005,0,259.17688,-0.259000005,-7.133076928,3345.0196,15,1745738475,10:21:15,1745738475,1745738471,2,-0.28,0.197,-0.714,0.595,1500,35,1.24,0.57,-2.117760244,-0.395505366,0.088977056,1,259.2056471,-0.408739497,0.229487778,1,1.037731951,-0.003571359,0.003426642,1,3,3,03-Mar,3.22172,2.75599,0.0727225,0.0734814,0.173501,0.170352,27313.2,30698.8,28826.6,31367.4,33814.8,35416,44187,46034.9,2.0884,1.5938,0.154823,0,37.025,999.9,62.7,37.2,39.5704,29.2636,28.6659,1,1.00634,0,20.2919,5.23406,11.9381,4.972,3.2842,9999,9999,9999,156.5,4.97116,1.8663,1.86908,1.86676,1.87164,1.8699,1.8735,1.87186,0,0,0,0,11111111,oooooooo,on,on,on,on,0,100,100,-0.478,0.595,-0.639398626,0.000859946,-1.19E-06,3.87E-10,0.59501,0,0,0,2,2149,0,22,13.1,13.2,0.817871,2.36328,1.59424,2.33032,1.49292,2.47437,44.4735,24.0262,18,614.394,414.763,39.2072,39.5116,30.0001,39.1559,39.1103,16.4399,-30,-30,-999.9,300,0,97.5249,98.5021
15,1745739335,1864.4,20250427 10:35:35,10:35:35,15,A,4,5615.49,1745739327,0.003046965,3.046964927,1.843392236,199.1635,156.3551082,15.8075301,20.13546636,0.091070974,1.998689076,0.088826866,0.05571381,193.8050124,41.04011938,39.64086,7.27258912,52.37060533,3.99792351,7.633907389,3.27466561,-134.3711533,97.86372524,12.01204354,169.3096279,0,0,1,0,25234,RECT-24220-20250331-19_34_23,10063.9,425.8796,624.32,0.317850461,-0.387208687,MPF-24417-20250427-10_34_41,10016.4,257.5141154,366.7329455,0.297815703,0.5,1009.19076,1.843392236,150.2764281,10.469,0.0882,96.10878981,11392.91426,149.1537237,64.17628686,1.562716139,76.38370655,79.97140165,0.023050643,0.002210287,0.702383185,287.9256689,DARK-24418-20250427-10_34_48,207.34,207.34,0.434629469,0.685217465,0.617744387,-1.846576635,1.298057525,0.551709521,0.448290479,24417,290,345.35,255,10016.4,345.36,-0.01,300,24.1,366.7329455,1.345426365,-21.40398698,1.189419219,0.92041651,-0.007311731,290,345.95,865,9992.92,345.31,0.64,None,None,None,None,None,None,None,None,None,None,None,None,None,1200.009,1009.19076,0.840985993,0.161502966,2,0.5,0: Broadleaf,2,1745739327,199.1635,199.9803333,39.54417667,38.56858,199.6755,38.94916,599.9354667,101.0002,0.099983317,40.54908,39.64086,999.9,0,0,4994.333333,0,866.2762667,-0.816787233,207.3635333,208.0027333,0.9755899,199.9803333,38.56858,3.993969,3.895433667,28.88016333,28.44953333,1200.009,0.966995,0.0330054,0,257.5243667,4.99998,3326.087667,11896.71333,49.27893333,50.687,49.562,50.312,50.75,1155.569,39.44,0,70.20000005,0,257.5141154,-0.753264948,-1.076239319,3326.090769,15,1745738475,10:21:15,1745738475,1745738471,2,-0.28,0.197,-0.714,0.595,1500,35,1.24,0.57,-0.79882355,-0.46231961,0.09182481,1,257.5397353,-0.548220014,0.26463052,1,0.979364975,-0.078791583,0.008547122,1,3,3,03-Mar,3.2218,2.75599,0.0516124,0.0520432,0.173219,0.170273,27934,31409.5,28826.5,31368.7,33825.9,35420.5,44187.1,46036.6,2.0892,1.5916,0.163764,0,37.0215,999.9,61.9,37.5,39.7038,29.5136,28.75,1,1.00683,0,20.2917,5.23286,11.9369,4.972,3.285,9999,9999,9999,156.5,4.97122,1.8663,1.86905,1.86679,1.87164,1.86987,1.87347,1.87183,0,0,0,0,11111111,oooooooo,on,on,on,on,0,100,100,-0.512,0.595,-0.639398626,0.000859946,-1.19E-06,3.87E-10,0.59501,0,0,0,2,2149,0,22,14.3,14.4,0.600586,2.37061,1.59424,2.33032,1.49292,2.48535,44.6973,24.035,18,615.16,413.464,39.2632,39.5271,30,39.175,39.1332,12.0755,-30,-30,-999.9,200,0,97.5249,98.5059
16,1745739410,1938.9,20250427 10:36:49,10:36:49,15,A,4,5615.49,1745739402,0.002684365,2.684364981,0.701606543,149.6376,127.4994665,12.89020048,15.12836655,0.079046052,2.002166311,0.077352371,0.04849438,193.80464,41.25019175,39.76605333,7.321496507,52.30369501,4.009627039,7.666049288,3.311869468,-118.3804957,93.04532094,11.41193864,179.881404,0,0,1,0,24115,RECT-24220-20250331-19_34_23,10063.9,425.8796,624.32,0.317850461,-0.387208687,MPF-24419-20250427-10_35_56,10014.5,256.4613462,353.8674421,0.275261537,0.5,1009.1888,0.701606543,138.8954301,10.469,0.0882,85.76753903,10076.31954,142.3398685,64.17628686,1.562716139,70.7905638,56.7089027,0.012372071,0.001078901,0.764276465,279.9351664,DARK-24420-20250427-10_36_03,210.76,210.76,0.404409745,0.680650108,0.65396208,-1.35263404,1.36289061,0.559358433,0.440641567,24419,290,336.83,275,10014.5,336.75,0.08,300,24.1,353.8674421,1.201330262,-17.14660617,1.062022151,0.903003055,-0.007311697,290,338.47,885,9992.17,336.71,1.76,None,None,None,None,None,None,None,None,None,None,None,None,None,1200.006667,1009.1888,0.840985995,0.161502969,2,0.5,0: Broadleaf,2,1745739402,149.6376,150.0053667,39.65999667,38.80068667,150.1733667,39.06499667,599.9937333,101.0001,0.09993469,40.62805667,39.76605333,999.9,0,0,5008.5,0,1356.59,-0.367807967,155.8174667,156.0606667,0.8593109,150.0053667,38.80068667,4.005666,3.918875,28.93066,28.55282667,1200.006667,0.966995,0.0330054,0,256.4257333,4.99998,3314.713667,11896.71,49.312,50.6208,49.562,50.25,50.80786667,1155.566667,39.44,0,72.5999999,0,256.4613462,-0.003863266,5.097094029,3314.716538,15,1745738475,10:21:15,1745738475,1745738471,2,-0.28,0.197,-0.714,0.595,1500,35,1.24,0.57,-0.33616819,-0.445232442,0.086339848,1,256.3977059,0.648586697,0.227634709,1,0.865145976,-0.098925868,0.010635448,1,3,3,03-Mar,3.22122,2.75499,0.0398878,0.0401667,0.173667,0.171007,28281.1,31802.1,28829,31368.8,33811.7,35391.5,44191,46037.9,2.0886,1.5908,0.17032,0,37.0389,999.9,61.3,37.7,39.7569,29.5936,28.7099,1,1.00622,0,20.2917,5.23406,11.9369,4.972,3.285,9999,9999,9999,156.5,4.97119,1.8663,1.86905,1.86676,1.87164,1.86987,1.87347,1.87183,0,0,0,0,11111111,oooooooo,on,on,on,on,0,100,100,-0.535,0.5951,-0.639398626,0.000859946,-1.19E-06,3.87E-10,0.59501,0,0,0,2,2149,0,22,15.6,15.6,0.489502,2.39136,1.59424,2.33154,1.49292,2.49878,44.9504,24.035,18,614.833,413.033,39.3228,39.5387,30,39.1903,39.1483,9.84452,-30,-30,-999.9,150,0,97.5335,98.5075
17,1745739480,2008.9,20250427 10:37:59,10:37:59,15,A,4,5615.49,1745739472,0.002610249,2.610248655,-0.923461308,100.2105806,113.9544584,11.52075591,10.13125467,0.076325216,1.999123424,0.074742517,0.046853539,193.8031127,41.37585363,39.88238065,7.367195621,52.36896911,4.035582028,7.706055889,3.331613593,-115.1119657,90.91802593,11.17946209,180.788635,0,0,1,0,24649,RECT-24220-20250331-19_34_23,10063.9,425.8796,624.32,0.317850461,-0.387208687,MPF-24421-20250427-10_37_06,10019.1,256.1058077,343.4089605,0.254225029,0.5,1009.180761,-0.923461308,128.279504,10.469,0.0882,76.1217128,8560.702258,138.2242138,64.17628686,1.562716139,61.93344873,52.02100967,-0.017751699,-0.000531374,0.818007308,273.3496122,DARK-24422-20250427-10_37_13,212.05,212.05,0.382514656,0.664615132,0.681376378,-1.058596774,1.415593999,0.550286774,0.449713226,24421,290,330.06,225,10019.1,330.34,-0.28,300,24.1,343.4089605,1.197481064,-13.09101464,1.058600912,0.845240825,-0.007311593,290,332.76,785,9995.47,330.31,2.45,None,None,None,None,None,None,None,None,None,None,None,None,None,1199.997097,1009.180761,0.840986002,0.161502985,2,0.5,0: Broadleaf,2,1745739472,100.2105806,99.98994839,39.91687419,39.08150968,100.7748387,39.32184839,599.9909355,100.9996452,0.100005281,40.72595806,39.88238065,999.9,0,0,4996.129032,0,1334.268065,0.220545806,104.3769355,104.0566129,0.835353032,99.98994839,39.08150968,4.031589355,3.947217742,29.04213871,28.6770129,1199.997097,0.966995,0.0330054,0,256.1067097,4.99998,3311.452258,11896.6,49.35467742,50.562,49.58029032,50.254,50.812,1155.557097,39.44,0,68,0,256.1058077,-0.064034197,11.48170939,3311.560769,15,1745738475,10:21:15,1745738475,1745738471,2,-0.28,0.197,-0.714,0.595,1500,35,1.24,0.57,0.238787951,-0.417380822,0.070280924,1,256.0726471,0.475232998,0.239110469,1,0.836323829,-0.017947777,0.004362624,1,3,3,03-Mar,3.22156,2.7553,0.0274514,0.0274793,0.174391,0.171797,28648.1,32222.6,28830.7,31370,33785.2,35361.1,44192.7,46040.1,2.0892,1.5884,0.172257,0,37.1299,999.9,60.8,38,40.0716,29.8136,28.7139,1,1.00768,0,20.2914,5.23406,11.9369,4.9716,3.285,9999,9999,9999,156.5,4.97122,1.86633,1.86908,1.86679,1.87164,1.86993,1.87347,1.87183,0,0,0,0,11111111,oooooooo,on,on,on,on,0,100,100,-0.564,0.595,-0.639398626,0.000859946,-1.19E-06,3.87E-10,0.59501,0,0,0,2,2149,0,22,16.7,16.8,0.375977,2.41089,1.59424,2.33154,1.49292,2.44141,45.1768,24.0262,18,615.449,411.608,39.4059,39.5581,30.0003,39.2102,39.1712,7.59008,-30,-30,-999.9,100,0,97.5381,98.512
18,1745739560,2088.9,20250427 10:39:19,10:39:19,15,A,4,5615.58,1745739552,0.002590598,2.590598072,-2.070295263,50.63452903,91.28223943,9.228538114,5.119097471,0.075589402,2.000223892,0.074037573,0.046410255,193.803576,41.50016641,39.98604194,7.408127026,52.50587937,4.071480524,7.754332606,3.336646501,-114.245375,92.46629971,11.37562578,183.4001265,0,0,1,0,24441,RECT-24220-20250331-19_34_23,10063.9,425.8796,624.32,0.317850461,-0.387208687,MPF-24423-20250427-10_38_26,10017.1,256.90508,331.2532239,0.224445043,0.5,1009.1832,-2.070295263,113.2530831,10.469,0.0882,62.4678772,7007.566001,127.7851287,64.17628686,1.562716139,54.83866606,36.44357337,-0.05680824,-0.001667771,0.884721279,265.5917408,DARK-24424-20250427-10_38_33,211.26,211.26,0.362240169,0.619602853,0.709501709,-0.785702117,1.476850359,0.509516195,0.490483805,24423,290,324.01,245,10017.1,323.81,0.2,300,24.1,331.2532239,1.218626022,-7.457659463,1.077292549,0.63120197,-0.007311552,290,326.65,885,9992,323.79,2.86,None,None,None,None,None,None,None,None,None,None,None,None,None,1200,1009.1832,0.840986,0.16150298,2,0.5,0: Broadleaf,2,1745739552,50.63452903,49.98813871,40.27223548,39.44345806,51.23292581,39.67723226,599.9847097,100.9989355,0.100009623,40.8435129,39.98604194,999.9,0,0,5000.645161,0,1014.692871,0.646388613,52.75925806,52.0408,0.828779613,49.98813871,39.44345806,4.067455161,3.983749032,29.19532258,28.83593226,1200,0.966994581,0.033005787,0,256.8889355,4.99998,3321.137742,11896.63871,49.375,50.5,49.625,50.28,50.875,1155.56,39.44,0,78.20000005,0,256.90508,1.345923063,16.05307694,3321.4268,15,1745738475,10:21:15,1745738475,1745738471,2,-0.28,0.197,-0.714,0.595,1500,35,1.24,0.57,0.662339073,-0.200324948,0.067962831,1,256.8243235,0.939052707,0.218487141,1,0.826619146,0.036238035,0.005270698,1,3,3,03-Mar,3.2213,2.75501,0.0142128,0.014046,0.175401,0.172779,29035.9,32665.9,28830,31369.7,33746.2,35320.6,44191.8,46038.8,2.089,1.586,0.171959,0,37.2493,999.9,60.4,38.3,40.4615,29.6236,28.8101,1,1.01091,0,20.291,5.23526,11.9381,4.972,3.2848,9999,9999,9999,156.6,4.97119,1.8663,1.86908,1.86676,1.87164,1.8699,1.87347,1.87186,0,0,0,0,11111111,oooooooo,on,on,on,on,0,100,100,-0.599,0.595,-0.639398626,0.000859946,-1.19E-06,3.87E-10,0.59501,0,0,0,2,2149,0,22,18.1,18.1,0.263672,2.4231,1.59424,2.3291,1.49292,2.50122,45.4043,24.0262,18,615.62,410.275,39.5135,39.6046,30.0003,39.2477,39.2093,5.32919,-30,-30,-999.9,50,0,97.5359,98.51
19,1745739645,2173.9,20250427 10:40:44,10:40:44,15,A,4,5615.4,1745739637,0.00257936,2.579360105,8.95091735,416.6710645,206.0850671,20.8355464,42.12614442,0.075436716,2.001604743,0.073892123,0.046318718,193.8047087,41.60799468,40.032,7.42633687,52.56039521,4.098316058,7.797346351,3.328020812,-113.7497806,98.81574707,12.15711328,191.0277884,0,0,1,0,24063,RECT-24220-20250331-19_34_23,10063.9,425.8796,624.32,0.317850461,-0.387208687,MPF-24425-20250427-10_39_51,10015.3,251.1149615,353.1893193,0.289007487,0.5,1009.189161,8.95091735,145.8316119,10.469,0.0882,92.07007719,14756.73903,116.2788071,64.17628686,1.562716139,126.9082424,79.1768247,0.113049713,0.009253098,0.767663873,279.5106289,DARK-24426-20250427-10_39_58,205.77,205.77,0.417394613,0.692408283,0.647785643,-1.40423667,1.366307872,0.567376995,0.432623005,24425,290,330.81,265,10015.3,331.4,-0.59,300,24.1,353.1893193,1.16350024,-21.82147438,1.02856605,0.941434186,-0.007311724,290,332.32,875,9992.3,331.35,0.97,None,None,None,None,None,None,None,None,None,None,None,None,None,1200.007097,1009.189161,0.840985994,0.161502969,2,0.5,0: Broadleaf,2,1745739637,416.6710645,420.0131935,40.53657742,39.71158387,417.1301935,39.94157419,599.9566129,101.0017742,0.099905303,40.94771935,40.032,999.9,0,0,5006.129032,0,515.7367097,-3.342167097,434.2750323,437.3823871,0.82499371,420.0131935,39.71158387,4.094265806,4.010941613,29.30908065,28.9534,1200.007097,0.966994355,0.033005984,0,251.1235161,4.99998,3251.419677,11896.70645,49.375,50.44512903,49.62093548,50.25,50.875,1155.567097,39.44,0,82.79999995,0,251.1149615,-0.954632477,-14.47213677,3251.325,15,1745738475,10:21:15,1745738475,1745738471,2,-0.28,0.197,-0.714,0.595,1500,35,1.24,0.57,-3.343316829,0.123402648,0.094111395,1,251.1540294,-0.742658516,0.2026921,1,0.826679293,-0.031385603,0.005580803,1,3,3,03-Mar,3.2215,2.75543,0.0948742,0.0959246,0.176168,0.173533,26661.5,29956.1,28827.8,31368.6,33716.8,35291,44189.4,46037.8,2.0898,1.5844,0.167787,0,37.3411,999.9,59.8,38.6,40.7138,29.5136,28.8822,1,1.01565,0,20.2906,5.23047,11.9381,4.9716,3.2846,9999,9999,9999,156.6,4.97125,1.8663,1.86905,1.86676,1.87164,1.86984,1.87347,1.8718,0,0,0,0,11111111,oooooooo,on,on,on,on,0,100,100,-0.459,0.595,-0.639398626,0.000859946,-1.19E-06,3.87E-10,0.59501,0,0,0,2,2149,0,22,19.5,19.6,1.07178,2.37671,1.59424,2.32788,1.49292,2.47192,45.6618,24.0262,18,616.646,409.508,39.634,39.659,30.0004,39.2976,39.2552,21.5033,-30,-30,-999.9,420,0,97.5297,98.5072
20,1745739725,2253.9,20250427 10:42:04,10:42:04,15,A,4,5615.4,1745739717,0.002512826,2.512826394,13.782169,594.9011613,265.3647055,26.82949386,60.14702302,0.073423543,1.999139462,0.071957662,0.045102805,193.8007444,41.72069825,40.11489032,7.459278392,52.73323019,4.130999087,7.833768332,3.328279305,-110.815644,99.22840876,12.23292529,194.4464345,0,0,1,0,24228,RECT-24220-20250331-19_34_23,10063.9,425.8796,624.32,0.317850461,-0.387208687,MPF-24427-20250427-10_41_11,10033.9,247.32076,366.1250248,0.324490971,0.5,1009.168297,13.782169,163.7330003,10.469,0.0882,108.3369846,18385.998,114.8551889,64.17628686,1.562716139,160.0798204,105.2848851,0.130903586,0.014040649,0.705209854,287.5508145,DARK-24428-20250427-10_41_18,197.66,197.66,0.460129774,0.705216201,0.605153929,-1.988203657,1.301121018,0.563612348,0.436387652,24427,290,337.54,115,10033.9,336.89,0.65,300,24.1,366.1250248,1.342906957,-29.32911632,1.187177233,0.956135746,-0.007311754,290,335.39,675,10000.8,336.8,-1.41,None,None,None,None,None,None,None,None,None,None,None,None,None,1199.982258,1009.168297,0.840986015,0.161503008,2,0.5,0: Broadleaf,2,1745739717,594.9011613,599.9934839,40.85881613,40.05543548,595.3675806,40.2638,600.0033226,101.0042258,0.100002819,41.03556774,40.11489032,999.9,0,0,4995.967742,0,507.8689355,-5.092365806,620.2435484,625.0292581,0.803382194,599.9934839,40.05543548,4.126912903,4.045768387,29.44670645,29.10282903,1199.982258,0.966993258,0.033006958,0,247.3256774,4.99998,3207.334194,11896.44839,49.379,50.437,49.625,50.187,50.895,1155.542258,39.44,0,78,0,247.32076,0.903384607,2.75538463,3207.4084,15,1745738475,10:21:15,1745738475,1745738471,2,-0.28,0.197,-0.714,0.595,1500,35,1.24,0.57,-5.108615366,0.444975889,0.111808689,1,247.3549118,0.189717342,0.197198969,1,0.806093585,-0.050480948,0.006123828,1,3,3,03-Mar,3.2205,2.75505,0.123362,0.124669,0.177053,0.174475,25819.6,29000.8,28825.6,31366.5,33680.8,35252.1,44184.7,46035.1,2.0888,1.582,0.16734,0,37.4296,999.9,59.4,38.9,41.1027,29.4436,29.0705,1,1.02073,0,20.2904,5.23406,11.9381,4.972,3.2848,9999,9999,9999,156.6,4.97125,1.8663,1.86911,1.86679,1.87164,1.8699,1.87347,1.8718,0,0,0,0,11111111,oooooooo,on,on,on,on,0,100,100,-0.467,0.595,-0.639398626,0.000859946,-1.19E-06,3.87E-10,0.59501,0,0,0,2,2149,0,22,20.8,20.9,1.42944,2.37061,1.59424,2.32788,1.49292,2.50977,45.8632,24.0262,18,616.307,408.246,39.736,39.7213,30.0006,39.3476,39.3049,28.658,-30,-30,-999.9,600,0,97.5206,98.5012
21,1745739823,2352.4,20250427 10:43:43,10:43:43,15,A,4,5615.4,1745739815,0.002440862,2.440861918,18.92968153,793.0237333,330.1514934,33.38029048,80.17944218,0.071360929,2.000969827,0.069976653,0.043857543,193.8022992,41.8077001,40.19223333,7.49012949,53.01662711,4.166744959,7.859317323,3.323384532,-107.6420106,97.60070956,12.02923525,195.7902335,0,0,1,0,23937,RECT-24220-20250331-19_34_23,10063.9,425.8796,624.32,0.317850461,-0.387208687,MPF-24429-20250427-10_42_49,10019.6,247.40308,390.5652822,0.366551275,0.5,1009.17648,18.92968153,184.9574627,10.469,0.0882,127.6222383,22390.89111,115.4896011,64.17628686,1.562716139,193.8779846,136.2735088,0.138909475,0.019141241,0.598503575,302.4135437,DARK-24430-20250427-10_42_56,196.69,196.69,0.49639661,0.73842421,0.546628435,-4.053942167,1.177959316,0.587060832,0.412939168,24429,290,351.12,225,10019.6,350.11,1.01,300,24.1,390.5652822,1.543533311,-40.5330796,1.364584535,0.969241049,-0.007311958,290,346.43,675,10001.2,350.04,-3.61,None,None,None,None,None,None,None,None,None,None,None,None,None,1199.992,1009.17648,0.840986007,0.161502993,2,0.5,0: Broadleaf,2,1745739815,793.0237333,799.9789667,41.21165667,40.43155333,793.5349667,40.61663667,599.9897333,101.006,0.099980583,41.09698,40.19223333,999.9,0,0,5003.333333,0,509.3123333,-6.955166333,827.1104333,833.6860667,0.780112167,799.9789667,40.43155333,4.162621667,4.083825667,29.59617,29.26486667,1199.992,0.966993133,0.033007023,0,247.3998667,4.99998,3207.591,11896.54667,49.3708,50.437,49.625,50.062,50.875,1155.552,39.44,0,96.20000005,0,247.40308,0.515307694,17.71923078,3207.6924,15,1745738475,10:21:15,1745738475,1745738471,2,-0.28,0.197,-0.714,0.595,1500,35,1.24,0.57,-6.9462395,-0.126713696,0.13190009,1,247.362,0.742582121,0.213870907,1,0.777758675,0.03971373,0.005617603,1,3,3,03-Mar,3.22174,2.75511,0.15039,0.151883,0.178062,0.175514,25019.3,28094.4,28822.8,31363.5,33640.9,35208.3,44181,46031.2,2.0896,1.579,0.166595,0,37.5242,999.9,59,39.2,41.4881,29.6836,29.1627,1,1.02634,0,20.29,5.23406,11.9369,4.9716,3.2848,9999,9999,9999,156.6,4.97122,1.8663,1.86905,1.86679,1.87164,1.86984,1.87347,1.8718,0,0,0,0,11111111,oooooooo,on,on,on,on,0,100,100,-0.511,0.595,-0.639398626,0.000859946,-1.19E-06,3.87E-10,0.59501,0,0,0,2,2149,0,22,22.5,22.5,1.80908,2.35474,1.59424,2.32788,1.49292,2.52319,46.1527,24.0262,18,617.435,406.69,39.837,39.7916,30.0005,39.4093,39.3701,36.2534,-30,-30,-999.9,800,0,97.5118,98.4923
22,1745739914,2443.4,20250427 10:45:14,10:45:14,15,A,4,5615.4,1745739906,0.002328247,2.328247013,22.50442483,991.7046129,410.3645184,41.49047123,100.2676642,0.067495111,2.000433302,0.066255024,0.041518909,193.802083,41.91496641,40.31004839,7.537336867,53.13159018,4.190450489,7.886928427,3.346886378,-102.6756933,92.00527876,11.35262374,194.4842922,0,0,1,0,23933,RECT-24220-20250331-19_34_23,10063.9,425.8796,624.32,0.317850461,-0.387208687,MPF-24431-20250427-10_44_20,10018.9,249.04496,412.0326413,0.395569829,0.5,1009.175342,22.50442483,199.5996585,10.469,0.0882,140.9268963,25165.88288,115.8328237,64.17628686,1.562716139,217.2603764,193.104142,0.116540353,0.022683505,0.51521976,315.1262856,DARK-24432-20250427-10_44_27,192.58,192.58,0.532609845,0.742700932,0.491701855,-11.77064832,1.06977893,0.574311343,0.425688657,24431,290,363.71,235,10018.9,363.25,0.46,300,24.1,412.0326413,1.260367239,-48.87820369,1.114273746,0.985657092,-0.007312243,290,358.19,655,10002.6,363.17,-4.98,None,None,None,None,None,None,None,None,None,None,None,None,None,1199.990645,1009.175342,0.840986008,0.161502995,2,0.5,0: Broadleaf,2,1745739906,991.7046129,999.9755806,41.44595484,40.70205161,992.2812903,40.85094516,600.011,101.0063871,0.099993623,41.16315484,40.31004839,999.9,0,0,5001.129032,0,501.8159355,-8.271310645,1034.583226,1042.403226,0.743901161,999.9755806,40.70205161,4.186304839,4.111164839,29.6946871,29.38044194,1199.990645,0.966992548,0.033007571,0,249.0536774,4.99998,3228.687097,11896.52581,49.37093548,50.508,49.625,50,50.875,1155.550645,39.44,0,88.79999995,0,249.04496,0.752000004,14.81615387,3228.8544,15,1745738475,10:21:15,1745738475,1745738471,2,-0.28,0.197,-0.714,0.595,1500,35,1.24,0.57,-8.27112225,0.089628405,0.157686475,1,249.0084706,0.67987777,0.233803995,1,0.744235625,-0.017657235,0.004526876,1,3,3,03-Mar,3.22159,2.75529,0.174111,0.17574,0.17866,0.176218,24315.9,27299.8,28819.9,31361.6,33616.8,35179.5,44177.2,46028.9,2.0892,1.5774,0.168234,0,37.6099,999.9,58.6,39.4,41.6512,29.7536,28.8702,1,1.03152,0,20.2895,5.22927,11.9381,4.972,3.2848,9999,9999,9999,156.7,4.97122,1.8663,1.86905,1.86676,1.87164,1.86987,1.87347,1.8718,0,0,0,0,11111111,oooooooo,on,on,on,on,0,100,100,-0.576,0.595,-0.639398626,0.000859946,-1.19E-06,3.87E-10,0.59501,0,0,0,2,2149,0,22,24,24.1,2.17285,2.35229,1.59424,2.32788,1.49292,2.41577,46.3566,24.0175,18,617.618,405.993,39.9124,39.8581,30.0002,39.4672,39.4279,43.5446,-30,-30,-999.9,1000,0,97.5029,98.487
23,1745740005,2533.9,20250427 10:46:44,10:46:44,15,A,4,5615.4,1745739997,0.002151875,2.151875439,26.19826074,1190.371667,455.0938738,46.01362383,120.3560787,0.061754271,1.999602209,0.060713988,0.038038248,193.8019385,42.02364075,40.42935667,7.585405116,53.26587967,4.210899456,7.905434927,3.37450566,-94.89770684,83.87469933,10.36177979,193.1407108,0,0,1,0,24330,RECT-24220-20250331-19_34_23,10063.9,425.8796,624.32,0.317850461,-0.387208687,MPF-24433-20250427-10_45_51,10031.5,250.9410385,425.8174321,0.41068397,0.5,1009.174274,26.19826074,207.2258487,10.469,0.0882,147.8564616,27551.75684,108.6836703,64.17628686,1.562716139,253.5041075,201.5897663,0.129958287,0.026343784,0.466168252,323.1265133,DARK-24434-20250427-10_45_58,195.03,195.03,0.541986811,0.757737941,0.462397372,-2812.967844,1.000313283,0.588909776,0.411090224,24433,290,375.8,135,10031.5,374.11,1.69,300,24.1,425.8174321,1.395747588,-51.86996858,1.233976641,0.984400462,-0.007312368,290,368.43,665,10002.1,373.96,-5.53,None,None,None,None,None,None,None,None,None,None,None,None,None,1199.989333,1009.174274,0.840986037,0.161503051,2,0.5,0: Broadleaf,2,1745739997,1190.371667,1199.958333,41.64754667,40.96012333,1191.016,41.05254333,599.9956667,101.0079667,0.100016703,41.20739667,40.42935667,999.9,0,0,4997.666667,0,508.1199,-9.587472667,1242.101333,1251.208333,0.687429,1199.958333,40.96012333,4.206734,4.137297,29.77927667,29.49029667,1199.989333,0.966991533,0.033008453,0,250.9413,4.99998,3252.896,11896.51,49.375,50.7374,49.65806667,50,50.875,1155.544667,39.441,0,88.20000005,0,250.9410385,0.686803414,14.31863248,3252.889231,15,1745738475,10:21:15,1745738475,1745738471,2,-0.28,0.197,-0.714,0.595,1500,35,1.24,0.57,-9.595742927,0.365438049,0.160908047,1,250.9075588,0.9925592,0.267740567,1,0.687143878,0.009149666,0.004443601,1,3,3,03-Mar,3.22185,2.75539,0.195401,0.197171,0.179206,0.17689,23686.5,26586.7,28820.2,31361.6,33597.4,35153.4,44177.4,46029,2.0896,1.5752,0.173002,0,37.6722,999.9,58.2,39.7,42.0341,29.6336,29.0625,1,1.03451,0,20.2901,5.23406,11.9381,4.972,3.285,9999,9999,9999,156.7,4.97122,1.8663,1.86905,1.86676,1.87158,1.86981,1.87341,1.8718,0,0,0,0,11111111,oooooooo,on,on,on,on,0,100,100,-0.64,0.595,-0.639398626,0.000859946,-1.19E-06,3.87E-10,0.59501,0,0,0,2,2149,0,22,25.5,25.6,2.52197,2.34253,1.59424,2.32788,1.49292,2.49023,46.5908,24.0175,18,618.314,404.845,39.9711,39.9092,30.0002,39.5137,39.4741,50.5444,-30,-30,-999.9,1200,0,97.5035,98.4871
24,1745740084,2613.4,20250427 10:48:04,10:48:04,15,A,4,5615.4,1745740076,0.00217653,2.176529897,29.93567223,1488.882667,640.1855294,64.72784324,150.5378666,0.061696574,1.997185453,0.060656983,0.038002558,193.8045484,42.07451131,40.52462,7.623976379,53.06625144,4.208246467,7.930174739,3.415729912,-95.98496844,79.86913063,9.886161203,187.5748718,0,0,1,0,25008,RECT-24220-20250331-19_34_23,10063.9,425.8796,624.32,0.317850461,-0.387208687,MPF-24435-20250427-10_47_10,10028.7,252.5623462,439.7621895,0.425684263,0.5,1009.185976,29.93567223,214.797294,10.469,0.0882,154.7357448,29956.48962,101.3054696,64.17628686,1.562716139,295.7045629,344.4809665,0.086900802,0.030046871,0.419676395,331.0934774,DARK-24436-20250427-10_47_17,195.47,195.47,0.555509763,0.766294836,0.43035516,13.48450469,0.930041516,0.593071984,0.406928016,24435,290,387.17,155,10028.7,385.44,1.73,300,24.1,439.7621895,1.314103738,-54.47330723,1.161797493,0.987423641,-0.007312358,290,380,635,10004,385.31,-5.31,None,None,None,None,None,None,None,None,None,None,None,None,None,1200.003,1009.185976,0.840986211,0.161503387,2,0.5,0: Broadleaf,2,1745740076,1488.882667,1499.941,41.62132333,40.92603667,1489.595667,41.02631,600.0229667,101.0079,0.100044907,41.2664,40.52462,999.9,0,0,4987.833333,0,518.2251,-11.05934333,1553.542333,1563.948,0.695295067,1499.941,40.92603667,4.20408,4.133849333,29.76831333,29.47584,1200.003,0.966991567,0.033008453,0,252.5581667,4.99998,3274.307,11896.65667,49.3874,50.937,49.687,50.125,50.90806667,1155.558667,39.44866667,0,77.4000001,0,252.5623462,0.595794873,10.25538462,3274.317308,15,1745738475,10:21:15,1745738475,1745738471,2,-0.28,0.197,-0.714,0.595,1500,35,1.24,0.57,-11.07826,0.287272795,0.191814839,1,252.5030294,0.621436211,0.214722459,1,0.69296245,0.049659107,0.006337968,1,3,3,03-Mar,3.22141,2.75488,0.22393,0.225772,0.17906,0.176711,22842.2,25634.2,28820.5,31361.8,33604.1,35161.8,44177.4,46029.1,2.0886,1.5748,0.173002,0,37.7512,999.9,57.6,39.9,42.0504,29.6236,29.0304,1,1.03561,0,20.2895,5.23406,11.9381,4.9716,3.2848,9999,9999,9999,156.7,4.97122,1.8663,1.86905,1.86676,1.87158,1.86987,1.87344,1.8718,0,0,0,0,11111111,oooooooo,on,on,on,on,0,100,100,-0.72,0.595,-0.639398626,0.000859946,-1.19E-06,3.87E-10,0.59501,0,0,0,2,2149,0,22,26.8,26.9,3.0249,2.34497,1.59424,2.32666,1.49292,2.45605,46.7379,24.0087,18,617.839,404.766,40.0214,39.9367,30.0002,39.5486,39.505,60.59,-30,-30,-999.9,1500,0,97.504,98.4876
,,,,,,,,,,,,,,,,,,,,,,,,,,,,,,,,,,,,,,,,,,,,,,,,,,,,,,,,,,,,,,,,,,,,,,,,,,,,,,,,,,,,,,,,,,,,,,,,,,,,,,,,,,,,,,,,,,,,,,,,,,,,,,,,,,,,,,,,,,,,,,,,,,,,,,,,,,,,,,,,,,,,,,,,,,,,,,,,,,,,,,,,,,,,,,,,,,,,,,,,,,,,,,,,,,,,,,,,,,,,,,,,,,,,,,,,,,,,,,,,,,,,,,,,,,,,,,,,,,,,,,,,,,,,,,,,,,,,,,,,,,,,,,,,,,,,,,
25,1745740647,3176,20250427 10:57:26,10:57:26,15,A,1,5615.4,1745740639,0.007097923,7.097922712,14.24318729,414.2516667,299.7477883,30.30397619,41.88011767,0.248216177,1.999156855,0.232277898,0.14652031,193.8063956,40.68032389,39.37066,7.167998506,52.51717436,4.253152401,8.098593371,2.914846104,-313.0183916,247.1606321,30.45326514,158.4019013,0,0,1,0,24746,RECT-24220-20250331-19_34_23,10063.9,425.8796,624.32,0.317850461,-0.387208687,MPF-24439-20250427-10_56_33,10023.6,284.44716,476.0505236,0.402485354,0.5,1009.19804,14.24318729,203.0937153,10.469,0.0882,144.1008606,21148.71407,152.3718307,64.17628686,1.562716139,138.7967446,160.9510437,0.088493911,0.014497052,0.311457438,351.2523363,DARK-24440-20250427-10_56_40,219.91,219.91,0.538053234,0.748040025,0.366631578,3.819012087,0.747173844,0.578320001,0.421679999,24439,290,421.97,175,10023.6,419.95,2.02,300,24.1,476.0505236,1.45567964,-56.23485741,1.286598844,0.985555116,-0.007310985,290,414.32,625,10001.7,419.83,-5.51,None,None,None,None,None,None,None,None,None,None,None,None,None,1200.017667,1009.19804,0.840985986,0.161502952,2,0.5,0: Broadleaf,2,1745740639,414.2516667,419.9796,42.06949667,39.80302,414.5439667,41.40523333,599.99,100.9982667,0.099981193,41.66388667,39.37066,999.9,0,0,4996.333333,0,1447.842333,-5.728002,432.4443,437.3889333,2.266482333,419.9796,39.80302,4.248944667,4.020035,29.95293,28.99252667,1200.017667,0.966996867,0.03300339,0,284.4408333,4.99998,3674.081667,11896.80667,50.187,52.25,50.5496,51.687,51.77066667,1155.577667,39.44,0,475.4000001,0,284.44716,-1.862538461,-32.42076919,3673.796,15,1745740579,10:56:18,1745740579,1745740579,3,0.167,0.069,-0.292,0.664,420,40,2.16,0.19,-5.74163275,0.065669156,0.094852998,1,284.6334706,-2.967364406,0.354587518,0,2.2711265,-0.085913246,0.010561692,1,2,3,02-Mar,3.22116,2.7553,0.0943808,0.0958425,0.180125,0.173627,26671.5,29953.6,28824.3,31364.3,33567.5,35291,44184.4,46034.9,2.1038,1.56,0.0799298,0,38.0989,999.9,52.1,41.5,41.4176,28.9763,29.2428,1,1.03994,0,20.2882,5.23406,11.9345,4.9724,3.285,9999,9999,9999,156.9,4.97122,1.8663,1.86905,1.86676,1.87161,1.86984,1.87332,1.8718,0,0,0,0,11111111,oooooooo,on,on,on,on,0,100,100,-0.293,0.6642,-0.472436222,0.000859946,-1.19E-06,3.87E-10,0.66426,0,0,0,2,2149,0,22,1.1,1.1,1.07544,2.36816,1.59424,2.32666,1.49292,2.51953,47.9955,24.0087,18,630.174,395.797,40.3484,39.9682,30.0001,39.6263,39.5862,21.5838,-30,-30,-999.9,420,0,97.5184,98.4981
26,1745740776,3305.5,20250427 10:59:36,10:59:36,15,A,1,5615.31,1745740768,0.006734314,6.734313881,7.914962829,296.6873,225.1441754,22.75975062,29.99202155,0.227995122,1.99880675,0.214469793,0.135191905,193.803576,40.91875212,39.64913667,7.275813674,52.5912668,4.2830895,8.144107874,2.992724173,-296.9832421,228.5517934,28.21716978,153.5892971,0,0,1,0,24792,RECT-24220-20250331-19_34_23,10063.9,425.8796,624.32,0.317850461,-0.387208687,MPF-24441-20250427-10_58_42,10019.7,275.45132,431.2174837,0.361224138,0.5,1009.1832,7.914962829,182.2706656,10.469,0.0882,125.1806154,16563.39248,156.8616788,64.17628686,1.562716139,105.5923448,119.5518306,0.066205283,0.008226625,0.447807716,326.2265729,DARK-24442-20250427-10_58_50,223.38,223.38,0.481978332,0.749461362,0.481624473,29.18125868,0.973100822,0.60778318,0.39221682,24441,290,389.86,195,10019.7,388.83,1.03,300,24.1,431.2174837,0.971674342,-42.46825442,0.858689876,0.988682288,-0.007309994,290,385.89,655,9998.31,388.74,-2.85,None,None,None,None,None,None,None,None,None,None,None,None,None,1200,1009.1832,0.840986,0.16150298,2,0.5,0: Broadleaf,2,1745740768,296.6873,299.9916333,42.36921,40.21953667,296.9989333,41.70495667,599.9968667,100.9896667,0.100004357,41.77007667,39.64913667,999.9,0,0,4995.333333,0,1422.698667,-3.304229333,309.8139,312.5626333,2.149664333,299.9916333,40.21953667,4.278856333,4.061761667,30.07507667,29.17108,1200,0.966999,0.033001327,0,275.4456,4.99998,3569.066667,11896.66,50.42253333,52.4832,50.75,51.9122,52,1155.56,39.44,0,127.4000001,0,275.45132,-1.483153843,-19.74153843,3568.8372,15,1745740579,10:56:18,1745740579,1745740579,3,0.167,0.069,-0.292,0.664,420,40,2.16,0.19,-3.323120732,0.16246223,0.096525341,1,275.5790588,-1.79291062,0.256569787,0,2.150800976,-0.019338188,0.00545641,1,2,3,02-Mar,3.22099,2.75473,0.0723735,0.0733866,0.180993,0.17481,27321,30697.3,28826,31364.5,33535.4,35244.1,44186.9,46037.2,2.1036,1.5576,0.0959635,0,38.1465,999.9,51.5,42,42.036,29.3163,29.5793,1,1.03967,0,20.2882,5.23286,11.9369,4.972,3.2848,9999,9999,9999,156.9,4.97122,1.8663,1.86905,1.86676,1.87155,1.86981,1.87332,1.87177,0,0,0,0,11111111,oooooooo,on,on,on,on,0,100,100,-0.312,0.6643,-0.472436222,0.000859946,-1.19E-06,3.87E-10,0.66426,0,0,0,2,2149,0,22,3.3,3.3,0.822754,2.3877,1.59424,2.32544,1.49292,2.4353,48.2703,23.9912,18,629.885,394.218,40.4327,39.9603,30,39.6107,39.5746,16.5335,-30,-30,-999.9,300,0,97.524,98.5013
27,1745740859,3388.5,20250427 11:00:59,11:00:59,15,A,1,5615.31,1745740851,0.006513677,6.513677109,2.711126713,198.6546452,168.1378815,16.99632779,20.08113482,0.215228589,1.998120969,0.203128519,0.127985746,193.8038766,41.07630381,39.85230968,7.355358627,52.59292531,4.300754387,8.177439003,3.05460424,-287.2531605,214.9290214,26.57999635,148.0597338,0,0,1,0,25181,RECT-24220-20250331-19_34_23,10063.9,425.8796,624.32,0.317850461,-0.387208687,MPF-24443-20250427-11_00_05,10017.6,271.57312,400.4694256,0.321863037,0.5,1009.186043,2.711126713,162.4098424,10.469,0.0882,107.1340046,12617.09555,157.8162001,64.17628686,1.562716139,79.94803794,88.18984356,0.030741938,0.003070133,0.558970448,308.3176414,DARK-24444-20250427-11_00_13,223.97,223.97,0.440731338,0.73029306,0.559137191,-5.072625786,1.128049401,0.602282496,0.397717504,24443,290,370.48,205,10017.6,369.5,0.98,300,24.1,400.4694256,1.251183678,-31.02812903,1.105592314,0.965670625,-0.007309367,290,368.15,705,9994.43,369.42,-1.27,None,None,None,None,None,None,None,None,None,None,None,None,None,1200.003548,1009.186043,0.840985882,0.161502753,2,0.5,0: Broadleaf,2,1745740851,198.6546452,199.9896774,42.54564516,40.46679677,199,41.88137097,600.0003226,100.9856129,0.100041587,41.84751613,39.85230968,999.9,0,0,4992.741935,0,1444.677097,-1.33505129,207.4820645,208.4239677,2.078839677,199.9896774,40.46679677,4.296500968,4.086567097,30.14676774,29.27648065,1200.003548,0.967000419,0.032999894,0,271.5958065,4.99998,3526.287419,11896.69032,50.562,52.625,50.919,52.04,52.125,1155.570323,39.43548387,0,81.20000005,0,271.57312,-0.954999992,-12.36076925,3526.02,15,1745740579,10:56:18,1745740579,1745740579,3,0.167,0.069,-0.292,0.664,420,40,2.16,0.19,-1.34113675,-0.1263,0.083184846,1,271.6251176,-0.822429332,0.270233534,1,2.0778825,0.024667992,0.005184444,1,3,3,03-Mar,3.22131,2.75529,0.0513863,0.0519869,0.181482,0.175472,27938.6,31405.5,28826.5,31364.7,33518,35215.2,44188.7,46034.7,2.1044,1.5556,0.104159,0,38.2014,999.9,51.1,42.2,42.157,29.3663,29.5713,1,1.04037,0,20.2882,5.23406,11.9357,4.972,3.2848,9999,9999,9999,156.9,4.97122,1.8663,1.86905,1.86676,1.87152,1.86984,1.87332,1.87177,0,0,0,0,11111111,oooooooo,on,on,on,on,0,100,100,-0.345,0.6642,-0.472436222,0.000859946,-1.19E-06,3.87E-10,0.66426,0,0,0,2,2149,0,22,4.7,4.7,0.604248,2.3999,1.59424,2.32422,1.49292,2.39746,48.4854,23.9912,18,630.505,392.939,40.5086,39.9761,30.0001,39.6107,39.5707,12.1279,-30,-30,-999.9,200,0,97.5271,98.4983
28,1745740929,3458,20250427 11:02:08,11:02:08,15,A,1,5615.4,1745740921,0.006333863,6.333862861,0.515669833,149.4845,137.7832238,13.9273151,15.11009597,0.204356306,1.998050908,0.193414105,0.121818081,193.803263,41.23723784,40.04197,7.430292375,52.47051341,4.312385375,8.2186834,3.117906999,-279.3233522,204.7729498,25.35939628,144.612257,0,0,1,0,25343,RECT-24220-20250331-19_34_23,10063.9,425.8796,624.32,0.317850461,-0.387208687,MPF-24445-20250427-11_01_15,10018.1,269.27336,383.0751568,0.297074333,0.5,1009.1843,0.515669833,149.9013766,10.469,0.0882,95.76828648,10687.1785,154.0895618,64.17628686,1.562716139,69.35692706,68.42629674,0.007536135,0.000894662,0.629758518,297.9034227,DARK-24446-20250427-11_01_22,224.09,224.09,0.415023407,0.715801394,0.602765518,-2.658644486,1.215704278,0.595691807,0.404308193,24445,290,358.25,195,10018.1,358.3,-0.05,300,24.1,383.0751568,1.381292806,-24.81543312,1.220466393,0.936568428,-0.007308836,290,358.17,885,9986.24,358.23,-0.06,None,None,None,None,None,None,None,None,None,None,None,None,None,1200.001667,1009.1843,0.840985749,0.161502495,2,0.5,0: Broadleaf,2,1745740921,149.4845,149.972,42.66252,40.64128333,149.8534667,41.99826333,599.9935,100.9813667,0.099989413,41.94296333,40.04197,999.9,0,0,4992.666667,0,1457.482333,-0.487667767,156.1459333,156.3254,2.021241333,149.972,40.64128333,4.308120667,4.104013333,30.19385,29.35028,1200.001667,0.967002,0.032998293,0,269.2703333,4.99998,3500.957667,11896.69,50.7122,52.7458,51.05786667,52.1746,52.25,1155.571667,39.43,0,67.20000005,0,269.27336,-1.565692311,-6.664615423,3500.9248,15,1745740579,10:56:18,1745740579,1745740579,3,0.167,0.069,-0.292,0.664,420,40,2.16,0.19,-0.456282732,-0.39739593,0.079546539,1,269.2639706,-0.339602748,0.226678638,1,2.022904878,-0.04630453,0.006827226,1,3,3,03-Mar,3.22155,2.75581,0.0397538,0.0401404,0.181748,0.175912,28280.4,31798,28826.5,31365.8,33507.9,35199.1,44188.2,46036.6,2.1048,1.554,0.111312,0,38.2785,999.9,50.7,42.5,42.4896,29.9063,29.6514,1,1.04171,0,20.2881,5.22927,11.9369,4.972,3.2848,9999,9999,9999,156.9,4.97122,1.8663,1.86905,1.86676,1.87161,1.86981,1.87332,1.8718,0,0,0,0,11111111,oooooooo,on,on,on,on,0,100,100,-0.369,0.6643,-0.472436222,0.000859946,-1.19E-06,3.87E-10,0.66426,0,0,0,2,2149,0,22,5.8,5.8,0.490723,2.41699,1.59424,2.32422,1.49292,2.41821,48.6707,23.9912,18,630.881,391.977,40.5816,40.0037,30.0002,39.6185,39.5785,9.8767,-30,-30,-999.9,150,0,97.5264,98.5021
29,1745741001,3530,20250427 11:03:20,11:03:20,15,A,1,5615.31,1745740993,0.006193954,6.193954009,-1.792661397,100.3825484,110.1898318,11.1380666,10.14673942,0.194644983,2.001903396,0.184708955,0.116293527,193.8053138,41.37426028,40.24055161,7.50945908,52.30643715,4.318171584,8.255526125,3.191287496,-273.1533718,192.8996777,23.87529929,137.426919,0,0,1,0,23974,RECT-24220-20250331-19_34_23,10063.9,425.8796,624.32,0.317850461,-0.387208687,MPF-24447-20250427-11_02_27,10020.1,268.3118077,365.2075113,0.265316842,0.5,1009.195094,-1.792661397,133.8782276,10.469,0.0882,81.20843688,8473.751276,147.2997377,64.17628686,1.562716139,57.52726655,52.66256525,-0.034040526,-0.001392647,0.709493865,286.9845537,DARK-24448-20250427-11_02_34,225.37,225.37,0.382898782,0.692916391,0.649486123,-1.597039191,1.30574464,0.582018989,0.417981011,24447,290,347.98,175,10020.1,347.63,0.35,300,24.1,365.2075113,1.351880861,-17.60784822,1.194403536,0.885865857,-0.007308457,290,348.98,865,9986.2,347.58,1.4,None,None,None,None,None,None,None,None,None,None,None,None,None,1200.014516,1009.195094,0.840985738,0.161502475,2,0.5,0: Broadleaf,2,1745740993,100.3825484,99.99225484,42.72003548,40.7436129,100.7799355,42.05577742,600.008129,100.9807742,0.099937348,42.02787419,40.24055161,999.9,0,0,5008.387097,0,1469.846452,0.390220387,104.8621613,104.2393548,1.976423871,99.99225484,40.7436129,4.313904839,4.114324516,30.21725484,29.39374516,1200.014516,0.967002935,0.032997358,0,268.3111613,4.99998,3491.936452,11896.80323,50.812,52.812,51.163,52.25,52.375,1155.584516,39.43,0,70.20000005,0,268.3118077,1.76181196,7.779829099,3492.093077,15,1745740579,10:56:18,1745740579,1745740579,3,0.167,0.069,-0.292,0.664,420,40,2.16,0.19,0.412418293,-0.34988862,0.066027683,1,268.3116471,0.458609622,0.21637697,1,1.977207561,-0.019797909,0.005364927,1,3,3,03-Mar,3.22174,2.75551,0.0274031,0.0274191,0.181905,0.176203,28642.1,32214.8,28825.7,31362.5,33501.1,35185,44185.9,46032.8,2.1042,1.5516,0.120372,0,38.3485,999.9,50.3,42.7,42.601,29.2763,29.4191,1,1.04496,0,20.2881,5.23526,11.9369,4.9716,3.285,9999,9999,9999,157,4.97119,1.8663,1.86905,1.86676,1.87152,1.86981,1.87332,1.87177,0,0,0,0,11111111,oooooooo,on,on,on,on,0,100,100,-0.398,0.6642,-0.472436222,0.000859946,-1.19E-06,3.87E-10,0.66426,0,0,0,2,2149,0,22,7,7,0.377197,2.42188,1.59424,2.32544,1.49292,2.54272,48.8258,23.9999,18,630.617,390.601,40.669,40.0432,30.0007,39.6419,39.6018,7.59992,-30,-30,-999.9,100,0,97.5222,98.4932
30,1745741084,3613.5,20250427 11:04:44,11:04:44,15,A,1,5615.31,1745741076,0.006002234,6.002233968,-3.931976613,51.20149,83.24499734,8.414351524,5.175414129,0.183867048,1.999131448,0.174962222,0.110115504,193.8025714,41.53117667,40.43799,7.588893692,52.15491041,4.325645967,8.293842196,3.263247726,-264.698518,180.8332139,22.44339653,132.3806639,0,0,1,0,24763,RECT-24220-20250331-19_34_23,10063.9,425.8796,624.32,0.317850461,-0.387208687,MPF-24449-20250427-11_03_50,10011.1,268.12076,349.4569294,0.232750198,0.5,1009.18066,-3.931976613,117.443499,10.469,0.0882,66.27561451,6320.684963,139.42227,64.17628686,1.562716139,45.33483039,37.91016695,-0.103718262,-0.003512521,0.786543484,277.1678732,DARK-24450-20250427-11_03_58,223.29,223.29,0.361037137,0.64467107,0.68539279,-1.064293733,1.385116491,0.536879738,0.463120262,24449,290,337.73,245,10011.1,337.59,0.14,300,24.1,349.4569294,1.514457008,-11.87610861,1.337947842,0.737802655,-0.007307966,290,339.67,865,9985.45,337.56,2.11,None,None,None,None,None,None,None,None,None,None,None,None,None,1199.997333,1009.18066,0.840985752,0.161502502,2,0.5,0: Broadleaf,2,1745741076,51.20149,49.99327667,42.79455,40.87943333,51.63263667,42.13028667,600.0022,100.9793333,0.100032307,42.11583333,40.43799,999.9,0,0,4997.166667,0,1464.672667,1.208219667,53.49060333,52.12407333,1.915100333,49.99327667,40.87943333,4.321364,4.127977333,30.24737333,29.45118667,1199.997333,0.9670038,0.032996453,0,268.1303667,4.99998,3492.820333,11896.63333,50.93286667,52.8998,51.25826667,52.354,52.4958,1155.567333,39.43,0,81.60000014,0,268.12076,1.02284615,15.38923076,3493.0248,15,1745740579,10:56:18,1745740579,1745740579,3,0.167,0.069,-0.292,0.664,420,40,2.16,0.19,1.21217975,-0.128933921,0.083315597,1,268.0727941,0.978594346,0.223268472,1,1.91497075,-0.009603265,0.005261449,1,3,3,03-Mar,3.22152,2.75538,0.0142977,0.0140114,0.182086,0.176552,29026.1,32656.9,28825.2,31362.3,33495.6,35171.8,44186,46032.8,2.1032,1.5494,0.127852,0,38.4297,999.9,49.8,42.9,42.6214,29.5763,29.5232,1,1.0489,0,20.2874,5.23406,11.9381,4.9712,3.285,9999,9999,9999,157,4.97119,1.8663,1.86905,1.86676,1.87152,1.86981,1.87332,1.87177,0,0,0,0,11111111,oooooooo,on,on,on,on,0,100,100,-0.431,0.6642,-0.472436222,0.000859946,-1.19E-06,3.87E-10,0.66426,0,0,0,2,2149,0,22,8.4,8.4,0.262451,2.45972,1.59424,2.32422,1.49292,2.45361,49.0127,23.9999,18,630.212,389.461,40.7725,40.1025,30.0001,39.6848,39.6445,5.31708,-30,-30,-999.9,50,0,97.5217,98.4928
31,1745741192,3721.5,20250427 11:06:32,11:06:32,15,A,1,5615.4,1745741184,0.00580524,5.805240136,12.39784701,415.0652903,276.2330678,27.92226769,41.95574497,0.172809067,1.999744311,0.164920729,0.103754181,193.8069098,41.73561073,40.6599,7.67904201,51.87255036,4.332328384,8.351870796,3.346713625,-256.01109,171.2540926,21.28395895,130.3338714,0,0,1,0,24413,RECT-24220-20250331-19_34_23,10063.9,425.8796,624.32,0.317850461,-0.387208687,MPF-24451-20250427-11_05_38,10016.2,259.6914615,386.2741018,0.327701598,0.5,1009.203494,12.39784701,165.3587986,10.469,0.0882,109.8128911,17779.61054,122.0182751,64.17628686,1.562716139,145.7126854,130.5203824,0.094987823,0.012668462,0.616261605,299.8344313,DARK-24452-20250427-11_05_46,207.85,207.85,0.461910599,0.709448101,0.571579941,-3.196087569,1.199583846,0.567823012,0.432176988,24451,290,354.19,195,10016.2,352.16,2.03,300,24.1,386.2741018,1.41758495,-34.16906224,1.252280513,0.963753898,-0.007307662,290,349.78,645,9995.05,352.09,-2.31,None,None,None,None,None,None,None,None,None,None,None,None,None,1200.024516,1009.203494,0.84098573,0.161502459,2,0.5,0: Broadleaf,2,1745741184,415.0652903,420.001129,42.85942581,41.00726774,415.3577097,42.19517097,599.9953226,100.9822903,0.099987448,42.24837742,40.6599,999.9,0,0,4999.516129,0,1457.656774,-4.935835161,433.6513871,437.9607097,1.85216,420.001129,41.00726774,4.328044516,4.141008065,30.27432258,29.50584516,1200.024516,0.967005839,0.0329944,0,259.6880645,4.99998,3394.310968,11896.91935,51.054,52.937,51.375,52.437,52.57419355,1155.594516,39.43,0,105.8000002,0,259.6914615,-0.631247868,-9.073504273,3394.236923,15,1745740579,10:56:18,1745740579,1745740579,3,0.167,0.069,-0.292,0.664,420,40,2.16,0.19,-4.94992975,0.155226979,0.102925157,1,259.7254412,-0.832100841,0.199882935,1,1.853369,-0.027460863,0.005120456,1,3,3,03-Mar,3.22143,2.75485,0.0944728,0.0958072,0.182249,0.176883,26664.1,29950.4,28820.3,31360.7,33486.4,35159.3,44177.9,46030.6,2.1024,1.5482,0.133514,0,38.5484,999.9,49.2,43.3,42.9978,29.5763,29.7196,1,1.05616,0,20.2869,5.23167,11.9381,4.9708,3.2848,9999,9999,9999,157,4.97122,1.86633,1.86905,1.86676,1.87152,1.86981,1.87332,1.8718,0,0,0,0,11111111,oooooooo,on,on,on,on,0,100,100,-0.292,0.6643,-0.472436222,0.000859946,-1.19E-06,3.87E-10,0.66426,0,0,0,2,2149,0,22,10.2,10.2,1.07788,2.40967,1.59424,2.32422,1.49292,2.4292,49.232,23.9912,18,630.162,389.073,40.9073,40.1859,30.0004,39.7513,39.7106,21.6411,-30,-30,-999.9,420,0,97.5043,98.4879
32,1745741283,3812.5,20250427 11:08:03,11:08:03,15,A,1,5615.4,1745741275,0.005722317,5.722316677,18.89282008,592.5882903,374.5310472,37.85914894,59.9012779,0.165152327,2.000518663,0.157934495,0.099331264,193.8012981,41.88420375,40.88557742,7.77167095,51.50407381,4.328374304,8.40394552,3.443296646,-252.3541655,159.7360621,19.87734006,121.0605347,0,0,1,0,24235,RECT-24220-20250331-19_34_23,10063.9,425.8796,624.32,0.317850461,-0.387208687,MPF-24453-20250427-11_07_09,10022.7,259.20928,414.0885743,0.374024554,0.5,1009.173958,18.89282008,188.7279198,10.469,0.0882,131.048399,22613.94,119.407504,64.17628686,1.562716139,189.38458,185.1464672,0.102042563,0.019104762,0.507696756,316.3274588,DARK-24454-20250427-11_07_17,203.07,203.07,0.509597674,0.733960481,0.499065699,-13.13535381,1.059418474,0.575000073,0.424999927,24453,290,369.18,145,10022.7,367.26,1.92,300,24.1,414.0885743,1.46853105,-46.93672017,1.297226457,0.979060152,-0.007307484,290,362.09,685,9992.08,367.11,-5.02,None,None,None,None,None,None,None,None,None,None,None,None,None,1199.989355,1009.173958,0.840985759,0.161502514,2,0.5,0: Broadleaf,2,1745741275,592.5882903,600.0160968,42.81951935,40.9937871,592.8875161,42.15525161,600.0101935,100.9840968,0.100043565,42.36664516,40.88557742,999.9,0,0,5002.580645,0,1373.216452,-7.427813226,619.0977419,625.6643871,1.82573129,600.0160968,40.9937871,4.32409,4.139719355,30.25836452,29.50045484,1199.989355,0.967006226,0.032993987,0,259.1736129,4.99998,3391.687742,11896.56774,51.141,52.875,51.45325806,52.47967742,52.687,1155.559355,39.43,0,88.80000019,0,259.20928,1.144923073,21.11692303,3391.9428,15,1745740579,10:56:18,1745740579,1745740579,3,0.167,0.069,-0.292,0.664,420,40,2.16,0.19,-7.41842975,-0.212316135,0.126765293,1,259.1510882,0.922643233,0.214584738,1,1.826224,-0.046034522,0.009067357,1,3,3,03-Mar,3.22192,2.75531,0.122847,0.124487,0.18206,0.176785,25825.6,28997.2,28817.9,31358.2,33493.7,35163.3,44174.8,46028.1,2.102,1.5454,0.13873,0,38.6677,999.9,48.6,43.5,42.9189,29.7363,29.5112,1,1.06211,0,20.287,5.23406,11.9381,4.972,3.285,9999,9999,9999,157,4.97119,1.8663,1.86905,1.86676,1.87149,1.86981,1.87332,1.8718,0,0,0,0,11111111,oooooooo,on,on,on,on,0,100,100,-0.3,0.6643,-0.472436222,0.000859946,-1.19E-06,3.87E-10,0.66426,0,0,0,2,2149,0,22,11.7,11.7,1.43921,2.39868,1.59424,2.32422,1.49292,2.47192,49.421,23.9912,18,630.424,387.689,41.0294,40.2615,30.0005,39.8178,39.7769,28.8543,-30,-30,-999.9,600,0,97.497,98.4818
33,1745741408,3937.5,20250427 11:10:08,11:10:08,15,A,1,5615.1,1745741400,0.005383039,5.383039068,24.22391656,790.4489355,484.3736007,48.96278091,79.90232743,0.149701249,1.999338056,0.143741238,0.090353985,193.8023277,42.12964646,41.13206129,7.87394436,51.03558823,4.316635798,8.458089634,3.557308562,-237.3920229,146.255876,18.24265101,120.9088319,0,0,1,0,24904,RECT-24220-20250331-19_34_23,10063.9,425.8796,624.32,0.317850461,-0.387208687,MPF-24455-20250427-11_09_14,10013.4,262.5750769,441.8011702,0.405671387,0.5,1009.179377,24.22391656,204.6975986,10.469,0.0882,145.5590154,26375.85451,114.0527969,64.17628686,1.562716139,231.2600411,253.1135596,0.095703749,0.024387265,0.413124369,332.2479438,DARK-24456-20250427-11_09_22,203.77,203.77,0.538774422,0.7529522,0.434000309,11.25681016,0.919766488,0.584324573,0.415675427,24455,290,387.65,215,10013.4,386.03,1.62,300,24.1,441.8011702,1.596377395,-55.84435444,1.410156813,0.982459223,-0.007307451,290,378.98,625,9995.89,385.93,-6.95,None,None,None,None,None,None,None,None,None,None,None,None,None,1199.995806,1009.179377,0.840985753,0.161502504,2,0.5,0: Broadleaf,2,1745741400,790.4489355,799.9416129,42.70313871,40.98547097,790.7925161,42.03886774,600.019,100.9847097,0.100033239,42.48894194,41.13206129,999.9,0,0,4997.741935,0,1425.268065,-9.49256,825.7093871,834.1287419,1.717663226,799.9416129,40.98547097,4.312366452,4.138909032,30.21102903,29.49704516,1199.995806,0.967005645,0.032994577,0,262.5709677,4.99998,3434.587097,11896.63871,51.187,52.71748387,51.5,52.375,52.74796774,1155.565806,39.43,0,123,0,262.5750769,0.574564096,16.06837608,3434.766154,15,1745740579,10:56:18,1745740579,1745740579,3,0.167,0.069,-0.292,0.664,420,40,2.16,0.19,-9.52077925,0.363687692,0.145670668,1,262.5001471,0.879343004,0.250843065,1,1.719213,-0.027866792,0.004083002,1,3,3,03-Mar,3.22133,2.75547,0.149864,0.15175,0.181745,0.176763,25025.3,28090.9,28814.5,31356.9,33504.4,35163.8,44169.5,46024.9,2.1016,1.5432,0.150353,0,38.7426,999.9,47.9,43.8,42.9638,29.4563,29.6995,1,1.0685,0,20.2869,5.22927,11.9381,4.9716,3.285,9999,9999,9999,157.1,4.97122,1.8663,1.86905,1.86676,1.87152,1.86981,1.87332,1.8717,0,0,0,0,11111111,oooooooo,on,on,on,on,0,100,100,-0.344,0.6643,-0.472436222,0.000859946,-1.19E-06,3.87E-10,0.66426,0,0,0,2,2149,0,22,13.8,13.8,1.82251,2.38403,1.59424,2.32422,1.49292,2.51343,49.6426,23.9999,18,630.787,386.745,41.1541,40.3454,30.0001,39.8965,39.8553,36.5174,-30,-30,-999.9,800,0,97.4854,98.476
34,1745741482,4011,20250427 11:11:21,11:11:21,15,A,1,5615.22,1745741474,0.005230724,5.230723774,28.50949111,988.7688,609.2660865,61.59000495,99.95349591,0.142473228,2.001129261,0.137068317,0.086136224,193.8036886,42.26830439,41.28179,7.936638708,50.76706646,4.312668814,8.49501284,3.623969894,-230.6749184,139.1891173,17.36490156,119.6827891,0,0,1,0,23991,RECT-24220-20250331-19_34_23,10063.9,425.8796,624.32,0.317850461,-0.387208687,MPF-24457-20250427-11_10_28,10024.2,263.2736923,452.3941427,0.418043543,0.5,1009.18654,28.50949111,210.9419586,10.469,0.0882,151.2326605,28976.85244,103.1548587,64.17628686,1.562716139,280.9063266,328.3597599,0.086823949,0.028633656,0.380035551,338.2033895,DARK-24458-20250427-11_10_35,205.88,205.88,0.544910111,0.767178906,0.41087338,7.132706464,0.866385359,0.599933825,0.400066175,24457,290,396.74,135,10024.2,395.19,1.55,300,24.1,452.3941427,1.330453518,-57.34686177,1.175242565,0.988377049,-0.007307451,290,388.53,645,9994.45,395.02,-6.49,None,None,None,None,None,None,None,None,None,None,None,None,None,1200.004333,1009.18654,0.840985746,0.161502491,2,0.5,0: Broadleaf,2,1745741474,988.7688,999.9958667,42.66216333,40.99298667,989.1776333,41.99790667,600.0047667,100.9888333,0.10001161,42.57195333,41.28179,999.9,0,0,5004.833333,0,1342.105667,-11.2274,1032.832333,1042.741,1.669178,999.9958667,40.99298667,4.308402667,4.139835,30.19500333,29.50091667,1200.004333,0.967006,0.032994213,0,263.2416667,4.99998,3445.439333,11896.71333,51.208,52.6912,51.50413333,52.312,52.75,1155.574333,39.43,0,71.60000014,0,263.2736923,1.173264959,8.897777777,3445.508462,15,1745740579,10:56:18,1745740579,1745740579,3,0.167,0.069,-0.292,0.664,420,40,2.16,0.19,-11.24594146,0.446757491,0.147616456,1,263.2112353,0.886233765,0.232813616,1,1.670168537,-0.003744669,0.00623225,1,3,3,03-Mar,3.22138,2.75553,0.173592,0.175551,0.181651,0.176742,24323.6,27298,28813.6,31354.8,33508.1,35164.2,44167.4,46022.6,2.101,1.5418,0.155896,0,38.8102,999.9,47.5,44,43.0477,29.3163,29.7716,1,1.07252,0,20.2865,5.23526,11.9381,4.972,3.285,9999,9999,9999,157.1,4.97122,1.8663,1.86905,1.86676,1.87149,1.86981,1.87332,1.87174,0,0,0,0,11111111,oooooooo,on,on,on,on,0,100,100,-0.409,0.6643,-0.472436222,0.000859946,-1.19E-06,3.87E-10,0.66426,0,0,0,2,2149,0,22,15.1,15.1,2.18872,2.37915,1.59424,2.323,1.49292,2.41821,49.7699,23.9824,18,630.761,386.151,41.2303,40.396,30.0006,39.9477,39.9063,43.8594,-30,-30,-999.9,1000,0,97.4814,98.4704
35,1745741560,4089.5,20250427 11:12:40,11:12:40,15,A,1,5615.22,1745741552,0.005036812,5.036811987,32.200214,1187.252,732.3298289,74.03302257,120.0222231,0.134404064,2.001419733,0.129583574,0.081408431,193.8005498,42.43515747,41.44130667,8.003906712,50.52565714,4.313914085,8.53806626,3.689992627,-222.1234086,132.3989987,16.53551799,120.6116579,0,0,1,0,23415,RECT-24220-20250331-19_34_23,10063.9,425.8796,624.32,0.317850461,-0.387208687,MPF-24459-20250427-11_11_46,10021.1,262.9921154,453.7176056,0.42036167,0.5,1009.17002,32.200214,212.1081973,10.469,0.0882,152.2930217,30946.55243,89.55820586,64.17628686,1.562716139,345.546811,386.7830179,0.083251364,0.032291311,0.376010083,338.9425064,DARK-24460-20250427-11_11_54,202.07,202.07,0.554634871,0.757907033,0.404031721,6.851262721,0.859716037,0.582337893,0.417662107,24459,290,400.86,155,10021.1,399.21,1.65,300,24.1,453.7176056,1.344563795,-54.61987462,1.187699778,0.986933542,-0.007307381,290,394.13,645,9994.36,399.07,-4.94,None,None,None,None,None,None,None,None,None,None,None,None,None,1199.984667,1009.17002,0.840985763,0.161502522,2,0.5,0: Broadleaf,2,1745741552,1187.252,1199.979,42.67295667,41.06563,1187.729667,42.00869667,599.9871,100.9925333,0.099924797,42.66835333,41.44130667,999.9,0,0,5005.833333,0,838.3561667,-12.72692333,1240.173,1251.367,1.607326,1199.979,41.06563,4.30965,4.147321333,30.20004,29.53227333,1199.984667,0.9670058,0.032994407,0,262.9946333,4.99998,3443.990333,11896.52333,51.25,52.8141,51.562,52.312,52.75,1155.554667,39.43,0,76.4000001,0,262.9921154,0.161948708,6.250940161,3444.063077,15,1745740579,10:56:18,1745740579,1745740579,3,0.167,0.069,-0.292,0.664,420,40,2.16,0.19,-12.7588025,0.425469794,0.152065965,1,262.9848235,0.133353702,0.195747357,1,1.60927125,-0.047885066,0.006848436,1,3,3,03-Mar,3.22157,2.75498,0.194869,0.196939,0.181647,0.176963,23692.5,26585.3,28811.3,31353.6,33507.8,35155.7,44164.3,46021.2,2.1008,1.5408,0.160187,0,38.893,999.9,47.2,44.2,43.2252,29.6263,29.5913,1,1.0776,0,20.2864,5.23047,11.9381,4.9716,3.2848,9999,9999,9999,157.1,4.97119,1.8663,1.86905,1.86676,1.87149,1.86981,1.87329,1.87174,0,0,0,0,11111111,oooooooo,on,on,on,on,0,100,100,-0.48,0.6642,-0.472436222,0.000859946,-1.19E-06,3.87E-10,0.66426,0,0,0,2,2149,0,22,16.4,16.4,2.54028,2.37793,1.59424,2.323,1.49292,2.46826,49.9296,23.9999,18,631.114,385.87,41.3245,40.4578,30.0008,40.007,39.9692,50.9086,-30,-30,-999.9,1200,0,97.4742,98.4671
36,1745741642,4171.5,20250427 11:14:02,11:14:02,15,A,1,5615.1,1745741634,0.004949366,4.949366202,35.02565653,1485.85871,961.3766079,97.18825989,150.2096278,0.129165103,2.000584984,0.124704588,0.078328294,193.8022248,42.50989084,41.56860645,8.057942609,50.14112508,4.290749838,8.557346551,3.76719277,-218.2670495,123.2552209,15.41244479,114.202841,0,0,1,0,24521,RECT-24220-20250331-19_34_23,10063.9,425.8796,624.32,0.317850461,-0.387208687,MPF-24461-20250427-11_13_08,10019.8,261.4743846,454.1004514,0.424192635,0.5,1009.178836,35.02565653,214.0431145,10.469,0.0882,154.0508305,32521.33952,80.19135294,64.17628686,1.562716139,405.546712,555.8298959,0.063015064,0.035090773,0.374849988,339.1561117,DARK-24462-20250427-11_13_16,200.68,200.68,0.558071349,0.760104663,0.401802352,6.825664605,0.857786764,0.583375706,0.416624294,24461,290,401.31,165,10019.8,399.78,1.53,300,24.1,454.1004514,1.05248946,-54.42918557,0.929708906,0.991896832,-0.007307429,290,395.22,645,9994.47,399.64,-4.42,None,None,None,None,None,None,None,None,None,None,None,None,None,1199.995161,1009.178836,0.840985754,0.161502505,2,0.5,0: Broadleaf,2,1745741634,1485.85871,1499.984839,42.44367097,40.86395484,1486.404194,41.77942258,600.0188065,100.9928065,0.100000565,42.7113871,41.56860645,999.9,0,0,5002.419355,0,642.2039355,-14.12663226,1551.719355,1563.89129,1.579726774,1499.984839,40.86395484,4.286504194,4.126963871,30.10618387,29.44692581,1199.995161,0.967005452,0.032994771,0,261.4566129,4.99998,3426.805484,11896.62581,51.272,52.82825806,51.57012903,52.312,52.812,1155.565161,39.43,0,80,0,261.4743846,-0.524649567,-3.137777822,3426.802308,15,1745740579,10:56:18,1745740579,1745740579,3,0.167,0.069,-0.292,0.664,420,40,2.16,0.19,-14.114465,0.39395122,0.252598127,1,261.4879412,-0.664751716,0.20170041,1,1.5841425,-0.084771557,0.00961477,1,3,3,03-Mar,3.22077,2.75502,0.223428,0.225491,0.180913,0.17634,22844.8,25631.6,28808.5,31350.4,33534.6,35179.5,44159.7,46017.2,2.0998,1.5392,0.166893,0,38.9384,999.9,46.6,44.4,43.1178,29.6363,29.6394,1,1.08341,0,20.2868,5.23526,11.9369,4.972,3.285,9999,9999,9999,157.1,4.97119,1.8663,1.86905,1.86676,1.87149,1.86981,1.87332,1.8717,0,0,0,0,11111111,oooooooo,on,on,on,on,0,100,100,-0.55,0.6643,-0.472436222,0.000859946,-1.19E-06,3.87E-10,0.66426,0,0,0,2,2149,0,22,17.7,17.7,3.04565,2.35962,1.59424,2.323,1.49292,2.52686,50.0578,23.9999,18,630.879,385.215,41.3857,40.5222,30.0005,40.0704,40.0323,61.0261,-30,-30,-999.9,1500,0,97.4643,98.4578
,,,,,,,,,,,,,,,,,,,,,,,,,,,,,,,,,,,,,,,,,,,,,,,,,,,,,,,,,,,,,,,,,,,,,,,,,,,,,,,,,,,,,,,,,,,,,,,,,,,,,,,,,,,,,,,,,,,,,,,,,,,,,,,,,,,,,,,,,,,,,,,,,,,,,,,,,,,,,,,,,,,,,,,,,,,,,,,,,,,,,,,,,,,,,,,,,,,,,,,,,,,,,,,,,,,,,,,,,,,,,,,,,,,,,,,,,,,,,,,,,,,,,,,,,,,,,,,,,,,,,,,,,,,,,,,,,,,,,,,,,,,,,,,,,,,,,,
37,1745742141,4670.4,20250427 11:22:21,11:22:21,15,A,2,5614.92,1745742133,0.005852029,5.852029208,10.25957863,415.7576667,286.7000709,28.97663205,42.02041837,0.158415445,1.998643188,0.151755747,0.095422359,193.8010286,42.60321393,41.28552333,7.938207437,48.88184346,4.276257506,8.748151058,3.661949931,-258.0744881,199.0456339,24.93037554,159.70255,0,0,1,0,24680,RECT-24220-20250331-19_34_23,10063.9,425.8796,624.32,0.317850461,-0.387208687,MPF-24465-20250427-11_21_27,10020.5,254.0155,408.8483135,0.378704787,0.5,1009.17254,10.25957863,191.089236,10.469,0.0882,133.1940631,18333.08547,156.301786,64.17628686,1.562716139,117.2928726,169.4071983,0.060561645,0.010550017,0.527021096,313.260276,DARK-24466-20250427-11_21_35,205.89,205.89,0.496414702,0.762879878,0.514952767,-9.091081522,1.085825701,0.618345487,0.381654513,24465,290,367.73,155,10020.5,365.82,1.91,300,24.1,408.8483135,1.536578586,-43.12089536,1.357209674,0.973010556,-0.007307008,290,361.8,635,9994.23,365.7,-3.9,None,None,None,None,None,None,None,None,None,None,None,None,None,1199.987667,1009.17254,0.84098576,0.161502517,2,0.5,0: Broadleaf,2,1745742133,415.7576667,419.9882333,42.31007,40.44206,416.0499667,41.64583667,600.0427667,100.9694667,0.10003064,43.1328,41.28552333,999.9,0,0,4995.666667,0,1188.935767,-4.230608667,434.1255,437.6893667,1.868015333,419.9882333,40.44206,4.272030333,4.083417333,30.04725667,29.26312333,1199.987667,0.9670064,0.032993803,0,254.0137667,4.99998,3332.522667,11896.53667,51.4874,53.2872,51.812,52.75,53.062,1155.557667,39.43,0,413.4000001,0,254.0155,-3.473811958,-44.3784615,3332.385769,15,1745740579,10:56:18,1745740579,1745740579,3,0.167,0.069,-0.292,0.664,420,40,2.16,0.19,-4.2344655,0.146003527,0.087114012,1,254.1777647,-3.310924362,0.373215445,0,1.87439325,-0.151076961,0.015247624,0,1,3,01-Mar,3.22133,2.75567,0.0944024,0.0955726,0.18033,0.17498,26627.8,29925.1,28782.7,31329.5,33537.8,35220.3,44119,45987.8,2.077,1.5232,0.11459,0,39.462,999.9,43.8,45.5,42.9031,29.4663,29.7716,1,1.13346,0,20.285,5.23406,11.9381,4.972,3.2848,9999,9999,9999,157.3,4.97116,1.8663,1.86896,1.86676,1.87149,1.86975,1.87317,1.87164,0,0,0,0,11111111,oooooooo,on,on,on,on,0,100,100,-0.293,0.6642,-0.472436222,0.000859946,-1.19E-06,3.87E-10,0.66426,0,0,0,2,2149,0,22,26,26,1.08154,2.38525,1.59424,2.32178,1.49292,2.5415,50.7709,24.0262,18,617.452,377.94,41.7886,41.0192,30.0005,40.5633,40.5231,21.7041,-30,-30,-999.9,420,0,97.3755,98.3938
38,1745742271,4799.9,20250427 11:24:30,11:24:30,15,A,2,5615.01,1745742263,0.005306921,5.306921301,5.034046401,297.7743667,220.6412047,22.29966382,30.09532277,0.137288428,1.999765952,0.132258988,0.083098392,193.8033162,42.85839473,41.54871,8.04947624,48.33140144,4.240691571,8.774195335,3.808784669,-234.0352294,176.9177591,22.18013904,158.865985,0,0,1,0,24790,RECT-24220-20250331-19_34_23,10063.9,425.8796,624.32,0.317850461,-0.387208687,MPF-24467-20250427-11_23_37,10014.8,246.1453462,365.4740103,0.32650383,0.5,1009.18458,5.034046401,164.7513153,10.469,0.0882,109.2616573,13959.97347,150.8659943,64.17628686,1.562716139,92.5322737,128.108931,0.039295047,0.005371916,0.708247324,287.1490914,DARK-24468-20250427-11_23_44,208.64,208.64,0.429124933,0.760859612,0.622704941,-1.975457318,1.304401673,0.644926877,0.355073123,24467,290,339.41,195,10014.8,338.25,1.16,300,24.1,365.4740103,1.370143037,-27.26719014,1.210171745,0.947729612,-0.007306814,290,337.5,885,9982.12,338.16,-0.66,None,None,None,None,None,None,None,None,None,None,None,None,None,1200.002,1009.18458,0.840985748,0.161502494,2,0.5,0: Broadleaf,2,1745742263,297.7743667,299.9792333,41.95898667,40.26416333,298.0858,41.29474333,599.9738333,100.9675667,0.099973507,43.18970333,41.54871,999.9,0,0,5000.333333,0,922.9018667,-2.204855333,310.8159,312.5643,1.694840667,299.9792333,40.26416333,4.236495667,4.065372333,29.90187333,29.18646667,1200.002,0.967007,0.0329932,0,246.1133333,4.99998,3237.405667,11896.69667,51.562,53.187,51.875,52.687,53.125,1155.572,39.43,0,127.4000001,0,246.1453462,-1.267384613,-15.24410255,3237.342692,15,1745740579,10:56:18,1745740579,1745740579,3,0.167,0.069,-0.292,0.664,420,40,2.16,0.19,-2.208092439,0.122346063,0.099034706,1,246.1475588,-0.948220015,0.209058842,1,1.702575366,-0.132195889,0.013787501,0,2,3,02-Mar,3.22107,2.7555,0.0723747,0.0731966,0.179292,0.174415,27270.3,30660.2,28778,31324.9,33574,35239.8,44111.4,45981.4,2.0762,1.52,0.130683,0,39.4697,999.9,43.1,45.8,42.8699,29.7963,29.984,1,1.14232,0,20.2851,5.23406,11.9381,4.9716,3.285,9999,9999,9999,157.3,4.97107,1.8663,1.86899,1.86676,1.87146,1.86978,1.8732,1.87167,0,0,0,0,11111111,oooooooo,on,on,on,on,0,100,100,-0.311,0.6643,-0.472436222,0.000859946,-1.19E-06,3.87E-10,0.66426,0,0,0,2,2149,0,22,28.2,28.2,0.827637,2.40601,1.59424,2.32056,1.49292,2.44019,50.8693,24.0175,18,617.645,376.462,41.8635,41.1141,30.0002,40.6607,40.616,16.6133,-30,-30,-999.9,300,0,97.3591,98.3798
39,1745742342,4870.9,20250427 11:25:41,11:25:41,15,A,2,5614.92,1745742334,0.004927441,4.927440888,0.896942484,199.363129,175.213767,17.70900205,20.14979827,0.124121614,1.999406701,0.119994307,0.075355831,193.8029456,43.05823804,41.71712258,8.12138341,47.99111352,4.224500475,8.802672338,3.896882935,-217.3001432,165.421102,20.76525987,162.6891642,0,0,1,0,24389,RECT-24220-20250331-19_34_23,10063.9,425.8796,624.32,0.317850461,-0.387208687,MPF-24469-20250427-11_24_48,10010,243.8306923,341.9924135,0.287028944,0.5,1009.182629,0.896942484,144.832312,10.469,0.0882,91.16235307,10557.61406,147.4954066,64.17628686,1.562716139,71.57927357,103.6344934,0.008654864,0.001272467,0.825537571,272.4513351,DARK-24470-20250427-11_24_55,209.25,209.25,0.388144322,0.739490255,0.680192706,-1.17016347,1.4227324,0.634613856,0.365386144,24469,290,325.21,235,10010,325.09,0.12,300,24.1,341.9924135,1.21809013,-16.91677637,1.075857213,0.898272117,-0.007306738,290,326.27,845,9983.33,325.05,1.22,None,None,None,None,None,None,None,None,None,None,None,None,None,1199.999677,1009.182629,0.84098575,0.161502498,2,0.5,0: Broadleaf,2,1745742334,199.363129,199.9895484,41.79742258,40.22362258,199.7080645,41.13314839,600.011,100.9708065,0.10003031,43.25175484,41.71712258,999.9,0,0,4998.709677,0,1366.990323,-0.626433903,208.0595161,208.3709677,1.573801613,199.9895484,40.22362258,4.220316774,4.06141,29.83532903,29.16958387,1199.999677,0.967006226,0.032993994,0,243.8411935,4.99998,3211.552258,11896.67097,51.57825806,53.165,51.875,52.625,53.125,1155.569677,39.43,0,69.20000005,0,243.8306923,0.049641023,2.985299149,3211.620769,15,1745740579,10:56:18,1745740579,1745740579,3,0.167,0.069,-0.292,0.664,420,40,2.16,0.19,-0.590764675,-0.455982563,0.098625908,1,243.7952647,0.217463712,0.158175872,1,1.5770975,-0.080188818,0.008941544,1,3,3,03-Mar,3.22128,2.75524,0.0513848,0.0518164,0.178853,0.174336,27885.8,31366.7,28777.6,31325.3,33590.3,35243.2,44110.1,45981.2,2.0776,1.5186,0.139862,0,39.4891,999.9,42.7,45.9,42.6924,29.6063,29.7396,1,1.14512,0,20.2848,5.23406,11.9381,4.972,3.2844,9999,9999,9999,157.3,4.97107,1.86627,1.8689,1.86673,1.87149,1.86969,1.87317,1.87164,0,0,0,0,11111111,oooooooo,on,on,on,on,0,100,100,-0.345,0.6643,-0.472436222,0.000859946,-1.19E-06,3.87E-10,0.66426,0,0,0,2,2149,0,22,29.4,29.4,0.605469,2.42188,1.59424,2.32056,1.49292,2.51587,50.9021,24.0437,18,618.987,375.773,41.8974,41.1472,30.0004,40.6932,40.6484,12.1743,-30,-30,-999.9,200,0,97.3567,98.3801
40,1745742429,4957.9,20250427 11:27:08,11:27:08,15,A,2,5614.83,1745742421,0.004520267,4.520266648,-0.542784174,149.9334839,147.9930436,14.95859787,15.15473051,0.110484162,2.000664418,0.107203067,0.067288594,193.8026367,43.30513374,41.92727097,8.21189011,47.60127014,4.211886079,8.848264063,4.000004031,-199.3437592,153.5349746,19.28938963,167.2832417,0,0,1,0,24101,RECT-24220-20250331-19_34_23,10063.9,425.8796,624.32,0.317850461,-0.387208687,MPF-24471-20250427-11_26_15,10008.6,243.11736,327.1483397,0.256858952,0.5,1009.181003,-0.542784174,129.6085875,10.469,0.0882,77.32939596,8841.441462,138.0305888,64.17628686,1.562716139,64.05421828,83.93882532,-0.006466426,-0.00015416,0.908369764,262.9464227,DARK-24472-20250427-11_26_22,214.79,214.79,0.343447684,0.747883779,0.72564076,-0.851108145,1.497536088,0.660742437,0.339257563,24471,290,315.68,245,10008.6,315.43,0.25,300,24.1,327.1483397,1.20631469,-11.73137997,1.065420045,0.812386441,-0.007306419,290,317.08,685,9990.3,315.41,1.67,None,None,None,None,None,None,None,None,None,None,None,None,None,1199.997742,1009.181003,0.840985752,0.161502501,2,0.5,0: Broadleaf,2,1745742421,149.9334839,149.9784839,41.67033871,40.22589032,150.2064194,41.05315484,599.8006774,100.9765484,0.099809742,43.35073871,41.92727097,999.9,0,0,5003.548387,0,953.1696774,-0.044986359,156.4529355,156.2643871,1.444436774,149.9784839,40.22589032,4.207720645,4.061867097,29.78335806,29.17153548,1199.997742,0.967007,0.0329932,0,243.1193871,4.99998,3203.060968,11896.63226,51.671,53.254,51.937,52.70529032,53.23374194,1155.567742,39.43,0,85.20000005,0,243.11736,0.953692308,7.541538477,3203.2008,15,1745742406,11:26:46,1745742406,1745742404,4,0.096,-0.047,-0.273,0.617,150,40,1.08,0.2,-0.019517511,-0.432079216,0.118694682,1,243.0607353,0.878609624,0.204224114,1,1.44138725,0.039325891,0.019525555,1,3,3,03-Mar,3.22147,2.75544,0.0397385,0.0399774,0.17861,0.174311,28224.8,31754.8,28775.3,31323,33598.3,35242.9,44106.7,45978.4,2.0766,1.5166,0.147015,0,39.5937,999.9,42.4,46.1,42.8272,29.4563,29.6995,1,1.14963,0,20.2849,5.23286,11.9381,4.972,3.285,9999,9999,9999,157.4,4.97104,1.86624,1.86893,1.86673,1.87137,1.86966,1.87317,1.87161,0,0,0,0,11111111,oooooooo,on,on,on,on,0,100,100,-0.273,0.6172,-0.376655902,0.000859946,-1.19E-06,3.87E-10,0.617166667,0,0,0,2,2149,0,22,0.4,0.4,0.491943,2.43286,1.59424,2.32056,1.49292,2.51587,50.9349,24.0612,18,618.657,374.844,41.9771,41.1994,30.0002,40.7462,40.7052,9.90446,-30,-30,-999.9,150,0,97.3492,98.3736
41,1745742510,5038.9,20250427 11:28:29,11:28:29,15,A,2,5614.92,1745742502,0.004266811,4.266811214,-2.144376894,100.5611935,127.1250336,12.84903489,10.16412148,0.102329653,2.000198293,0.099507723,0.062439384,193.8037693,43.43357608,42.0372129,8.259586895,47.2931686,4.192584811,8.865096029,4.067002083,-188.1663745,145.5723099,18.30597961,169.5156843,0,0,1,0,24493,RECT-24220-20250331-19_34_23,10063.9,425.8796,624.32,0.317850461,-0.387208687,MPF-24473-20250427-11_27_36,10008.5,242.94308,315.52188,0.230027788,0.5,1009.186965,-2.144376894,116.0705223,10.469,0.0882,65.02780854,7150.344515,130.8988944,64.17628686,1.562716139,54.62494199,72.50009161,-0.029577575,-0.001741172,0.978690036,255.3827603,DARK-24474-20250427-11_27_43,212.37,212.37,0.326924649,0.703611025,0.749600971,-0.657668534,1.556125265,0.615065362,0.384934638,24473,290,308.7,245,10008.5,308.2,0.5,300,24.1,315.52188,1.684416591,-7.329630245,1.487660512,0.464369524,-0.007306359,290,311.11,825,9983.51,308.18,2.93,None,None,None,None,None,None,None,None,None,None,None,None,None,1200.004839,1009.186965,0.840985746,0.16150249,2,0.5,0: Broadleaf,2,1745742502,100.5611935,99.9894129,41.48035161,40.11704516,100.8627419,40.86318387,599.9857742,100.9740323,0.099961771,43.38717097,42.0372129,999.9,0,0,5001.774194,0,1167.782258,0.571831419,104.9129677,104.1682258,1.363290323,99.9894129,40.11704516,4.188437419,4.050780645,29.70354839,29.12424839,1200.004839,0.967006613,0.032993594,0,242.9024516,4.99998,3202.895806,11896.7129,51.69309677,53.27,52,52.74187097,53.25,1155.574839,39.43,0,79.20000005,0,242.94308,0.3176154,11.57846156,3203.1012,15,1745742406,11:26:46,1745742406,1745742404,4,0.096,-0.047,-0.273,0.617,150,40,1.08,0.2,0.56839155,0.010280803,0.073814894,1,242.8832353,0.870557683,0.252395821,1,1.36790375,-0.093596285,0.010640778,1,3,3,03-Mar,3.22106,2.75539,0.0273118,0.0273297,0.178062,0.173962,28588,32171,28774.4,31322.3,33619.2,35257.1,44105.6,45977.7,2.077,1.5154,0.152558,0,39.6015,999.9,42.1,46.2,42.7427,29.4263,29.7476,1,1.15341,0,20.2848,5.23526,11.9381,4.972,3.2848,9999,9999,9999,157.4,4.97107,1.8663,1.86899,1.86676,1.87143,1.86972,1.87317,1.87164,0,0,0,0,11111111,oooooooo,on,on,on,on,0,100,100,-0.301,0.6172,-0.376655902,0.000859946,-1.19E-06,3.87E-10,0.617166667,0,0,0,2,2149,0,22,1.7,1.8,0.377197,2.44873,1.59424,2.32056,1.49292,2.52319,50.9678,24.0612,18,619.303,374.321,42.0192,41.2384,30.0002,40.7871,40.7459,7.61209,-30,-30,-999.9,100,0,97.3465,98.3718
42,1745742606,5134.9,20250427 11:30:05,11:30:05,15,A,2,5614.92,1745742598,0.004179379,4.17937885,-3.39292238,51.06380645,102.1732518,10.32702365,5.16120538,0.098441229,1.999123587,0.09582537,0.060120091,193.8031515,43.5622944,42.18002258,8.321900897,46.98519309,4.186392397,8.910024885,4.1355085,-184.3106073,140.5520084,17.70431667,167.7488693,0,0,1,0,24372,RECT-24220-20250331-19_34_23,10063.9,425.8796,624.32,0.317850461,-0.387208687,MPF-24475-20250427-11_29_12,10006.4,244.30824,307.8783433,0.206477996,0.5,1009.183713,-3.39292238,104.1871152,10.469,0.0882,54.23009254,5746.695466,124.0096693,64.17628686,1.562716139,46.34070472,55.83254708,-0.060769615,-0.002978361,1.027813952,250.3520596,DARK-24476-20250427-11_29_19,213.63,213.63,0.306122029,0.674495711,0.770512203,-0.538723951,1.594643312,0.58979803,0.41020197,24475,290,302.12,265,10006.4,302.16,-0.04,300,24.1,307.8783433,1.181314442,-5.726382656,1.043317804,0.518279822,-0.007306234,290,305.45,825,9983.44,302.14,3.31,None,None,None,None,None,None,None,None,None,None,None,None,None,1200.000968,1009.183713,0.840985749,0.161502496,2,0.5,0: Broadleaf,2,1745742598,51.06380645,50.004,41.41922581,40.08383871,51.39936129,40.80204839,600.0166129,100.9735806,0.100070906,43.48412581,42.18002258,999.9,0,0,4997.419355,0,1285.941613,1.059811935,53.27022581,52.09205161,1.335377742,50.004,40.08383871,4.182247097,4.04740871,29.67784194,29.10984839,1200.000968,0.967006613,0.032993587,0,244.2847419,4.99998,3220.095806,11896.69032,51.75,53.36890323,52.026,52.812,53.312,1155.570968,39.43,0,94.20000005,0,244.30824,1.073846157,20.98615387,3220.476,15,1745742406,11:26:46,1745742406,1745742404,4,0.096,-0.047,-0.273,0.617,150,40,1.08,0.2,1.0669985,-0.135752645,0.057892321,1,244.2384412,0.862169596,0.211602178,1,1.3361695,-0.003718649,0.004640715,1,3,3,03-Mar,3.2212,2.75506,0.0142046,0.0139168,0.177945,0.173884,28969.3,32611.3,28772.2,31320.8,33621.8,35259.3,44101.6,45975.5,2.077,1.514,0.154018,0,39.7262,999.9,41.7,46.4,42.7679,29.3963,29.8157,1,1.15738,0,20.2847,5.23526,11.9381,4.9716,3.2846,9999,9999,9999,157.4,4.97107,1.86615,1.8689,1.86667,1.87137,1.86975,1.87317,1.87164,0,0,0,0,11111111,oooooooo,on,on,on,on,0,100,100,-0.336,0.6171,-0.376655902,0.000859946,-1.19E-06,3.87E-10,0.617166667,0,0,0,2,2149,0,22,3.3,3.4,0.262451,2.47559,1.59424,2.31934,1.49292,2.51587,51.0007,24.07,18,619.675,373.719,42.0996,41.2858,30.0004,40.832,40.7948,5.3137,-30,-30,-999.9,50,0,97.3382,98.3671
43,1745742686,5214.9,20250427 11:31:25,11:31:25,15,A,2,5614.92,1745742678,0.004392139,4.392139454,7.419908945,416.9265484,273.7132414,27.66458714,42.13936004,0.102265345,1.999612158,0.099446107,0.06240064,193.8020188,43.60113004,42.28150645,8.366429669,46.62559208,4.179559656,8.964089184,4.186870013,-193.6933499,142.1630654,17.92138391,160.1931182,0,0,1,0,24926,RECT-24220-20250331-19_34_23,10063.9,425.8796,624.32,0.317850461,-0.387208687,MPF-24477-20250427-11_30_32,10008.3,236.77216,323.3288526,0.267704821,0.5,1009.177752,7.419908945,135.0808747,10.469,0.0882,82.30191423,13280.76116,111.6521035,64.17628686,1.562716139,118.9477022,154.7655392,0.047942901,0.007736117,0.930913356,260.4732962,DARK-24478-20250427-11_30_39,204.56,204.56,0.367331439,0.728782763,0.717055335,-0.844037657,1.516783616,0.629634,0.370366,24477,290,305.88,245,10008.3,306.14,-0.26,300,24.1,323.3288526,0.884945125,-17.19878481,0.781555227,0.945339969,-0.007306299,290,307.3,855,9982.13,306.1,1.2,None,None,None,None,None,None,None,None,None,None,None,None,None,1199.993871,1009.177752,0.840985755,0.161502507,2,0.5,0: Broadleaf,2,1745742678,416.9265484,420.0103548,41.35253548,39.94898387,417.1229355,40.73536129,599.9798387,100.9714194,0.100004858,43.60023548,42.28150645,999.9,0,0,4999.516129,0,1347.285806,-3.083822581,434.9111935,437.4874839,1.403546129,420.0103548,39.94898387,4.175423871,4.033706129,29.64949032,29.05120645,1199.993871,0.967007194,0.032993003,0,236.7727419,4.99998,3130.335484,11896.62581,51.75,53.433,52.062,52.875,53.375,1155.563871,39.43,0,78,0,236.77216,-0.429230773,-4.899230788,3130.3064,15,1745742406,11:26:46,1745742406,1745742404,4,0.096,-0.047,-0.273,0.617,150,40,1.08,0.2,-3.10722925,0.479503227,0.091876033,1,236.7712647,-0.469472879,0.199782133,1,1.40258775,0.043683715,0.007180137,1,3,3,03-Mar,3.22133,2.75563,0.0945058,0.0955114,0.177674,0.173444,26612,29916.9,28770.5,31320.1,33632.2,35278.9,44098.9,45975.4,2.0768,1.5134,0.152111,0,39.8641,999.9,41.3,46.5,42.5754,29.3263,30.0401,1,1.1622,0,20.2847,5.23286,11.9381,4.972,3.285,9999,9999,9999,157.4,4.97101,1.86618,1.8689,1.86667,1.87137,1.86966,1.87317,1.87164,0,0,0,0,11111111,oooooooo,on,on,on,on,0,100,100,-0.197,0.6172,-0.376655902,0.000859946,-1.19E-06,3.87E-10,0.617166667,0,0,0,2,2149,0,22,4.7,4.7,1.08398,2.4292,1.59424,2.31934,1.49292,2.4231,51.0337,24.0787,18,619.928,373.583,42.1847,41.3367,30.0006,40.8812,40.8396,21.7612,-30,-30,-999.9,420,0,97.3323,98.366
44,1745742760,5289.4,20250427 11:32:40,11:32:40,15,A,2,5614.92,1745742752,0.004468817,4.468817118,12.27235412,595.0080667,363.7338715,36.76260615,60.13750417,0.102140478,2.00032905,0.099328997,0.062326778,193.8014542,43.6953125,42.41623333,8.425863282,46.1343696,4.161876963,9.021206963,4.263986319,-197.0748349,140.84275,17.77022031,155.3395896,0,0,1,0,24013,RECT-24220-20250331-19_34_23,10063.9,425.8796,624.32,0.317850461,-0.387208687,MPF-24479-20250427-11_31_46,10010.2,232.64112,333.1174173,0.301624268,0.5,1009.17478,12.27235412,152.1958024,10.469,0.0882,97.85349448,16870.42898,109.3572505,64.17628686,1.562716139,154.268957,209.4649145,0.058589068,0.01254447,0.874173993,266.7888001,DARK-24480-20250427-11_31_54,193.92,193.92,0.417862922,0.721825873,0.676585926,-1.083160123,1.467456137,0.601684145,0.398315855,24479,290,310.63,225,10010.2,309.63,1,300,24.1,333.1174173,1.393917243,-23.51061981,1.231034304,0.928706693,-0.007306132,290,308.31,745,9986.4,309.57,-1.26,None,None,None,None,None,None,None,None,None,None,None,None,None,1199.990333,1009.17478,0.840985758,0.161502513,2,0.5,0: Broadleaf,2,1745742752,595.0080667,599.9854,41.17813667,39.74980667,595.2118,40.56096333,599.9733333,100.9701333,0.099931997,43.72224667,42.41623333,999.9,0,0,5002.5,0,1474.327333,-4.977429,620.5615333,624.8219333,1.428328,599.9854,39.74980667,4.157759,4.013541667,29.57589333,28.9646,1199.990333,0.9670074,0.03299279,0,232.6598,4.99998,3080.845,11896.58333,51.812,53.4874,52.1208,52.8936,53.42873333,1155.560333,39.43,0,72.20000005,0,232.64112,-0.315769227,5.260769234,3080.9128,15,1745742406,11:26:46,1745742406,1745742404,4,0.096,-0.047,-0.273,0.617,150,40,1.08,0.2,-5.018745366,0.475914355,0.118191867,1,232.6212647,0.467456073,0.237196656,1,1.427359268,0.005504111,0.00421664,1,3,3,03-Mar,3.22048,2.75473,0.12286,0.124168,0.177115,0.172875,25776.1,28964.5,28768.5,31316.3,33652.8,35298,44095.6,45968.4,2.0754,1.5124,0.147223,0,40.0764,999.9,41,46.7,42.7057,29.5063,30.0521,1,1.16738,0,20.2848,5.23286,11.9381,4.9716,3.285,9999,9999,9999,157.5,4.97101,1.86627,1.86893,1.86667,1.8714,1.86972,1.87317,1.87164,0,0,0,0,11111111,oooooooo,on,on,on,on,0,100,100,-0.204,0.6172,-0.376655902,0.000859946,-1.19E-06,3.87E-10,0.617166667,0,0,0,2,2149,0,22,5.9,5.9,1.44775,2.40723,1.59424,2.31934,1.49292,2.44385,51.0337,24.07,18,619.259,373.225,42.2761,41.3926,30.0007,40.9305,40.8887,29.0242,-30,-30,-999.9,600,0,97.3252,98.3524
45,1745742868,5396.9,20250427 11:34:27,11:34:27,15,A,2,5614.83,1745742860,0.004452827,4.45282737,17.13275945,793.0739,463.3646283,46.83266499,80.15666714,0.098989077,1.999887098,0.096345424,0.060447531,193.7998582,43.8672511,42.6135,8.513544993,45.43771443,4.134601998,9.099493779,4.378942995,-196.369687,137.4566982,17.37676432,152.2636337,0,0,1,0,24283,RECT-24220-20250331-19_34_23,10063.9,425.8796,624.32,0.317850461,-0.387208687,MPF-24481-20250427-11_33_34,10020.7,232.05212,356.9055265,0.349822004,0.5,1009.16638,17.13275945,176.5143027,10.469,0.0882,119.9508108,20926.48216,114.2341295,64.17628686,1.562716139,183.1894046,280.1752237,0.061150159,0.017360832,0.749258427,281.8329873,DARK-24482-20250427-11_33_41,192.15,192.15,0.461622234,0.757810127,0.618771487,-1.810149818,1.347580802,0.627502201,0.372497799,24481,290,321.82,145,10020.7,320.56,1.26,300,24.1,356.9055265,1.40923041,-36.41865844,1.244521267,0.968337759,-0.007306095,290,316.4,685,9989.3,320.45,-4.05,None,None,None,None,None,None,None,None,None,None,None,None,None,1199.980333,1009.16638,0.840985766,0.161502529,2,0.5,0: Broadleaf,2,1745742860,793.0739,799.9617,40.90795,39.48444667,793.3222,40.29078333,600.0226667,100.9708,0.10006759,43.88839667,42.6135,999.9,0,0,5000.666667,0,1538.152333,-6.887706667,826.9008333,832.8460667,1.423511,799.9617,39.48444667,4.13051,3.986776333,29.46182,28.84905,1199.980333,0.9670074,0.03299279,0,232.0591667,4.99998,3075.904,11896.49333,51.89566667,53.63326667,52.1912,53.062,53.50826667,1155.550333,39.43,0,105.6000001,0,232.05212,-0.021230789,16.2069231,3076.1348,15,1745742406,11:26:46,1745742406,1745742404,4,0.096,-0.047,-0.273,0.617,150,40,1.08,0.2,-6.913934,0.197090882,0.136688815,1,231.9653235,0.815783032,0.226261655,1,1.4251985,-0.035115647,0.005687242,1,3,3,03-Mar,3.22086,2.75556,0.149769,0.151316,0.176335,0.172094,24978.3,28060.7,28762.8,31312.3,33679,35327.8,44087.2,45963.4,2.076,1.5102,0.142723,0,40.3516,999.9,40.5,46.8,42.3962,29.2563,29.9199,1,1.17646,0,20.2847,5.23406,11.9381,4.972,3.285,9999,9999,9999,157.5,4.97092,1.86618,1.8689,1.86673,1.87134,1.86969,1.87317,1.87161,0,0,0,0,11111111,oooooooo,on,on,on,on,0,100,100,-0.249,0.6172,-0.376655902,0.000859946,-1.19E-06,3.87E-10,0.617166667,0,0,0,2,2149,0,22,7.7,7.7,1.8335,2.39746,1.59424,2.31934,1.49292,2.49146,51.0997,24.0787,18,620.469,372.346,42.4339,41.4932,30.0006,41.0211,40.9789,36.7322,-30,-30,-999.9,800,0,97.3064,98.3409
46,1745742945,5474.4,20250427 11:35:45,11:35:45,15,A,2,5614.92,1745742937,0.004382412,4.382411888,21.08204829,991.5210667,571.5148578,57.76430626,100.2152889,0.09547547,1.999372967,0.09301303,0.058349094,193.8010962,44.00988356,42.75398,8.576466418,44.92929315,4.113280047,9.155007253,4.463186371,-193.2643643,134.8979924,17.07853063,152.5132549,0,0,1,0,24726,RECT-24220-20250331-19_34_23,10063.9,425.8796,624.32,0.317850461,-0.387208687,MPF-24483-20250427-11_34_51,10016,232.4501154,372.6637014,0.376246963,0.5,1009.175099,21.08204829,189.8495333,10.469,0.0882,132.0675378,23809.89329,111.7722047,64.17628686,1.562716139,213.0215947,358.4932631,0.058807376,0.021274065,0.675290611,291.5687122,DARK-24484-20250427-11_34_59,189.47,189.47,0.491579139,0.765384317,0.578719785,-2.634806321,1.268170688,0.623864464,0.376135536,24483,290,331.79,175,10016,329.32,2.47,300,24.1,372.6637014,1.077412119,-43.41764166,0.95145168,0.986732217,-0.007305965,290,323.06,695,9988.32,329.2,-6.14,None,None,None,None,None,None,None,None,None,None,None,None,None,1199.991,1009.175099,0.840985557,0.161502125,2,0.5,0: Broadleaf,2,1745742937,991.5210667,999.9967667,40.69642333,39.29508,991.8350333,40.07927,600.0047667,100.9722667,0.100007257,44.00546667,42.75398,999.9,0,0,4998.5,0,1411.788,-8.475029,1033.584,1040.897667,1.40135,999.9967667,39.29508,4.109213333,3.967715667,29.37222333,28.76634,1199.991,0.9670079,0.032992273,0,232.4630333,4.99998,3084.038667,11896.59667,52,53.75,52.2996,53.17046667,53.625,1155.569667,39.422,0,75.20000005,0,232.4501154,0.271965811,17.83897437,3084.039615,15,1745742406,11:26:46,1745742406,1745742404,4,0.096,-0.047,-0.273,0.617,150,40,1.08,0.2,-8.502973171,0.449028711,0.141960747,1,232.4184706,0.807975554,0.210643166,1,1.404778293,-0.065692474,0.008214161,1,3,3,03-Mar,3.22119,2.75588,0.173397,0.175044,0.175696,0.171527,24277.9,27270.5,28758.7,31309.4,33700.9,35349.3,44081.1,45959.4,2.0754,1.509,0.144541,0,40.4682,999.9,40.2,46.8,42.0846,29.3763,29.7636,1,1.18358,0,20.2844,5.23286,11.9381,4.972,3.285,9999,9999,9999,157.5,4.97098,1.86618,1.8689,1.86664,1.87134,1.86969,1.87317,1.87164,0,0,0,0,11111111,oooooooo,on,on,on,on,0,100,100,-0.314,0.6172,-0.376655902,0.000859946,-1.19E-06,3.87E-10,0.617166667,0,0,0,2,2149,0,22,9,9,2.20093,2.39014,1.59424,2.31934,1.49292,2.53052,51.0997,24.0787,18,620.587,371.98,42.5445,41.5689,30.0007,41.0914,41.0514,44.1144,-30,-30,-999.9,1000,0,97.2928,98.3321
47,1745743021,5550.4,20250427 11:37:01,11:37:01,15,A,2,5614.65,1745743013,0.004229477,4.229476729,24.7058431,1190.093548,673.0902611,68.03109737,120.2860519,0.090559832,1.998797317,0.08834063,0.055407751,193.8065458,44.1351839,42.86228065,8.625248965,44.51999778,4.090594338,9.188217749,4.534654627,-186.5199237,130.7042148,16.56632253,154.5571594,0,0,1,0,23932,RECT-24220-20250331-19_34_23,10063.9,425.8796,624.32,0.317850461,-0.387208687,MPF-24485-20250427-11_36_07,10026.8,233.5622,386.8945777,0.396315654,0.5,1009.203794,24.7058431,199.9816309,10.469,0.0882,141.2729152,26320.62726,107.4091231,64.17628686,1.562716139,245.0502016,428.0400595,0.05771853,0.024864207,0.613669552,300.2081463,DARK-24486-20250427-11_36_15,190.07,190.07,0.508729223,0.779030645,0.546748238,-3.933109916,1.196457084,0.633965405,0.366034595,24485,290,339.55,105,10026.8,337.52,2.03,300,24.1,386.8945777,1.2724606,-49.5027982,1.123664717,0.985778308,-0.007305756,290,331.09,625,9992.49,337.35,-6.26,None,None,None,None,None,None,None,None,None,None,None,None,None,1200.025161,1009.203794,0.840985528,0.161502069,2,0.5,0: Broadleaf,2,1745743013,1190.093548,1200.006774,40.47177419,39.11899032,1190.476452,39.85460323,599.9927097,100.9728065,0.099963877,44.07520968,42.86228065,999.9,0,0,4996.129032,0,1064.298387,-9.912614194,1240.29,1248.861613,1.352791935,1200.006774,39.11899032,4.086547419,3.949952258,29.27639032,28.68895806,1200.025161,0.967008355,0.032991819,0,233.5239032,4.99998,3099.333226,11896.93548,52.06606452,53.812,52.37093548,53.2113871,53.687,1155.603226,39.42193548,0,73.80000019,0,233.5622,0.774692319,10.50076921,3099.472,15,1745742406,11:26:46,1745742406,1745742404,4,0.096,-0.047,-0.273,0.617,150,40,1.08,0.2,-9.954544634,0.474379233,0.182216682,1,233.5120882,0.789717344,0.190393612,1,1.353547317,-0.012107038,0.005236318,1,3,3,03-Mar,3.22033,2.75433,0.194591,0.196364,0.175043,0.171014,23649.8,26560.5,28755.8,31307.7,33724.8,35369.4,44077.5,45956.9,2.0748,1.509,0.146627,0,40.5368,999.9,39.9,46.9,41.976,29.6863,29.996,1,1.18866,0,20.2843,5.23286,11.9381,4.9712,3.2848,9999,9999,9999,157.5,4.97098,1.86615,1.8689,1.86661,1.87137,1.86966,1.87317,1.87155,0,0,0,0,11111111,oooooooo,on,on,on,on,0,100,100,-0.39,0.6172,-0.376655902,0.000859946,-1.19E-06,3.87E-10,0.617166667,0,0,0,2,2149,0,22,10.2,10.3,2.55493,2.3877,1.59424,2.31934,1.49292,2.46094,51.1327,24.0963,18,620.638,372.287,42.6336,41.6321,30.0001,41.1536,41.1107,51.206,-30,-30,-999.9,1200,0,97.2841,98.3267
48,1745743103,5631.9,20250427 11:38:22,11:38:22,15,A,2,5614.83,1745743095,0.003938503,3.93850332,27.8601103,1488.766,851.6267089,86.07518487,150.4718057,0.08314615,2.000754771,0.081273163,0.050960493,193.8015587,44.24816764,42.91997,8.651332232,44.18527142,4.061431023,9.191820923,4.589901208,-173.6879964,125.4243438,15.88647043,161.4243766,0,0,1,0,24495,RECT-24220-20250331-19_34_23,10063.9,425.8796,624.32,0.317850461,-0.387208687,MPF-24487-20250427-11_37_29,10010.7,235.17396,401.8776542,0.414812052,0.5,1009.175339,27.8601103,209.3090464,10.469,0.0882,149.749364,28538.6594,104.1194698,64.17628686,1.562716139,274.0953202,577.5313887,0.048239993,0.027990497,0.553507625,309.151668,DARK-24488-20250427-11_37_36,188.4,188.4,0.531200608,0.780895288,0.510282496,-6.945424173,1.12095292,0.625582323,0.374417677,24487,290,349.08,215,10010.7,347.25,1.83,300,24.1,401.8776542,1.215353006,-54.68116173,1.073243489,0.989328642,-0.007305962,290,339.95,625,9992.56,347.16,-7.21,None,None,None,None,None,None,None,None,None,None,None,None,None,1199.991,1009.175339,0.840985757,0.16150251,2,0.5,0: Broadleaf,2,1745743095,1488.766,1500.007,40.18374333,38.92368667,1489.216333,39.56657333,600.0110333,100.9715,0.09999525,44.08276333,42.91997,999.9,0,0,5004.166667,0,882.9992,-11.24046,1551.095333,1560.757,1.260058,1500.007,38.92368667,4.057415,3.930185,29.15255667,28.60248,1199.991,0.9670078,0.032992373,0,235.1649667,4.99998,3121.125,11896.59333,52.125,53.7038,52.375,53.16633333,53.7248,1155.562,39.43,0,79.20000005,0,235.17396,0.631153847,3.083076911,3121.1544,15,1745742406,11:26:46,1745742406,1745742404,4,0.096,-0.047,-0.273,0.617,150,40,1.08,0.2,-11.243215,0.471948968,0.220274667,1,235.1953529,-0.112727275,0.191579024,1,1.2620225,-0.037457336,0.005997881,1,3,3,03-Mar,3.22085,2.75504,0.223036,0.224915,0.174174,0.170453,22807.7,25610.4,28753.9,31307.4,33756.7,35392.7,44074.4,45956.5,2.074,1.5084,0.152647,0,40.4884,999.9,39.6,47,41.8809,29.4763,30.004,1,1.19159,0,20.2838,5.23406,11.9381,4.9716,3.2848,9999,9999,9999,157.6,4.97092,1.86618,1.8689,1.86664,1.8714,1.86966,1.87317,1.87161,0,0,0,0,11111111,oooooooo,on,on,on,on,0,100,100,-0.45,0.6172,-0.376655902,0.000859946,-1.19E-06,3.87E-10,0.617166667,0,0,0,2,2149,0,22,11.6,11.7,3.06274,2.37305,1.59424,2.31812,1.49292,2.44263,51.1327,24.1138,18,620.329,372.089,42.6764,41.666,30,41.191,41.1438,61.3636,-30,-30,-999.9,1500,0,97.2773,98.326
,,,,,,,,,,,,,,,,,,,,,,,,,,,,,,,,,,,,,,,,,,,,,,,,,,,,,,,,,,,,,,,,,,,,,,,,,,,,,,,,,,,,,,,,,,,,,,,,,,,,,,,,,,,,,,,,,,,,,,,,,,,,,,,,,,,,,,,,,,,,,,,,,,,,,,,,,,,,,,,,,,,,,,,,,,,,,,,,,,,,,,,,,,,,,,,,,,,,,,,,,,,,,,,,,,,,,,,,,,,,,,,,,,,,,,,,,,,,,,,,,,,,,,,,,,,,,,,,,,,,,,,,,,,,,,,,,,,,,,,,,,,,,,,,,,,,,,
49,1745746024,8552.9,20250427 12:27:03,12:27:03,15,A,3,5614.92,1745746016,0.004538954,4.538954458,7.233851106,416.9701333,268.233197,27.10879098,42.14078017,0.096714372,2.000872115,0.094190361,0.059090262,193.8030799,43.47703397,41.94884667,8.221231573,40.72010142,3.636742338,8.93107387,4.584489235,-200.1678916,170.4962558,21.43851237,185.5699564,0,0,1,0,24198,RECT-24220-20250331-19_34_23,10063.9,425.8796,624.32,0.317850461,-0.387208687,MPF-24517-20250427-12_26_10,10026.1,243.0405,362.8272816,0.330148221,0.5,1009.178904,7.233851106,166.58931,10.469,0.0882,110.9319228,15207.33153,143.9047701,64.17628686,1.562716139,105.6763547,162.5568423,0.044500441,0.007551743,0.720708534,285.512705,DARK-24518-20250427-12_26_17,196.9,196.9,0.457317545,0.721923366,0.611793361,-1.899799797,1.317739323,0.58486841,0.41513159,24517,290,334.11,205,10026.1,333.54,0.57,300,24.1,362.8272816,1.366553297,-29.36310441,1.208544902,0.954715095,-0.007315542,290,331.95,655,10005.6,333.48,-1.53,None,None,None,None,None,None,None,None,None,None,None,None,None,1199.994667,1009.178904,0.840986158,0.161503284,2,0.5,0: Broadleaf,2,1745746016,416.9701333,420.0123333,35.98445333,34.52589,417.1319,35.46834667,599.9907667,100.9643333,0.099931947,43.52940333,41.94884667,999.9,0,0,5005,0,1546.422,-3.042123,432.5346,435.0322333,1.458561667,420.0123333,34.52589,3.633146333,3.485883667,27.25513,26.55114333,1199.994667,0.9669912,0.033008597,0,243.0720333,4.99998,3177.336667,11896.56,50.67873333,52.625,50.9958,51.812,52.37913333,1155.544667,39.446,0,1192.2,0,243.0405,-1.080717966,-22.40307687,3177.179615,15,1745744247,11:57:26,1745744247,1745744239,5,0.035,-0.101,-0.302,0.516,50,37,0.95,0.2,-3.037236585,0.110683902,0.097084343,1,243.1070588,-0.962261278,0.23848171,1,1.462611951,-0.073718676,0.00861097,1,3,3,03-Mar,3.21957,2.75529,0.0946797,0.0956764,0.162558,0.15815,26691.7,29972.4,28857.6,31380,34299.4,35954,44238.9,46066.6,2.0932,1.5176,0.140399,0,39.7309,999.9,35.1,47.4,37.8815,29.3818,29.8197,1,1.05518,0,20.288,5.23286,11.9369,4.9716,3.285,9999,9999,9999,158.4,4.97086,1.86615,1.86893,1.86676,1.87143,1.86966,1.87317,1.87164,0,0,0,0,11111111,oooooooo,on,on,on,on,0,100,100,-0.162,0.5161,-0.3418605,0.000859946,-1.19E-06,3.87E-10,0.516105,0,0,0,2,2149,0,22,29.6,29.7,1.08765,2.40967,1.59424,2.31567,1.49292,2.41821,49.8337,24.1926,18,624.669,371.308,42.3017,40.335,30.0001,39.9391,39.9023,21.8326,-30,-30,-999.9,420,0,97.6355,98.5585
50,1745746108,8637.4,20250427 12:28:28,12:28:28,15,A,3,5614.92,1745746100,0.004097193,4.097193085,3.708075987,298.3282258,207.3779462,20.95854253,30.15038446,0.085145265,1.99988382,0.083181441,0.05216107,193.8049682,43.5954636,42.11884194,8.295155498,40.51271991,3.610322854,8.911578541,4.684832644,-180.686215,147.5624843,18.57521452,179.256452,0,0,1,0,24369,RECT-24220-20250331-19_34_23,10063.9,425.8796,624.32,0.317850461,-0.387208687,MPF-24519-20250427-12_27_34,10020.3,239.71236,337.9759379,0.290741342,0.5,1009.190029,3.708075987,146.7066318,10.469,0.0882,92.86512328,12121.16583,138.1251924,64.17628686,1.562716139,87.75492446,119.6230217,0.030998013,0.004057992,0.847232096,269.8961142,DARK-24520-20250427-12_27_42,201.57,201.57,0.403596595,0.720376102,0.677336634,-1.117855337,1.442972611,0.605751873,0.394248127,24519,290,318.69,255,10020.3,318.53,0.16,300,24.1,337.9759379,1.209701026,-19.48963472,1.069803492,0.92219931,-0.007315348,290,319.14,775,9999.06,318.48,0.66,None,None,None,None,None,None,None,None,None,None,None,None,None,1200.008065,1009.190029,0.840986039,0.161503055,2,0.5,0: Broadleaf,2,1745746100,298.3282258,299.9719032,35.72296774,34.40585161,298.5424839,35.22407742,599.9211613,100.9644516,0.100019848,43.48747097,42.11884194,999.9,0,0,5000.967742,0,1643.063548,-1.643521935,309.3803548,310.6603548,1.317105806,299.9719032,34.40585161,3.606747742,3.473766774,27.13080645,26.49206452,1200.008065,0.966991774,0.033008013,0,239.6835484,4.99998,3137.636774,11896.70323,50.687,52.504,51,51.752,52.411,1155.560323,39.4416129,0,82.20000005,0,239.71236,1.044769227,0.79769229,3137.6228,15,1745746085,12:28:04,1745746085,1745746084,6,-0.034,-0.017,-0.214,0.499,300,34,1.43,0.25,-1.651807,0.128405178,0.102520921,1,239.6932647,0.616730328,0.228557279,1,1.3197435,-0.061621463,0.007182471,1,3,3,03-Mar,3.21947,2.75525,0.0725969,0.0732966,0.16186,0.157807,27341.6,30711,28856.5,31377,34325.3,35963.8,44238.2,46062,2.0928,1.5172,0.143796,0,39.8516,999.9,35,47.4,37.7751,29.6618,30.1803,1,1.055,0,20.2876,5.23526,11.9357,4.9716,3.285,9999,9999,9999,158.4,4.97092,1.86615,1.8689,1.86664,1.8714,1.86966,1.8732,1.87164,0,0,0,0,11111111,oooooooo,on,on,on,on,0,100,100,-0.214,0.4988,-0.375394885,0.000859946,-1.19E-06,3.87E-10,0.498885,0,0,0,2,2149,0,22,0.4,0.4,0.831299,2.40601,1.59424,2.31567,1.49292,2.5415,49.8018,24.1926,18,623.961,370.823,42.2393,40.3094,30.0001,39.8925,39.8553,16.6972,-30,-30,-999.9,300,0,97.6333,98.5488
51,1745746181,8710.4,20250427 12:29:41,12:29:41,15,A,3,5614.92,1745746173,0.003801397,3.801397164,0.444232626,199.5729677,175.1289715,17.69884382,20.16919734,0.077080259,2.000485105,0.075467521,0.047309288,193.8038849,43.73718767,42.32145806,8.38401601,40.26966499,3.595105223,8.927576686,4.788910786,-167.641615,129.4664548,16.31071387,171.9394386,0,0,1,0,24649,RECT-24220-20250331-19_34_23,10063.9,425.8796,624.32,0.317850461,-0.387208687,MPF-24521-20250427-12_28_47,10017.1,238.7201154,320.0240055,0.254055598,0.5,1009.184826,0.444232626,128.1945272,10.469,0.0882,76.04433605,9257.436909,132.6684613,64.17628686,1.562716139,69.77873129,105.3502402,0.004216722,0.000823874,0.950853653,258.3242157,DARK-24522-20250427-12_28_55,200.32,200.32,0.374046957,0.679207766,0.717679232,-0.768064177,1.53343772,0.569951549,0.430048451,24521,290,309.01,285,10017.1,308.73,0.28,300,24.1,320.0240055,0.954112531,-11.31183023,0.843738578,0.865217533,-0.00731509,290,310.51,895,9994.64,308.71,1.8,None,None,None,None,None,None,None,None,None,None,None,None,None,1200.001935,1009.184826,0.840985998,0.161502977,2,0.5,0: Broadleaf,2,1745746173,199.5729677,199.9739355,35.57334516,34.35127419,199.8207742,35.07446129,599.9927742,100.9618065,0.099963452,43.5218871,42.32145806,999.9,0,0,5003.548387,0,1618.244194,-0.401083032,206.9342258,207.0877097,1.22207129,199.9739355,34.35127419,3.591551613,3.46816871,27.05885806,26.46472258,1200.001935,0.966992548,0.033007229,0,238.7205484,4.99998,3126.644194,11896.63871,50.75,52.562,51.042,51.804,52.437,1155.561935,39.44,0,70.79999995,0,238.7201154,0.656786313,13.15076924,3126.700769,15,1745746085,12:28:04,1745746085,1745746084,6,-0.034,-0.017,-0.214,0.499,300,34,1.43,0.25,-0.372760275,-0.349005467,0.08222136,1,238.6659412,0.895156604,0.269457728,1,1.22459875,-0.052785478,0.00629107,1,3,3,03-Mar,3.2196,2.75557,0.0515111,0.0518916,0.161418,0.157661,27961.4,31419.4,28855.6,31377.1,34340.8,35969.9,44236.2,46062.4,2.0932,1.5166,0.145435,0,40.0289,999.9,34.9,47.4,37.6706,29.2818,29.8678,1,1.05622,0,20.2874,5.23526,11.9381,4.9716,3.2848,9999,9999,9999,158.4,4.97089,1.86615,1.8689,1.8667,1.87143,1.86969,1.87317,1.87164,0,0,0,0,11111111,oooooooo,on,on,on,on,0,100,100,-0.248,0.4988,-0.375394885,0.000859946,-1.19E-06,3.87E-10,0.498885,0,0,0,2,2149,0,22,1.6,1.6,0.60791,2.42188,1.59424,2.31445,1.49292,2.44873,49.738,24.1838,18,624.135,370.38,42.2175,40.3134,30.0001,39.8768,39.8396,12.2267,-30,-30,-999.9,200,0,97.6294,98.5493
52,1745746264,8793.4,20250427 12:31:04,12:31:04,15,A,3,5614.92,1745746256,0.003498853,3.498852877,-0.729363465,150.0721613,154.6864519,15.63194968,15.16564926,0.069155198,1.996886175,0.067851728,0.042522395,193.8027523,43.90120411,42.53749032,8.479666901,39.98319245,3.579535484,8.952600492,4.900131417,-154.2994119,111.7602569,14.1234518,165.3870491,0,0,1,0,24868,RECT-24220-20250331-19_34_23,10063.9,425.8796,624.32,0.317850461,-0.387208687,MPF-24523-20250427-12_30_10,10016.8,238.7571923,311.898266,0.234502983,0.5,1009.178865,-0.729363465,118.3277269,10.469,0.0882,67.07911913,8021.685987,127.4960453,64.17628686,1.562716139,62.91713572,91.76931618,-0.007947792,-0.000339043,1.001678329,253.0036323,DARK-24524-20250427-12_30_18,201.05,201.05,0.355398789,0.659830562,0.738114523,-0.641693435,1.57438573,0.555622778,0.444377222,24523,290,302.97,295,10016.8,302.41,0.56,300,24.1,311.898266,1.155901401,-9.508898338,1.022148634,0.755550469,-0.007314893,290,304.6,845,9995.58,302.39,2.21,None,None,None,None,None,None,None,None,None,None,None,None,None,1199.994839,1009.178865,0.840986004,0.161502988,2,0.5,0: Broadleaf,2,1745746256,150.0721613,150.0040645,35.42140645,34.29639355,150.3437742,34.92251935,599.9786452,100.9557097,0.1000033,43.5756129,42.53749032,999.9,0,0,4989.193548,0,1603.315806,0.068036961,155.5831613,155.3314516,1.125020968,150.0040645,34.29639355,3.575997097,3.462418387,26.98495161,26.43658387,1199.994839,0.966993129,0.033006632,0,238.7517097,4.99998,3127.172258,11896.58065,50.812,52.625,51.0863871,51.875,52.5,1155.554839,39.44,0,81,0,238.7571923,0.339179481,16.79863251,3127.286923,15,1745746085,12:28:04,1745746085,1745746084,6,-0.034,-0.017,-0.214,0.499,300,34,1.43,0.25,0.057820508,0.215526379,0.082533849,1,238.7407941,0.713720391,0.209707468,1,1.12902325,-0.086537899,0.009159161,1,3,3,03-Mar,3.2192,2.75528,0.0398289,0.040049,0.160913,0.15749,28303,31809.2,28853.7,31375.4,34358.2,35975.2,44232.9,46059.8,2.0928,1.5164,0.143796,0,40.2516,999.9,34.9,47.4,37.671,29.2418,30.1803,1,1.05996,0,20.2876,5.23406,11.9369,4.972,3.2848,9999,9999,9999,158.4,4.97089,1.86618,1.8689,1.86667,1.87149,1.86972,1.87317,1.87164,0,0,0,0,11111111,oooooooo,on,on,on,on,0,100,100,-0.272,0.4989,-0.375394885,0.000859946,-1.19E-06,3.87E-10,0.498885,0,0,0,2,2149,0,22,3,3,0.494385,2.4353,1.59424,2.31445,1.49292,2.54028,49.738,24.1926,18,623.927,370.3,42.2206,40.3414,30.0001,39.8886,39.8474,9.94066,-30,-30,-999.9,150,0,97.6223,98.544
53,1745746360,8888.9,20250427 12:32:39,12:32:39,15,A,3,5614.92,1745746352,0.003158507,3.158506891,-1.601288974,100.4245333,133.1575952,13.45586441,10.14811736,0.061115762,1.997900508,0.060095837,0.037650116,193.804906,44.02731337,42.70659,8.555195458,39.78814391,3.562553618,8.953807011,4.992641839,-139.2901539,93.88182102,11.86773658,160.2643097,0,0,1,0,24417,RECT-24220-20250331-19_34_23,10063.9,425.8796,624.32,0.317850461,-0.387208687,MPF-24525-20250427-12_31_46,10017.4,239.4696538,303.8414378,0.211859792,0.5,1009.1902,-1.601288974,106.9034132,10.469,0.0882,56.69797721,6840.860421,119.5594337,64.17628686,1.562716139,57.21723675,75.94035845,-0.021086139,-0.001203024,1.054755943,247.6762332,DARK-24526-20250427-12_31_53,201.45,201.45,0.336989709,0.62868327,0.757865448,-0.527472577,1.614986476,0.528869703,0.471130297,24525,290,296.6,275,10017.4,296.87,-0.27,300,24.1,303.8414378,1.171704855,-6.979706492,1.036088797,0.618433264,-0.007314588,290,299.14,765,9998.37,296.86,2.28,None,None,None,None,None,None,None,None,None,None,None,None,None,1200.008333,1009.1902,0.840985993,0.161502967,2,0.5,0: Broadleaf,2,1745746352,100.4245333,99.99651,35.25459667,34.2389,100.7250333,34.75570333,600.0128,100.9521333,0.10004015,43.5782,42.70659,999.9,0,0,4993.5,0,1636.369333,0.4280749,104.0943333,103.5417,1.015699,99.99651,34.2389,3.559024667,3.456487333,26.90397667,26.40752333,1200.008333,0.9669938,0.033005957,0,239.4677667,4.99998,3137.919,11896.70667,50.875,52.6975,51.18493333,51.937,52.562,1155.568333,39.44,0,93.20000005,0,239.4696538,0.558051287,17.9340171,3137.878077,15,1745746085,12:28:04,1745746085,1745746084,6,-0.034,-0.017,-0.214,0.499,300,34,1.43,0.25,0.433666293,-0.089063477,0.067462826,1,239.4108529,0.728235292,0.209322033,1,1.019123659,-0.065162718,0.007248505,1,3,3,03-Mar,3.21938,2.7552,0.0273514,0.0274203,0.160401,0.157281,28666.6,32223.3,28850.7,31372.5,34375.8,35980.6,44228.7,46055,2.0932,1.516,0.148386,0,40.3516,999.9,34.8,47.4,37.5654,29.7118,29.7997,1,1.06549,0,20.2873,5.23406,11.9369,4.9716,3.285,9999,9999,9999,158.5,4.97086,1.86615,1.8689,1.86661,1.87137,1.86966,1.87317,1.87164,0,0,0,0,11111111,oooooooo,on,on,on,on,0,100,100,-0.301,0.4988,-0.375394885,0.000859946,-1.19E-06,3.87E-10,0.498885,0,0,0,2,2149,0,22,4.6,4.6,0.378418,2.45239,1.59424,2.31567,1.49292,2.41089,49.7062,24.1838,18,624.502,370.221,42.2271,40.3936,30.0002,39.9201,39.8787,7.62772,-30,-30,-999.9,100,0,97.6129,98.5342
54,1745746472,9000.9,20250427 12:34:31,12:34:31,15,A,3,5614.92,1745746464,0.002916262,2.916262065,-2.230360511,50.68380323,109.2519657,11.04047457,5.121859704,0.055275763,2.000602588,0.054441119,0.034099639,193.806768,44.18333682,42.88208387,8.634194977,39.47532295,3.547208464,8.985888397,5.086986513,-128.6071571,82.48829314,10.42544493,158.113349,0,0,1,0,24582,RECT-24220-20250331-19_34_23,10063.9,425.8796,624.32,0.317850461,-0.387208687,MPF-24527-20250427-12_33_38,10015.9,241.10636,297.8714382,0.190569054,0.5,1009.2,-2.230360511,96.1611446,10.469,0.0882,46.93663662,5828.489707,111.3334512,64.17628686,1.562716139,52.35164853,56.90031717,-0.039197682,-0.001826349,1.095937777,243.6948938,DARK-24528-20250427-12_33_45,205.99,205.99,0.308460048,0.617807898,0.780361346,-0.443448897,1.645071073,0.52782618,0.47217382,24527,290,292.11,285,10015.9,292.39,-0.28,300,24.1,297.8714382,0.969908585,-5.490368568,0.857601618,0.594118481,-0.007314231,290,294.7,865,9993.96,292.38,2.32,None,None,None,None,None,None,None,None,None,None,None,None,None,1200.02,1009.2,0.840985984,0.161502948,2,0.5,0: Broadleaf,2,1745746464,50.68380323,49.98962903,35.10170645,34.16375484,51.01833871,34.6028129,600.0088387,100.9551935,0.099963681,43.64688065,42.88208387,999.9,0,0,5004.354839,0,1649.865484,0.694151742,52.52760323,51.75788387,0.937948387,49.98962903,34.16375484,3.543702258,3.449011613,26.8305871,26.37081613,1200.02,0.966995452,0.033004287,0,241.1066452,4.99998,3158.342581,11896.84516,50.97154839,52.812,51.25,52.038,52.637,1155.58,39.44,0,109.8,0,241.10636,-0.523846157,20.30461538,3158.5392,15,1745746085,12:28:04,1745746085,1745746084,6,-0.034,-0.017,-0.214,0.499,300,34,1.43,0.25,0.70291578,-0.099103589,0.057313976,1,241.0056471,0.949915967,0.270828346,1,0.939991659,-0.038764913,0.005298479,1,3,3,03-Mar,3.21931,2.7556,0.0141159,0.0139675,0.159927,0.157049,29049.4,32661.9,28845.1,31367.6,34388.7,35986,44219.4,46048.4,2.0922,1.5146,0.148535,0,40.5166,999.9,34.8,47.4,37.5625,29.3318,29.8798,1,1.07555,0,20.2873,5.23526,11.9381,4.972,3.2848,9999,9999,9999,158.5,4.97086,1.86615,1.86893,1.86667,1.87143,1.86969,1.87317,1.87164,0,0,0,0,11111111,oooooooo,on,on,on,on,0,100,100,-0.335,0.4989,-0.375394885,0.000859946,-1.19E-06,3.87E-10,0.498885,0,0,0,2,2149,0,22,6.5,6.5,0.262451,2.47681,1.59424,2.31567,1.49292,2.47192,49.7062,24.1838,18,624.333,369.762,42.2469,40.4819,30.0008,39.9912,39.9535,5.3172,-30,-30,-999.9,50,0,97.593,98.5193
55,1745746555,9083.9,20250427 12:35:54,12:35:54,15,A,3,5614.92,1745746547,0.002759661,2.759660684,3.936235043,418.3455484,265.6993275,26.84988268,42.27533806,0.051781998,1.998089197,0.051047866,0.031970008,193.7971406,44.27223875,42.96353871,8.671076303,39.3094887,3.538106795,9.000643134,5.132969507,-121.7010361,77.00521469,9.749918121,158.8512372,0,0,1,0,24691,RECT-24220-20250331-19_34_23,10063.9,425.8796,624.32,0.317850461,-0.387208687,MPF-24529-20250427-12_35_01,10015.6,235.93844,301.9686115,0.218665679,0.5,1009.149329,3.936235043,110.3331617,10.469,0.0882,59.81604892,9903.990783,100.8390861,64.17628686,1.562716139,98.21579278,167.4835347,0.023502221,0.004284246,1.067499655,246.4303789,DARK-24530-20250427-12_35_08,201.43,201.43,0.332943914,0.656764307,0.762258243,-0.532883906,1.624424202,0.560705726,0.439294274,24529,290,293.05,285,10015.6,292.37,0.68,300,24.1,301.9686115,1.074177711,-9.615586885,0.949764414,0.785439038,-0.007314097,290,293.89,845,9994.26,292.35,1.54,None,None,None,None,None,None,None,None,None,None,None,None,None,1199.959677,1009.149329,0.840986033,0.161503044,2,0.5,0: Broadleaf,2,1745746547,418.3455484,420.0424839,35.01216774,34.12447419,418.5405806,34.51328065,599.9906129,100.9536452,0.099989152,43.67839677,42.96353871,999.9,0,0,4994.193548,0,1647.521613,-1.697022258,433.5241935,434.8826129,0.887694387,420.0424839,34.12447419,3.53460871,3.444991935,26.78690323,26.35106129,1199.959677,0.966993903,0.033005819,0,235.9107097,4.99998,3097.809677,11896.22258,51.058,52.875,51.312,52.12093548,52.72967742,1155.519677,39.44,0,81,0,235.93844,0.021769228,8.003846162,3097.9344,15,1745746085,12:28:04,1745746085,1745746084,6,-0.034,-0.017,-0.214,0.499,300,34,1.43,0.25,-1.714193659,0.183423763,0.100309271,1,235.8436765,0.958823528,0.245482564,1,0.889701976,-0.019970237,0.004331538,1,3,3,03-Mar,3.21918,2.75501,0.0948435,0.0956451,0.159641,0.156906,26669.1,29957.5,28839.4,31364.2,34396,35989.9,44211.3,46043.2,2.0916,1.5146,0.148565,0,40.6057,999.9,34.7,47.4,37.4576,29.5318,29.8117,1,1.08211,0,20.2874,5.22927,11.9381,4.9712,3.285,9999,9999,9999,158.5,4.97086,1.86618,1.8689,1.86661,1.8714,1.86966,1.87323,1.87164,0,0,0,0,11111111,oooooooo,on,on,on,on,0,100,100,-0.195,0.4988,-0.375394885,0.000859946,-1.19E-06,3.87E-10,0.498885,0,0,0,2,2149,0,22,7.8,7.8,1.08887,2.43164,1.59424,2.31567,1.49292,2.51099,49.738,24.1926,18,624.44,370.086,42.2767,40.5585,30.0004,40.0584,40.0165,21.8483,-30,-30,-999.9,420,0,97.5745,98.5085
56,1745746643,9172.4,20250427 12:37:23,12:37:23,15,A,3,5614.92,1745746635,0.002568813,2.568813101,6.799721873,597.2297667,327.4679883,33.09244602,60.35336132,0.047914015,1.999946534,0.04728532,0.029609123,193.8053848,44.30623876,42.98650333,8.681498886,39.21375085,3.523088632,8.984319416,5.158410254,-113.2846578,70.84099005,8.960605057,160.3223222,0,0,1,0,24639,RECT-24220-20250331-19_34_23,10063.9,425.8796,624.32,0.317850461,-0.387208687,MPF-24531-20250427-12_36_29,10017.1,233.3736923,305.3259431,0.23565718,0.5,1009.19272,6.799721873,118.9117554,10.469,0.0882,67.60924143,11924.67669,97.96373246,64.17628686,1.562716139,121.7254222,205.7425661,0.03304966,0.007121465,1.044765648,248.6617508,DARK-24532-20250427-12_36_37,193.3,193.3,0.366906074,0.642282036,0.740091079,-0.596848347,1.607505613,0.531992772,0.468007228,24531,290,292.18,275,10017.1,292.84,-0.66,300,24.1,305.3259431,1.334594887,-12.51139693,1.180092322,0.800574699,-0.007314446,290,294.16,885,9993.54,292.81,1.35,None,None,None,None,None,None,None,None,None,None,None,None,None,1200.011333,1009.19272,0.840985991,0.161502962,2,0.5,0: Broadleaf,2,1745746635,597.2297667,600.0075667,34.86290333,34.03653333,597.4326,34.36402667,600.0355333,100.9555,0.10001445,43.64352667,42.98650333,999.9,0,0,5001.666667,0,1643.418,-2.777804,618.8031,621.1494333,0.826375,600.0075667,34.03653333,3.519603667,3.436175333,26.7146,26.30765,1200.011333,0.9669926,0.03300718,0,233.4024,4.99998,3066.093,11896.74,50.9916,52.875,51.30373333,52.05786667,52.687,1155.571333,39.44,0,86.5999999,0,233.3736923,-0.240136756,6.807179494,3066.141923,15,1745746085,12:28:04,1745746085,1745746084,6,-0.034,-0.017,-0.214,0.499,300,34,1.43,0.25,-2.79772475,0.195746904,0.123626744,1,233.3072059,0.850649347,0.295704123,1,0.8286659,-0.053425644,0.006044593,1,3,3,03-Mar,3.21926,2.75541,0.123303,0.124297,0.15916,0.156592,25828.6,29008.8,28838,31365.6,34414.1,36004.4,44209.3,46044.1,2.0916,1.5154,0.155717,0,40.5086,999.9,34.6,47.4,37.3456,29.1318,29.8638,1,1.08348,0,20.2876,5.23406,11.9381,4.9716,3.285,9999,9999,9999,158.5,4.97092,1.86618,1.8689,1.86667,1.87146,1.86966,1.87317,1.87164,0,0,0,0,11111111,oooooooo,on,on,on,on,0,100,100,-0.203,0.4988,-0.375394885,0.000859946,-1.19E-06,3.87E-10,0.498885,0,0,0,2,2149,0,22,9.3,9.3,1.45386,2.41455,1.59424,2.31445,1.49292,2.47925,49.7699,24.1838,18,624.708,370.711,42.292,40.5949,29.9999,40.0902,40.0442,29.1444,-30,-30,-999.9,600,0,97.57,98.5115
57,1745746729,9258.5,20250427 12:38:49,12:38:49,15,A,3,5614.92,1745746721,0.002373839,2.37383928,8.682641002,796.4954839,426.4088596,43.0906689,80.48970467,0.044274158,1.999292188,0.043736603,0.02738313,193.8012748,44.30241384,42.93081935,8.656245202,39.12390541,3.501345313,8.949375776,5.154899889,-104.6863123,68.75415374,8.694105928,166.5632223,0,0,1,0,24417,RECT-24220-20250331-19_34_23,10063.9,425.8796,624.32,0.317850461,-0.387208687,MPF-24533-20250427-12_37_55,10019.2,231.5761923,306.5768424,0.244638993,0.5,1009.17419,8.682641002,123.441679,10.469,0.0882,71.72611584,13182.10043,94.96197955,64.17628686,1.562716139,138.8145076,287.594352,0.030190582,0.008987398,1.036422566,249.4908048,DARK-24534-20250427-12_38_03,188.35,188.35,0.385635267,0.634379203,0.728818858,-0.628658144,1.601201961,0.515965488,0.484034512,24533,290,293.81,265,10019.2,294.14,-0.33,300,24.1,306.5768424,1.295123901,-12.4628873,1.145327726,0.80875246,-0.007315123,290,295.12,785,9998.41,294.11,1.01,None,None,None,None,None,None,None,None,None,None,None,None,None,1199.989677,1009.17419,0.840985726,0.161502452,2,0.5,0: Broadleaf,2,1745746721,796.4954839,800.0201613,34.64798065,33.88407097,796.7435806,34.1490871,599.9637419,100.954871,0.099945161,43.56869677,42.93081935,999.9,0,0,4999.032258,0,1544.964839,-3.524737419,825.0829677,828.0789677,0.763913968,800.0201613,33.88407097,3.497883226,3.42076129,26.60947419,26.23152581,1199.989677,0.967004,0.032995852,0,231.5414839,4.99998,3042.016129,11896.56774,50.788,52.671,51.125,51.81403226,52.518,1155.560968,39.42870968,0,84.20000005,0,231.5761923,0.969264947,11.64957263,3042.118846,15,1745746085,12:28:04,1745746085,1745746084,6,-0.034,-0.017,-0.214,0.499,300,34,1.43,0.25,-3.51535975,0.050520563,0.132516736,1,231.5003824,0.827547741,0.229071786,1,0.76362125,0.003971347,0.004973507,1,3,3,03-Mar,3.21961,2.75583,0.150403,0.151477,0.158481,0.156162,25038.3,28114.1,28848.8,31373.6,34451.2,36031.7,44224.9,46057.8,2.0926,1.5174,0.170767,0,40.2037,999.9,34.5,47.4,37.241,29.3536,29.9439,1,1.07079,0,20.2877,5.23526,11.9381,4.972,3.2844,9999,9999,9999,158.6,4.97086,1.86615,1.8689,1.86661,1.87143,1.86966,1.87317,1.87164,0,0,0,0,11111111,oooooooo,on,on,on,on,0,100,100,-0.248,0.4989,-0.375394885,0.000859946,-1.19E-06,3.87E-10,0.498885,0,0,0,2,2149,0,22,10.7,10.8,1.8396,2.40112,1.59424,2.31445,1.49292,2.47803,49.738,24.1838,18,624.975,371.593,42.2636,40.5101,29.9993,40.0307,39.981,36.8752,-30,-30,-999.9,800,0,97.6052,98.539
58,1745746833,9362.5,20250427 12:40:33,12:40:33,15,A,3,5614.92,1745746825,0.002091684,2.091684141,9.598446365,996.1169355,533.1108343,53.86870821,100.6536148,0.039055146,1.999739415,0.0386363,0.024184945,193.8016585,44.26583607,42.82998065,8.610674806,39.02405241,3.467202869,8.884784268,5.143471937,-92.2432706,64.65675779,8.164857526,174.3800032,0,0,1,0,24936,RECT-24220-20250331-19_34_23,10063.9,425.8796,624.32,0.317850461,-0.387208687,MPF-24535-20250427-12_39_39,10021.8,231.07376,313.0315788,0.261819651,0.5,1009.175855,9.598446365,132.1110352,10.469,0.0882,79.6034483,14208.65142,99.9681143,64.17628686,1.562716139,142.131834,390.9790003,0.024549775,0.009894861,0.994431368,253.7488437,DARK-24536-20250427-12_39_47,186.38,186.38,0.404596812,0.647112492,0.710801528,-0.726267222,1.568674631,0.521949469,0.478050531,24535,290,296.51,255,10021.8,296.76,-0.25,300,24.1,313.0315788,1.318350433,-16.30495343,1.16606925,0.874731379,-0.007316186,290,297.03,805,9999.4,296.73,0.3,None,None,None,None,None,None,None,None,None,None,None,None,None,1199.991613,1009.175855,0.840985757,0.161502511,2,0.5,0: Broadleaf,2,1745746825,996.1169355,1000.011065,34.31311935,33.63979355,996.4310968,33.81422903,599.9805484,100.9460645,0.09991831,43.42970968,42.82998065,999.9,0,0,5001.290323,0,1354.07129,-3.895074194,1031.511613,1034.822581,0.673330161,1000.011065,33.63979355,3.463773871,3.395804194,26.44321613,26.10760645,1199.991613,0.967007161,0.03299271,0,231.0595161,4.99998,3031.525484,11896.6,50.508,52.34858065,50.86077419,51.5,52.25,1155.561613,39.43,0,102.1999998,0,231.07376,0.677230761,9.72615388,3031.686,15,1745746085,12:28:04,1745746085,1745746084,6,-0.034,-0.017,-0.214,0.499,300,34,1.43,0.25,-3.911711,0.313939587,0.146449252,1,231.0409118,0.667425512,0.239980314,1,0.676171025,-0.06028943,0.00672903,1,3,3,03-Mar,3.21904,2.75549,0.174157,0.175306,0.157499,0.155468,24351.6,27333.9,28866.2,31386.4,34507.5,36071.4,44253.3,46076,2.0944,1.521,0.185668,0,39.8516,999.9,34.4,47.4,37.1333,29.2236,29.7236,1,1.04683,0,20.2878,5.23167,11.9381,4.9716,3.285,9999,9999,9999,158.6,4.97089,1.86615,1.8689,1.86664,1.8714,1.86975,1.87317,1.87164,0,0,0,0,11111111,oooooooo,on,on,on,on,0,100,100,-0.314,0.4989,-0.375394885,0.000859946,-1.19E-06,3.87E-10,0.498885,0,0,0,2,2149,0,22,12.5,12.5,2.20947,2.3999,1.59424,2.31323,1.49292,2.42432,49.6744,24.1751,18,624.924,372.915,42.1771,40.2895,29.9993,39.8611,39.8161,44.2751,-30,-30,-999.9,1000,0,97.6664,98.5785
59,1745746928,9457,20250427 12:42:07,12:42:07,15,A,3,5614.92,1745746920,0.001886372,1.88637193,11.14425927,1195.546667,606.4913796,61.28129185,120.8008006,0.035178807,1.998108871,0.034838313,0.021804263,193.8044334,44.23136229,42.77720667,8.586908391,38.95692558,3.441470197,8.834039508,5.145438194,-83.1890021,58.460395,7.382705635,176.458532,0,0,1,0,24942,RECT-24220-20250331-19_34_23,10063.9,425.8796,624.32,0.317850461,-0.387208687,MPF-24537-20250427-12_41_14,10020.8,230.6844615,314.6588674,0.26687443,0.5,1009.19046,11.14425927,134.6635644,10.469,0.0882,81.92221762,15166.09953,96.33739188,64.17628686,1.562716139,157.4269267,449.0644529,0.024816614,0.011426454,0.984116974,254.8170843,DARK-24538-20250427-12_41_21,188.45,188.45,0.401097444,0.665360585,0.710443785,-0.755024751,1.560474241,0.543544205,0.456455795,24537,290,299.21,275,10020.8,298.71,0.5,300,24.1,314.6588674,1.272782011,-15.98060585,1.125874937,0.877978654,-0.00731691,290,299.01,835,9999.36,298.68,0.33,None,None,None,None,None,None,None,None,None,None,None,None,None,1200.009,1009.19046,0.840985743,0.161502483,2,0.5,0: Broadleaf,2,1745746920,1195.546667,1200.013333,34.05969333,33.45229667,1195.929667,33.56080333,599.9778333,100.9423333,0.099979727,43.31990333,42.77720667,999.9,0,0,4994.833333,0,1576.009333,-4.466942333,1237.701667,1241.545333,0.6073861,1200.013333,33.45229667,3.438065667,3.376755,26.31696,26.01249,1200.009,0.967006,0.0329939,0,230.7331333,4.99998,3023.634,11896.76333,50.3708,52.125,50.687,51.312,52.0662,1155.579,39.43,0,92.4000001,0,230.6844615,0.263999997,10.28581198,3023.697692,15,1745746085,12:28:04,1745746085,1745746084,6,-0.034,-0.017,-0.214,0.499,300,34,1.43,0.25,-4.491096829,0.437241533,0.164453395,1,230.6368235,0.643666921,0.246926694,1,0.608808073,-0.017708028,0.004342046,1,3,3,03-Mar,3.21949,2.75606,0.195452,0.196717,0.156774,0.154962,23730,26628,28876.2,31393.7,34545.2,36097.5,44269.9,46085.9,2.0966,1.5238,0.191242,0,39.7145,999.9,34.3,47.3,36.8421,29.7137,29.9559,1,1.03024,0,20.2881,5.23406,11.9369,4.972,3.285,9999,9999,9999,158.6,4.97089,1.86615,1.8689,1.86664,1.87143,1.86966,1.87317,1.87164,0,0,0,0,11111111,oooooooo,on,on,on,on,0,100,100,-0.38,0.4989,-0.375394885,0.000859946,-1.19E-06,3.87E-10,0.498885,0,0,0,2,2149,0,22,14.1,14.1,2.56348,2.38892,1.59424,2.31445,1.49292,2.54761,49.5792,24.1838,18,625.286,373.817,42.0709,40.1025,29.9996,39.7043,39.6639,51.375,-30,-30,-999.9,1200,0,97.7019,98.6005
60,1745747007,9536,20250427 12:43:26,12:43:26,15,A,3,5614.83,1745746999,0.001775145,1.775145065,13.42547434,1494.657419,741.5406707,74.92292773,151.0154658,0.032995952,1.999983483,0.032696487,0.020461983,193.8032545,44.21805421,42.77076774,8.584012553,38.8726264,3.4245411,8.809646831,5.159471453,-78.28389735,53.49730533,6.747702478,175.7643649,0,0,1,0,24663,RECT-24220-20250331-19_34_23,10063.9,425.8796,624.32,0.317850461,-0.387208687,MPF-24539-20250427-12_42_33,10020.4,230.1879231,323.9869675,0.289514869,0.5,1009.184255,13.42547434,146.0869236,10.469,0.0882,92.30228962,17070.40761,98.6358908,64.17628686,1.562716139,173.0648699,568.4758008,0.023616615,0.013686978,0.926991091,260.9002367,DARK-24540-20250427-12_42_40,184.71,184.71,0.429884475,0.673471329,0.68318062,-0.920567485,1.51346718,0.540414491,0.459585509,24539,290,303.14,295,10020.4,302.8,0.34,300,24.1,323.9869675,1.298630927,-21.22852126,1.148792881,0.924216327,-0.007317141,290,301.45,845,9999.55,302.76,-1.31,None,None,None,None,None,None,None,None,None,None,None,None,None,1200.001613,1009.184255,0.840985749,0.161502495,2,0.5,0: Broadleaf,2,1745746999,1494.657419,1500.017097,33.89398387,33.3223129,1495.106452,33.39510645,599.9879032,100.9368387,0.100003497,43.26692581,42.77076774,999.9,0,0,5002.741935,0,1434.638065,-5.358961613,1547.094839,1551.723226,0.571664484,1500.017097,33.3223129,3.421151935,3.363450323,26.23345161,25.94579032,1200.001613,0.967005613,0.0329943,0,230.2089677,4.99998,3015.747419,11896.7129,50.304,52,50.5863871,51.19919355,52,1155.571613,39.43,0,77,0,230.1879231,0.610256403,14.94529916,3015.915,15,1745746085,12:28:04,1745746085,1745746084,6,-0.034,-0.017,-0.214,0.499,300,34,1.43,0.25,-5.407931707,0.48153324,0.217884467,1,230.1330882,0.645699008,0.235241474,1,0.57358439,-0.038059944,0.00559078,1,3,3,03-Mar,3.21905,2.7547,0.223945,0.225287,0.156308,0.154588,22890.4,25678.2,28882.5,31396.4,34569.4,36114.7,44279.7,46089.6,2.0978,1.526,0.188559,0,39.7614,999.9,34.2,47.3,36.7395,29.3337,29.996,1,1.02274,0,20.2887,5.23286,11.9369,4.9716,3.2848,9999,9999,9999,158.6,4.97089,1.86615,1.8689,1.86661,1.87146,1.86966,1.87317,1.87161,0,0,0,0,11111111,oooooooo,on,on,on,on,0,100,100,-0.45,0.4989,-0.375394885,0.000859946,-1.19E-06,3.87E-10,0.498885,0,0,0,2,2149,0,22,15.4,15.4,3.07251,2.37061,1.59424,2.31445,1.49292,2.5293,49.5158,24.1838,18,625.38,374.662,41.9933,39.9998,29.9996,39.6068,39.5707,61.5484,-30,-30,-999.9,1500,0,97.7234,98.6087
,,,,,,,,,,,,,,,,,,,,,,,,,,,,,,,,,,,,,,,,,,,,,,,,,,,,,,,,,,,,,,,,,,,,,,,,,,,,,,,,,,,,,,,,,,,,,,,,,,,,,,,,,,,,,,,,,,,,,,,,,,,,,,,,,,,,,,,,,,,,,,,,,,,,,,,,,,,,,,,,,,,,,,,,,,,,,,,,,,,,,,,,,,,,,,,,,,,,,,,,,,,,,,,,,,,,,,,,,,,,,,,,,,,,,,,,,,,,,,,,,,,,,,,,,,,,,,,,,,,,,,,,,,,,,,,,,,,,,,,,,,,,,,,,,,,,,,
61,1745821578,0,20250428 09:26:18,9:26:18,15,B,4,5616.3,1745821570,0.002984727,2.984726878,13.27881568,415.1444516,216.7383523,21.88949387,41.92752151,0.117898905,1.999158352,0.11416792,0.071680329,193.802032,30.87705125,29.90654839,4.237634019,38.50592026,1.674572662,4.348870643,2.563061357,-131.6264553,48.66691665,5.419944247,116.2624376,0,0,1,0,26315,RECT-24220-20250331-19_34_23,10063.9,425.8796,624.32,0.317850461,-0.387208687,MPF-24543-20250428-09_25_21,10071.5,301.3868462,427.9750215,0.295784027,0.5,1009.176048,13.27881568,149.2490778,13.88533333,0.028533333,92.38549042,9169.359257,92.38549042,44.52755232,0.913687709,99.2510752,117.4872771,0.113023435,0.013541764,0.458776724,324.3674132,DARK-24544-20250428-09_25_28,218.57,218.57,0.489292625,0.604513562,0.483906293,60.41179491,0.98944055,0.438401778,0.561598222,24543,290,402.39,175,10071.5,402.3,0.09,300,24,427.9750215,1.825497484,-25.85486805,1.621966295,0.900743663,-0.00734413,290,402.85,865,10046.8,402.24,0.61,None,None,None,None,None,None,None,None,None,None,None,None,None,1199.991613,1009.176048,0.840985918,0.161502822,2,0.5,0: Broadleaf,2,1745821570,415.1444516,419.9835484,16.58074516,15.60237419,415.4344516,16.41574516,600.0255484,100.8950323,0.099986097,30.35809355,29.90654839,999.9,0,0,5001.451613,0,363.9880968,-4.744457097,422.2837097,426.64,1.080129677,419.9835484,15.60237419,1.683180645,1.574201613,14.74216452,13.70850968,1199.991613,0.966998806,0.033001077,0,301.6790968,4.99998,3704.347097,11896.56129,39.81412903,41.177,39.99783871,40.75190323,41.12887097,1155.555161,39.43645161,0,1745821556,0,301.3868462,-27.50229056,-327.5880337,3700.869615,15,1745821599,9:26:38,1745821599,1745821595,1,-0.095,-0.065,-0.29,0.165,420,16,1.05,0.26,-4.76720575,0.597985779,0.100230727,0,303.1972647,-29.50757831,2.910113807,0,1.08848575,-0.184685966,0.017891906,0,0,3,0/3,3.21556,2.75534,0.0966985,0.0980071,0.0981731,0.0948642,27069.4,30230.7,29280.3,31688,37317.5,38892.2,44909.4,46486,2.2004,1.796,0.0591278,0,29.0045,999.9,48,26.3,16.3386,29.3481,27.5881,1,0.182927,0,20.3504,5.24005,11.9321,4.974,3.2844,9999,9999,9999,161.6,4.97098,1.86627,1.8692,1.86676,1.87177,1.8699,1.8739,1.8721,0,0,0,0,11111111,oooooooo,on,on,on,on,0,100,100,-0.29,0.165,-0.375575265,0.000859946,-1.19E-06,3.87E-10,-0.037427907,-0.027663876,0.004005357,-7.26E-05,2,2149,0,22,1258.2,1258.2,1.05835,2.32422,1.59424,2.34253,1.49292,2.45483,32.5318,15.6468,18,605.629,480.056,28.6514,29.6168,30.0028,29.1447,29.106,21.2381,-30,-30,-999.9,420,0,99.0959,99.4841
62,1745821720,141.5,20250428 09:28:39,9:28:39,15,B,4,5616.3,1745821712,0.00211736,2.117360171,6.138063704,297.708871,159.5818634,16.11727406,30.06767411,0.078134245,1.996646642,0.076474501,0.047942748,193.80548,31.74550777,30.85091613,4.473171467,39.29156228,1.763189606,4.487451005,2.709981861,-93.37558356,6.01169987,0.675318537,107.1169148,0,0,1,0,25712,RECT-24220-20250331-19_34_23,10063.9,425.8796,624.32,0.317850461,-0.387208687,MPF-24545-20250428-09_27_43,10061.6,264.6494,375.0826583,0.294423791,0.5,1009.191271,6.138063704,148.56496,13.88533333,0.028533333,91.91527248,6604.739945,91.91527248,44.52755232,0.913687709,71.85682821,87.72503519,0.06996935,0.006465843,0.664486444,293.0473533,DARK-24546-20250428-09_27_50,204.08,204.08,0.455906597,0.645798489,0.593083337,-2.174013918,1.255980847,0.497996805,0.502003195,24545,290,351.23,265,10061.6,351.35,-0.12,300,24,375.0826583,0.97177754,-23.87463888,0.863234031,0.964687523,-0.007342316,290,351.64,725,10048.6,351.32,0.32,None,None,None,None,None,None,None,None,None,None,None,None,None,1200.009355,1009.191271,0.84098617,0.161503308,2,0.5,0: Broadleaf,2,1745821712,297.708871,299.9649355,17.45785806,16.76441613,298.0185161,17.22000645,600.020129,100.8968387,0.100064784,30.90676452,30.85091613,999.9,0,0,4991.129032,0,365.6644839,-2.256109032,302.9985484,305.0793871,0.693437935,299.9649355,16.76441613,1.761441613,1.691477097,15.44873871,14.81840323,1200.009355,0.966992548,0.033007355,0,264.7679355,4.99998,3271.629355,11896.71613,40.31606452,41.792,40.562,41.25,41.687,1155.562258,39.44709677,0,139.4000001,0,264.6494,-6.676384604,-71.93384602,3270.7228,15,1745821599,9:26:38,1745821599,1745821595,1,-0.095,-0.065,-0.29,0.165,420,16,1.05,0.26,-2.27671675,0.339019925,0.072819947,1,265.0296471,-6.368586706,0.656883591,0,0.69769715,-0.112308383,0.011125077,0,1,3,01-Mar,3.21565,2.75517,0.0742706,0.0751223,0.101397,0.0995085,27704.5,30971.6,29245.4,31664.9,37141.4,38665.1,44854.5,46453.9,2.1926,1.7814,0.11012,0,29.1103,999.9,49.7,26.9,17.5278,29.2881,27.6763,1,0.245366,0,20.3498,5.24005,11.9321,4.974,3.2844,9999,9999,9999,161.6,4.97092,1.8663,1.8692,1.86676,1.8718,1.8699,1.87393,1.8721,0,0,0,0,11111111,oooooooo,on,on,on,on,0,100,100,-0.31,0.2398,-0.470763518,0.000859946,-1.19E-06,3.87E-10,-0.102896992,-0.027663876,0.004005357,-7.26E-05,2,2149,0,22,2,2.1,0.810547,2.31934,1.59424,2.34253,1.49292,2.41943,33.4232,15.6118,18,607.769,476.384,29.3042,30.4436,30.0015,29.9338,29.8854,16.2965,-30,-30,-999.9,300,0,98.9758,99.4139
63,1745821849,271,20250428 09:30:49,9:30:49,15,B,4,5616.3,1745821841,0.001500991,1.500990638,2.369893646,199.1059,120.84912,12.20501304,20.10846339,0.054048516,1.999850771,0.053249939,0.033351978,193.8056696,32.30469901,31.27936,4.583737901,39.95269448,1.827316012,4.57369906,2.756421889,-66.19368712,-4.15378935,-0.467620008,122.9905732,0,0,1,0,24921,RECT-24220-20250331-19_34_23,10063.9,425.8796,624.32,0.317850461,-0.387208687,MPF-24547-20250428-09_29_52,10060.1,255.0458462,350.5089337,0.272355647,0.5,1009.19312,2.369893646,137.4297228,13.88533333,0.028533333,84.28656896,4922.753335,84.28656896,44.52755232,0.913687709,58.4049558,62.4441642,0.037952204,0.002731987,0.781181419,277.829245,DARK-24548-20250428-09_29_59,203.24,203.24,0.420157433,0.648222848,0.650259016,-1.266581448,1.37981513,0.516553449,0.483446551,24547,290,332.44,295,10060.1,332.48,-0.04,300,24,350.5089337,1.390560381,-18.13493331,1.235229037,0.885031277,-0.007342131,290,332.81,735,10048.1,332.46,0.35,None,None,None,None,None,None,None,None,None,None,None,None,None,1200.011667,1009.19312,0.84098609,0.161503155,2,0.5,0: Broadleaf,2,1745821841,199.1059,199.9954333,18.09334667,17.60209667,199.4494667,17.82764667,600.0336667,100.8938333,0.099976447,31.24083333,31.27936,999.9,0,0,5004.333333,0,818.1304333,-0.889560133,202.7747667,203.5789667,0.4912476,199.9954333,17.60209667,1.825505667,1.775941,16.00690333,15.57662333,1200.011667,0.966993233,0.033006653,0,255.0512,4.99998,3156.184333,11896.74667,40.3162,41.9412,40.62913333,41.25,41.75,1155.567667,39.444,0,127.3999999,0,255.0458462,-3.17921368,-25.46905985,3156.046538,15,1745821599,9:26:38,1745821599,1745821595,1,-0.095,-0.065,-0.29,0.165,420,16,1.05,0.26,-0.88350345,0.004386687,0.064482536,1,255.1612941,-2.352757834,0.287708853,0,0.494808175,-0.070039644,0.007135158,1,2,3,02-Mar,3.21536,2.75488,0.0527561,0.0532453,0.103774,0.102788,28340.1,31701.8,29238.9,31664.2,37034.7,38523.3,44843.2,46453.8,2.188,1.7734,0.15676,0,28.7419,999.9,50.5,27.4,18.3391,29.5081,27.6402,1,0.268171,0,20.3492,5.23526,11.9321,4.9736,3.2846,9999,9999,9999,161.6,4.97089,1.86624,1.86917,1.86676,1.8718,1.86996,1.87384,1.8721,0,0,0,0,11111111,oooooooo,on,on,on,on,0,100,100,-0.344,0.2672,-0.470763518,0.000859946,-1.19E-06,3.87E-10,-0.102896992,-0.027663876,0.004005357,-7.26E-05,2,2149,0,22,4.2,4.2,0.595703,2.33643,1.59424,2.34131,1.49292,2.4707,34.1452,15.5943,18,608.888,474.578,29.7692,30.8297,30.0003,30.389,30.3432,11.9807,-30,-30,-999.9,200,0,98.9522,99.4129
64,1745821919,341,20250428 09:31:59,9:31:59,15,B,4,5616.21,1745821911,0.001266208,1.26620818,0.749874549,149.6690645,116.9607581,11.81230543,15.11563991,0.045424908,1.997717309,0.044858798,0.028087024,193.8028043,32.51120366,31.39752581,4.614647992,40.2893361,1.855256469,4.604832566,2.759391523,-55.83978073,-4.033226326,-0.455064523,133.4747327,0,0,1,0,25498,RECT-24220-20250331-19_34_23,10063.9,425.8796,624.32,0.317850461,-0.387208687,MPF-24549-20250428-09_31_02,10060.3,251.83752,339.6820277,0.258608053,0.5,1009.180113,0.749874549,130.4910519,13.88533333,0.028533333,79.53418387,4134.057378,79.53418387,44.52755232,0.913687709,51.97837177,64.98238633,0.011539659,0.00112674,0.837954172,270.9829957,DARK-24550-20250428-09_31_09,202.54,202.54,0.403736484,0.640536743,0.674849382,-1.019106517,1.434375119,0.515150847,0.484849153,24549,290,326.28,285,10060.3,325.61,0.67,300,24,339.6820277,1.311409948,-14.15666702,1.164938283,0.840617616,-0.007342121,290,326.46,845,10044.8,325.59,0.87,None,None,None,None,None,None,None,None,None,None,None,None,None,1199.996452,1009.180113,0.840985914,0.161502814,2,0.5,0: Broadleaf,2,1745821911,149.6690645,149.9821935,18.3700129,17.95569677,150.0362581,18.09216129,599.9997742,100.8937097,0.100039158,31.36007742,31.39752581,999.9,0,0,4995.645161,0,995.7669677,-0.31305771,152.47,152.7242903,0.414319581,149.9821935,17.95569677,1.85342,1.811618065,16.24475161,15.88738065,1199.996452,0.966997258,0.033002671,0,251.8479032,4.99998,3117.912581,11896.60968,40.26,41.94716129,40.57622581,41.187,41.69512903,1155.56,39.43645161,0,68,0,251.83752,-0.307153847,-12.59538459,3117.7104,15,1745821599,9:26:38,1745821599,1745821595,1,-0.095,-0.065,-0.29,0.165,420,16,1.05,0.26,-0.29502945,-0.315066101,0.061046241,1,251.8664706,-0.429121469,0.239640814,1,0.417712125,-0.072531141,0.007392153,1,3,3,03-Mar,3.21639,2.75554,0.0408408,0.04113,0.104833,0.104181,28699.7,32108,29242.6,31665.3,36995.2,38464.8,44848.8,46456.2,2.188,1.771,0.176877,0,28.5238,999.9,50.7,27.7,18.7382,29.5481,27.504,1,0.270244,0,20.349,5.23646,11.9321,4.974,3.2842,9999,9999,9999,161.6,4.97095,1.8663,1.86911,1.86679,1.87177,1.86981,1.87381,1.87207,0,0,0,0,11111111,oooooooo,on,on,on,on,0,100,100,-0.367,0.2794,-0.470763518,0.000859946,-1.19E-06,3.87E-10,-0.102896992,-0.027663876,0.004005357,-7.26E-05,2,2149,0,22,5.3,5.4,0.48584,2.35596,1.59424,2.33887,1.49292,2.43774,34.5092,15.5768,18,610.164,474.002,29.955,30.9023,30.0001,30.5215,30.4777,9.78417,-30,-30,-999.9,150,0,98.9645,99.4172
65,1745822001,422.5,20250428 09:33:20,9:33:20,15,B,4,5616.3,1745821993,0.001092818,1.092818323,0.035130219,99.95759333,94.12535495,9.506067216,10.09508651,0.039090716,1.99862277,0.038670879,0.024206644,193.8023524,32.72330733,31.53758667,4.651520393,40.69607566,1.889921575,4.643989732,2.761598818,-48.19328804,-3.073741225,-0.347143759,142.1881794,0,0,1,0,24839,RECT-24220-20250331-19_34_23,10063.9,425.8796,624.32,0.317850461,-0.387208687,MPF-24551-20250428-09_32_24,10062.6,250.0326538,338.1684915,0.260626995,0.5,1009.17676,0.035130219,131.5093531,13.88533333,0.028533333,80.23210889,3910.527746,80.23210889,44.52755232,0.913687709,48.74018395,45.385171,0.000774046,0.000418498,0.846180279,270.018893,DARK-24552-20250428-09_32_31,201.32,201.32,0.404675465,0.644039526,0.676481108,-1.004842364,1.442002276,0.518564417,0.481435583,24551,290,320.85,255,10062.6,320.99,-0.14,300,24,338.1684915,1.402097316,-17.29003292,1.245520482,0.873133033,-0.007342162,290,321.74,735,10048.4,320.96,0.78,None,None,None,None,None,None,None,None,None,None,None,None,None,1199.992333,1009.17676,0.840986006,0.161502992,2,0.5,0: Broadleaf,2,1745821993,99.95759333,100.0057167,18.71326333,18.35579667,100.3536,18.42029333,599.9821667,100.8937333,0.099959827,31.50906,31.53758667,999.9,0,0,4999.333333,0,971.7600333,-0.048186012,101.8638,101.8756667,0.357463967,100.0057167,18.35579667,1.888051,1.851985,16.53548,16.23258333,1199.992333,0.966994467,0.033005513,0,250.0557667,4.99998,3096.590667,11896.54333,40.2416,41.937,40.562,41.1912,41.687,1155.552333,39.44,0,79.39999986,0,250.0326538,0.587384605,-10.66393161,3096.579231,15,1745821599,9:26:38,1745821599,1745821595,1,-0.095,-0.065,-0.29,0.165,420,16,1.05,0.26,-0.0401433,-0.101613902,0.045652648,1,250.1181471,-0.730496566,0.242753825,1,0.358585537,-0.020205826,0.003277306,1,3,3,03-Mar,3.21633,2.75519,0.0280302,0.0281764,0.10616,0.105745,29087.2,32546.9,29247.2,31670.6,36945,38403,44855.6,46463.9,2.188,1.7682,0.19297,0,28.4142,999.9,51,28,19.182,29.6081,27.5401,1,0.269553,0,20.3487,5.23526,11.9321,4.974,3.2842,9999,9999,9999,161.7,4.97092,1.86627,1.8692,1.86676,1.87177,1.8699,1.87381,1.8721,0,0,0,0,11111111,oooooooo,on,on,on,on,0,100,100,-0.396,0.2946,-0.470763518,0.000859946,-1.19E-06,3.87E-10,-0.102896992,-0.027663876,0.004005357,-7.26E-05,2,2149,0,22,6.7,6.8,0.374756,2.37305,1.59424,2.33887,1.49292,2.4707,34.8525,15.568,18,611.03,472.834,30.1286,30.9265,30,30.6119,30.573,7.55615,-30,-30,-999.9,100,0,98.9797,99.4339
66,1745822073,494.5,20250428 09:34:32,9:34:32,15,B,4,5616.3,1745822065,0.001044048,1.044047815,-0.590249004,50.16754516,73.03518048,7.376130582,5.066631747,0.037123593,1.997565219,0.036744529,0.022999065,193.8025892,32.90033653,31.7227,4.700646746,41.08304863,1.925159835,4.686019901,2.775486911,-46.04250866,-5.916499963,-0.669687324,141.1738933,0,0,1,0,24649,RECT-24220-20250331-19_34_23,10063.9,425.8796,624.32,0.317850461,-0.387208687,MPF-24553-20250428-09_33_36,10062.9,248.8081923,328.3521346,0.242251942,0.5,1009.179513,-0.590249004,122.2378485,13.88533333,0.028533333,73.88006445,3404.913906,73.88006445,44.52755232,0.913687709,46.0870457,26.94813478,-0.021903149,-0.000201193,0.901373356,263.7235355,DARK-24554-20250428-09_33_43,203.45,203.45,0.38039081,0.636850143,0.703228706,-0.815605552,1.491469809,0.520751188,0.479248812,24553,290,316.55,245,10062.9,316.17,0.38,300,24,328.3521346,1.156299896,-12.25426612,1.027124268,0.835623401,-0.007341953,290,317.55,745,10047.6,316.16,1.39,None,None,None,None,None,None,None,None,None,None,None,None,None,1199.995806,1009.179513,0.840985866,0.161502722,2,0.5,0: Broadleaf,2,1745822065,50.16754516,49.98824516,19.06208065,18.72068065,50.59779355,18.75377742,599.9684194,100.8942258,0.099987303,31.66776129,31.7227,999.9,0,0,4995,0,949.4816774,0.179302194,51.14242258,50.94191613,0.341400484,49.98824516,18.72068065,1.923252903,1.888808387,16.82624516,16.5417871,1199.995806,0.967000903,0.032999068,0,248.7660645,4.99998,3081.769032,11896.60323,40.25,41.98983871,40.562,41.274,41.70732258,1155.56129,39.43451613,0,69.79999995,0,248.8081923,-0.50752135,-1.828376057,3081.736923,15,1745821599,9:26:38,1745821599,1745821595,1,-0.095,-0.065,-0.29,0.165,420,16,1.05,0.26,0.198973268,-0.417685882,0.06233983,1,248.7968529,-0.699786093,0.238032639,1,0.340812732,0.014941902,0.002814583,1,3,3,03-Mar,3.21667,2.75543,0.0144121,0.0144014,0.107522,0.107159,29497,33010.6,29249.8,31673.3,36891.8,38345.1,44860.6,46468.5,2.188,1.7662,0.19297,0,28.5814,999.9,51.1,28.3,19.5596,29.4881,27.6122,1,0.269146,0,20.3486,5.23885,11.9321,4.9736,3.284,9999,9999,9999,161.7,4.97089,1.86627,1.8692,1.86679,1.87177,1.86987,1.87378,1.8721,0,0,0,0,11111111,oooooooo,on,on,on,on,0,100,100,-0.43,0.3102,-0.470763518,0.000859946,-1.19E-06,3.87E-10,-0.102896992,-0.027663876,0.004005357,-7.26E-05,2,2149,0,22,7.9,8,0.263672,2.39624,1.59424,2.33765,1.49292,2.40479,35.1747,15.5505,18,611.545,471.923,30.2857,30.9373,30.0001,30.6653,30.6315,5.32471,-30,-30,-999.9,50,0,98.9899,99.4431
67,1745822156,578,20250428 09:35:56,9:35:56,15,B,4,5616.21,1745822148,0.001139629,1.139629028,6.190753222,417.7998,156.8434962,15.84033022,42.19548124,0.040348302,1.999490888,0.039901377,0.024978103,193.8021396,33.08060114,31.91729667,4.752776289,41.4038712,1.96417972,4.743951865,2.788596569,-50.25764012,-3.536804895,-0.400755015,139.6069396,0,0,1,0,25745,RECT-24220-20250331-19_34_23,10063.9,425.8796,624.32,0.317850461,-0.387208687,MPF-24555-20250428-09_34_59,10070.6,246.2088846,345.0186012,0.286389534,0.5,1009.17564,6.190753222,144.5086708,13.88533333,0.028533333,89.13792226,6499.84042,89.13792226,44.52755232,0.913687709,72.91891324,83.92458296,0.073765672,0.006518154,0.809525625,274.3685026,DARK-24556-20250428-09_35_06,197.67,197.67,0.427074368,0.670584693,0.654638225,-1.221970022,1.407482543,0.538382181,0.461617819,24555,290,323.46,155,10070.6,323.47,-0.01,300,24,345.0186012,1.207405199,-21.70183548,1.072431819,0.935999951,-0.007341682,290,322.94,725,10047.5,323.42,-0.48,None,None,None,None,None,None,None,None,None,None,None,None,None,1199.991,1009.17564,0.840986007,0.161502994,2,0.5,0: Broadleaf,2,1745822148,417.7998,420.0220667,19.44838333,19.0759,418.0903667,19.12311,600.0081,100.8945,0.099998413,31.88448667,31.91729667,999.9,0,0,5002.833333,0,935.0562,-2.222205667,426.0864667,428.1901667,0.3724881,420.0220667,19.0759,1.962235667,1.924653333,17.14284667,16.83772333,1199.991,0.966992,0.033007823,0,246.2161667,4.99998,3051.746333,11896.53,40.4122,42.14566667,40.687,41.4874,41.875,1155.551,39.44,0,81.5999999,0,246.2088846,-0.318393168,-14.02803418,3051.638462,15,1745821599,9:26:38,1745821599,1745821595,1,-0.095,-0.065,-0.29,0.165,420,16,1.05,0.26,-2.2337455,-0.058578912,0.093167127,1,246.2966765,-0.953109244,0.268963667,1,0.37077065,0.038417944,0.004507879,1,3,3,03-Mar,3.21614,2.75539,0.0967973,0.0976752,0.108942,0.108492,27030.7,30221,29248.2,31671.8,36831.3,38286.7,44858.1,46466.6,2.1884,1.7634,0.189394,0,28.8407,999.9,51.1,28.7,20.0206,29.3381,27.6723,1,0.274106,0,20.3486,5.24005,11.9321,4.974,3.2842,9999,9999,9999,161.7,4.97089,1.8663,1.86917,1.86682,1.87174,1.86984,1.87378,1.87207,0,0,0,0,11111111,oooooooo,on,on,on,on,0,100,100,-0.291,0.3266,-0.470763518,0.000859946,-1.19E-06,3.87E-10,-0.102896992,-0.027663876,0.004005357,-7.26E-05,2,2149,0,22,9.3,9.4,1.05835,2.34497,1.59424,2.33765,1.49292,2.47925,35.4986,15.5505,18,612.483,470.569,30.473,30.9832,30.0003,30.7322,30.7034,21.2428,-30,-30,-999.9,420,0,98.9844,99.4387
68,1745822232,653.5,20250428 09:37:11,9:37:11,15,B,4,5616.75,1745822224,0.001241916,1.241915665,9.726291417,596.5533667,217.5473111,21.970918,60.2481595,0.04364247,1.999236618,0.043120033,0.026996438,193.80065,33.23616921,32.08511667,4.798136215,41.43107185,1.987090677,4.796136301,2.811045538,-54.76848083,-0.794359564,-0.090180257,138.1476294,0,0,1,0,24822,RECT-24220-20250331-19_34_23,10063.9,425.8796,624.32,0.317850461,-0.387208687,MPF-24557-20250428-09_36_15,10064.4,244.9948846,355.5490811,0.31093934,0.5,1009.1678,9.726291417,156.8949847,13.88533333,0.028533333,97.62450778,8137.158196,97.62450778,44.52755232,0.913687709,83.35159256,134.1957185,0.072478403,0.010021624,0.755931974,280.9864878,DARK-24558-20250428-09_36_22,196.08,196.08,0.448514958,0.693264147,0.627617502,-1.571923517,1.354416333,0.554849274,0.445150726,24557,290,330.81,205,10064.4,330.34,0.47,300,24,355.5490811,1.366338872,-25.37143164,1.213459126,0.939805558,-0.007341011,290,329.24,705,10047.1,330.3,-1.06,None,None,None,None,None,None,None,None,None,None,None,None,None,1199.981667,1009.1678,0.840986015,0.161503009,2,0.5,0: Broadleaf,2,1745822224,596.5533667,600.0425333,19.67538333,19.26954333,596.8515667,19.34014667,599.9805333,100.8937667,0.099979853,32.07774667,32.08511667,999.9,0,0,5001.833333,0,985.2064,-3.489203667,608.5264333,611.8324333,0.405827067,600.0425333,19.26954333,1.985122,1.944176667,17.32614333,16.99687667,1199.981667,0.966994433,0.03300534,0,245.0028667,4.99998,3040.779333,11896.44667,40.625,42.3874,40.8998,41.7332,42.0704,1155.541667,39.44,0,73.39999986,0,244.9948846,0.591555561,4.011623924,3040.786154,15,1745821599,9:26:38,1745821599,1745821595,1,-0.095,-0.065,-0.29,0.165,420,16,1.05,0.26,-3.519720976,0.479363206,0.120816685,1,244.9572059,0.560779218,0.211396586,1,0.408109366,-0.037584962,0.004509892,1,3,3,03-Mar,3.21681,2.75524,0.125541,0.126662,0.109812,0.109272,26166.1,29246.3,29243.8,31668.2,36791.4,38249.9,44852.6,46462.2,2.188,1.7596,0.184625,0,29.0898,999.9,50.9,29,20.2909,29.7281,27.7484,1,0.283659,0,20.3071,5.23885,11.9321,4.9736,3.2846,9999,9999,9999,161.7,4.97141,1.86646,1.86935,1.86707,1.87195,1.87012,1.87396,1.87225,0,0,0,0,11111111,oooooooo,on,on,on,on,0,100,100,-0.298,0.3367,-0.470763518,0.000859946,-1.19E-06,3.87E-10,-0.102896992,-0.027663876,0.004005357,-7.26E-05,2,2149,0,22,10.6,10.6,1.41113,2.33521,1.59424,2.33643,1.49292,2.41333,35.8711,24.07,18,613.069,468.682,30.6442,31.0724,30.0008,30.8235,30.7944,28.2793,-30,-30,-999.9,600,0,98.9713,99.4285
69,1745822305,726.5,20250428 09:38:24,9:38:24,15,B,4,5616.75,1745822297,0.00127868,1.278680152,13.74059824,795.0758065,272.1095022,27.48099335,80.29661875,0.044594435,1.998374585,0.044048879,0.027579009,193.8031642,33.43481201,32.27659355,4.850350205,41.58213787,2.018370376,4.853936039,2.831979829,-56.38979472,1.409608772,0.160413659,138.9833919,0,0,1,0,25302,RECT-24220-20250331-19_34_23,10063.9,425.8796,624.32,0.317850461,-0.387208687,MPF-24559-20250428-09_37_28,10058.9,244.0818077,372.7267737,0.345145493,0.5,1009.181032,13.74059824,174.1571424,13.88533333,0.028533333,109.4491814,10093.66003,109.4491814,44.52755232,0.913687709,92.22234373,179.8871585,0.076384542,0.013999279,0.67500712,291.6073196,DARK-24560-20250428-09_37_35,191.59,191.59,0.485977361,0.710208995,0.581409253,-2.420284585,1.267852848,0.557472688,0.442527312,24559,290,340.26,255,10058.9,339.73,0.53,300,24,372.7267737,1.322038868,-33.19011127,1.173945587,0.96615584,-0.007340141,290,337.27,625,10049.6,339.7,-2.43,None,None,None,None,None,None,None,None,None,None,None,None,None,1199.997419,1009.181032,0.840986002,0.161502984,2,0.5,0: Broadleaf,2,1745822297,795.0758065,799.9949032,19.98536774,19.56765806,795.418871,19.63657742,599.9981935,100.8924194,0.099986777,32.28967742,32.27659355,999.9,0,0,4998.387097,0,1061.514839,-4.919057097,811.2897097,815.9612581,0.417710613,799.9949032,19.56765806,2.016372903,1.974229032,17.57349032,17.23913548,1199.997419,0.966998613,0.033001094,0,244.0747419,4.99998,3034.650323,11896.61613,40.915,42.675,41.177,42.0863871,42.35670968,1155.557419,39.44,0,71,0,244.0818077,0.643247872,15.7059829,3034.786923,15,1745821599,9:26:38,1745821599,1745821595,1,-0.095,-0.065,-0.29,0.165,420,16,1.05,0.26,-4.965593902,0.485454146,0.12849324,1,244.0578529,0.621802903,0.232158051,1,0.416261,0.027029519,0.003663856,1,3,3,03-Mar,3.21594,2.75515,0.152795,0.154098,0.111025,0.110455,25345.2,28322.6,29238.6,31663.7,36734.3,38194.7,44843.5,46456.5,2.1852,1.756,0.177026,0,29.4194,999.9,50.8,29.3,20.6044,29.7081,27.9808,1,0.294756,0,20.3051,5.24005,11.9321,4.974,3.2842,9999,9999,9999,161.8,4.97134,1.86646,1.86935,1.86707,1.87195,1.87012,1.87399,1.87225,0,0,0,0,11111111,oooooooo,on,on,on,on,0,100,100,-0.343,0.351,-0.470763518,0.000859946,-1.19E-06,3.87E-10,-0.102896992,-0.027663876,0.004005357,-7.26E-05,2,2149,0,22,11.8,11.8,1.78345,2.32666,1.59424,2.33765,1.49292,2.45972,36.4107,24.0612,18,612.09,467.082,30.8313,31.1975,30.0009,30.9314,30.9045,35.737,-30,-30,-999.9,800,0,98.9521,99.4156
70,1745822379,801,20250428 09:39:39,9:39:39,15,B,4,5616.75,1745822371,0.001375499,1.375499347,17.273298,993.7973667,374.5120406,37.82497734,100.3715737,0.047591453,1.999166237,0.046970897,0.029411891,193.8028374,33.64406879,32.50985,4.914624763,41.83759476,2.059100313,4.921650791,2.85552445,-60.6595212,2.730761868,0.311369311,136.1854474,0,0,1,0,24817,RECT-24220-20250331-19_34_23,10063.9,425.8796,624.32,0.317850461,-0.387208687,MPF-24561-20250428-09_38_42,10055.5,246.3770769,392.4103736,0.372144333,0.5,1009.18206,17.273298,187.7806922,13.88533333,0.028533333,118.7823698,11767.66385,118.7823698,44.52755232,0.913687709,99.0691116,275.442929,0.062710987,0.017499822,0.590987502,303.518564,DARK-24562-20250428-09_38_49,191.87,191.87,0.511047585,0.728198986,0.536269225,-4.363210997,1.168661353,0.567096343,0.432903657,24561,290,355.14,285,10055.5,354.41,0.73,300,24.1,392.4103736,1.303201141,-38.20773915,1.157068328,0.974964169,-0.007339356,290,351.32,665,10046.1,354.38,-3.06,None,None,None,None,None,None,None,None,None,None,None,None,None,1199.999,1009.18206,0.840985751,0.161502499,2,0.5,0: Broadleaf,2,1745822371,993.7973667,1000.011267,20.38753,19.93834333,994.2062667,20.02121,599.9538333,100.8980667,0.09996073,32.53518667,32.50985,999.9,0,0,5001.333333,0,1044.808667,-6.213812333,1014.480333,1020.355667,0.4491827,1000.011267,19.93834333,2.057060333,2.011739333,17.89051333,17.53702,1199.999,0.9670008,0.03299888,0,246.3918667,4.99998,3064.365667,11896.66333,41.2416,42.9496,41.4748,42.4246,42.66633333,1155.569,39.43,0,72.19999981,0,246.3770769,0.713094008,6.03965807,3064.375385,15,1745821599,9:26:38,1745821599,1745821595,1,-0.095,-0.065,-0.29,0.165,420,16,1.05,0.26,-6.250299,0.475771857,0.125845844,1,246.3066176,0.98296409,0.296094283,1,0.44636695,0.06843152,0.008765342,1,3,3,03-Mar,3.21662,2.75524,0.176659,0.178099,0.112494,0.111777,24623.3,27512.6,29230.8,31657.8,36664.7,38131.8,44831.7,46448.5,2.1844,1.751,0.171214,0,29.7711,999.9,50.8,29.6,20.962,29.7981,27.8245,1,0.308049,0,20.3033,5.24125,11.9321,4.974,3.2844,9999,9999,9999,161.8,4.97131,1.86646,1.86935,1.86707,1.87195,1.87012,1.87393,1.87225,0,0,0,0,11111111,oooooooo,on,on,on,on,0,100,100,-0.409,0.3681,-0.470763518,0.000859946,-1.19E-06,3.87E-10,-0.102896992,-0.027663876,0.004005357,-7.26E-05,2,2149,0,22,13,13.1,2.13989,2.32056,1.59424,2.33765,1.49292,2.46704,37.027,24.07,18,612.812,464.722,31.0455,31.3562,30.001,31.0669,31.0395,42.8943,-30,-30,-999.9,1000,0,98.9258,99.3979
71,1745822494,915.9000001,20250428 09:41:34,9:41:34,15,B,4,5616.75,1745822486,0.001461386,1.461385553,20.96725242,1192.423226,472.0187252,47.67634772,120.4409514,0.049852788,1.99908444,0.049172285,0.030793045,193.8021733,33.98493183,32.87935806,5.017961369,42.22447816,2.122219042,5.026039716,2.895742327,-64.44710289,3.083050034,0.352835338,132.7909558,0,0,1,0,26651,RECT-24220-20250331-19_34_23,10063.9,425.8796,624.32,0.317850461,-0.387208687,MPF-24563-20250428-09_40_37,10063.9,250.29804,421.0816731,0.405583154,0.5,1009.178565,20.96725242,204.6529126,13.88533333,0.028533333,130.3417855,13598.23833,130.3417855,44.52755232,0.913687709,104.3275437,367.6911815,0.057024083,0.02116024,0.482657736,320.3921621,DARK-24564-20250428-09_40_44,191.87,191.87,0.544340178,0.745091342,0.469969539,-35.59529679,1.024178176,0.571161787,0.428838213,24563,290,375.55,165,10063.9,374.3,1.25,300,24.1,421.0816731,1.230725008,-47.07770427,1.09247027,0.985145868,-0.007337963,290,370.06,685,10042.8,374.2,-4.14,None,None,None,None,None,None,None,None,None,None,None,None,None,1199.994839,1009.178565,0.840985754,0.161502506,2,0.5,0: Broadleaf,2,1745822486,1192.423226,1199.993226,21.0109871,20.53409032,1192.900645,20.61769677,599.9958387,100.9052258,0.099978384,32.90796452,32.87935806,999.9,0,0,5000.645161,0,881.8349355,-7.570386774,1218.014194,1225.151935,0.47688929,1199.993226,20.53409032,2.120119355,2.071998065,18.37113226,18.0055129,1199.994839,0.967005419,0.032994213,0,250.2590968,4.99998,3118.433226,11896.61935,41.7113871,43.33232258,41.94512903,42.923,43.145,1155.564839,39.43,0,112.8,0,250.29804,1.118461551,21.62461542,3118.65,15,1745821599,9:26:38,1745821599,1745821595,1,-0.095,-0.065,-0.29,0.165,420,16,1.05,0.26,-7.582342,-0.328482101,0.167484533,1,250.2224706,0.943559974,0.209903372,1,0.476867675,0.004614068,0.002576571,1,3,3,03-Mar,3.21635,2.75541,0.198007,0.199576,0.114797,0.114085,23974.3,26783.3,29220.3,31648,36556.9,38022.2,44814.2,46434.9,2.183,1.7446,0.163317,0,30.2649,999.9,50.8,30.1,21.5738,28.9381,28.0769,1,0.330935,0,20.3026,5.23885,11.9321,4.9736,3.2842,9999,9999,9999,161.8,4.97137,1.86646,1.86935,1.86707,1.87195,1.87012,1.87393,1.87225,0,0,0,0,11111111,oooooooo,on,on,on,on,0,100,100,-0.48,0.3955,-0.470763518,0.000859946,-1.19E-06,3.87E-10,-0.102896992,-0.027663876,0.004005357,-7.26E-05,2,2149,0,22,14.9,15,2.48413,2.31567,1.59424,2.33643,1.49292,2.44019,37.8679,24.0612,18,614.205,462.3,31.4037,31.6433,30.0012,31.3182,31.2898,49.7852,-30,-30,-999.9,1200,0,98.8886,99.3681
72,1745822624,1045.4,20250428 09:43:43,9:43:43,15,B,4,5616.75,1745822616,0.001481801,1.481801097,26.76647259,1490.342333,568.8708518,57.4505395,150.5103853,0.049705561,1.999400931,0.049029148,0.030703223,193.8012664,34.4371358,33.33653667,5.148428645,42.79821664,2.207364036,5.157607511,2.941064609,-65.3474284,3.425979628,0.393785823,132.2736035,0,0,1,0,24980,RECT-24220-20250331-19_34_23,10063.9,425.8796,624.32,0.317850461,-0.387208687,MPF-24565-20250428-09_42_47,10055.8,255.11248,452.647882,0.436399705,0.5,1009.17544,26.76647259,220.201932,13.88533333,0.028533333,140.9947127,16138.38774,140.9947127,44.52755232,0.913687709,114.4609427,454.4099091,0.058903805,0.0269068,0.379261949,338.3451803,DARK-24566-20250428-09_42_54,194.25,194.25,0.57085848,0.764462156,0.399172502,7.379457594,0.865106692,0.582083534,0.417916466,24565,290,397.75,225,10055.8,396.75,1,300,24.1,452.647882,1.599224115,-56.21001485,1.41923815,0.982462917,-0.007336529,290,391.78,635,10042.9,396.68,-4.9,None,None,None,None,None,None,None,None,None,None,None,None,None,1199.991333,1009.17544,0.840985607,0.161502222,2,0.5,0: Broadleaf,2,1745822616,1490.342333,1500.001,21.85715,21.37399333,1490.887333,21.42780333,599.9764667,100.8904667,0.100011777,33.36832,33.33653667,999.9,0,0,5002.666667,0,450.0135333,-9.656935,1523.645667,1532.761333,0.4831544,1500.001,21.37399333,2.205179667,2.156433667,18.99998,18.64226,1199.991333,0.967006633,0.032993403,0,255.0981667,4.99998,3185.350667,11896.59,42.26653333,43.89153333,42.50826667,43.4748,43.687,1155.567333,39.424,0,127.2,0,255.11248,2.485000019,27.55846155,3185.4944,15,1745821599,9:26:38,1745821599,1745821595,1,-0.095,-0.065,-0.29,0.165,420,16,1.05,0.26,-9.638714878,-0.275172962,0.191704235,1,255.0126765,2.035706655,0.299082589,0,0.482420317,0.012479958,0.002825689,1,2,3,02-Mar,3.21722,2.75507,0.226458,0.228218,0.117804,0.117117,23107,25811.3,29203.1,31635.4,36414,37878.1,44788,46416.2,2.1796,1.7366,0.158697,0,30.7883,999.9,51.2,30.6,22.3771,29.3582,27.8766,1,0.362073,0,20.3015,5.23766,11.9321,4.9732,3.2842,9999,9999,9999,161.8,4.97137,1.86646,1.86935,1.86707,1.87195,1.87012,1.87393,1.87225,0,0,0,0,11111111,oooooooo,on,on,on,on,0,100,100,-0.55,0.4314,-0.470763518,0.000859946,-1.19E-06,3.87E-10,-0.102896992,-0.027663876,0.004005357,-7.26E-05,2,2149,0,22,17.1,17.1,2.97974,2.31689,1.59424,2.33521,1.49292,2.43896,38.7225,24.0612,18,615.032,459.51,31.8435,32.0241,30.0012,31.6641,31.636,59.6825,-30,-30,-999.9,1500,0,98.8305,99.3284
,,,,,,,,,,,,,,,,,,,,,,,,,,,,,,,,,,,,,,,,,,,,,,,,,,,,,,,,,,,,,,,,,,,,,,,,,,,,,,,,,,,,,,,,,,,,,,,,,,,,,,,,,,,,,,,,,,,,,,,,,,,,,,,,,,,,,,,,,,,,,,,,,,,,,,,,,,,,,,,,,,,,,,,,,,,,,,,,,,,,,,,,,,,,,,,,,,,,,,,,,,,,,,,,,,,,,,,,,,,,,,,,,,,,,,,,,,,,,,,,,,,,,,,,,,,,,,,,,,,,,,,,,,,,,,,,,,,,,,,,,,,,,,,,,,,,,,
73,1745823134,1555.4,20250428 09:52:13,9:52:13,15,B,3,5616.3,1745823126,0.006471926,6.471926272,16.84008742,413.4730667,291.6755425,29.45656468,41.75700172,0.26710321,1.996746618,0.248722797,0.156997627,193.8044334,33.80710216,32.56644,4.930329591,43.4778681,2.397824371,5.515045874,2.53250522,-285.4119486,215.6065177,24.86764777,148.8666503,0,0,1,0,25348,RECT-24220-20250331-19_34_23,10063.9,425.8796,624.32,0.317850461,-0.387208687,MPF-24569-20250428-09_51_17,10052.3,280.8096538,433.9372371,0.352879564,0.5,1009.188693,16.84008742,178.0610332,13.88533333,0.028533333,112.1227607,11316.8093,112.1227607,44.52755232,0.913687709,100.9323105,190.743232,0.088286684,0.017070441,0.438733408,327.7807806,DARK-24570-20250428-09_51_24,207.66,207.66,0.521451532,0.67672553,0.456925942,19.0040308,0.959395178,0.500441568,0.499558432,24569,290,400.12,255,10052.3,399.59,0.53,300,24.1,433.9372371,1.249579274,-34.52669358,1.108813522,0.97193266,-0.007335909,290,397.46,645,10040.9,399.55,-2.09,None,None,None,None,None,None,None,None,None,None,None,None,None,1200.006667,1009.188693,0.840985905,0.161502797,2,0.5,0: Broadleaf,2,1745823126,413.4730667,419.9786,23.74298333,21.63683667,413.7639,23.23661,599.9832333,100.8908333,0.100029403,34.56931333,32.56644,999.9,0,0,4991.833333,0,1005.378867,-6.505631,423.5288667,429.2666333,2.106157667,419.9786,21.63683667,2.395448667,2.182956,20.33304,18.83778,1200.006667,0.9669998,0.032999893,0,280.8233,4.99998,3515.210333,11896.71,43.4601,45.26033333,43.812,44.7101,44.9853,1155.567333,39.43633333,0,378.5999999,0,280.8096538,-6.03367521,-72.13743589,3514.701538,15,1745821599,9:26:38,1745821599,1745821595,1,-0.095,-0.065,-0.29,0.165,420,16,1.05,0.26,-6.513689268,0.22630453,0.086037753,1,281.2012059,-7.134682962,0.744767622,0,2.108189268,-0.042395331,0.004891949,1,2,3,02-Mar,3.21658,2.75515,0.0954911,0.0971073,0.12392,0.117462,26962.6,30156.5,29144.2,31594.6,36097.9,37825.6,44693.1,46360.4,2.154,1.7012,0.0680983,0,31.4309,999.9,47.5,32.7,23.3876,29.6282,27.1354,1,0.477276,0,20.2989,5.23526,11.9321,4.9732,3.2846,9999,9999,9999,162,4.97125,1.86646,1.86932,1.86697,1.87189,1.87012,1.87378,1.8721,0,0,0,0,11111111,oooooooo,on,on,on,on,0,100,100,-0.29,0.5053,-0.470763518,0.000859946,-1.19E-06,3.87E-10,-0.102896992,-0.027663876,0.004005357,-7.26E-05,2,2149,0,22,25.6,25.6,1.06079,2.3584,1.59424,2.33032,1.49292,2.41211,41.1187,24.0437,18,609.794,446.141,33.3254,33.4819,29.9997,33.0941,33.0527,21.2852,-30,-30,-999.9,420,0,98.6251,99.2053
74,1745823263,1684.9,20250428 09:54:23,9:54:23,15,B,3,5616.3,1745823255,0.006032596,6.032595874,10.5945658,295.8474333,212.3691338,21.44600319,29.87602241,0.246009493,1.996179459,0.230321982,0.145277257,193.804108,33.97754894,32.49517667,4.910559742,42.78414659,2.360796809,5.517924272,2.549762933,-266.037478,224.2253878,25.86127221,177.85329,0,0,1,0,25230,RECT-24220-20250331-19_34_23,10063.9,425.8796,624.32,0.317850461,-0.387208687,MPF-24571-20250428-09_53_26,10060.1,267.8463077,400.4145661,0.331077512,0.5,1009.186,10.5945658,167.0593952,13.88533333,0.028533333,104.5860422,8756.435347,104.5860422,44.52755232,0.913687709,83.72470327,128.6444305,0.082355418,0.010881814,0.559184038,308.2851234,DARK-24572-20250428-09_53_33,208.77,208.77,0.478615371,0.691740241,0.538817071,-5.205893661,1.128325854,0.539169688,0.460830312,24571,290,369.28,185,10060.1,368.79,0.49,300,24.1,400.4145661,1.49100106,-31.81005446,1.3232247,0.95378866,-0.007336586,290,367.17,675,10040.8,368.73,-1.56,None,None,None,None,None,None,None,None,None,None,None,None,None,1200.003333,1009.186,0.840985997,0.161502975,2,0.5,0: Broadleaf,2,1745823255,295.8474333,299.9738667,23.3778,21.41394333,296.1577333,22.8859,599.9997,100.8845667,0.099991727,34.57870667,32.49517667,999.9,0,0,4989.833333,0,974.0728333,-4.126417667,302.9291667,306.5381,1.963855667,299.9738667,21.41394333,2.358458,2.160336,20.08134,18.67116333,1200.003333,0.9669962,0.033003557,0,267.8325,4.99998,3355.964,11896.66333,43.16426667,44.8812,43.5,44.29753333,44.6975,1155.563333,39.44,0,127.3999999,0,267.8463077,-3.563897428,-40.39350426,3355.869615,15,1745821599,9:26:38,1745821599,1745821595,1,-0.095,-0.065,-0.29,0.165,420,16,1.05,0.26,-4.13571439,0.01997101,0.078033579,1,268.0060588,-3.588204729,0.413245187,0,1.967883415,-0.091283415,0.009463927,1,2,3,02-Mar,3.21621,2.75538,0.0732859,0.0744964,0.122659,0.116709,27642.2,30927.3,29162.5,31610.3,36170.8,37877.1,44720.5,46384.9,2.1552,1.7004,0.101626,0,30.855,999.9,46,33.2,23.2964,29.5482,27.1995,1,0.458333,0,20.299,5.24005,11.9321,4.974,3.2844,9999,9999,9999,162,4.97128,1.86646,1.86935,1.86697,1.8718,1.87012,1.87378,1.8721,0,0,0,0,11111111,oooooooo,on,on,on,on,0,100,100,-0.31,0.4912,-0.470763518,0.000859946,-1.19E-06,3.87E-10,-0.102896992,-0.027663876,0.004005357,-7.26E-05,2,2149,0,22,27.7,27.8,0.812988,2.35474,1.59424,2.33032,1.49292,2.46948,41.5605,24.0437,18,610.477,445.502,33.4664,33.3801,29.9989,33.0734,33.0379,16.329,-30,-30,-999.9,300,0,98.6862,99.2566
75,1745823393,1814.4,20250428 09:56:32,9:56:32,15,B,3,5616.3,1745823385,0.005484719,5.484719459,5.6361757,197.7618667,147.5383512,14.89885678,19.97057514,0.22069533,1.998368754,0.207993727,0.131076311,193.8055444,34.14823564,32.49006,4.909142937,42.51365107,2.341862423,5.508495188,2.567280514,-241.8761281,221.7057207,25.53815556,199.1732926,0,0,1,0,25985,RECT-24220-20250331-19_34_23,10063.9,425.8796,624.32,0.317850461,-0.387208687,MPF-24573-20250428-09_55_36,10054.5,261.11748,369.8437686,0.293978966,0.5,1009.19356,5.6361757,148.3408396,13.88533333,0.028533333,91.76150159,6419.110149,91.76150159,44.52755232,0.913687709,69.95428407,77.58406713,0.072646046,0.005968513,0.688064131,289.8396838,DARK-24574-20250428-09_55_43,207.3,207.3,0.439493057,0.668904687,0.610225484,-1.940299376,1.282381165,0.53104044,0.46895956,24573,290,346.83,255,10054.5,345.7,1.13,300,24.1,369.8437686,1.078177307,-24.27669582,0.956940973,0.958307856,-0.007337149,290,344.83,795,10036.9,345.66,-0.83,None,None,None,None,None,None,None,None,None,None,None,None,None,1200.012333,1009.19356,0.84098599,0.16150296,2,0.5,0: Broadleaf,2,1745823385,197.7618667,200.0021333,23.19067333,21.40484333,198.1058,22.70627333,600.0039333,100.8829333,0.100008807,34.54792,32.49006,999.9,0,0,4998.833333,0,987.6526333,-2.240359667,202.457,204.3768667,1.785833333,200.0021333,21.40484333,2.339543333,2.159383333,19.95128667,18.66412667,1200.012333,0.9669958,0.033003967,0,261.1691,4.99998,3271.826667,11896.73667,42.93286667,44.625,43.25206667,44.01653333,44.4601,1155.572333,39.44,0,127.4000001,0,261.11748,-2.227692307,-24.86846149,3271.6228,15,1745821599,9:26:38,1745821599,1745821595,1,-0.095,-0.065,-0.29,0.165,420,16,1.05,0.26,-2.234200488,-0.073758815,0.064499257,1,261.2619706,-2.108739499,0.306550973,0,1.7903,-0.07939777,0.008368393,1,2,3,02-Mar,3.21662,2.75523,0.0520771,0.0528452,0.122083,0.116754,28296.1,31668.6,29183.6,31627.4,36219,37893.6,44754.5,46409.8,2.1594,1.7016,0.123084,0,30.4838,999.9,44.8,33.8,23.4652,29.6082,27.1434,1,0.432439,0,20.2989,5.23766,11.9321,4.974,3.2846,9999,9999,9999,162.1,4.97137,1.86646,1.86932,1.86704,1.87192,1.87012,1.87378,1.8721,0,0,0,0,11111111,oooooooo,on,on,on,on,0,100,100,-0.344,0.4842,-0.470763518,0.000859946,-1.19E-06,3.87E-10,-0.102896992,-0.027663876,0.004005357,-7.26E-05,2,2149,0,22,29.9,30,0.596924,2.37305,1.59424,2.3291,1.49292,2.52075,41.9275,24.035,18,611.938,445.139,33.5039,33.1274,29.9993,32.8996,32.8748,12.0084,-30,-30,-999.9,200,0,98.7599,99.31
76,1745823481,1902.9,20250428 09:58:01,9:58:01,15,B,3,5616.3,1745823473,0.004847572,4.847572083,2.984883346,148.7512903,116.7463265,11.78951205,15.02150159,0.189549324,1.997914807,0.180095347,0.113369688,193.8031642,34.44078246,32.64153871,4.951238373,42.17971554,2.331090424,5.526567436,2.620147949,-213.7779289,211.6907861,24.41518377,216.1312052,0,0,1,0,25110,RECT-24220-20250331-19_34_23,10063.9,425.8796,624.32,0.317850461,-0.387208687,MPF-24575-20250428-09_57_04,10064.5,258.0398846,356.071424,0.275314257,0.5,1009.181032,2.984883346,138.9209628,13.88533333,0.028533333,85.30932641,5187.366108,85.30932641,44.52755232,0.913687709,60.80655336,55.93977314,0.053358875,0.003341414,0.753356091,281.3126199,DARK-24576-20250428-09_57_11,205.2,205.2,0.423711126,0.649768769,0.640028097,-1.404298822,1.351784092,0.516712955,0.483287045,24575,290,335.8,155,10064.5,335.06,0.74,300,24.1,356.071424,1.265337826,-21.14292412,1.12307807,0.92678082,-0.007337276,290,334.68,695,10041,335.01,-0.33,None,None,None,None,None,None,None,None,None,None,None,None,None,1199.997419,1009.181032,0.840986002,0.161502984,2,0.5,0: Broadleaf,2,1745823473,148.7512903,149.9866129,23.08375806,21.5052,149.034129,22.70909032,599.9997097,100.8839032,0.100105419,34.6068871,32.64153871,999.9,0,0,4996.935484,0,976.7654194,-1.23536871,152.266129,153.2830645,1.578562903,149.9866129,21.5052,2.328779032,2.169528065,19.87685484,18.73906129,1199.997419,0.966995516,0.033004232,0,258.0677419,4.99998,3234.304516,11896.60968,42.887,44.562,43.187,44,44.437,1155.557419,39.44,0,86.5999999,0,258.0398846,-0.71880342,-15.71555552,3234.153077,15,1745823458,9:57:37,1745823454,1745823458,2,0.085,-0.11,-0.282,0.308,150,21,1.12,0.17,-1.2322025,-0.042878724,0.075635785,1,258.1096471,-0.807669972,0.266041116,1,1.580471,-0.044563677,0.005261795,1,3,3,03-Mar,3.21647,2.75504,0.0403369,0.0408622,0.122185,0.117184,28657.8,32077.5,29194.8,31635.3,36227.3,37882.3,44772,46419.8,2.16,1.701,0.129044,0,30.5554,999.9,44.2,34.1,23.5405,29.4782,27.4359,1,0.421098,0,20.2987,5.24005,11.9321,4.974,3.2846,9999,9999,9999,162.1,4.97131,1.86646,1.86935,1.86694,1.87186,1.86996,1.87378,1.8721,0,0,0,0,11111111,oooooooo,on,on,on,on,0,100,100,-0.283,0.3752,-0.38593195,0.000859946,-1.19E-06,3.87E-10,-0.212727706,-0.027663876,0.004005357,-7.26E-05,2,2149,0,22,0.5,0.4,0.487061,2.39258,1.59424,2.32666,1.49292,2.3999,42.165,24.0262,18,611.42,444.039,33.5307,32.9977,29.9997,32.7971,32.7773,9.79812,-30,-30,-999.9,150,0,98.7981,99.3328
77,1745823555,1976.9,20250428 09:59:15,9:59:15,15,B,3,5616.3,1745823547,0.004652338,4.652338003,0.464853565,99.66404516,91.15291818,9.204807619,10.06427858,0.178042603,1.99959415,0.169681057,0.106769182,193.8042968,34.61846683,32.8454871,5.008410954,42.10002485,2.340417414,5.559182975,2.66799354,-205.1681059,201.3093308,23.23351657,213.1790382,0,0,1,0,25102,RECT-24220-20250331-19_34_23,10063.9,425.8796,624.32,0.317850461,-0.387208687,MPF-24577-20250428-09_58_18,10058.9,256.22516,344.6461562,0.256555875,0.5,1009.186994,0.464853565,129.4564261,13.88533333,0.028533333,78.82476954,4000.9386,78.82476954,44.52755232,0.913687709,50.7573777,40.39554048,0.011507547,0.000844306,0.811481106,274.1329209,DARK-24578-20250428-09_58_25,205.95,205.95,0.402430591,0.637515838,0.668484461,-1.088480212,1.409359404,0.512425816,0.487574184,24577,290,326.99,205,10058.9,326.91,0.08,300,24.1,344.6461562,1.361820001,-17.83819857,1.208686861,0.886090086,-0.007337232,290,326.57,895,10034.4,326.87,-0.3,None,None,None,None,None,None,None,None,None,None,None,None,None,1200.004516,1009.186994,0.840985996,0.161502973,2,0.5,0: Broadleaf,2,1745823547,99.66404516,99.97355484,23.17657097,21.66172581,99.97549032,22.79816129,599.997,100.8820645,0.099975365,34.71288387,32.8454871,999.9,0,0,5003.870968,0,647.6732258,-0.309537323,102.0287097,102.1871613,1.514832258,99.97355484,21.66172581,2.33809871,2.18528,19.9413129,18.85481613,1200.004516,0.966996871,0.033002868,0,256.2332903,4.99998,3213.863548,11896.68387,42.883,44.562,43.187,43.96748387,44.437,1155.564516,39.44,0,72.20000005,0,256.22516,-0.909692309,-12.31076924,3213.6032,15,1745823458,9:57:37,1745823454,1745823458,2,0.085,-0.11,-0.282,0.308,150,21,1.12,0.17,-0.300090775,-0.16138943,0.074513876,1,256.2955,-0.868647823,0.284798716,1,1.51701575,-0.051514559,0.005539982,1,3,3,03-Mar,3.2166,2.7553,0.0277426,0.0279658,0.122529,0.117798,29035.4,32507.1,29196.5,31633.9,36214.5,37854.6,44774.8,46418.9,2.1622,1.7004,0.128776,0,30.7637,999.9,43.7,34.4,23.667,29.2282,27.496,1,0.41939,0,20.2985,5.24005,11.9321,4.9736,3.2844,9999,9999,9999,162.1,4.97128,1.86646,1.86932,1.86694,1.8718,1.87009,1.87378,1.8721,0,0,0,0,11111111,oooooooo,on,on,on,on,0,100,100,-0.311,0.379,-0.38593195,0.000859946,-1.19E-06,3.87E-10,-0.212727706,-0.027663876,0.004005357,-7.26E-05,2,2149,0,22,1.7,1.6,0.374756,2.40234,1.59424,2.32788,1.49292,2.44507,42.3506,24.035,18,612.564,443.309,33.58,32.9501,30.0004,32.7475,32.7307,7.55892,-30,-30,-999.9,100,0,98.8041,99.3299
78,1745823630,2051.4,20250428 10:00:29,10:00:29,15,B,3,5616.3,1745823622,0.004542558,4.542558079,-1.615584356,50.44634667,63.63297129,6.425930255,5.094288365,0.17127917,1.997935059,0.16351984,0.102867749,193.8026184,34.75320818,33.02303333,5.058649107,42.16419252,2.356313165,5.588422365,2.702335941,-200.3268113,192.2042923,22.23063977,207.9107392,0,0,1,0,24803,RECT-24220-20250331-19_34_23,10063.9,425.8796,624.32,0.317850461,-0.387208687,MPF-24579-20250428-09_59_33,10053.4,255.1029615,332.4079665,0.232560627,0.5,1009.17816,-1.615584356,117.3475526,13.88533333,0.028533333,70.52988834,2890.493376,70.52988834,44.52755232,0.913687709,40.98253158,22.65043971,-0.071326843,-0.001217204,0.878174,266.3335532,DARK-24580-20250428-09_59_40,205.99,205.99,0.380309677,0.61150331,0.69780325,-0.827042409,1.471031269,0.4937754,0.5062246,24579,290,318.75,265,10053.4,318.76,-0.01,300,24.1,332.4079665,1.324133458,-13.72505331,1.17520083,0.829680292,-0.007337041,290,319.36,845,10035.1,318.73,0.63,None,None,None,None,None,None,None,None,None,None,None,None,None,1199.994,1009.17816,0.840986005,0.16150299,2,0.5,0: Broadleaf,2,1745823622,50.44634667,49.98421667,23.33346333,21.85465,50.79163,22.94878667,600.0168333,100.8842667,0.10002064,34.80745,33.02303333,999.9,0,0,4997,0,646.5014,0.462128733,51.65155667,51.10102,1.478818667,49.98421667,21.85465,2.353981,2.204790333,20.05062667,18.99716667,1199.994,0.9669976,0.033002107,0,255.1218,4.99998,3202.483333,11896.59,42.9958,44.67873333,43.25,44.062,44.5,1155.554,39.44,0,72.5999999,0,255.1029615,-0.329401721,-8.521367511,3202.422692,15,1745823458,9:57:37,1745823454,1745823458,2,0.085,-0.11,-0.282,0.308,150,21,1.12,0.17,0.465255829,-0.124412362,0.06860107,1,255.1834118,-0.974820479,0.227242177,1,1.479506098,-0.008752265,0.002500588,1,3,3,03-Mar,3.21707,2.75535,0.0143939,0.0142767,0.123127,0.118518,29430.6,32963,29193.7,31632.8,36186.1,37821.4,44770.3,46416.4,2.1614,1.698,0.125468,0,30.9986,999.9,43.4,34.7,23.8981,29.4882,27.2796,1,0.423191,0,20.2983,5.23885,11.9321,4.9736,3.284,9999,9999,9999,162.1,4.97122,1.86646,1.86932,1.86691,1.8718,1.87009,1.87378,1.8721,0,0,0,0,11111111,oooooooo,on,on,on,on,0,100,100,-0.345,0.3857,-0.38593195,0.000859946,-1.19E-06,3.87E-10,-0.212727706,-0.027663876,0.004005357,-7.26E-05,2,2149,0,22,2.9,2.9,0.262451,2.43164,1.59424,2.32788,1.49292,2.4585,42.5904,24.035,18,611.979,441.719,33.6415,32.9683,30.0004,32.7475,32.7307,5.31087,-30,-30,-999.9,50,0,98.7944,99.3253
79,1745823720,2141.9,20250428 10:02:00,10:02:00,15,B,3,5616.3,1745823712,0.004433439,4.43343906,15.306327,414.2701667,245.0888022,24.75020186,41.83491924,0.164774227,2.00043419,0.157588344,0.099112222,193.8018678,34.93685792,33.22363667,5.115938489,42.25712738,2.380381071,5.633087762,2.735557418,-195.5146626,186.300286,21.55706901,206.1445603,0,0,1,0,24559,RECT-24220-20250331-19_34_23,10063.9,425.8796,624.32,0.317850461,-0.387208687,MPF-24581-20250428-10_01_03,10059,253.4938,377.7336711,0.328908648,0.5,1009.176761,15.306327,165.9634821,13.88533333,0.028533333,103.8362908,10401.4763,103.8362908,44.52755232,0.913687709,100.1718784,144.9169238,0.105621391,0.015550829,0.652804735,294.6630604,DARK-24582-20250428-10_01_10,195.64,195.64,0.482068942,0.682285498,0.575222378,-2.580485494,1.242621608,0.526570413,0.473429587,24581,290,345.47,195,10059,344.76,0.71,300,24.1,377.7336711,1.206973017,-33.17145605,1.071142434,0.971632222,-0.007336723,290,342.73,655,10041.7,344.7,-1.97,None,None,None,None,None,None,None,None,None,None,None,None,None,1199.992667,1009.176761,0.840985774,0.161502543,2,0.5,0: Broadleaf,2,1745823712,414.2701667,419.9847333,23.57171667,22.12867667,414.4760667,23.17758667,599.9744,100.8846667,0.099962703,34.95108,33.22363667,999.9,0,0,5007.166667,0,1031.019,-5.714628667,424.2710667,429.4889333,1.443055333,419.9847333,22.12867667,2.378024333,2.232442333,20.21491333,19.19703667,1199.992667,0.967,0.032999687,0,253.5025333,4.99998,3182.566667,11896.58333,43.0977,44.812,43.375,44.2311,44.625,1155.560667,39.43066667,0,88.19999981,0,253.4938,-1.420076935,-7.944615397,3182.526,15,1745823458,9:57:37,1745823454,1745823458,2,0.085,-0.11,-0.282,0.308,150,21,1.12,0.17,-5.71665375,0.073679437,0.102404222,1,253.5331471,-0.87396486,0.217942266,1,1.44421,-0.025500563,0.003584269,1,3,3,03-Mar,3.21728,2.75534,0.0956855,0.0971714,0.123951,0.119503,27001.7,30189.3,29190.7,31629.4,36151,37777.6,44766.9,46412.9,2.1614,1.6964,0.117123,0,31.3445,999.9,43.1,35,24.131,29.5282,27.3037,1,0.431463,0,20.2984,5.23766,11.9321,4.9736,3.284,9999,9999,9999,162.1,4.97125,1.86649,1.86923,1.86697,1.8718,1.87009,1.87378,1.8721,0,0,0,0,11111111,oooooooo,on,on,on,on,0,100,100,-0.206,0.395,-0.38593195,0.000859946,-1.19E-06,3.87E-10,-0.212727706,-0.027663876,0.004005357,-7.26E-05,2,2149,0,22,4.4,4.4,1.06567,2.3877,1.59424,2.32788,1.49292,2.51221,42.8315,24.0437,18,612.468,441.034,33.739,33.0536,30.0007,32.8,32.7831,21.4053,-30,-30,-999.9,420,0,98.7858,99.3164
80,1745823850,2271.5,20250428 10:04:09,10:04:09,15,B,3,5616.3,1745823842,0.004390606,4.390605638,21.08479169,592.1201667,350.4393122,35.39067229,59.7978881,0.159063692,2.001719147,0.152360469,0.095804011,193.8050186,35.195021,33.55512667,5.211844592,42.23805304,2.411450249,5.709188932,2.800394343,-193.6257087,176.8114123,20.50332179,197.4940441,0,0,1,0,25006,RECT-24220-20250331-19_34_23,10063.9,425.8796,624.32,0.317850461,-0.387208687,MPF-24583-20250428-10_03_13,10056.9,260.3568846,418.8968311,0.37847015,0.5,1009.19354,21.08479169,190.9748152,13.88533333,0.028533333,120.9691319,13222.76689,120.9691319,44.52755232,0.913687709,109.3069503,241.1323619,0.087440738,0.021276395,0.49039084,319.1257056,DARK-24584-20250428-10_03_20,197.71,197.71,0.528022211,0.716769374,0.481524504,-22.70445287,1.035188242,0.544300848,0.455699152,24583,290,377.05,205,10056.9,375.67,1.38,300,24.1,418.8968311,1.323972413,-43.47103284,1.174843727,0.979958691,-0.007336143,290,371.71,645,10041.1,375.6,-3.89,None,None,None,None,None,None,None,None,None,None,None,None,None,1200.012667,1009.19354,0.84098574,0.161502477,2,0.5,0: Broadleaf,2,1745823842,592.1201667,600.0145667,23.87824,22.44973333,592.3327667,23.47212333,600.0344,100.8895,0.099946843,35.19353333,33.55512667,999.9,0,0,5012.166667,0,1048.541333,-7.894400667,606.6047667,613.7941,1.428505,600.0145667,22.44973333,2.409062333,2.264941,20.42482333,19.4292,1200.012667,0.9670026,0.03299703,0,260.356,4.99998,3270.537,11896.79,43.375,45.14773333,43.63533333,44.5809,44.9122,1155.582667,39.43,0,127.8,0,260.3568846,2.2569231,31.87897434,3270.756923,15,1745823458,9:57:37,1745823454,1745823458,2,0.085,-0.11,-0.282,0.308,150,21,1.12,0.17,-7.8855175,-0.155724878,0.111698765,1,260.2214412,2.950817428,0.395343945,0,1.42810325,0.002561989,0.00287456,1,2,3,02-Mar,3.21701,2.75512,0.124315,0.126071,0.124947,0.12058,26128.8,29206.9,29171.9,31613.3,36089.4,37714.3,44737.6,46389.5,2.1594,1.6894,0.108927,0,31.7876,999.9,42.6,35.5,24.5206,28.8845,27.3277,1,0.456423,0,20.2979,5.23526,11.9321,4.9736,3.284,9999,9999,9999,162.2,4.97122,1.86646,1.86923,1.86694,1.8718,1.87009,1.87372,1.8721,0,0,0,0,11111111,oooooooo,on,on,on,on,0,100,100,-0.212,0.4066,-0.38593195,0.000859946,-1.19E-06,3.87E-10,-0.212727706,-0.027663876,0.004005357,-7.26E-05,2,2149,0,22,6.6,6.5,1.42456,2.37183,1.59424,2.32666,1.49292,2.38525,43.2904,24.035,18,612.751,437.713,33.9188,33.2935,30.0011,32.9879,32.9668,28.5503,-30,-30,-999.9,600,0,98.7216,99.2663
81,1745823933,2354.5,20250428 10:05:32,10:05:32,15,B,3,5616.12,1745823925,0.004370035,4.37003545,26.69985638,789.9147419,473.6807197,47.839213,79.77715372,0.154519591,2.000499343,0.148181999,0.093161497,193.8024307,35.37790541,33.79060323,5.280918715,41.90924213,2.415980382,5.764791391,2.864938333,-192.7185634,170.2218037,19.79083363,191.0965047,0,0,1,0,25572,RECT-24220-20250331-19_34_23,10063.9,425.8796,624.32,0.317850461,-0.387208687,MPF-24585-20250428-10_04_36,10056,266.12576,442.3501566,0.398382128,0.5,1009.179919,26.69985638,201.0196218,13.88533333,0.028533333,127.8524737,15529.46595,127.8524737,44.52755232,0.913687709,121.4639459,352.2167738,0.075805181,0.02684067,0.411370587,332.5583273,DARK-24586-20250428-10_04_43,200.77,200.77,0.546128792,0.729465528,0.429630134,10.69935892,0.916999983,0.550321751,0.449678249,24585,290,397.96,205,10056,397.23,0.73,300,24.1,442.3501566,1.420328811,-45.36924979,1.260209641,0.978853518,-0.007335461,290,393.44,685,10037.9,397.15,-3.71,None,None,None,None,None,None,None,None,None,None,None,None,None,1199.996452,1009.179919,0.840985753,0.161502503,2,0.5,0: Broadleaf,2,1745823925,789.9147419,799.9650968,23.92186774,22.50007097,790.1712903,23.51404839,600.014871,100.8946774,0.099960974,35.36890968,33.79060323,999.9,0,0,5006.935484,0,1046.973871,-10.05055194,809.2740645,818.3787742,1.421795161,799.9650968,22.50007097,2.413590645,2.270138387,20.45523871,19.46605806,1199.996452,0.967004806,0.032994797,0,266.1151935,4.99998,3345.624194,11896.64194,43.61077419,45.379,43.86687097,44.84451613,45.125,1155.566452,39.43,0,81,0,266.12576,0.462538466,17.25846153,3345.8136,15,1745823458,9:57:37,1745823454,1745823458,2,0.085,-0.11,-0.282,0.308,150,21,1.12,0.17,-10.07264341,0.42777554,0.143382193,1,266.0772941,0.747165776,0.239845113,1,1.422918293,-0.016567944,0.003113512,1,3,3,03-Mar,3.21653,2.75503,0.151479,0.153396,0.125021,0.1207,25308.4,28286.5,29162.3,31607.2,36076.4,37703.2,44721.8,46380,2.1582,1.6854,0.106245,0,32.0913,999.9,42.1,35.8,24.6316,29.6845,27.5481,1,0.475386,0,20.2971,5.23526,11.9321,4.9732,3.2844,9999,9999,9999,162.2,4.97119,1.86646,1.8692,1.86691,1.8718,1.86999,1.87363,1.87204,0,0,0,0,11111111,oooooooo,on,on,on,on,0,100,100,-0.257,0.4077,-0.38593195,0.000859946,-1.19E-06,3.87E-10,-0.212727706,-0.027663876,0.004005357,-7.26E-05,2,2149,0,22,8,7.9,1.80298,2.35962,1.59424,2.32666,1.49292,2.48901,43.5627,24.035,18,613.49,436.288,34.0588,33.5029,30.0012,33.1623,33.1383,36.1324,-30,-30,-999.9,800,0,98.6877,99.2463
82,1745824012,2434,20250428 10:06:52,10:06:52,15,B,3,5616.3,1745824004,0.004237833,4.237832645,30.07962181,988.5500667,609.3818024,61.5445644,99.8386939,0.146101426,2.003707959,0.14043063,0.088260303,193.802997,35.61350208,34.03758333,5.354221394,41.61270323,2.423811917,5.824692291,2.930409477,-186.8884197,164.0476204,19.08279856,190.0449963,0,0,1,0,23934,RECT-24220-20250331-19_34_23,10063.9,425.8796,624.32,0.317850461,-0.387208687,MPF-24587-20250428-10_05_55,10054.1,269.31596,455.206894,0.408365814,0.5,1009.1829,30.07962181,206.0578984,13.88533333,0.028533333,131.3037191,16887.08291,131.3037191,44.52755232,0.913687709,128.61085,480.7709524,0.062565389,0.030189602,0.371508227,339.772929,DARK-24588-20250428-10_06_02,199.37,199.37,0.562023329,0.726599401,0.39796001,6.338495949,0.852211072,0.537889112,0.462110888,24587,290,410.85,215,10054.1,409.98,0.87,300,24.1,455.206894,1.201371507,-45.47117765,1.065832905,0.984849267,-0.007334948,290,406.85,625,10040.2,409.92,-3.07,None,None,None,None,None,None,None,None,None,None,None,None,None,1200,1009.1829,0.84098575,0.161502498,2,0.5,0: Broadleaf,2,1745824004,988.5500667,999.9731333,23.99930667,22.62058667,988.8722333,23.58849667,599.9953,100.8951333,0.099947513,35.55620667,34.03758333,999.9,0,0,5020,0,1105.558333,-11.42282667,1012.858,1023.116,1.378719667,999.9731333,22.62058667,2.421414333,2.282307,20.50769,19.55205333,1200,0.967006333,0.032993387,0,269.3576333,4.99998,3389.169,11896.69333,43.8477,45.63946667,44.1124,45.1145,45.375,1155.57,39.43,0,77.5999999,0,269.31596,0.240769232,-1.322307676,3389.1788,15,1745823458,9:57:37,1745823454,1745823458,2,0.085,-0.11,-0.282,0.308,150,21,1.12,0.17,-11.43729,0.499341839,0.122570577,1,269.3876765,-0.834056537,0.247929392,1,1.38022425,-0.027082739,0.00383748,1,3,3,03-Mar,3.21691,2.75519,0.175307,0.17733,0.125294,0.121155,24584.3,27475.6,29148.8,31596.7,36051.1,37673.7,44700.5,46365.5,2.1562,1.6804,0.10401,0,32.3748,999.9,41.6,36.1,24.7452,29.3445,27.3958,1,0.497459,0,20.2969,5.23526,11.9321,4.9736,3.2842,9999,9999,9999,162.2,4.97122,1.86646,1.86923,1.86697,1.8718,1.86996,1.87366,1.8721,0,0,0,0,11111111,oooooooo,on,on,on,on,0,100,100,-0.322,0.4113,-0.38593195,0.000859946,-1.19E-06,3.87E-10,-0.212727706,-0.027663876,0.004005357,-7.26E-05,2,2149,0,22,9.3,9.2,2.16553,2.35474,1.59424,2.32422,1.49292,2.45728,43.8367,24.0262,18,613.843,434.37,34.2085,33.7268,30.0016,33.3597,33.3343,43.4131,-30,-30,-999.9,1000,0,98.6413,99.2145
83,1745824095,2516.5,20250428 10:08:14,10:08:14,15,B,3,5616.03,1745824087,0.003802934,3.802933684,33.17790121,1187.446,711.5227478,71.86144988,119.9281281,0.12742457,1.997062991,0.123073905,0.077299706,193.8053581,35.97533485,34.29638333,5.431979932,41.30276259,2.432731092,5.889996066,2.99924884,-167.7093755,157.4197558,18.41405142,201.9297899,0,0,1,0,24904,RECT-24220-20250331-19_34_23,10063.9,425.8796,624.32,0.317850461,-0.387208687,MPF-24589-20250428-10_07_18,10055.9,270.3889615,462.92135,0.415907343,0.5,1009.19725,33.17790121,209.8662732,13.88533333,0.028533333,133.9107389,18106.83751,133.9107389,44.52755232,0.913687709,135.215724,576.3070238,0.057569837,0.033259217,0.348652422,344.0525252,DARK-24590-20250428-10_07_25,198.63,198.63,0.570920633,0.728485395,0.379145975,5.197713075,0.813335641,0.535151484,0.464848516,24589,290,417.35,185,10055.9,417.31,0.04,300,24.1,462.92135,1.326853967,-45.870902,1.177000689,0.981898953,-0.007334081,290,414.44,645,10037.6,417.22,-2.78,None,None,None,None,None,None,None,None,None,None,None,None,None,1200.017333,1009.19725,0.840985561,0.161502132,2,0.5,0: Broadleaf,2,1745824087,1187.446,1200.011333,24.08723333,22.85004667,1187.836667,23.76353333,599.9630667,100.8966667,0.100033873,35.7585,34.29638333,999.9,0,0,4992.833333,0,1136.684333,-12.56473667,1216.754,1228.073333,1.237188,1200.011333,22.85004667,2.430323333,2.305495,20.56724667,19.71485667,1200.017333,0.967008033,0.032992077,0,270.3897,4.99998,3408.701667,11896.85333,44.1145,45.9308,44.3708,45.41426667,45.62913333,1155.594333,39.423,0,80.5999999,0,270.3889615,0.389572646,-3.087863248,3408.693846,15,1745823458,9:57:37,1745823454,1745823458,2,0.085,-0.11,-0.282,0.308,150,21,1.12,0.17,-12.5900561,0.476372822,0.173726365,1,270.4469706,-0.620488919,0.227254002,1,1.239979512,-0.049403415,0.005366902,1,3,3,03-Mar,3.21722,2.75533,0.196674,0.198725,0.125886,0.121955,23932.5,26748.3,29133.6,31584.7,36010.1,37627,44675.8,46347.7,2.1538,1.6756,0.103712,0,32.6682,999.9,41.3,36.5,25.1107,29.2645,27.5361,1,0.523293,0,20.2963,5.23526,11.9321,4.974,3.2846,9999,9999,9999,162.3,4.97122,1.86646,1.8692,1.86691,1.8718,1.86996,1.87366,1.87201,0,0,0,0,11111111,oooooooo,on,on,on,on,0,100,100,-0.39,0.3237,-0.38593195,0.000859946,-1.19E-06,3.87E-10,0.3237002,0,0,0,2,2149,0,22,10.7,10.6,2.51465,2.35352,1.59424,2.32422,1.49292,2.50366,44.14,24.035,18,614.216,432.809,34.3805,33.9822,30.0015,33.5906,33.5644,50.4036,-30,-30,-999.9,1200,0,98.588,99.1766
84,1745824181,2602.5,20250428 10:09:40,10:09:40,15,B,3,5615.85,1745824173,0.00369428,3.694280122,36.33320347,1486.046774,930.5478244,93.99370602,150.1040999,0.120881399,1.998101098,0.116960636,0.073442069,193.8032283,36.22987819,34.57165484,5.515763259,41.12611415,2.451146324,5.960072755,3.064616935,-162.9177534,151.000701,17.69617786,199.5823538,0,0,1,0,25468,RECT-24220-20250331-19_34_23,10063.9,425.8796,624.32,0.317850461,-0.387208687,MPF-24591-20250428-10_08_44,10050.6,269.0418462,461.0265279,0.416428709,0.5,1009.178623,36.33320347,210.1254754,13.88533333,0.028533333,134.0909691,19238.84581,134.0909691,44.52755232,0.913687709,143.476074,787.0717504,0.046162505,0.036386435,0.354195393,343.004769,DARK-24592-20250428-10_08_51,198.57,198.57,0.569287258,0.731491357,0.383543094,5.46234602,0.822884212,0.539887162,0.460112838,24591,290,417.76,225,10050.6,417.09,0.67,300,24.1,461.0265279,1.50761603,-44.15641604,1.337161238,0.974966159,-0.007333305,290,414.6,755,10031,417.01,-2.41,None,None,None,None,None,None,None,None,None,None,None,None,None,1199.994194,1009.178623,0.840986255,0.161503472,2,0.5,0: Broadleaf,2,1745824173,1486.046774,1499.98871,24.2666129,23.06499032,1486.506129,23.9429129,599.9608387,100.909,0.10000089,35.97342258,34.57165484,999.9,0,0,4996.451613,0,1072.14,-13.94239032,1523.004194,1535.402903,1.201635161,1499.98871,23.06499032,2.448720323,2.327464194,20.68961935,19.86775484,1199.994194,0.966990226,0.033009303,0,269.0448387,4.99998,3397.057742,11896.56129,44.419,46.24390323,44.683,45.786,45.935,1155.544194,39.45,0,84.20000005,0,269.0418462,-0.61572649,-4.134358982,3396.998077,15,1745823458,9:57:37,1745823454,1745823458,2,0.085,-0.11,-0.282,0.308,150,21,1.12,0.17,-13.95497073,0.440245296,0.183036995,1,269.0526176,0.012482818,0.181308806,1,1.202991707,-0.028149826,0.003738408,1,3,3,03-Mar,3.21747,2.75556,0.225242,0.227353,0.126459,0.12264,23066.4,25781.2,29119.3,31575.4,35972.9,37589.5,44654.2,46334.7,2.1522,1.6702,0.100583,0,32.9669,999.9,40.9,36.8,25.2766,29.6746,27.4279,1,0.548902,0,20.2956,5.23406,11.9321,4.9732,3.2842,9999,9999,9999,162.3,4.97122,1.86646,1.8692,1.86691,1.87174,1.86999,1.87363,1.87195,0,0,0,0,11111111,oooooooo,on,on,on,on,0,100,100,-0.46,0.3237,-0.38593195,0.000859946,-1.19E-06,3.87E-10,0.3237002,0,0,0,2,2149,0,22,12.1,12.1,3.01636,2.34619,1.59424,2.32544,1.49292,2.46826,44.4456,24.0262,18,615.414,431.014,34.5696,34.2566,30.0015,33.8489,33.8186,60.4319,-30,-30,-999.9,1500,0,98.54,99.1483
,,,,,,,,,,,,,,,,,,,,,,,,,,,,,,,,,,,,,,,,,,,,,,,,,,,,,,,,,,,,,,,,,,,,,,,,,,,,,,,,,,,,,,,,,,,,,,,,,,,,,,,,,,,,,,,,,,,,,,,,,,,,,,,,,,,,,,,,,,,,,,,,,,,,,,,,,,,,,,,,,,,,,,,,,,,,,,,,,,,,,,,,,,,,,,,,,,,,,,,,,,,,,,,,,,,,,,,,,,,,,,,,,,,,,,,,,,,,,,,,,,,,,,,,,,,,,,,,,,,,,,,,,,,,,,,,,,,,,,,,,,,,,,,,,,,,,,
85,1745824643,3064.5,20250428 10:17:22,10:17:22,15,B,2,5615.94,1745824635,0.003701591,3.701591115,12.2087017,415.3824333,238.8512909,24.12186348,41.94994429,0.125248621,1.997323081,0.121043164,0.076018058,193.8016608,36.12857954,34.17473333,5.395307779,40.93464342,2.426521458,5.927794298,2.96878632,-163.2401682,183.05187,21.40903362,235.0223963,0,0,1,0,24721,RECT-24220-20250331-19_34_23,10063.9,425.8796,624.32,0.317850461,-0.387208687,MPF-24595-20250428-10_16_26,10061.8,263.93424,407.2397003,0.351894622,0.5,1009.17312,12.2087017,177.5612967,13.88533333,0.028533333,111.7822776,9651.854264,111.7822776,44.52755232,0.913687709,86.34512079,152.5061701,0.080053821,0.012481417,0.533052891,312.3150459,DARK-24596-20250428-10_16_33,208.18,208.18,0.488802295,0.719911967,0.521652088,-7.688102541,1.09393198,0.567835659,0.432164341,24595,290,372.89,165,10061.8,372.28,0.61,300,24.1,407.2397003,1.308447754,-35.1784671,1.161120821,0.970398802,-0.007336195,290,370.07,625,10042.7,372.21,-2.14,None,None,None,None,None,None,None,None,None,None,None,None,None,1199.988,1009.17312,0.84098601,0.161502999,2,0.5,0: Broadleaf,2,1745824635,415.3824333,419.9647,24.02707333,22.82281,415.5882333,23.70337333,599.9772,100.8911333,0.100003817,35.8747,34.17473333,999.9,0,0,4994.166667,0,517.8485333,-4.582299667,425.6085,429.7733333,1.204259667,419.9647,22.82281,2.424121,2.302621,20.52580667,19.69474,1199.988,0.9669958,0.033003953,0,264.0068667,4.99998,3319.74,11896.54333,43.55786667,45.0704,43.8456,44.6996,45.2206,1155.548,39.44,0,330.5999999,0,263.93424,-4.98592307,-64.08307703,3319.02,15,1745823458,9:57:37,1745823454,1745823458,2,0.085,-0.11,-0.282,0.308,150,21,1.12,0.17,-4.58686675,0.364616398,0.095913996,1,264.2376176,-5.367960276,0.601934089,0,1.20858075,-0.12241227,0.012336948,0,1,3,01-Mar,3.21674,2.75511,0.0956657,0.0969381,0.125448,0.121665,26973.8,30178.3,29164.4,31613.7,36066.5,37674.7,44724.3,46392.3,2.1486,1.6626,0.162572,0,31.5792,999.9,37.8,38.5,25.6242,29.6746,28.0529,1,0.500285,0,20.2956,5.24005,11.9321,4.974,3.2846,9999,9999,9999,162.4,4.97122,1.86646,1.8692,1.86691,1.8718,1.86999,1.87363,1.87198,0,0,0,0,11111111,oooooooo,on,on,on,on,0,100,100,-0.206,0.3237,-0.38593195,0.000859946,-1.19E-06,3.87E-10,0.3237002,0,0,0,2,2149,0,22,19.8,19.8,1.07178,2.37915,1.59424,2.32422,1.49292,2.51709,45.4043,24.0262,18,612.404,425.868,34.7915,34.0099,29.9985,33.8092,33.7864,21.5192,-30,-30,-999.9,420,0,98.6939,99.2703
86,1745824772,3194,20250428 10:19:32,10:19:32,15,B,2,5615.85,1745824764,0.002883556,2.88355597,5.988992347,297.7000333,177.3166402,17.90766087,30.06548755,0.090609887,1.999917535,0.088389475,0.055438385,193.8040016,36.44119293,34.70672667,5.557283817,40.32628829,2.392243686,5.932218876,3.165040131,-127.1648183,127.3923972,14.91949782,208.9510784,0,0,1,0,25212,RECT-24220-20250331-19_34_23,10063.9,425.8796,624.32,0.317850461,-0.387208687,MPF-24597-20250428-10_18_35,10059.7,251.3960769,369.2115698,0.319100219,0.5,1009.18544,5.988992347,161.0156476,13.88533333,0.028533333,100.4456298,6931.473614,100.4456298,44.52755232,0.913687709,69.00721943,108.3094208,0.055295212,0.006318166,0.690954594,289.4512711,DARK-24598-20250428-10_18_42,207.53,207.53,0.437910355,0.728688452,0.612079057,-2.079046905,1.285567003,0.601539675,0.398460325,24597,290,341.69,185,10059.7,341.09,0.6,300,24.1,369.2115698,1.485843807,-28.28517003,1.318576058,0.942641552,-0.007336497,290,339.48,635,10042.4,341.05,-1.57,None,None,None,None,None,None,None,None,None,None,None,None,None,1200.002667,1009.18544,0.840985998,0.161502976,2,0.5,0: Broadleaf,2,1745824764,297.7000333,299.9824667,23.68732667,22.74892667,297.9249,23.36362667,600.0111333,100.8926,0.099956883,35.88826,34.70672667,999.9,0,0,5004.666667,0,895.4542,-2.282405667,304.9227667,306.9655667,0.938408033,299.9824667,22.74892667,2.389876,2.295198333,20.29534667,19.64273667,1200.002667,0.9669984,0.03300131,0,251.3893,4.99998,3167.384667,11896.67333,43.40186667,44.937,43.625,44.5124,45.062,1155.562667,39.44,0,127.4000001,0,251.3960769,-3.012786327,-31.66461538,3167.286538,15,1745823458,9:57:37,1745823454,1745823458,2,0.085,-0.11,-0.282,0.308,150,21,1.12,0.17,-2.29942425,0.35101137,0.08764838,1,251.5379706,-2.696760892,0.341431888,0,0.944342925,-0.115718218,0.011445914,0,1,3,01-Mar,3.21633,2.75526,0.0735832,0.0744374,0.124307,0.121487,27652.1,30944.2,29183.7,31626.8,36134.1,37696.3,44754.8,46412.7,2.1526,1.6638,0.187159,0,31.7128,999.9,37,38.8,25.4918,29.2646,27.9247,1,0.471667,0,20.2957,5.24005,11.9321,4.974,3.2848,9999,9999,9999,162.4,4.97122,1.86643,1.8692,1.86691,1.8717,1.86996,1.87363,1.87195,0,0,0,0,11111111,oooooooo,on,on,on,on,0,100,100,-0.225,0.3237,-0.38593195,0.000859946,-1.19E-06,3.87E-10,0.3237002,0,0,0,2,2149,0,22,22,21.9,0.821533,2.38892,1.59424,2.32178,1.49292,2.46338,45.5186,24.0175,18,612.809,424.851,34.7509,33.6892,29.9996,33.5327,33.5198,16.4938,-30,-30,-999.9,300,0,98.7604,99.3129
87,1745824893,3314.5,20250428 10:21:32,10:21:32,15,B,2,5615.94,1745824885,0.002188797,2.188797284,2.159304624,199.1169333,135.6184594,13.69608054,20.10877848,0.064617417,1.998248147,0.063478638,0.039774792,193.8042676,36.77952916,35.21755667,5.716777789,39.83609685,2.374053312,5.959553018,3.342724477,-96.52596024,81.25824806,9.552020965,188.0885764,0,0,1,0,24943,RECT-24220-20250331-19_34_23,10063.9,425.8796,624.32,0.317850461,-0.387208687,MPF-24599-20250428-10_20_36,10058.5,245.43368,344.0762717,0.286688156,0.5,1009.18684,2.159304624,144.6609569,13.88533333,0.028533333,89.24115245,5068.3527,89.24115245,44.52755232,0.913687709,56.79389566,78.82456374,0.027393804,0.002523332,0.814481414,273.7722515,DARK-24600-20250428-10_20_43,205.45,205.45,0.402894018,0.711572132,0.669047027,-1.20585059,1.412231221,0.595649686,0.404350314,24599,290,322.66,195,10058.5,322.44,0.22,300,24.1,344.0762717,0.858740254,-21.76638459,0.762054389,0.966818034,-0.007336374,290,321.75,765,10036.2,322.39,-0.64,None,None,None,None,None,None,None,None,None,None,None,None,None,1200.004333,1009.18684,0.840985996,0.161502973,2,0.5,0: Broadleaf,2,1745824885,199.1169333,199.982,23.50785333,22.79538667,199.3754333,23.18415333,599.9841,100.8898333,0.09996266,35.97183667,35.21755667,999.9,0,0,4998,0,1184.497667,-0.865225733,203.9102333,204.6471333,0.712457667,199.982,22.79538667,2.371706,2.299826,20.17187333,19.67518,1200.004333,0.966999,0.0330007,0,245.4811667,4.99998,3096.800667,11896.69667,43.437,45.062,43.687,44.625,45.062,1155.564333,39.44,0,118.4000001,0,245.43368,0.104230778,-17.82846151,3096.6772,15,1745823458,9:57:37,1745823454,1745823458,2,0.085,-0.11,-0.282,0.308,150,21,1.12,0.17,-0.875402049,0.006851268,0.064573994,1,245.4950588,-0.468326959,0.222715453,1,0.717957927,-0.098140223,0.010043365,1,3,3,03-Mar,3.21655,2.75508,0.0522977,0.052791,0.123736,0.121731,28290.7,31669,29187,31627.9,36161.1,37686.3,44760.9,46414.7,2.1546,1.6628,0.195354,0,32.0828,999.9,36.5,39.2,25.694,29.4446,28.2412,1,0.46622,0,20.2956,5.23885,11.9321,4.9736,3.2842,9999,9999,9999,162.5,4.97125,1.86646,1.8692,1.86691,1.87177,1.86996,1.87363,1.87198,0,0,0,0,11111111,oooooooo,on,on,on,on,0,100,100,-0.259,0.3237,-0.38593195,0.000859946,-1.19E-06,3.87E-10,0.3237002,0,0,0,2,2149,0,22,24,23.9,0.603027,2.40234,1.59424,2.32178,1.49292,2.50977,45.6618,24.0175,18,613.057,423.343,34.7499,33.5811,30.0002,33.401,33.391,12.1091,-30,-30,-999.9,200,0,98.7729,99.3169
88,1745824962,3384,20250428 10:22:42,10:22:42,15,B,2,5615.85,1745824954,0.001895896,1.895896494,0.479552288,149.7212667,127.5929456,12.88591235,15.12070366,0.054376048,1.998402057,0.053567264,0.033551204,193.8049122,36.95332697,35.48109,5.800604012,39.63603865,2.37080434,5.981436139,3.429799671,-83.60903538,60.05487416,7.070322125,177.3210731,0,0,1,0,24360,RECT-24220-20250331-19_34_23,10063.9,425.8796,624.32,0.317850461,-0.387208687,MPF-24601-20250428-10_21_45,10052.4,242.60224,335.5518755,0.277005263,0.5,1009.19298,0.479552288,139.7758834,13.88533333,0.028533333,85.89388773,4320.945115,85.89388773,44.52755232,0.913687709,50.30561812,77.28732748,0.006204798,0.000858865,0.860576696,268.3480343,DARK-24602-20250428-10_21_52,207.39,207.39,0.381943553,0.725251836,0.692605772,-1.029026648,1.45518818,0.619985942,0.380014058,24601,290,314.8,255,10052.4,314.86,-0.06,300,24.1,335.5518755,1.082529676,-20.79884594,0.960588229,0.943641294,-0.007335998,290,314.6,815,10033.9,314.82,-0.22,None,None,None,None,None,None,None,None,None,None,None,None,None,1200.012,1009.19298,0.84098574,0.161502479,2,0.5,0: Broadleaf,2,1745824954,149.7212667,149.9757333,23.47508667,22.85796333,150.0036333,23.15138667,600.0065333,100.8924,0.099957297,36.03850667,35.48109,999.9,0,0,4998.5,0,1236.281667,-0.254497283,153.3205667,153.4840667,0.617122233,149.9757333,22.85796333,2.368458,2.306195333,20.14971667,19.71973,1200.012,0.9670008,0.03299887,0,242.6026,4.99998,3065.809,11896.78,43.562,45.2017,43.75826667,44.781,45.187,1155.582,39.43,0,67.4000001,0,242.60224,-0.923538459,-6.729999984,3065.7408,15,1745823458,9:57:37,1745823454,1745823458,2,0.085,-0.11,-0.282,0.308,150,21,1.12,0.17,-0.236779923,-0.36109983,0.079672098,1,242.6929412,-0.918991599,0.273695832,1,0.621332268,-0.059539296,0.006595319,1,3,3,03-Mar,3.21693,2.75513,0.0404763,0.0407876,0.123636,0.121976,28641.6,32067,29185.5,31625.1,36163.3,37671.5,44758.5,46409.4,2.1538,1.66,0.197738,0,32.3061,999.9,36.2,39.3,25.6222,29.8146,28.0769,1,0.471138,0,20.2954,5.24005,11.9321,4.974,3.2846,9999,9999,9999,162.5,4.97125,1.86646,1.8692,1.86691,1.87177,1.87002,1.87363,1.87195,0,0,0,0,11111111,oooooooo,on,on,on,on,0,100,100,-0.283,0.3237,-0.38593195,0.000859946,-1.19E-06,3.87E-10,0.3237002,0,0,0,2,2149,0,22,25.1,25.1,0.490723,2.41821,1.59424,2.32178,1.49292,2.45483,45.748,24.0175,18,612.36,421.448,34.7742,33.5962,30.0008,33.3889,33.376,9.86455,-30,-30,-999.9,150,0,98.7677,99.3065
89,1745825034,3456,20250428 10:23:54,10:23:54,15,B,2,5615.85,1745825026,0.001691025,1.691025434,-0.432453834,100.0714194,108.7800554,10.98623646,10.10670819,0.047540834,1.998603085,0.046921416,0.029380865,193.8026367,37.11240274,35.69234516,5.868570503,39.56187993,2.377350146,6.009194078,3.491220357,-74.57422163,46.37781658,5.467398973,171.0736306,0,0,1,0,24876,RECT-24220-20250331-19_34_23,10063.9,425.8796,624.32,0.317850461,-0.387208687,MPF-24603-20250428-10_22_57,10054.1,240.8278846,326.4090176,0.262189855,0.5,1009.181003,-0.432453834,132.2985104,13.88533333,0.028533333,80.77237162,3768.021336,80.77237162,44.52755232,0.913687709,46.64987867,62.13017673,-0.006960448,-4.48E-05,0.912692256,262.4685948,DARK-24604-20250428-10_23_05,208.24,208.24,0.362027429,0.724226491,0.715994478,-0.860366259,1.501261751,0.626227003,0.373772997,24603,290,307.88,225,10054.1,308.03,-0.15,300,24.1,326.4090176,1.269834797,-18.47841241,1.126684925,0.905718413,-0.007335546,290,308.3,675,10038.4,308,0.3,None,None,None,None,None,None,None,None,None,None,None,None,None,1199.997742,1009.181003,0.840985752,0.161502501,2,0.5,0: Broadleaf,2,1745825026,100.0714194,99.98367742,23.53929677,22.9889,100.3825161,23.21559677,600.0107419,100.8949355,0.100016452,36.12277097,35.69234516,999.9,0,0,4999.193548,0,1170.393548,0.087653394,102.4837097,102.3363226,0.550396871,99.98367742,22.9889,2.374998065,2.319466129,20.19430323,19.81222581,1199.997742,0.967002484,0.032997161,0,240.8123226,4.99998,3047.334839,11896.64839,43.74187097,45.427,43.937,44.99390323,45.32419355,1155.567742,39.43,0,69.79999995,0,240.8278846,-0.793470106,-3.434529912,3047.312308,15,1745823458,9:57:37,1745823454,1745823458,2,0.085,-0.11,-0.282,0.308,150,21,1.12,0.17,0.107969155,-0.427589439,0.075990867,1,240.8775882,-0.921222318,0.261802026,1,0.551844975,-0.025244949,0.003944299,1,3,3,03-Mar,3.21672,2.75521,0.0278146,0.0279333,0.1239,0.122466,29012.2,32488.6,29178.8,31618.1,36144,37642.9,44747.2,46399.8,2.154,1.6578,0.195891,0,32.5505,999.9,36,39.5,25.7501,29.4846,28.2572,1,0.480528,0,20.2947,5.24005,11.9321,4.974,3.2848,9999,9999,9999,162.5,4.97122,1.86646,1.8692,1.86691,1.87177,1.86996,1.8736,1.87195,0,0,0,0,11111111,oooooooo,on,on,on,on,0,100,100,-0.312,0.3237,-0.38593195,0.000859946,-1.19E-06,3.87E-10,0.3237002,0,0,0,2,2149,0,22,26.3,26.3,0.375977,2.43164,1.59424,2.32178,1.49292,2.49146,45.921,24.035,18,612.811,420.261,34.8148,33.6656,30.0007,33.4226,33.4089,7.5879,-30,-30,-999.9,100,0,98.7437,99.2854
90,1745825104,3526,20250428 10:25:04,10:25:04,15,B,2,5615.85,1745825096,0.001624292,1.62429172,-1.150488195,50.34839032,87.62704006,8.84971983,5.084836233,0.045047282,1.997311985,0.044490372,0.027855945,193.8014525,37.25216113,35.86709355,5.925313597,39.52176574,2.389966376,6.047215583,3.53534722,-71.63126487,39.90065815,4.713480857,166.7843267,0,0,1,0,25673,RECT-24220-20250331-19_34_23,10063.9,425.8796,624.32,0.317850461,-0.387208687,MPF-24605-20250428-10_24_07,10056.2,239.3883077,315.646161,0.241592843,0.5,1009.174771,-1.150488195,121.9047008,13.88533333,0.028533333,73.65222151,3195.199979,73.65222151,44.52755232,0.913687709,43.38226211,44.24477795,-0.026002802,-0.00075634,0.977910956,255.4641738,DARK-24606-20250428-10_24_15,203.83,203.83,0.354245275,0.681993127,0.734081284,-0.691785124,1.555498976,0.580691097,0.419308903,24605,290,301.52,195,10056.2,301.55,-0.03,300,24.1,315.646161,1.212339885,-14.1710365,1.075573475,0.861103771,-0.00733494,290,302.02,895,10030,301.52,0.5,None,None,None,None,None,None,None,None,None,None,None,None,None,1199.990323,1009.174771,0.840985758,0.161502513,2,0.5,0: Broadleaf,2,1745825096,50.34839032,49.99219032,23.66466774,23.13610323,50.69372903,23.34096774,600.0604839,100.8929355,0.100089319,36.23764516,35.86709355,999.9,0,0,4994.032258,0,1198.324839,0.356201839,51.56874839,51.17621613,0.528566355,49.99219032,23.13610323,2.387597742,2.334269677,20.2799,19.91484839,1199.990323,0.967003645,0.032995971,0,239.3998065,4.99998,3033.748065,11896.57419,43.933,45.667,44.135,45.24593548,45.53,1155.560323,39.43,0,67.80000019,0,239.3883077,-0.045401708,0.135042725,3033.780385,15,1745823458,9:57:37,1745823454,1745823458,2,0.085,-0.11,-0.282,0.308,150,21,1.12,0.17,0.38318425,-0.463725433,0.072887728,1,239.3942353,-0.065362873,0.200197117,1,0.528935475,-0.012375771,0.003259575,1,3,3,03-Mar,3.21668,2.75457,0.0143194,0.0142702,0.124361,0.122962,29407.1,32938.7,29172.3,31612.9,36118,37616.5,44737.2,46392.7,2.1536,1.6548,0.191391,0,32.7975,999.9,35.8,39.7,25.8848,29.2546,28.105,1,0.492439,0,20.2946,5.23766,11.9321,4.9732,3.2844,9999,9999,9999,162.5,4.97122,1.86646,1.8692,1.86691,1.8718,1.86996,1.87357,1.87195,0,0,0,0,11111111,oooooooo,on,on,on,on,0,100,100,-0.345,0.3237,-0.38593195,0.000859946,-1.19E-06,3.87E-10,0.3237002,0,0,0,2,2149,0,22,27.5,27.4,0.262451,2.45728,1.59424,2.32056,1.49292,2.44995,46.0657,24.0262,18,613.182,418.804,34.8744,33.7723,30.0012,33.4947,33.4778,5.30934,-30,-30,-999.9,50,0,98.7216,99.2698
91,1745825188,3609.5,20250428 10:26:27,10:26:27,15,B,2,5615.85,1745825180,0.001649274,1.649274184,6.887591344,417.4773667,155.234791,15.67682906,42.16014509,0.045389117,1.997692076,0.044823887,0.028065126,193.8001768,37.38064974,36.00205,5.969461321,39.51611679,2.407778098,6.093154626,3.561683223,-72.73299152,40.23189432,4.758002673,166.0570823,0,0,1,0,24506,RECT-24220-20250331-19_34_23,10063.9,425.8796,624.32,0.317850461,-0.387208687,MPF-24607-20250428-10_25_31,10066.4,238.64992,336.5119821,0.290813009,0.5,1009.16806,6.887591344,146.7396001,13.88533333,0.028533333,90.66706668,6816.157445,90.66706668,44.52755232,0.913687709,75.17787544,80.05691556,0.086033684,0.00720871,0.855268261,268.961723,DARK-24608-20250428-10_25_38,202.37,202.37,0.398624683,0.729540898,0.682090337,-1.095050584,1.450349918,0.618634993,0.381365007,24607,290,312.29,105,10066.4,311.75,0.54,300,24.1,336.5119821,1.276765671,-24.92388036,1.132582878,0.945341772,-0.007334198,290,310.06,655,10037.2,311.68,-1.62,None,None,None,None,None,None,None,None,None,None,None,None,None,1199.982333,1009.16806,0.840985764,0.161502525,2,0.5,0: Broadleaf,2,1745825180,417.4773667,420.0028333,23.84225333,23.30558333,417.6830333,23.51855333,599.9783,100.8878333,0.100024837,36.37560667,36.00205,999.9,0,0,4995.833333,0,1225.475667,-2.525448333,427.6740667,430.0249333,0.536667467,420.0028333,23.30558333,2.405392333,2.351249333,20.40011667,20.03187,1199.982333,0.967006833,0.032993133,0,238.6489667,4.99998,3028.937,11896.49333,44.1996,45.979,44.42046667,45.5662,45.79546667,1155.552667,39.43,0,81.60000014,0,238.64992,-0.394461521,-9.390769238,3028.8084,15,1745823458,9:57:37,1745823454,1745823458,2,0.085,-0.11,-0.282,0.308,150,21,1.12,0.17,-2.539893171,0.17409554,0.109691665,1,238.7173235,-0.976608092,0.271665855,1,0.535584561,0.021286453,0.003229349,1,3,3,03-Mar,3.21759,2.7559,0.0960667,0.0969879,0.124966,0.123522,26959.4,30167.6,29161.5,31603.9,36082.4,37584.4,44720.3,46379.9,2.153,1.6518,0.182539,0,33.0701,999.9,35.6,40,26.1621,29.3646,28.2492,1,0.510244,0,20.2944,5.23526,11.9321,4.9736,3.2848,9999,9999,9999,162.6,4.97119,1.86646,1.8692,1.86691,1.8718,1.86996,1.8736,1.87195,0,0,0,0,11111111,oooooooo,on,on,on,on,0,100,100,-0.205,0.3237,-0.38593195,0.000859946,-1.19E-06,3.87E-10,0.3237002,0,0,0,2,2149,0,22,28.9,28.8,1.07544,2.40356,1.59424,2.323,1.49292,2.51221,46.2691,24.0087,18,613.963,417.739,34.9719,33.9455,30.0012,33.6269,33.6065,21.6031,-30,-30,-999.9,420,0,98.6846,99.242
92,1745825308,3729.5,20250428 10:28:27,10:28:27,15,B,2,5615.85,1745825300,0.001897261,1.89726147,10.39122228,596.1383667,244.5551775,24.69982019,60.20935895,0.051542226,1.998522798,0.050814981,0.031823848,193.8021646,37.52047522,36.22765333,6.043900173,39.39764208,2.43115151,6.170804602,3.612748662,-83.66923082,40.84660558,4.839401103,155.8189405,0,0,1,0,24605,RECT-24220-20250331-19_34_23,10063.9,425.8796,624.32,0.317850461,-0.387208687,MPF-24609-20250428-10_27_31,10057.8,240.8502,362.6079451,0.335783445,0.5,1009.17742,10.39122228,169.4325355,13.88533333,0.028533333,106.2128291,8756.437073,106.2128291,44.52755232,0.913687709,82.44236735,162.1128102,0.064098712,0.010680412,0.721749367,285.376868,DARK-24610-20250428-10_27_38,196.47,196.47,0.458175137,0.73287138,0.611691142,-1.924364793,1.318844625,0.597829024,0.402170976,24609,290,327.45,155,10057.8,326.23,1.22,300,24.1,362.6079451,1.254051072,-36.59059761,1.112208163,0.974782677,-0.007333011,290,321.58,665,10034.6,326.14,-4.56,None,None,None,None,None,None,None,None,None,None,None,None,None,1199.993333,1009.17742,0.840985855,0.161502701,2,0.5,0: Broadleaf,2,1745825300,596.1383667,599.9791333,24.07105333,23.45385333,596.2698667,23.71806,599.9975333,100.8989667,0.09999988,36.60676,36.22765333,999.9,0,0,4998.666667,0,1253.477,-3.840713667,610.8419,614.3887667,0.617200567,599.9791333,23.45385333,2.428746,2.366471,20.55671333,20.13614333,1199.993333,0.967001733,0.0329983,0,240.8304667,4.99998,3060.344333,11896.59333,44.63533333,46.4958,44.8645,46.0809,46.2227,1155.559333,39.434,0,117.8000002,0,240.8502,1.391999993,16.16384613,3060.4392,15,1745825269,10:27:48,1745825269,1745825268,3,0.082,0.029,-0.132,0.353,600,23,1.88,0.37,-3.833596829,-0.029792822,0.105194693,1,240.7930882,0.954331549,0.277110762,1,0.616499073,0.017261477,0.003386024,1,3,3,03-Mar,3.21748,2.75557,0.124676,0.125835,0.1256,0.123956,26088,29189.6,29143,31590.2,36037.3,37552,44691.7,46359.5,2.1508,1.6466,0.171959,0,33.4663,999.9,35.2,40.4,26.4213,29.5146,28.3894,1,0.540244,0,20.294,5.23526,11.9321,4.974,3.2846,9999,9999,9999,162.6,4.97122,1.86643,1.86917,1.86691,1.87167,1.86996,1.8736,1.87195,0,0,0,0,11111111,oooooooo,on,on,on,on,0,100,100,-0.132,0.353,-0.304193078,0.000859946,-1.19E-06,3.87E-10,0.35299,0,0,0,2,2149,0,22,0.7,0.7,1.43799,2.39014,1.59424,2.32178,1.49292,2.53906,46.5615,24.0175,18,614.635,416.048,35.1651,34.2504,30.0013,33.8764,33.8527,28.8184,-30,-30,-999.9,600,0,98.6217,99.1986
93,1745825409,3830.5,20250428 10:30:08,10:30:08,15,B,2,5615.85,1745825401,0.001911718,1.911718355,14.23114153,794.7336774,309.7847422,31.28328734,80.25534703,0.051048273,1.999538959,0.050335153,0.031522712,193.8031107,37.73485725,36.43915806,6.114418019,39.092252,2.441545999,6.245600788,3.67287202,-84.30677944,41.81354941,4.961816344,156.271697,0,0,1,0,24759,RECT-24220-20250331-19_34_23,10063.9,425.8796,624.32,0.317850461,-0.387208687,MPF-24611-20250428-10_29_12,10056.6,245.488,388.8109203,0.368618557,0.5,1009.180027,14.23114153,186.0012426,13.88533333,0.028533333,117.5635496,10629.71452,117.5635496,44.52755232,0.913687709,90.41675379,219.3679884,0.064873374,0.014485374,0.605716217,301.3606733,DARK-24612-20250428-10_29_19,198.49,198.49,0.489494791,0.753059202,0.55305892,-3.866415565,1.186800066,0.608888096,0.391111904,24611,290,345.72,155,10056.6,344.15,1.57,300,24.1,388.8109203,1.290724638,-44.91669749,1.144576798,0.982143061,-0.007332029,290,337.86,675,10032.6,344.04,-6.18,None,None,None,None,None,None,None,None,None,None,None,None,None,1199.996129,1009.180027,0.840986069,0.161503113,2,0.5,0: Broadleaf,2,1745825401,794.7336774,799.9840968,24.17756452,23.5557,794.91,23.82457419,599.9691613,100.8840323,0.09991911,36.82704194,36.43915806,999.9,0,0,5003.548387,0,1300.235161,-5.250625806,814.4244194,819.2829677,0.621864806,799.9840968,23.5557,2.439129677,2.376393548,20.62592903,20.2038,1199.996129,0.966991548,0.033008132,0,245.4884516,4.99998,3122.000323,11896.57742,45,46.909,45.25,46.4756129,46.56403226,1155.551935,39.44258065,0,99,0,245.488,1.83767521,15.89504277,3122.191923,15,1745825269,10:27:48,1745825269,1745825268,3,0.082,0.029,-0.132,0.353,600,23,1.88,0.37,-5.245817805,-0.018152822,0.149583806,1,245.4081765,0.963880824,0.267342199,1,0.622542293,-0.013057066,0.003438622,1,3,3,03-Mar,3.21669,2.75455,0.151762,0.153105,0.125879,0.124221,25265.4,28266.2,29127.7,31578.2,36009.9,37529.6,44667.1,46342.6,2.1468,1.642,0.167638,0,33.7389,999.9,34.9,40.6,26.4802,29.2946,28.4535,1,0.567439,0,20.2932,5.23526,11.9321,4.9736,3.2848,9999,9999,9999,162.6,4.97119,1.86643,1.8692,1.86691,1.87174,1.86996,1.8735,1.87195,0,0,0,0,11111111,oooooooo,on,on,on,on,0,100,100,-0.176,0.353,-0.304193078,0.000859946,-1.19E-06,3.87E-10,0.35299,0,0,0,2,2149,0,22,2.3,2.4,1.81885,2.38403,1.59424,2.32056,1.49292,2.53174,46.7969,24.0175,18,613.994,414.73,35.3666,34.5404,30.0011,34.1286,34.1002,36.4643,-30,-30,-999.9,800,0,98.5684,99.1619
94,1745825511,3932.5,20250428 10:31:50,10:31:50,15,B,2,5615.85,1745825503,0.001821498,1.821498378,16.32157171,993.9368387,401.4979368,40.54539256,100.3730172,0.048054722,1.999278464,0.047422147,0.029694982,193.8031677,37.85942018,36.51670323,6.14045079,38.65109311,2.426097737,6.276918818,3.714353054,-80.32807849,43.31813652,5.145241153,161.9384669,0,0,1,0,24694,RECT-24220-20250331-19_34_23,10063.9,425.8796,624.32,0.317850461,-0.387208687,MPF-24613-20250428-10_30_54,10052.8,249.95024,410.0033026,0.390370179,0.5,1009.178836,16.32157171,196.9766613,13.88533333,0.028533333,125.0828351,11709.18381,125.0828351,44.52755232,0.913687709,93.61143599,307.8865008,0.053011651,0.016556808,0.522719442,313.9378822,DARK-24614-20250428-10_31_01,198.05,198.05,0.51695511,0.75513361,0.502772181,-10.08125876,1.080005369,0.598335939,0.401664061,24613,290,360.95,185,10052.8,358.99,1.96,300,24.1,410.0033026,1.330942232,-51.27991845,1.18020953,0.985385373,-0.007331875,290,351.52,655,10033.3,358.89,-7.37,None,None,None,None,None,None,None,None,None,None,None,None,None,1199.994516,1009.178836,0.840986206,0.161503378,2,0.5,0: Broadleaf,2,1745825503,993.9368387,999.9814194,24.02426452,23.43162903,994.179,23.67126774,599.9432258,100.8853871,0.099920287,36.91859677,36.51670323,999.9,0,0,5002.419355,0,1328.393871,-6.044062258,1018.403226,1023.974839,0.592646968,999.9814194,23.43162903,2.423699032,2.363908387,20.52299032,20.11863226,1199.994516,0.966991387,0.033008152,0,249.9207742,4.99998,3176.747097,11896.56452,45.07419355,47.028,45.375,46.562,46.687,1155.546452,39.44806452,0,99.80000019,0,249.95024,-0.280307689,6.583846145,3176.8168,15,1745825269,10:27:48,1745825269,1745825268,3,0.082,0.029,-0.132,0.353,600,23,1.88,0.37,-6.049818293,0.387024878,0.16474847,1,249.8781176,0.554774636,0.202856913,1,0.595157415,-0.047026139,0.005404023,1,3,3,03-Mar,3.21783,2.75589,0.175546,0.176971,0.125188,0.123684,24553.6,27469.2,29125.9,31580,36038.1,37556.4,44664.2,46345.5,2.1474,1.6384,0.181794,0,33.5759,999.9,34.3,40.9,26.4417,29.4446,28.2171,1,0.573841,0,20.2932,5.23406,11.9321,4.9732,3.2844,9999,9999,9999,162.6,4.9711,1.86636,1.8692,1.86691,1.87164,1.86996,1.87347,1.87195,0,0,0,0,11111111,oooooooo,on,on,on,on,0,100,100,-0.243,0.353,-0.304193078,0.000859946,-1.19E-06,3.87E-10,0.35299,0,0,0,2,2149,0,22,4,4,2.18628,2.37549,1.59424,2.32178,1.49292,2.46704,47.0041,24.035,18,615.823,413.392,35.5372,34.6978,30,34.2805,34.246,43.8088,-30,-30,-999.9,1000,0,98.5621,99.1679
95,1745825610,4032,20250428 10:33:30,10:33:30,15,B,2,5615.67,1745825602,0.001670177,1.670177363,17.99018218,1193.299667,473.6030005,47.82658962,120.5048393,0.043535306,2.000924265,0.043015848,0.026931059,193.8053237,37.95211134,36.53655,6.147129022,38.02820447,2.391973087,6.289997438,3.755155935,-73.65482173,45.32462756,5.380650432,170.85578,0,0,1,0,24577,RECT-24220-20250331-19_34_23,10063.9,425.8796,624.32,0.317850461,-0.387208687,MPF-24615-20250428-10_32_33,10056.8,252.771,422.8509699,0.402222017,0.5,1009.19597,17.99018218,202.9604192,13.88533333,0.028533333,129.1798791,12486.00827,129.1798791,44.52755232,0.913687709,96.65598355,376.947017,0.047726023,0.018209933,0.476453986,321.4154448,DARK-24616-20250428-10_32_41,199.95,199.95,0.527138367,0.763029295,0.474748522,-56.15739214,1.015262165,0.603580741,0.396419259,24615,290,369.97,155,10056.8,368.16,1.81,300,24.1,422.8509699,1.245816931,-54.99837525,1.104774351,0.988828119,-0.007332212,290,360.26,655,10033.8,368.04,-7.78,None,None,None,None,None,None,None,None,None,None,None,None,None,1200.015667,1009.19597,0.840985662,0.161502328,2,0.5,0: Broadleaf,2,1745825602,1193.299667,1199.960667,23.68652333,23.14299,1193.610667,23.33352667,600.0061333,100.8846333,0.09992456,36.95671333,36.53655,999.9,0,0,5009.166667,0,1340.291333,-6.661714,1222.249667,1228.390333,0.543516467,1199.960667,23.14299,2.389608,2.334774333,20.29351667,19.91834667,1200.015667,0.9670062,0.032994007,0,252.7592,4.99998,3211.120667,11896.82667,45.02066667,46.937,45.312,46.531,46.67666667,1155.588667,39.427,0,97.20000005,0,252.771,0.030085475,-1.736410267,3211.081154,15,1745825269,10:27:48,1745825269,1745825268,3,0.082,0.029,-0.132,0.353,600,23,1.88,0.37,-6.64869,-0.01117621,0.147542219,1,252.7369706,0.324965623,0.230955749,1,0.5447886,-0.025846019,0.003573244,1,3,3,03-Mar,3.21676,2.75496,0.196951,0.198441,0.12393,0.122615,23927,26761.2,29140.7,31591.9,36108.7,37616.3,44688.1,46363.3,2.146,1.6392,0.200391,0,33.2963,999.9,33.7,41.2,26.3971,29.5746,28.3694,1,0.558577,0,20.2934,5.23526,11.9321,4.974,3.2844,9999,9999,9999,162.7,4.9711,1.86633,1.86914,1.86691,1.87164,1.86996,1.87347,1.87189,0,0,0,0,11111111,oooooooo,on,on,on,on,0,100,100,-0.31,0.353,-0.304193078,0.000859946,-1.19E-06,3.87E-10,0.35299,0,0,0,2,2149,0,22,5.7,5.7,2.53784,2.37305,1.59424,2.32178,1.49292,2.51953,47.1229,24.0612,18,614.675,413.819,35.6385,34.641,29.9992,34.2681,34.2336,50.8636,-30,-30,-999.9,1200,0,98.6138,99.2057
96,1745825693,4114.5,20250428 10:34:52,10:34:52,15,B,2,5615.4,1745825685,0.001531104,1.531104417,21.2442931,1492.152667,564.6622772,57.02946607,150.7036565,0.039736669,1.998014107,0.039302796,0.024602834,193.8047514,37.98553551,36.47960667,6.12798508,37.53879789,2.358771529,6.283556377,3.769213551,-67.52170481,49.37133974,5.867435891,181.5218222,0,0,1,0,24898,RECT-24220-20250331-19_34_23,10063.9,425.8796,624.32,0.317850461,-0.387208687,MPF-24617-20250428-10_33_56,10063.2,256.3373077,434.8316051,0.410490625,0.5,1009.192139,21.2442931,207.1319561,13.88533333,0.028533333,132.0382418,13772.46492,132.0382418,44.52755232,0.913687709,104.3066367,460.3556405,0.046147568,0.021434473,0.4357742,328.2908279,DARK-24618-20250428-10_34_03,199.95,199.95,0.540166819,0.759933062,0.446516943,19.93902993,0.954888193,0.592768244,0.407231756,24617,290,380.82,115,10063.2,379.55,1.27,300,24.1,434.8316051,1.27782061,-55.63147139,1.133280193,0.988513855,-0.007332678,290,371.96,635,10036.1,379.4,-7.44,None,None,None,None,None,None,None,None,None,None,None,None,None,1200.011,1009.192139,0.84098574,0.161502479,2,0.5,0: Broadleaf,2,1745825685,1492.152667,1499.995667,23.35475667,22.85630667,1492.531667,23.00176667,599.9983333,100.8975,0.099978263,36.93795,36.47960667,999.9,0,0,4996.666667,0,1281.216333,-7.842138667,1527.835,1535.082,0.498457,1499.995667,22.85630667,2.356438,2.306144667,20.06747333,19.71939333,1200.011,0.967007867,0.032992143,0,256.3202333,4.99998,3252.469667,11896.80333,44.8936,46.78513333,45.1684,46.375,46.55993333,1155.581667,39.43,0,80.4000001,0,256.3373077,-1.013264958,-4.556581215,3252.34,15,1745825269,10:27:48,1745825269,1745825268,3,0.082,0.029,-0.132,0.353,600,23,1.88,0.37,-7.841906829,0.311037909,0.191343619,1,256.3704118,-0.567272726,0.278838675,1,0.499744049,-0.028925728,0.003878118,1,3,3,03-Mar,3.21709,2.75516,0.225604,0.227161,0.122757,0.12163,23082.4,25809.1,29154.6,31602.9,36173.4,37670.7,44710.5,46379.4,2.1494,1.6406,0.21413,0,33.027,999.9,33.1,41.4,26.198,29.6446,28.2011,1,0.537012,0,20.2938,5.23766,11.9321,4.974,3.2848,9999,9999,9999,162.7,4.97107,1.8663,1.86905,1.86682,1.87164,1.86993,1.87347,1.8718,0,0,0,0,11111111,oooooooo,on,on,on,on,0,100,100,-0.38,0.353,-0.304193078,0.000859946,-1.19E-06,3.87E-10,0.35299,0,0,0,2,2149,0,22,7.1,7.1,3.04321,2.35718,1.59424,2.32056,1.49292,2.47192,47.1527,24.0787,18,616.166,414.018,35.683,34.4777,29.9988,34.1564,34.1261,60.9741,-30,-30,-999.9,1500,0,98.6622,99.2401
,,,,,,,,,,,,,,,,,,,,,,,,,,,,,,,,,,,,,,,,,,,,,,,,,,,,,,,,,,,,,,,,,,,,,,,,,,,,,,,,,,,,,,,,,,,,,,,,,,,,,,,,,,,,,,,,,,,,,,,,,,,,,,,,,,,,,,,,,,,,,,,,,,,,,,,,,,,,,,,,,,,,,,,,,,,,,,,,,,,,,,,,,,,,,,,,,,,,,,,,,,,,,,,,,,,,,,,,,,,,,,,,,,,,,,,,,,,,,,,,,,,,,,,,,,,,,,,,,,,,,,,,,,,,,,,,,,,,,,,,,,,,,,,,,,,,,,
97,1745826983,5404.9,20250428 10:56:23,10:56:23,15,B,6,5615.4,1745826975,0.008777943,8.777942934,16.82195557,413.1647097,299.2970264,30.22210596,41.72011926,0.300250299,1.996959597,0.27723773,0.175193955,193.8022508,35.51915196,34.35495484,5.449713838,37.43999507,2.376462626,6.347390327,3.073251212,-387.1072834,298.026386,35.10590064,139.8272541,0,0,1,0,24504,RECT-24220-20250331-19_34_23,10063.9,425.8796,624.32,0.317850461,-0.387208687,MPF-24621-20250428-10_55_26,10055.7,259.08636,438.9359041,0.409739879,0.5,1009.180559,16.82195557,206.7507599,13.88533333,0.028533333,131.7787175,12185.58201,131.7787175,44.52755232,0.913687709,92.47003037,206.826996,0.081333462,0.017052612,0.422348899,330.6248828,DARK-24622-20250428-10_55_33,198.07,198.07,0.548749605,0.746679132,0.4349187,13.77491996,0.934205413,0.570831809,0.429168191,24621,290,388.44,165,10055.7,386.75,1.69,300,24.1,438.9359041,1.132139745,-52.47669049,1.003983757,0.989855045,-0.007332258,290,381.52,645,10034.5,386.64,-5.12,None,None,None,None,None,None,None,None,None,None,None,None,None,1199.997419,1009.180559,0.840985608,0.161502223,2,0.5,0: Broadleaf,2,1745826975,413.1647097,419.9810645,23.5347,20.67752903,413.2889355,23.11389677,599.9890645,100.8769677,0.099999281,37.12317097,34.35495484,999.9,0,0,4993.387097,0,1365.07,-6.816359355,423.1228065,428.8486452,2.857167097,419.9810645,20.67752903,2.374110323,2.085888065,20.18826774,18.1118129,1199.997419,0.967008323,0.032991645,0,259.1289355,4.99998,3272.477097,11896.66774,45.167,47.22154839,45.47154839,46.812,46.85874194,1155.572258,39.42419355,0,1170.2,0,259.08636,-4.013000001,-37.64230775,3271.7776,15,1745825269,10:27:48,1745825269,1745825268,3,0.082,0.029,-0.132,0.353,600,23,1.88,0.37,-6.818024,0.100393171,0.078250366,1,259.3327353,-4.11081742,0.456789133,0,2.85929775,-0.036813996,0.004755177,1,2,3,02-Mar,3.21642,2.7556,0.0950968,0.0967675,0.123064,0.113511,26967,30158.4,29142.8,31590.5,36148.9,38006.2,44691.9,46363.7,2.1514,1.6196,0.0657439,0,33.2963,999.9,28.2,43.1,24.411,29.5946,28.8181,1,0.575041,0,20.2939,5.23646,11.9321,4.974,3.2846,9999,9999,9999,163.1,4.97086,1.8663,1.86905,1.86679,1.87152,1.86981,1.87332,1.8718,0,0,0,0,11111111,oooooooo,on,on,on,on,0,100,100,-0.125,0.4195,-0.304193078,0.000859946,-1.19E-06,3.87E-10,-0.183437907,-0.027663876,0.004005357,-7.26E-05,2,2149,0,22,28.6,28.6,1.08276,2.38525,1.59424,2.31812,1.49292,2.52686,47.5417,24.2013,18,620.214,402.577,36.104,34.8658,29.9992,34.4366,34.4015,21.7322,-30,-30,-999.9,420,0,98.6218,99.2045
98,1745827113,5534.4,20250428 10:58:32,10:58:32,15,B,6,5615.4,1745827105,0.007817141,7.817140674,10.28763848,295.7802333,215.8463418,21.79586702,29.86748156,0.261144078,2.001423739,0.243583851,0.153719113,193.8029438,35.70431784,34.22451,5.410287161,36.46353738,2.293273403,6.289223612,3.117013758,-344.7359037,294.5636705,34.57030507,178.2010157,0,0,1,0,24690,RECT-24220-20250331-19_34_23,10063.9,425.8796,624.32,0.317850461,-0.387208687,MPF-24623-20250428-10_57_36,10057.5,247.7932308,402.9837964,0.385103736,0.5,1009.18262,10.28763848,194.3199987,13.88533333,0.028533333,123.2622863,9478.709007,123.2622863,44.52755232,0.913687709,76.89869538,138.9476464,0.074039674,0.010577716,0.549243433,309.8058381,DARK-24624-20250428-10_57_43,197.01,197.01,0.511121783,0.7534481,0.517975717,-6.778122675,1.115378741,0.599034969,0.400965031,24623,290,359.63,165,10057.5,358.21,1.42,300,24.1,402.9837964,1.086092754,-45.02754644,0.963336849,0.987346019,-0.007333473,290,353.31,735,10032.1,358.1,-4.79,None,None,None,None,None,None,None,None,None,None,None,None,None,1199.999667,1009.18262,0.84098575,0.161502498,2,0.5,0: Broadleaf,2,1745827105,295.7802333,299.98,22.71048333,20.16404667,295.8112333,22.49248333,600.0235333,100.8786667,0.099959347,36.95446,34.22451,999.9,0,0,5011.5,0,1405.854333,-4.312444333,302.593,306.1533,2.723265,299.98,20.16404667,2.308842667,2.034122,19.73821333,17.71247333,1199.999667,0.9670038,0.032995813,0,247.8119,4.99998,3131.100333,11896.66333,44.833,46.79546667,45.1208,46.3874,46.52893333,1155.569667,39.43,0,127.2,0,247.7932308,-1.235213668,-25.82222224,3131.138462,15,1745827136,10:58:56,1745827127,1745827136,4,0.112,-0.06,-0.031,0.218,300,20,1.06,0.09,-4.308666341,-0.105032613,0.077361721,1,247.8587941,-1.585500382,0.301427757,0,2.727148293,-0.070288641,0.007673239,1,2,3,02-Mar,3.21583,2.75424,0.0729877,0.0742666,0.120791,0.111606,27647.4,30927.2,29164.6,31607.5,36267.1,38106,44726.5,46388,2.1534,1.6242,0.0981987,0,32.6583,999.9,27.5,43.2,23.9305,29.2646,28.4976,1,0.544228,0,20.2939,5.23646,11.9321,4.9736,3.2848,9999,9999,9999,163.1,4.97092,1.8663,1.86905,1.86676,1.87152,1.86981,1.87338,1.8718,0,0,0,0,11111111,oooooooo,on,on,on,on,0,100,100,-0.031,0.218,-0.304193078,0.000859946,-1.19E-06,3.87E-10,-0.183437907,-0.027663876,0.004005357,-7.26E-05,2,2149,0,22,30.7,30.7,0.828857,2.40845,1.59424,2.31812,1.49292,2.45483,47.4816,24.1926,18,620.238,404.477,36.0645,34.6127,29.9986,34.2774,34.2466,16.6391,-30,-30,-999.9,300,0,98.697,99.257
99,1745827254,5675.9,20250428 11:00:54,11:00:54,15,B,6,5615.4,1745827246,0.007494814,7.494813671,5.04112745,197.8118065,154.2522069,15.57605953,19.97461517,0.247317534,1.998712184,0.231487226,0.146017287,193.8073344,35.59097386,34.11122581,5.376248708,35.90559901,2.230042871,6.210849931,3.146205837,-330.5212829,281.6443797,33.04375758,177.9741887,0,0,1,0,24882,RECT-24220-20250331-19_34_23,10063.9,425.8796,624.32,0.317850461,-0.387208687,MPF-24625-20250428-10_59_57,10058.7,241.0033462,370.8929183,0.350207744,0.5,1009.202981,5.04112745,176.7153495,13.88533333,0.028533333,111.1991433,7072.652421,111.1991433,44.52755232,0.913687709,63.6034794,90.6487275,0.055611674,0.005378835,0.683289082,290.4836308,DARK-24626-20250428-11_00_05,197.94,197.94,0.466314965,0.751011162,0.594369064,-2.362200593,1.277094189,0.616817782,0.383182218,24625,290,336.32,175,10058.7,335.34,0.98,300,24.1,370.8929183,1.391960353,-35.76074251,1.234956629,0.967686567,-0.007335057,290,332.26,675,10037.6,335.27,-3.01,None,None,None,None,None,None,None,None,None,None,None,None,None,1200.023548,1009.202981,0.840985981,0.161502943,2,0.5,0: Broadleaf,2,1745827246,197.8118065,199.9863226,22.08447097,19.64142581,197.8775161,21.78064194,600.0130323,100.877871,0.100000529,36.72498387,34.11122581,999.9,0,0,5000.483871,0,1127.469161,-2.17454,202.2790645,203.9930323,2.443046774,199.9863226,19.64142581,2.227832903,1.981383871,19.16386774,17.29634516,1200.023548,0.966998419,0.03300131,0,241.0148387,4.99998,3042.419355,11896.88387,44.33435484,46.19316129,44.59248387,45.897,46.07622581,1155.583548,39.44,0,139.2,0,241.0033462,-0.719487179,-20.16923077,3042.327308,15,1745827136,10:58:56,1745827127,1745827136,4,0.112,-0.06,-0.031,0.218,300,20,1.06,0.09,-2.176206,-0.000303265,0.072441799,1,241.0532353,-0.530542393,0.214218149,1,2.44688375,-0.093218274,0.009471872,1,3,3,03-Mar,3.21597,2.75563,0.0518416,0.0527053,0.118154,0.109686,28309,31675.2,29194.8,31633.9,36409.5,38217.4,44774.2,46426.4,2.159,1.6286,0.128895,0,32.0245,999.9,26.9,43.4,23.6536,29.5446,28.8942,1,0.498232,0,20.2945,5.23526,11.9321,4.974,3.285,9999,9999,9999,163.1,4.97089,1.8663,1.86905,1.86676,1.87155,1.86981,1.87338,1.8718,0,0,0,0,11111111,oooooooo,on,on,on,on,0,100,100,-0.066,0.3016,-0.192380471,0.000859946,-1.19E-06,3.87E-10,-0.243864643,-0.027663876,0.004005357,-7.26E-05,2,2149,0,22,2.1,2,0.606689,2.41333,1.59424,2.31812,1.49292,2.50366,47.3917,24.2013,18,621.135,405.022,35.9156,34.1749,29.9985,33.923,33.8985,12.2023,-30,-30,-999.9,200,0,98.8011,99.3394
100,1745827352,5773.4,20250428 11:02:31,11:02:31,15,B,6,5615.4,1745827344,0.006917762,6.917761523,2.533292499,148.8081333,122.6668799,12.38708839,15.02687198,0.22379663,1.999046923,0.21075102,0.132828069,193.8084172,35.60139861,34.06672667,5.3629291,35.35620087,2.17194157,6.143028711,3.19098753,-305.0732832,264.8662963,31.03298645,184.6344168,0,0,1,0,24319,RECT-24220-20250331-19_34_23,10063.9,425.8796,624.32,0.317850461,-0.387208687,MPF-24627-20250428-11_01_35,10061.2,237.5700385,355.0354809,0.330855503,0.5,1009.20868,2.533292499,166.9511225,13.88533333,0.028533333,104.5092962,5881.427888,104.5092962,44.52755232,0.913687709,56.27660027,66.39027963,0.038157581,0.002893853,0.758472135,280.6656182,DARK-24628-20250428-11_01_42,197.14,197.14,0.444731553,0.743944296,0.630377169,-1.658083183,1.357004517,0.6173387,0.3826613,24627,290,324.27,165,10061.2,323.72,0.55,300,24.1,355.0354809,1.215154528,-31.5111367,1.078250978,0.96825613,-0.007335824,290,321.21,705,10037.7,323.64,-2.43,None,None,None,None,None,None,None,None,None,None,None,None,None,1200.030333,1009.20868,0.840985975,0.161502932,2,0.5,0: Broadleaf,2,1745827344,148.8081333,149.9957,21.50830667,19.25199,148.8975,21.22872667,600.0019667,100.8815333,0.09998994,36.52436667,34.06672667,999.9,0,0,5001.666667,0,657.9460667,-1.18761,152.079,152.9401,2.256317333,149.9957,19.25199,2.169792,1.942170333,18.74098667,16.98058667,1200.030333,0.9669968,0.033002973,0,237.5732333,4.99998,2997.857,11896.94667,44.02686667,45.65186667,44.25,45.44756667,45.75,1155.590333,39.44,0,95.4000001,0,237.5700385,-0.406256432,-12.76170939,2997.763077,15,1745827136,10:58:56,1745827127,1745827136,4,0.112,-0.06,-0.031,0.218,300,20,1.06,0.09,-1.175108049,-0.104192404,0.071395463,1,237.6601471,-0.886524073,0.266655223,1,2.261960976,-0.09982453,0.010155847,1,3,3,03-Mar,3.21543,2.75507,0.0401908,0.0407643,0.116173,0.108229,28679.4,32091.1,29216.4,31649.2,36515.4,38296.6,44808.4,46448.9,2.1614,1.6318,0.147223,0,31.6904,999.9,26.4,43.4,23.2167,29.4046,28.7099,1,0.466159,0,20.2948,5.23646,11.9321,4.9736,3.2846,9999,9999,9999,163.2,4.97086,1.8663,1.86905,1.86676,1.87161,1.86981,1.87335,1.8718,0,0,0,0,11111111,oooooooo,on,on,on,on,0,100,100,-0.089,0.2779,-0.192380471,0.000859946,-1.19E-06,3.87E-10,-0.243864643,-0.027663876,0.004005357,-7.26E-05,2,2149,0,22,3.8,3.6,0.493164,2.43042,1.59424,2.31689,1.49292,2.42554,47.3019,24.1926,18,620.042,405.075,35.741,33.8204,29.9986,33.6148,33.5921,9.92883,-30,-30,-999.9,150,0,98.8757,99.3875
101,1745827422,5843.9,20250428 11:03:42,11:03:42,15,B,6,5615.4,1745827414,0.006551984,6.551983882,0.141727609,99.72619,93.48087608,9.439075075,10.0696852,0.208269209,1.997842645,0.19691535,0.124040586,193.8055444,35.64982269,34.09232,5.370586258,34.92941797,2.135770649,6.1145326,3.23481561,-288.9424892,252.8093421,29.62960369,187.302001,0,0,1,0,24673,RECT-24220-20250331-19_34_23,10063.9,425.8796,624.32,0.317850461,-0.387208687,MPF-24629-20250428-11_02_45,10053,235.4327692,339.7018293,0.306942887,0.5,1009.19356,0.141727609,154.8823922,13.88533333,0.028533333,96.24297995,4661.424812,96.24297995,44.52755232,0.913687709,48.43392021,45.04695587,0.003146219,0.000524118,0.837847036,270.9955976,DARK-24630-20250428-11_02_52,197.46,197.46,0.418725532,0.73304077,0.666771707,-1.209929883,1.434275333,0.614809191,0.385190809,24629,290,314.63,255,10053,313.89,0.74,300,24.1,339.7018293,1.072865056,-25.95121031,0.952069671,0.963682638,-0.007336499,290,312.3,675,10040,313.85,-1.55,None,None,None,None,None,None,None,None,None,None,None,None,None,1200.012333,1009.19356,0.84098599,0.16150296,2,0.5,0: Broadleaf,2,1745827414,99.72619,99.99122667,21.15183,19.01409,99.84417667,20.88742333,600.0166,100.8733,0.100027067,36.4395,34.09232,999.9,0,0,4997.166667,0,752.2635333,-0.265045437,101.8812,101.9293667,2.137745667,99.99122667,19.01409,2.133655,1.918012667,18.47268,16.78326333,1200.012333,0.966995,0.033004773,0,235.4394667,4.99998,2968.403667,11896.75333,43.8309,45.3058,44.03926667,45.1229,45.54753333,1155.572333,39.44,0,68.5999999,0,235.4327692,-1.705914519,-12.71179488,2968.276154,15,1745827136,10:58:56,1745827127,1745827136,4,0.112,-0.06,-0.031,0.218,300,20,1.06,0.09,-0.24370119,-0.424923645,0.071903691,1,235.4858529,-0.838823527,0.240238746,1,2.14217175,-0.097389681,0.009795709,1,3,3,03-Mar,3.21552,2.75509,0.0276493,0.0278984,0.114921,0.107384,29065.9,32529.1,29227.6,31656.1,36579.7,38339.9,44826.6,46458.9,2.1646,1.6346,0.154048,0,31.5986,999.9,26.1,43.4,22.9531,29.5446,29.0825,1,0.448415,0,20.2947,5.23526,11.9321,4.9736,3.2844,9999,9999,9999,163.2,4.97089,1.8663,1.86908,1.86676,1.87161,1.86981,1.87335,1.8718,0,0,0,0,11111111,oooooooo,on,on,on,on,0,100,100,-0.118,0.2627,-0.192380471,0.000859946,-1.19E-06,3.87E-10,-0.243864643,-0.027663876,0.004005357,-7.26E-05,2,2149,0,22,4.9,4.8,0.378418,2.43896,1.59424,2.31689,1.49292,2.53174,47.1825,24.2101,18,620.411,405.453,35.6005,33.589,29.9992,33.3998,33.379,7.62897,-30,-30,-999.9,100,0,98.9149,99.4089
102,1745827499,5920.4,20250428 11:04:58,11:04:58,15,B,6,5615.4,1745827491,0.006196456,6.196455959,-1.98814522,50.55230333,64.63019333,6.525597409,5.104177515,0.193928105,1.998598926,0.18404772,0.115875574,193.8074596,35.669394,34.11882333,5.378525694,34.63811792,2.105139849,6.077523766,3.273385845,-273.2637078,238.1180026,27.88571989,186.5474743,0,0,1,0,24622,RECT-24220-20250331-19_34_23,10063.9,425.8796,624.32,0.317850461,-0.387208687,MPF-24631-20250428-11_04_02,10052.9,233.5362692,325.98732,0.283603211,0.5,1009.20364,-1.98814522,143.1066965,13.88533333,0.028533333,88.17472245,3543.460863,88.17472245,44.52755232,0.913687709,40.18681051,24.44338282,-0.081336746,-0.001586336,0.915166516,262.1958595,DARK-24632-20250428-11_04_09,195.67,195.67,0.399761929,0.709430264,0.69598199,-0.925507464,1.50338681,0.594401119,0.405598881,24631,290,304.58,265,10052.9,304.35,0.23,300,24.1,325.98732,1.312759652,-21.75402152,1.16503607,0.925662122,-0.007336869,290,303.75,655,10041.7,304.32,-0.57,None,None,None,None,None,None,None,None,None,None,None,None,None,1200.024333,1009.20364,0.84098598,0.161502941,2,0.5,0: Broadleaf,2,1745827491,50.55230333,49.99401,20.84952333,18.82712667,50.70408,20.59807,600.0072,100.8682333,0.100014973,36.32876667,34.11882333,999.9,0,0,5000.5,0,782.7967333,0.5582951,51.62872667,50.95330333,2.022391333,49.99401,18.82712667,2.103054667,1.899059333,18.24234,16.62691,1200.024333,0.9669944,0.033005373,0,233.5237667,4.99998,2945.189,11896.87333,43.6975,45.0641,43.87913333,44.8645,45.38326667,1155.584333,39.44,0,74.5999999,0,233.5362692,-0.102256412,-14.22017095,2945.093077,15,1745827136,10:58:56,1745827127,1745827136,4,0.112,-0.06,-0.031,0.218,300,20,1.06,0.09,0.563523244,-0.141762,0.060739527,1,233.5682059,-0.896027502,0.229908905,1,2.025596098,-0.055412613,0.006242843,1,3,3,03-Mar,3.21569,2.75501,0.0143281,0.0142549,0.113927,0.10672,29471.9,32989.1,29234.9,31659.2,36629.3,38371.2,44839.4,46463.3,2.1668,1.6362,0.155717,0,31.5902,999.9,25.9,43.5,22.8966,29.4346,29.0745,1,0.435569,0,20.2949,5.23766,11.9321,4.9736,3.2848,9999,9999,9999,163.2,4.97089,1.86627,1.86905,1.86676,1.87149,1.86981,1.87332,1.8718,0,0,0,0,11111111,oooooooo,on,on,on,on,0,100,100,-0.152,0.2506,-0.192380471,0.000859946,-1.19E-06,3.87E-10,-0.243864643,-0.027663876,0.004005357,-7.26E-05,2,2149,0,22,6.2,6,0.263672,2.4646,1.59424,2.31567,1.49292,2.50122,47.0932,24.2101,18,620.2,405.237,35.4542,33.398,29.9994,33.2039,33.1892,5.32847,-30,-30,-999.9,50,0,98.9418,99.4185
103,1745827592,6014,20250428 11:06:32,11:06:32,15,B,6,5615.4,1745827584,0.005885735,5.885734557,14.99455771,414.2082581,258.5950459,26.10981314,41.82176106,0.182078029,1.996137188,0.173328795,0.109081538,193.8042453,35.69191024,34.12096129,5.379166593,34.34840104,2.077190628,6.047415791,3.301975964,-259.560894,227.8534348,26.70503851,188.8018246,0,0,1,0,24513,RECT-24220-20250331-19_34_23,10063.9,425.8796,624.32,0.317850461,-0.387208687,MPF-24633-20250428-11_05_35,10068.1,239.36936,384.8125539,0.377958547,0.5,1009.186723,14.99455771,190.7153739,13.88533333,0.028533333,120.7922767,11045.42626,120.7922767,44.52755232,0.913687709,91.44149416,167.1535517,0.089705289,0.015241745,0.622400292,298.9530724,DARK-24634-20250428-11_05_43,190.87,190.87,0.503992273,0.74992925,0.552560725,-3.541603495,1.206949019,0.597983785,0.402016215,24633,290,340.69,125,10068.1,339.48,1.21,300,24.1,384.8125539,1.22725963,-45.63714226,1.089211007,0.98430096,-0.007337402,290,334.44,675,10041.2,339.36,-4.92,None,None,None,None,None,None,None,None,None,None,None,None,None,1200.004194,1009.186723,0.840985997,0.161502973,2,0.5,0: Broadleaf,2,1745827584,414.2082581,420.0187097,20.57277097,18.65134516,414.2207742,20.33326452,600.0386452,100.8679355,0.100020239,36.23824839,34.12096129,999.9,0,0,4990.483871,0,608.7354839,-5.810366452,422.9088065,428.0014839,1.921426129,420.0187097,18.65134516,2.075134839,1.881324839,18.02958065,16.47937742,1200.004194,0.966994355,0.033005426,0,239.361129,4.99998,3013.547419,11896.67419,43.625,44.937,43.754,44.687,45.284,1155.564194,39.44,0,91.4000001,0,239.36936,-0.543307673,0.272307679,3013.5344,15,1745827136,10:58:56,1745827127,1745827136,4,0.112,-0.06,-0.031,0.218,300,20,1.06,0.09,-5.810584146,0.067006436,0.088421063,1,239.4178824,-0.826279596,0.21349704,1,1.926076829,-0.091795931,0.009213621,1,3,3,03-Mar,3.21572,2.75515,0.0955351,0.0970462,0.112937,0.10611,27048.4,30220.2,29237.4,31658.4,36673.2,38397.8,44843.2,46463.2,2.1688,1.639,0.14773,0,31.7161,999.9,25.6,43.5,22.6324,29.7827,29.0425,1,0.429309,0,20.2953,5.23526,11.9321,4.9736,3.2844,9999,9999,9999,163.2,4.97092,1.8663,1.86905,1.86679,1.87161,1.86981,1.87341,1.8718,0,0,0,0,11111111,oooooooo,on,on,on,on,0,100,100,-0.013,0.2387,-0.192380471,0.000859946,-1.19E-06,3.87E-10,-0.243864643,-0.027663876,0.004005357,-7.26E-05,2,2149,0,22,7.8,7.6,1.08521,2.4231,1.59424,2.31567,1.49292,2.46216,47.0041,24.2013,18,620.203,405.962,35.3036,33.265,30,33.0468,33.032,21.7712,-30,-30,-999.9,420,0,98.9502,99.4174
104,1745827722,6143.5,20250428 11:08:41,11:08:41,15,B,6,5615.4,1745827714,0.005671728,5.67172814,21.60850024,591.6593667,356.0109194,35.94421933,59.73618472,0.171684079,1.998504523,0.16389103,0.103102586,193.8054912,35.84290193,34.29672,5.432081722,34.05873712,2.067830735,6.071366439,3.364250987,-250.123211,216.9484701,25.42744214,186.0581925,0,0,1,0,24738,RECT-24220-20250331-19_34_23,10063.9,425.8796,624.32,0.317850461,-0.387208687,MPF-24635-20250428-11_07_45,10056.5,250.49996,430.0844874,0.417556393,0.5,1009.19328,21.60850024,210.6975531,13.88533333,0.028533333,134.4807965,14010.96392,134.4807965,44.52755232,0.913687709,104.1856108,251.8253086,0.0858075,0.021795338,0.451621759,325.5777109,DARK-24636-20250428-11_07_52,193.21,193.21,0.550762686,0.758142126,0.450547453,42.70852206,0.978810326,0.584753148,0.415246852,24635,290,376.85,225,10056.5,375.68,1.17,300,24.1,430.0844874,1.297953322,-54.71364207,1.151913535,0.987741151,-0.007337394,290,369.23,665,10041.4,375.6,-6.37,None,None,None,None,None,None,None,None,None,None,None,None,None,1200.012,1009.19328,0.84098599,0.161502961,2,0.5,0: Broadleaf,2,1745827714,591.6593667,599.9806333,20.48091,18.62908667,591.6785333,20.24538333,600.0103667,100.8638333,0.099978083,36.31028667,34.29672,999.9,0,0,5000.333333,0,1150.703333,-8.321288,604.0305,611.3699,1.851819333,599.9806333,18.62908667,2.065782667,1.879002,17.95777333,16.45997667,1200.012,0.966997,0.033002757,0,250.4882667,4.99998,3148.619,11896.76,43.687,45.26446667,43.875,44.9184,45.3645,1155.572,39.44,0,127.2,0,250.49996,3.177615382,40.91692303,3148.8096,15,1745827136,10:58:56,1745827127,1745827136,4,0.112,-0.06,-0.031,0.218,300,20,1.06,0.09,-8.30205575,-0.49734788,0.120730513,1,250.2412941,3.783498854,0.452653063,0,1.85299175,-0.019382477,0.003730604,1,2,3,02-Mar,3.21587,2.75541,0.124155,0.125952,0.112666,0.106075,26185.4,29244.2,29229.9,31649.6,36675.7,38388.7,44831.6,46449.7,2.1686,1.638,0.128299,0,32.2232,999.9,25.5,43.5,22.542,29.3628,28.778,1,0.438862,0,20.2952,5.23766,11.9321,4.974,3.2844,9999,9999,9999,163.3,4.97092,1.8663,1.86905,1.86679,1.87161,1.86981,1.87344,1.8718,0,0,0,0,11111111,oooooooo,on,on,on,on,0,100,100,-0.019,0.2355,-0.192380471,0.000859946,-1.19E-06,3.87E-10,-0.243864643,-0.027663876,0.004005357,-7.26E-05,2,2149,0,22,9.9,9.8,1.4502,2.40479,1.59424,2.31689,1.49292,2.5354,46.9448,24.2013,18,619.806,405.171,35.2222,33.3085,30.0008,33.0203,33.0056,29.0599,-30,-30,-999.9,600,0,98.9247,99.3891
105,1745827851,6273,20250428 11:10:51,11:10:51,15,B,6,5615.4,1745827843,0.005433634,5.433633869,27.39489668,789.4521333,468.1498083,47.26803967,79.70921721,0.159226677,2.000147127,0.152504982,0.095895885,193.8017421,36.07300559,34.6047,5.525896215,33.72586212,2.063698989,6.119039987,3.462197226,-239.6232536,199.3000087,23.39094176,176.869439,0,0,1,0,25188,RECT-24220-20250331-19_34_23,10063.9,425.8796,624.32,0.317850461,-0.387208687,MPF-24637-20250428-11_09_54,10057.2,259.32436,460.4572336,0.436811193,0.5,1009.176191,27.39489668,220.4097281,13.88533333,0.028533333,141.1369594,16368.57912,141.1369594,44.52755232,0.913687709,115.9765606,352.1732477,0.077788125,0.02752949,0.355869676,342.6895426,DARK-24638-20250428-11_10_02,196.23,196.23,0.573836644,0.761211745,0.382776441,5.816849008,0.825753054,0.576006746,0.423993254,24637,290,404.53,205,10057.2,403.33,1.2,300,24.1,460.4572336,1.205758247,-57.45893641,1.069936743,0.990384697,-0.007336748,290,397.07,675,10039.4,403.22,-6.15,None,None,None,None,None,None,None,None,None,None,None,None,None,1199.992,1009.176191,0.840985766,0.161502528,2,0.5,0: Broadleaf,2,1745827843,789.4521333,800.0137,20.43918667,18.66498333,789.5151333,20.20546,599.9960333,100.8678,0.099964663,36.45294667,34.6047,999.9,0,0,5006.833333,0,1275.395667,-10.56152,805.9246,815.2298333,1.774199667,800.0137,18.66498333,2.061656667,1.882697667,17.92598667,16.49084,1199.992,0.967,0.03299968,0,259.2936,4.99998,3261.723667,11896.55,44.0248,45.854,44.2206,45.4664,45.67873333,1155.560333,39.43033333,0,127.2,0,259.32436,2.616461518,37.38307687,3261.9268,15,1745827136,10:58:56,1745827127,1745827136,4,0.112,-0.06,-0.031,0.218,300,20,1.06,0.09,-10.561475,0.308510319,0.13177686,1,259.2157647,2.196516419,0.324407429,0,1.77687925,-0.050019625,0.005804728,1,2,3,02-Mar,3.21592,2.75518,0.151268,0.153285,0.112464,0.106165,25355.2,28314.2,29209.4,31634.3,36660.3,38367.9,44799.4,46427.5,2.166,1.6346,0.113279,0,32.794,999.9,25.5,43.5,22.5436,29.2828,28.9463,1,0.465793,0,20.2949,5.23406,11.9321,4.9732,3.2848,9999,9999,9999,163.3,4.97083,1.8663,1.86905,1.86676,1.87155,1.86981,1.87344,1.8718,0,0,0,0,11111111,oooooooo,on,on,on,on,0,100,100,-0.063,0.2337,-0.192380471,0.000859946,-1.19E-06,3.87E-10,-0.243864643,-0.027663876,0.004005357,-7.26E-05,2,2149,0,22,12.1,11.9,1.83472,2.39624,1.59424,2.31689,1.49292,2.44995,47.0337,24.2101,18,619.476,404.143,35.2771,33.5504,30.0013,33.1902,33.1738,36.7818,-30,-30,-999.9,800,0,98.8541,99.3413
106,1745827935,6357,20250428 11:12:15,11:12:15,15,B,6,5615.4,1745827927,0.005205839,5.205839284,30.61090013,988.0693871,600.302457,60.61025979,99.7616144,0.148416295,1.998569768,0.142553849,0.089603578,193.8033574,36.29808062,34.8667129,5.606814225,33.39943,2.059673413,6.166792108,3.547140812,-229.5775124,186.2043578,21.91416823,172.344371,0,0,1,0,26323,RECT-24220-20250331-19_34_23,10063.9,425.8796,624.32,0.317850461,-0.387208687,MPF-24639-20250428-11_11_18,10049.7,262.1868462,467.3207053,0.438957352,0.5,1009.184797,30.61090013,221.4945428,13.88533333,0.028533333,141.8788618,17547.22032,141.8788618,44.52755232,0.913687709,123.6774816,476.6249754,0.064224289,0.030715989,0.335956214,346.4767092,DARK-24640-20250428-11_11_26,196.77,196.77,0.57894012,0.758208554,0.367206864,4.950009365,0.791165986,0.569031969,0.430968031,24639,290,415.6,275,10049.7,414.62,0.98,300,24.1,467.3207053,1.252400933,-52.96084569,1.111178254,0.98782426,-0.007335824,290,409.93,635,10040.2,414.57,-4.64,None,None,None,None,None,None,None,None,None,None,None,None,None,1200.002258,1009.184797,0.840985748,0.161502494,2,0.5,0: Broadleaf,2,1745827927,988.0693871,999.9874839,20.39963226,18.69976774,988.197871,20.16762258,600.0057097,100.8661613,0.10004179,36.59487742,34.8667129,999.9,0,0,5000.483871,0,1349.419677,-11.91757419,1008.645484,1019.042258,1.699866452,999.9874839,18.69976774,2.057630968,1.886171935,17.89492258,16.51982258,1200.002258,0.967002677,0.032996968,0,262.185871,4.99998,3302.392581,11896.68387,44.31809677,46.22967742,44.526,45.875,45.9756129,1155.572258,39.43,0,82.20000005,0,262.1868462,0.163145307,13.25709403,3302.558077,15,1745827136,10:58:56,1745827127,1745827136,4,0.112,-0.06,-0.031,0.218,300,20,1.06,0.09,-11.9343175,0.467769231,0.152161067,1,262.1560882,0.529824298,0.191447023,1,1.702789,-0.061555272,0.006517901,1,3,3,03-Mar,3.21549,2.75515,0.175078,0.177151,0.112253,0.106284,24629.1,27502.5,29194.3,31621.1,36651.4,38348.1,44774.9,46408.2,2.164,1.632,0.109911,0,33.1411,999.9,25.4,43.5,22.455,28.9828,28.9784,1,0.489512,0,20.2946,5.23526,11.9321,4.9736,3.2848,9999,9999,9999,163.3,4.97089,1.8663,1.86905,1.86682,1.87149,1.86981,1.87338,1.8718,0,0,0,0,11111111,oooooooo,on,on,on,on,0,100,100,-0.129,0.2319,-0.192380471,0.000859946,-1.19E-06,3.87E-10,-0.243864643,-0.027663876,0.004005357,-7.26E-05,2,2149,0,22,13.5,13.3,2.20459,2.38403,1.59424,2.31689,1.49292,2.44385,47.1229,24.2013,18,619.7,403.671,35.3548,33.7772,30.0016,33.3722,33.3522,44.1888,-30,-30,-999.9,1000,0,98.8013,99.3
107,1745828018,6440,20250428 11:13:38,11:13:38,15,B,6,5615.4,1745828010,0.004969881,4.96988115,33.71422989,1186.779677,724.4788805,73.15261117,119.8323852,0.137465849,1.998214099,0.132419897,0.083200362,193.8050049,36.55787061,35.16865484,5.701339162,33.04596062,2.057304412,6.225585136,3.64403475,-219.1717587,172.3282087,20.33157542,167.2930303,0,0,1,0,25163,RECT-24220-20250331-19_34_23,10063.9,425.8796,624.32,0.317850461,-0.387208687,MPF-24641-20250428-11_12_41,10052.3,262.3442308,474.7465287,0.447401477,0.5,1009.193468,33.71422989,225.7573238,13.88533333,0.028533333,144.7978987,18782.66731,144.7978987,44.52755232,0.913687709,129.7164357,594.7624448,0.056685203,0.033790784,0.315059642,350.541908,DARK-24642-20250428-11_12_49,196.68,196.68,0.58571577,0.763854244,0.349764922,4.346544864,0.753745061,0.57266307,0.42733693,24641,290,420.22,225,10052.3,420.17,0.05,300,24.1,474.7465287,1.236471546,-54.85756605,1.09684641,0.988930138,-0.00733471,290,415.72,625,10039,420.1,-4.38,None,None,None,None,None,None,None,None,None,None,None,None,None,1200.012581,1009.193468,0.84098574,0.161502478,2,0.5,0: Broadleaf,2,1745828010,1186.779677,1199.983548,20.37485161,18.75200968,1186.977097,20.14392581,600.0116774,100.8727097,0.10002139,36.76831935,35.16865484,999.9,0,0,4998.709677,0,1362.255484,-13.20335161,1211.462258,1222.914516,1.622842258,1199.983548,18.75200968,2.055267419,1.891567097,17.87666452,16.56473226,1200.012581,0.967006419,0.032993394,0,262.3258065,4.99998,3311.589032,11896.8129,44.675,46.635,44.86480645,46.296,46.296,1155.582581,39.43,0,81,0,262.3442308,1.086632472,3.92068379,3311.557692,15,1745827136,10:58:56,1745827127,1745827136,4,0.112,-0.06,-0.031,0.218,300,20,1.06,0.09,-13.2179275,0.343626642,0.173178157,1,262.3078824,0.361680667,0.284153931,1,1.625667,-0.057790244,0.006105222,1,3,3,03-Mar,3.2154,2.75497,0.196396,0.198541,0.112107,0.106435,23975.8,26775.3,29176.7,31609.7,36638.1,38328.7,44748,46390.9,2.1614,1.629,0.105768,0,33.4814,999.9,25.4,43.6,22.5726,29.2728,28.9623,1,0.516402,0,20.2939,5.23646,11.9333,4.9736,3.2846,9999,9999,9999,163.3,4.97092,1.8663,1.86905,1.86679,1.87155,1.86981,1.87338,1.8718,0,0,0,0,11111111,oooooooo,on,on,on,on,0,100,100,-0.2,0.2307,-0.192380471,0.000859946,-1.19E-06,3.87E-10,-0.243864643,-0.027663876,0.004005357,-7.26E-05,2,2149,0,22,14.9,14.7,2.55981,2.38403,1.59424,2.31567,1.49292,2.47559,47.2421,24.2013,18,619.879,403.22,35.4681,34.0369,30.0019,33.5979,33.574,51.2997,-30,-30,-999.9,1200,0,98.742,99.2634
108,1745828106,6528,20250428 11:15:06,11:15:06,15,B,6,5615.4,1745828098,0.004717023,4.717022849,37.60798225,1485.169677,920.6986748,92.95644132,149.947091,0.126366213,1.998134823,0.122088425,0.076677544,193.8003208,36.84814729,35.49724516,5.805777301,32.68360463,2.056852105,6.293222943,3.748925196,-208.0207076,158.2304503,18.71676761,162.7268312,0,0,1,0,24335,RECT-24220-20250331-19_34_23,10063.9,425.8796,624.32,0.317850461,-0.387208687,MPF-24643-20250428-11_14_09,10053.7,258.3192692,465.4508217,0.445012755,0.5,1009.170765,37.60798225,224.5469311,13.88533333,0.028533333,143.972145,20132.93262,143.972145,44.52755232,0.913687709,139.8390822,780.8595926,0.048162285,0.037649912,0.341323231,345.4477878,DARK-24644-20250428-11_14_17,194.85,194.85,0.581373604,0.765450567,0.369919152,5.234398726,0.800588884,0.577378697,0.422621303,24643,290,416.29,195,10053.7,415.97,0.32,300,24.1,465.4508217,1.652477429,-49.74596019,1.465616903,0.976272372,-0.007333553,290,412.28,635,10036.5,415.89,-3.61,None,None,None,None,None,None,None,None,None,None,None,None,None,1199.985806,1009.170765,0.840985584,0.161502178,2,0.5,0: Broadleaf,2,1745828098,1485.169677,1500.040968,20.37234839,18.83202903,1485.436452,20.14154194,599.9958387,100.8629355,0.100000448,36.96610323,35.49724516,999.9,0,0,4998.870968,0,1313.775161,-14.87060645,1516.055484,1528.831935,1.540310968,1500.040968,18.83202903,2.054814516,1.899454516,17.87316452,16.63019677,1199.985806,0.96700771,0.032992503,0,258.2993871,4.99998,3271.305484,11896.54194,45.062,47.07625806,45.262,46.74390323,46.661,1155.562903,39.42290323,0,86,0,258.3192692,1.970222221,10.9637607,3271.395769,15,1745827136,10:58:56,1745827127,1745827136,4,0.112,-0.06,-0.031,0.218,300,20,1.06,0.09,-14.8757375,0.347429268,0.137216799,1,258.3455882,-0.057387319,0.300961314,1,1.5430635,-0.049506417,0.005440561,1,3,3,03-Mar,3.21575,2.75544,0.224881,0.227063,0.112051,0.10667,23106.2,25807.2,29156.6,31596.1,36618.1,38304.5,44716.9,46371.7,2.1578,1.6252,0.106722,0,33.807,999.9,25.4,43.6,22.5753,29.7628,28.8662,1,0.546585,0,20.2939,5.23526,11.9333,4.9736,3.2846,9999,9999,9999,163.4,4.97086,1.8663,1.86905,1.86676,1.87152,1.86981,1.87335,1.8718,0,0,0,0,11111111,oooooooo,on,on,on,on,0,100,100,-0.27,0.2309,-0.192380471,0.000859946,-1.19E-06,3.87E-10,-0.243864643,-0.027663876,0.004005357,-7.26E-05,2,2149,0,22,16.3,16.2,3.06763,2.36694,1.59424,2.31812,1.49292,2.40845,47.3917,24.1926,18,619.752,402.565,35.6146,34.3398,30.0016,33.8715,33.8436,61.4617,-30,-30,-999.9,1500,0,98.6735,99.2217
,,,,,,,,,,,,,,,,,,,,,,,,,,,,,,,,,,,,,,,,,,,,,,,,,,,,,,,,,,,,,,,,,,,,,,,,,,,,,,,,,,,,,,,,,,,,,,,,,,,,,,,,,,,,,,,,,,,,,,,,,,,,,,,,,,,,,,,,,,,,,,,,,,,,,,,,,,,,,,,,,,,,,,,,,,,,,,,,,,,,,,,,,,,,,,,,,,,,,,,,,,,,,,,,,,,,,,,,,,,,,,,,,,,,,,,,,,,,,,,,,,,,,,,,,,,,,,,,,,,,,,,,,,,,,,,,,,,,,,,,,,,,,,,,,,,,,,
109,1745831583,10005,20250428 12:13:03,12:13:03,15,B,1,5615.4,1745831575,0.006239509,6.239509348,11.86475114,415.16,273.8239452,27.63798872,41.90352084,0.16485134,1.999565714,0.15765591,0.099155251,193.8033694,36.44430042,35.26301667,5.73116238,29.74088553,1.887301971,6.34581633,3.843860409,-275.1623623,200.0354875,23.63557973,142.3120744,0,0,1,0,24146,RECT-24220-20250331-19_34_23,10063.9,425.8796,624.32,0.317850461,-0.387208687,MPF-24647-20250428-12_12_06,10059.4,277.4566538,428.6584572,0.35273258,0.5,1009.18486,11.86475114,177.9861895,13.88533333,0.028533333,112.0719501,9542.230456,112.0719501,44.52755232,0.913687709,85.14378888,188.6801563,0.062882877,0.012140451,0.45645091,324.7598479,DARK-24648-20250428-12_12_14,210.71,210.71,0.508443152,0.693750281,0.473058057,54.41150502,0.985996515,0.52685751,0.47314249,24647,290,390.78,165,10059.4,389.35,1.43,300,24.1,428.6584572,1.090977537,-39.53779577,0.96784631,0.983498642,-0.007335099,290,386.3,755,10033.2,389.25,-2.95,None,None,None,None,None,None,None,None,None,None,None,None,None,1200.002333,1009.18486,0.840985748,0.161502494,2,0.5,0: Broadleaf,2,1745831575,415.16,419.9785,18.69848333,16.65748667,415.2512,18.49275,599.9853,100.8334667,0.099958627,37.11862333,35.26301667,999.9,0,0,5006.166667,0,1330.451,-4.818578,423.0708,427.0928667,2.040988333,419.9785,16.65748667,1.885431,1.679631667,16.51366333,14.70945,1200.002333,0.9670018,0.032997847,0,277.5176,4.99998,3490.242667,11896.67,44.7311,46.7185,44.9853,46.37706667,46.41013333,1155.572333,39.43,0,3345.8,0,277.4566538,-8.152786322,-91.1135043,3489.515,15,1745831514,12:11:54,1745831507,1745831514,5,-0.079,0.05,-0.091,0.114,420,17,1.56,0.16,-4.845141707,0.451727875,0.103970335,1,277.8761765,-8.232391139,0.827370337,0,2.04457439,-0.085527805,0.008922427,1,2,3,02-Mar,3.21512,2.75504,0.0954388,0.0967759,0.105403,0.0978596,26980.9,30167.3,29167,31598.5,36904.2,38686.5,44732.5,46378.6,2.1578,1.6162,0.0883043,0,33.8699,999.9,22.3,44.1,20.3461,29.5583,29.0184,1,0.552927,0,20.2943,5.23526,11.9321,4.9736,3.285,9999,9999,9999,164.3,4.97092,1.8663,1.86905,1.86676,1.87164,1.86981,1.87338,1.8718,0,0,0,0,11111111,oooooooo,on,on,on,on,0,100,100,-0.091,0.2055,-0.271371599,0.000859946,-1.19E-06,3.87E-10,-0.193467586,-0.027663876,0.004005357,-7.26E-05,2,2149,0,22,1.3,1.1,1.08521,2.3938,1.59424,2.31567,1.49292,2.54028,47.4216,24.2013,18,621.251,398.059,35.7492,34.4402,30.0012,34.0329,34.0117,21.7931,-30,-30,-999.9,420,0,98.7082,99.2334
110,1745831713,10134.5,20250428 12:15:12,12:15:12,15,B,1,5615.4,1745831705,0.005294118,5.294117783,6.18306124,297.3966667,203.005193,20.48844929,30.0149786,0.131227164,1.997509655,0.126619005,0.079537422,193.807253,36.95221358,35.82332667,5.911057365,28.95109553,1.85353519,6.40229724,4.057522175,-233.4705942,156.998001,18.63463123,135.969291,0,0,1,0,24420,RECT-24220-20250331-19_34_23,10063.9,425.8796,624.32,0.317850461,-0.387208687,MPF-24649-20250428-12_14_16,10058.8,264.16052,393.0294513,0.327886195,0.5,1009.2053,6.18306124,165.4522429,13.88533333,0.028533333,103.4828406,7135.844481,103.4828406,44.52755232,0.913687709,68.95678974,134.0484033,0.046125587,0.00651034,0.588481468,303.8888008,DARK-24650-20250428-12_14_23,210.99,210.99,0.463170001,0.707917599,0.559578421,-3.922932971,1.165541637,0.565427166,0.434572834,24649,290,359.89,165,10058.8,359.64,0.25,300,24.1,393.0294513,1.469385566,-33.58204427,1.303472714,0.959523471,-0.007334449,290,357.15,735,10033.4,359.56,-2.41,None,None,None,None,None,None,None,None,None,None,None,None,None,1200.026667,1009.2053,0.840985728,0.161502455,2,0.5,0: Broadleaf,2,1745831705,297.3966667,299.9825,18.36533667,16.63304333,297.5071667,18.17425333,600.0011,100.8257333,0.10000649,37.2812,35.82332667,999.9,0,0,4998.166667,0,1411.806667,-2.585663667,302.9607333,305.0564,1.732278333,299.9825,16.63304333,1.851696667,1.677039,16.23015,14.6855,1200.026667,0.9670016,0.03299808,0,264.1721333,4.99998,3334.494667,11896.93333,44.8561,46.93286667,45.125,46.5,46.562,1155.596667,39.43,0,127.2,0,264.16052,-3.28823077,-36.45076916,3334.3408,15,1745831514,12:11:54,1745831507,1745831514,5,-0.079,0.05,-0.091,0.114,420,17,1.56,0.16,-2.606033,0.51347212,0.099890041,0,264.2849118,-3.10724217,0.396884956,0,1.74049025,-0.190305478,0.018612604,0,0,3,0/3,3.21503,2.75502,0.073264,0.0741919,0.103942,0.0976551,27636.4,30918.9,29161.9,31596.8,36958.7,38694.1,44724.1,46376.8,2.1556,1.6132,0.123233,0,33.8821,999.9,22.3,44.1,20.3494,29.4683,28.8502,1,0.563415,0,20.2938,5.23646,11.9321,4.974,3.2848,9999,9999,9999,164.4,4.97086,1.8663,1.86905,1.86676,1.87152,1.86981,1.87332,1.8718,0,0,0,0,11111111,oooooooo,on,on,on,on,0,100,100,-0.11,0.1897,-0.271371599,0.000859946,-1.19E-06,3.87E-10,-0.193467586,-0.027663876,0.004005357,-7.26E-05,2,2149,0,22,3.4,3.3,0.830078,2.41333,1.59424,2.31689,1.49292,2.53296,47.5718,24.2013,18,621.387,397.343,35.9394,34.641,29.9999,34.2246,34.1952,16.6687,-30,-30,-999.9,300,0,98.6901,99.229
111,1745831842,10264,20250428 12:17:22,12:17:22,15,B,1,5615.4,1745831834,0.003892459,3.892459157,2.099745886,199.0272,148.7548929,15.01221772,20.08565635,0.090263978,2.000290873,0.088060666,0.055231396,193.8038952,37.49932832,36.30725667,6.070357394,27.79834309,1.783096438,6.414398268,4.287260956,-171.6574488,108.7685407,12.92454838,143.8395354,0,0,1,0,25051,RECT-24220-20250331-19_34_23,10063.9,425.8796,624.32,0.317850461,-0.387208687,MPF-24651-20250428-12_16_25,10057.6,258.13724,366.307611,0.295299272,0.5,1009.18488,2.099745886,149.0057804,13.88533333,0.028533333,92.21791619,5179.684665,92.21791619,44.52755232,0.913687709,56.16787799,92.58701491,0.022678622,0.00246432,0.704359891,287.6634284,DARK-24652-20250428-12_16_33,209.86,209.86,0.427093531,0.691415933,0.622526635,-1.815792502,1.300200912,0.562106218,0.437893782,24651,290,341.01,185,10057.6,340.26,0.75,300,24.1,366.307611,1.310660103,-26.19389189,1.162808946,0.947706403,-0.0073351,290,339.26,845,10030.8,340.19,-0.93,None,None,None,None,None,None,None,None,None,None,None,None,None,1200.002,1009.18488,0.840985998,0.161502977,2,0.5,0: Broadleaf,2,1745831834,199.0272,199.9853667,17.66856333,16.39398,199.1713667,17.50810333,599.9898,100.8192,0.099952503,37.31587,36.30725667,999.9,0,0,5009.833333,0,1440.683667,-0.9581402,202.6069333,203.3184667,1.274572667,199.9853667,16.39398,1.781328667,1.652828,15.62389,14.46034333,1200.002,0.966996467,0.03300333,0,258.1579667,4.99998,3260.571333,11896.65333,44.625,46.67046667,44.92873333,46.187,46.37913333,1155.562,39.44,0,127.2,0,258.13724,-0.678692296,-16.15538459,3260.5116,15,1745831514,12:11:54,1745831507,1745831514,5,-0.079,0.05,-0.091,0.114,420,17,1.56,0.16,-0.97047222,0.096198146,0.082414486,1,258.2355588,-1.553078685,0.266447345,0,1.288015122,-0.212694983,0.021070232,0,1,3,01-Mar,3.21502,2.75514,0.0521093,0.0526405,0.101144,0.0966404,28284.9,31655.4,29180.1,31613.6,37096.1,38756.8,44752.2,46400.6,2.1564,1.615,0.17339,0,33.5295,999.9,22,44.2,20.1793,29.2383,28.8742,1,0.542805,0,20.2941,5.23526,11.9321,4.974,3.2846,9999,9999,9999,164.4,4.97095,1.8663,1.86905,1.86676,1.87161,1.86984,1.87335,1.8718,0,0,0,0,11111111,oooooooo,on,on,on,on,0,100,100,-0.144,0.1583,-0.271371599,0.000859946,-1.19E-06,3.87E-10,-0.193467586,-0.027663876,0.004005357,-7.26E-05,2,2149,0,22,5.6,5.5,0.60791,2.42798,1.59424,2.31567,1.49292,2.53174,47.6321,24.2013,18,621.524,398.138,36.0301,34.5291,29.999,34.175,34.144,12.2121,-30,-30,-999.9,200,0,98.752,99.2807
112,1745831960,10382,20250428 12:19:20,12:19:20,15,B,1,5615.4,1745831952,0.002914955,2.914954922,0.281442383,149.7483226,132.3553486,13.35936543,15.11493555,0.064694595,1.995664617,0.06355167,0.039820799,193.8033701,37.84018023,36.60414194,6.169920343,26.85929582,1.721232831,6.408331932,4.448687512,-128.549512,74.70582516,8.90961895,148.8693022,0,0,1,0,26228,RECT-24220-20250331-19_34_23,10063.9,425.8796,624.32,0.317850461,-0.387208687,MPF-24653-20250428-12_18_23,10065.3,255.3870769,346.8235729,0.263639796,0.5,1009.182116,0.281442383,133.0302836,13.88533333,0.028533333,81.27359954,4044.644198,81.27359954,44.52755232,0.913687709,49.76578152,82.58956708,0.003407723,0.000662567,0.800108322,275.5087233,DARK-24654-20250428-12_18_31,208.41,208.41,0.399089288,0.660603538,0.667203066,-1.156603733,1.398386755,0.539089076,0.460910924,24653,290,330.36,135,10065.3,329.44,0.92,300,24.1,346.8235729,1.274433654,-17.49523056,1.130872121,0.895263822,-0.00733604,290,329.62,835,10033,329.39,0.23,None,None,None,None,None,None,None,None,None,None,None,None,None,1199.99871,1009.182116,0.840986001,0.161502982,2,0.5,0: Broadleaf,2,1745831952,149.7483226,149.9876452,17.05278387,16.09768065,149.9162258,16.91922903,599.9868387,100.8355484,0.100043339,37.29849677,36.60414194,999.9,0,0,4990.16129,0,1465.630968,-0.239324206,152.3463226,152.4416452,0.955093097,149.9876452,16.09768065,1.719527742,1.623220968,15.07382903,14.18100968,1199.99871,0.966993,0.0330068,0,255.3922903,4.99998,3221.257419,11896.61935,44.23170968,46.25,44.54,45.74796774,46.032,1155.55871,39.44,0,115.8,0,255.3870769,-0.127042709,-5.273846168,3221.236154,15,1745831514,12:11:54,1745831507,1745831514,5,-0.079,0.05,-0.091,0.114,420,17,1.56,0.16,-0.25326271,0.003356218,0.078279787,1,255.3935,-0.277478979,0.280241519,1,0.9596449,-0.094718094,0.009461303,1,3,3,03-Mar,3.21476,2.75516,0.0403695,0.0407072,0.0988313,0.0954676,28659.7,32074,29203.9,31632.3,37221.4,38829.1,44790.9,46428.1,2.1592,1.6182,0.20951,0,33.2153,999.9,21.7,44.2,19.9029,29.0683,29.0465,1,0.507541,0,20.2942,5.24005,11.9321,4.974,3.285,9999,9999,9999,164.4,4.97089,1.8663,1.86905,1.86676,1.87158,1.86981,1.87335,1.8718,0,0,0,0,11111111,oooooooo,on,on,on,on,0,100,100,-0.168,0.1323,-0.271371599,0.000859946,-1.19E-06,3.87E-10,-0.193467586,-0.027663876,0.004005357,-7.26E-05,2,2149,0,22,7.5,7.4,0.493164,2.4353,1.59424,2.31567,1.49292,2.5415,47.6019,24.2013,18,621.437,398.663,36.0425,34.2268,29.9985,33.9407,33.9107,9.93353,-30,-30,-999.9,150,0,98.8356,99.3395
113,1745832034,10456,20250428 12:20:34,12:20:34,15,B,1,5615.4,1745832026,0.002620902,2.620901746,-0.445395395,100.0475355,105.0141642,10.59834694,10.09709975,0.05769675,1.99586844,0.056785922,0.035571838,193.8008237,37.89433158,36.59886452,6.168138213,26.47239941,1.691506658,6.389699066,4.476631555,-115.581767,69.52985119,8.289113701,156.0380216,0,0,1,0,24999,RECT-24220-20250331-19_34_23,10063.9,425.8796,624.32,0.317850461,-0.387208687,MPF-24655-20250428-12_19_37,10051.1,253.69168,339.4460297,0.252630292,0.5,1009.168094,-0.445395395,127.4732152,13.88533333,0.028533333,77.46774066,3616.26416,77.46774066,44.52755232,0.913687709,46.68090394,58.33326026,-0.007635359,-5.77E-05,0.839232,270.8327824,DARK-24656-20250428-12_19_45,209.04,209.04,0.384173089,0.657594974,0.685980472,-0.992141703,1.435564383,0.541853219,0.458146781,24655,290,323.59,295,10051.1,323.19,0.4,300,24.1,339.4460297,1.187581415,-16.34069031,1.053912759,0.895677449,-0.007336622,290,323.58,695,10039.3,323.17,0.41,None,None,None,None,None,None,None,None,None,None,None,None,None,1199.981935,1009.168094,0.840986071,0.161503118,2,0.5,0: Broadleaf,2,1745832026,100.0475355,99.98647742,16.76036452,15.90140323,100.2442903,16.63951613,600.0210968,100.823,0.100023261,37.24504516,36.59886452,999.9,0,0,4991.612903,0,1431.174194,0.061102581,101.753,101.6020968,0.858961419,99.98647742,15.90140323,1.689830645,1.603227419,14.80332581,13.98986452,1199.981935,0.966995516,0.033004368,0,253.7081935,4.99998,3199.901935,11896.45484,44.004,46,44.31,45.49796774,45.81606452,1155.539677,39.44225806,0,72,0,253.69168,0.244000003,2.300000022,3199.9908,15,1745831514,12:11:54,1745831507,1745831514,5,-0.079,0.05,-0.091,0.114,420,17,1.56,0.16,0.068700388,-0.36705858,0.083497775,1,253.7370882,-0.395676085,0.265276478,1,0.8619968,-0.071838889,0.007297278,1,3,3,03-Mar,3.21477,2.75531,0.0276946,0.0278703,0.0976884,0.0946776,29055.9,32516,29221,31644.3,37289.6,38877.7,44818.1,46446.5,2.1612,1.6214,0.22015,0,33.0317,999.9,21.5,44.2,19.7197,29.3283,28.738,1,0.482317,0,20.2951,5.23885,11.9321,4.9736,3.2848,9999,9999,9999,164.5,4.97092,1.8663,1.86905,1.86676,1.87164,1.86981,1.87341,1.8718,0,0,0,0,11111111,oooooooo,on,on,on,on,0,100,100,-0.196,0.1196,-0.271371599,0.000859946,-1.19E-06,3.87E-10,-0.193467586,-0.027663876,0.004005357,-7.26E-05,2,2149,0,22,8.8,8.7,0.378418,2.44995,1.59424,2.31567,1.49292,2.45728,47.5718,24.2013,18,620.993,399.383,36.0155,33.9835,29.9984,33.7331,33.71,7.62852,-30,-30,-999.9,100,0,98.8948,99.3782
114,1745832108,10529.5,20250428 12:21:47,12:21:47,15,B,1,5615.4,1745832100,0.002496684,2.49668401,-1.295838631,50.38225333,83.6845528,8.445771472,5.084773517,0.054925696,1.997896984,0.054100407,0.03388587,193.8061734,37.86225801,36.52942333,6.144730248,26.20563584,1.667447525,6.362934811,4.477282723,-110.1037648,68.78472143,8.186150177,160.6732802,0,0,1,0,24574,RECT-24220-20250331-19_34_23,10063.9,425.8796,624.32,0.317850461,-0.387208687,MPF-24657-20250428-12_20_51,10054.6,253.6431923,335.2218724,0.243357271,0.5,1009.19742,-1.295838631,122.7977651,13.88533333,0.028533333,74.26216397,3170.582431,74.26216397,44.52755232,0.913687709,42.69445248,40.99010032,-0.031613454,-0.000900349,0.862408307,268.1369377,DARK-24658-20250428-12_20_58,208.24,208.24,0.378799484,0.642443512,0.694813804,-0.899853573,1.456851163,0.527443437,0.472556563,24657,290,318.52,255,10054.6,318.32,0.2,300,24.1,335.2218724,0.95971781,-16.99020331,0.851795851,0.934250103,-0.007337315,290,318.78,865,10034.6,318.29,0.49,None,None,None,None,None,None,None,None,None,None,None,None,None,1200.017,1009.19742,0.840985936,0.161502857,2,0.5,0: Broadleaf,2,1745832100,50.38225333,49.99221667,16.52183,15.70331,50.61308333,16.41131667,599.9692667,100.8239667,0.099933733,37.16803,36.52942333,999.9,0,0,4999.833333,0,1495.055333,0.390034633,51.22863333,50.78978,0.818517067,49.99221667,15.70331,1.665797,1.583270667,14.58131667,13.79693333,1200.017,0.966997233,0.0330027,0,253.6470333,4.99998,3193.177333,11896.81667,43.7686,45.7458,44.05993333,45.25206667,45.6103,1155.579,39.438,0,71.5999999,0,253.6431923,0.448102566,7.187008542,3193.201538,15,1745831514,12:11:54,1745831507,1745831514,5,-0.079,0.05,-0.091,0.114,420,17,1.56,0.16,0.407764098,-0.36885324,0.077706452,1,253.5787353,0.860336137,0.257632697,1,0.818815439,-0.002366404,0.002106576,1,3,3,03-Mar,3.21501,2.755,0.0142975,0.0142497,0.0968304,0.093906,29475.9,32988.5,29239.7,31659.9,37347.3,38929.2,44847,46469.4,2.1648,1.626,0.228435,0,32.8238,999.9,21.3,44.2,19.5372,29.2783,28.778,1,0.454817,0,20.2953,5.23526,11.9321,4.974,3.2848,9999,9999,9999,164.5,4.97092,1.8663,1.86905,1.86676,1.87161,1.86981,1.87338,1.8718,0,0,0,0,11111111,oooooooo,on,on,on,on,0,100,100,-0.231,0.1098,-0.271371599,0.000859946,-1.19E-06,3.87E-10,-0.193467586,-0.027663876,0.004005357,-7.26E-05,2,2149,0,22,10,9.9,0.262451,2.47192,1.59424,2.31689,1.49292,2.54028,47.5117,24.1926,18,621.384,400.688,35.9621,33.708,29.9984,33.4881,33.4652,5.32319,-30,-30,-999.9,50,0,98.9583,99.4273
115,1745832197,10618.5,20250428 12:23:16,12:23:16,15,B,1,5615.4,1745832189,0.002540346,2.540345633,7.103897095,417.2946452,190.840444,19.25948505,42.11308573,0.056396326,1.997762305,0.055526571,0.034781133,193.802668,37.74598525,36.36667097,6.090170024,26.07636251,1.65016314,6.328195274,4.440006884,-112.0292424,75.49727689,8.974185321,166.2448878,0,0,1,0,24842,RECT-24220-20250331-19_34_23,10063.9,425.8796,624.32,0.317850461,-0.387208687,MPF-24659-20250428-12_22_20,10061.1,250.45376,345.6403281,0.275391962,0.5,1009.178332,7.103897095,138.9598005,13.88533333,0.028533333,85.33618813,6655.838997,85.33618813,44.52755232,0.913687709,77.99550393,112.8449401,0.06295273,0.007422975,0.806270708,274.7615302,DARK-24660-20250428-12_22_27,204.83,204.83,0.407389754,0.675991381,0.664329714,-1.186284046,1.404349477,0.552849813,0.447150187,24659,290,325.77,195,10061.1,324.78,0.99,300,24.1,345.6403281,1.00366316,-20.98500621,0.890894389,0.95195916,-0.007338103,290,324.38,735,10040,324.74,-0.36,None,None,None,None,None,None,None,None,None,None,None,None,None,1199.994194,1009.178332,0.840986013,0.161503005,2,0.5,0: Broadleaf,2,1745832189,417.2946452,420.0159355,16.3513129,15.5183871,417.3858387,16.24816452,600.0072581,100.8192903,0.100015055,37.06764516,36.36667097,999.9,0,0,4999.516129,0,1533.425806,-2.721423871,424.2313226,426.6366452,0.832931258,420.0159355,15.5183871,1.648527742,1.564551935,14.42005484,13.61403226,1199.994194,0.966994161,0.033005794,0,250.4959355,4.99998,3151.872581,11896.57419,43.516,45.46545161,43.778,45.004,45.36687097,1155.553871,39.44032258,0,87,0,250.45376,-0.434000006,-12.59692311,3151.6912,15,1745831514,12:11:54,1745831507,1745831514,5,-0.079,0.05,-0.091,0.114,420,17,1.56,0.16,-2.717411951,0.120547735,0.087019037,1,250.5377353,-0.870572956,0.216183923,1,0.832417049,0.002164453,0.002867147,1,3,3,03-Mar,3.21511,2.75543,0.0959962,0.0969516,0.096186,0.0931878,27054.1,30237.4,29259.1,31673.7,37398.6,38977,44877.8,46489.2,2.1688,1.6308,0.226945,0,32.6751,999.9,21.1,44.2,19.3535,29.0883,29.1386,1,0.425264,0,20.2952,5.24005,11.9321,4.974,3.2848,9999,9999,9999,164.5,4.97086,1.8663,1.86905,1.86676,1.87155,1.86984,1.87338,1.8718,0,0,0,0,11111111,oooooooo,on,on,on,on,0,100,100,-0.091,0.1022,-0.271371599,0.000859946,-1.19E-06,3.87E-10,-0.193467586,-0.027663876,0.004005357,-7.26E-05,2,2149,0,22,11.5,11.4,1.08643,2.4231,1.59424,2.31689,1.49292,2.52319,47.4216,24.2101,18,621.517,401.771,35.8815,33.3771,29.9987,33.1861,33.1691,21.8077,-30,-30,-999.9,420,0,99.0254,99.4701
116,1745832271,10692.5,20250428 12:24:30,12:24:30,15,B,1,5615.4,1745832263,0.002530882,2.530882436,10.97638083,595.8555161,249.5225036,25.18083607,60.13141041,0.05639758,1.998238088,0.05552799,0.034782006,193.7999499,37.68631413,36.27835484,6.060739882,25.95033857,1.63655139,6.306474135,4.424188492,-111.6119154,78.24149619,9.291357847,169.7208885,0,0,1,0,25131,RECT-24220-20250331-19_34_23,10063.9,425.8796,624.32,0.317850461,-0.387208687,MPF-24661-20250428-12_23_34,10061.3,248.8616,357.5489539,0.303978945,0.5,1009.166419,10.97638083,153.3826719,13.88533333,0.028533333,95.2183793,8475.326558,95.2183793,44.52755232,0.913687709,89.00935535,160.5131483,0.068383064,0.011260372,0.746110549,282.2340497,DARK-24662-20250428-12_23_41,199.93,199.93,0.440831814,0.68955764,0.628598803,-1.590609193,1.344338381,0.553975619,0.446024381,24661,290,331.83,195,10061.3,330.93,0.9,300,24.1,357.5489539,1.548489063,-26.7787134,1.374531155,0.931296957,-0.00733833,290,329.4,685,10042.4,330.88,-1.48,None,None,None,None,None,None,None,None,None,None,None,None,None,1199.980323,1009.166419,0.840985807,0.161502607,2,0.5,0: Broadleaf,2,1745832263,595.8555161,600.0170968,16.21695161,15.38698387,595.9540645,16.11956452,599.9845806,100.816129,0.099963519,37.00463548,36.27835484,999.9,0,0,5001.612903,0,1562.769032,-4.161594194,605.6776129,609.3938065,0.829959161,600.0170968,15.38698387,1.634931935,1.551257419,14.29203548,13.48297097,1199.980323,0.967001032,0.032998884,0,248.8773226,4.99998,3132.395161,11896.47097,43.5,45.437,43.7256129,45,45.312,1155.54871,39.4316129,0,72.20000005,0,248.8616,-0.625538452,6.441538441,3132.5532,15,1745831514,12:11:54,1745831507,1745831514,5,-0.079,0.05,-0.091,0.114,420,17,1.56,0.16,-4.188755366,0.423505923,0.107417787,1,248.8546471,0.250328501,0.205302343,1,0.830186098,-0.001496258,0.002560303,1,3,3,03-Mar,3.21493,2.75537,0.124675,0.125853,0.0957304,0.0927032,26205,29273.7,29268.7,31677.5,37430.3,39002.7,44894.2,46495.1,2.1708,1.6334,0.223219,0,32.6519,999.9,21,44.2,19.2636,29.4683,29.0545,1,0.411138,0,20.2956,5.23526,11.9321,4.9736,3.2846,9999,9999,9999,164.5,4.97092,1.8663,1.86905,1.86676,1.87158,1.86981,1.87344,1.8718,0,0,0,0,11111111,oooooooo,on,on,on,on,0,100,100,-0.099,0.097,-0.271371599,0.000859946,-1.19E-06,3.87E-10,-0.193467586,-0.027663876,0.004005357,-7.26E-05,2,2149,0,22,12.7,12.6,1.45142,2.41455,1.59424,2.31567,1.49292,2.53418,47.3617,24.2013,18,621.097,402.131,35.8041,33.1807,29.9994,32.9849,32.9738,29.0935,-30,-30,-999.9,600,0,99.06,99.4823
117,1745832400,10822,20250428 12:26:40,12:26:40,15,B,1,5615.4,1745832392,0.002570865,2.570864732,15.61507941,794.1517667,306.7695784,30.95745609,80.14131837,0.056660363,1.99974218,0.055783368,0.034942269,193.803071,37.73979139,36.40533333,6.103092738,25.75785927,1.630502265,6.330115591,4.472590472,-113.3751347,72.00349113,8.552243759,160.9836712,0,0,1,0,25239,RECT-24220-20250331-19_34_23,10063.9,425.8796,624.32,0.317850461,-0.387208687,MPF-24663-20250428-12_25_43,10059.8,252.1122,383.984814,0.343431847,0.5,1009.178899,15.61507941,173.2920868,13.88533333,0.028533333,108.8567937,10735.01092,108.8567937,44.52755232,0.913687709,98.6159022,208.1536762,0.075017072,0.015856741,0.625897632,298.4532567,DARK-24664-20250428-12_25_51,199.1,199.1,0.481489911,0.713269041,0.56520198,-3.147709458,1.211120246,0.563288354,0.436711646,24663,290,350.72,205,10059.8,349.29,1.43,300,24.1,383.984814,1.395922036,-34.90445079,1.239036611,0.965919525,-0.007338244,290,346.37,715,10040.5,349.22,-2.85,None,None,None,None,None,None,None,None,None,None,None,None,None,1199.994667,1009.178899,0.840986154,0.161503277,2,0.5,0: Broadleaf,2,1745832392,794.1517667,800.0374,16.15728667,15.31417,794.2951333,16.06247667,599.9944333,100.8144,0.099961373,37.07320667,36.40533333,999.9,0,0,5007.833333,0,1532.674667,-5.885648,807.1938667,812.4798667,0.843110633,800.0374,15.31417,1.628888333,1.54389,14.23484,13.40989333,1199.994667,0.966992767,0.033007157,0,252.0851667,4.99998,3171.194667,11896.57667,43.562,45.5683,43.812,45.13946667,45.375,1155.549333,39.446,0,127.2,0,252.1122,1.633230769,20.86384613,3171.2816,15,1745831514,12:11:54,1745831507,1745831514,5,-0.079,0.05,-0.091,0.114,420,17,1.56,0.16,-5.874320732,-0.285421254,0.125758671,1,252.035,1.673399543,0.272536128,0,0.843458268,-0.003544516,0.002467302,1,2,3,02-Mar,3.2145,2.75519,0.151856,0.153239,0.0955674,0.0924672,25391.8,28355.8,29269.4,31676.9,37437.8,39012.2,44895.6,46494.2,2.172,1.635,0.20659,0,33.0707,999.9,20.9,44.1,19.0743,29.1783,29.2788,1,0.405732,0,20.2956,5.23885,11.9321,4.9736,3.2846,9999,9999,9999,164.6,4.97092,1.8663,1.86905,1.86676,1.87158,1.86981,1.87338,1.8718,0,0,0,0,11111111,oooooooo,on,on,on,on,0,100,100,-0.143,0.095,-0.271371599,0.000859946,-1.19E-06,3.87E-10,-0.193467586,-0.027663876,0.004005357,-7.26E-05,2,2149,0,22,14.9,14.8,1.83716,2.3999,1.59424,2.31689,1.49292,2.54883,47.3019,24.2101,18,620.295,401.97,35.7644,33.0478,30.0001,32.8058,32.7948,36.8186,-30,-30,-999.9,800,0,99.0629,99.4805
118,1745832527,10948.4,20250428 12:28:46,12:28:46,15,B,1,5615.4,1745832519,0.002501599,2.501598525,19.13825285,992.7783,371.3408163,37.47379087,100.1860414,0.054361262,1.999257162,0.053553254,0.03354238,193.8017672,37.8813578,36.58953667,6.164989388,25.63682118,1.633155629,6.370351525,4.531833759,-110.320495,64.65564079,7.692541098,155.8294541,0,0,1,0,24885,RECT-24220-20250331-19_34_23,10063.9,425.8796,624.32,0.317850461,-0.387208687,MPF-24665-20250428-12_27_50,10062.7,256.5734615,408.8791083,0.372495546,0.5,1009.17368,19.13825285,187.9563506,13.88533333,0.028533333,118.9037801,12437.40495,118.9037801,44.52755232,0.913687709,104.600585,266.7402313,0.071748655,0.019347969,0.526906089,313.2783542,DARK-24666-20250428-12_27_57,197.29,197.29,0.517485741,0.719817991,0.504509968,-8.958896581,1.085670517,0.553497975,0.446502025,24665,290,368.48,165,10062.7,367.68,0.8,300,24.1,408.8791083,1.29066693,-41.45749285,1.145429905,0.979073137,-0.007337293,290,364.04,665,10041.2,367.59,-3.55,None,None,None,None,None,None,None,None,None,None,None,None,None,1199.988667,1009.17368,0.840986009,0.161502998,2,0.5,0: Broadleaf,2,1745832519,992.7783,999.9854333,16.18350667,15.36315,992.9873667,16.08757667,600.0107,100.8148333,0.099984603,37.1894,36.58953667,999.9,0,0,5005.833333,0,1541.750667,-7.206978667,1009.109667,1015.588,0.8203555,999.9854333,15.36315,1.631538,1.548834,14.25993,13.45895333,1199.988667,0.966995,0.033004763,0,256.5718333,4.99998,3230.600333,11896.52,43.88533333,45.91426667,44.1145,45.51033333,45.67253333,1155.548667,39.44,0,124.2,0,256.5734615,1.246905986,16.51452989,3230.631154,15,1745831514,12:11:54,1745831507,1745831514,5,-0.079,0.05,-0.091,0.114,420,17,1.56,0.16,-7.244259756,0.494695401,0.160311875,1,256.5579706,0.848815888,0.229922683,1,0.821243659,-0.014811638,0.003363565,1,3,3,03-Mar,3.21486,2.75508,0.175613,0.177177,0.0956603,0.0926873,24669.1,27542.6,29257.5,31665.4,37419.2,38989,44876.8,46477.3,2.1714,1.6338,0.18999,0,33.5331,999.9,20.9,44.1,19.0726,29.3883,29.1867,1,0.422073,0,20.2952,5.23766,11.9321,4.9736,3.284,9999,9999,9999,164.6,4.97086,1.8663,1.86905,1.86676,1.87158,1.86981,1.87344,1.8718,0,0,0,0,11111111,oooooooo,on,on,on,on,0,100,100,-0.209,0.096,-0.271371599,0.000859946,-1.19E-06,3.87E-10,-0.193467586,-0.027663876,0.004005357,-7.26E-05,2,2149,0,22,17,16.9,2.20581,2.38892,1.59424,2.31689,1.49292,2.5354,47.272,24.2101,18,620.151,401.426,35.7986,33.157,30.001,32.838,32.8257,44.2273,-30,-30,-999.9,1000,0,99.0218,99.4443
119,1745832621,11042.4,20250428 12:30:20,12:30:20,15,B,1,5615.4,1745832613,0.002438555,2.438554604,21.70338592,1191.783871,453.2549002,45.74094556,120.2707817,0.052000208,1.998679042,0.051260139,0.032103201,193.803576,38.07622721,36.84092581,6.250341279,25.45995246,1.637134268,6.43023301,4.613207011,-107.5402581,56.05577922,6.684955362,149.0040526,0,0,1,0,24122,RECT-24220-20250331-19_34_23,10063.9,425.8796,624.32,0.317850461,-0.387208687,MPF-24667-20250428-12_29_24,10054.3,259.547,425.9063387,0.390600758,0.5,1009.1832,21.70338592,197.0938614,13.88533333,0.028533333,125.1625436,13629.84514,125.1625436,44.52755232,0.913687709,108.8971569,344.3577433,0.063025694,0.021889578,0.465862194,323.1777063,DARK-24668-20250428-12_29_31,197.85,197.85,0.535461246,0.729465972,0.465246468,6221.664614,0.999865256,0.556064383,0.443935617,24667,290,380.43,235,10054.3,379.98,0.45,300,24.1,425.9063387,1.197958241,-46.18047926,1.063005149,0.985381053,-0.007336553,290,375.83,645,10040.9,379.91,-4.08,None,None,None,None,None,None,None,None,None,None,None,None,None,1200,1009.1832,0.840986,0.16150298,2,0.5,0: Broadleaf,2,1745832613,1191.783871,1199.986774,16.22264516,15.42300968,1192.062581,16.12503226,600.0220968,100.8166129,0.099991719,37.36115161,36.84092581,999.9,0,0,5003.387097,0,1504.537742,-8.203191613,1211.437419,1218.785484,0.799634194,1199.986774,15.42300968,1.635511613,1.554896452,14.29752903,13.51892581,1200,0.966997258,0.033002468,0,259.5482258,4.99998,3271.586129,11896.64516,44.187,46.258,44.437,45.808,45.94106452,1155.56,39.44,0,91.79999995,0,259.547,0.684717941,15.15931627,3271.682692,15,1745831514,12:11:54,1745831507,1745831514,5,-0.079,0.05,-0.091,0.114,420,17,1.56,0.16,-8.207359024,0.098869338,0.156950387,1,259.4701765,0.997708171,0.266914006,1,0.801015146,-0.026809254,0.003446494,1,3,3,03-Mar,3.21484,2.75541,0.196947,0.198582,0.0957967,0.0929299,24015.8,26814,29241.8,31653.8,37394,38964,44851.6,46459.1,2.1692,1.631,0.181794,0,33.928,999.9,21,44.1,19.1623,29.2483,29.1587,1,0.442602,0,20.2947,5.23766,11.9321,4.974,3.2844,9999,9999,9999,164.6,4.97089,1.8663,1.86905,1.86676,1.87161,1.86981,1.87341,1.8718,0,0,0,0,11111111,oooooooo,on,on,on,on,0,100,100,-0.28,0.0978,-0.271371599,0.000859946,-1.19E-06,3.87E-10,-0.193467586,-0.027663876,0.004005357,-7.26E-05,2,2149,0,22,18.6,18.4,2.56226,2.37915,1.59424,2.31689,1.49292,2.51831,47.3318,24.2101,18,619.828,400.555,35.8866,33.3561,30.0012,32.976,32.9586,51.346,-30,-30,-999.9,1200,0,98.9673,99.4062
120,1745832714,11135.9,20250428 12:31:54,12:31:54,15,B,1,5615.4,1745832706,0.00225378,2.253779872,25.33311399,1490.381667,547.0376389,55.20476596,150.4031263,0.047390108,1.996612037,0.046773978,0.029288426,193.8029424,38.19442398,37.01385333,6.309647729,25.41290934,1.638560159,6.447747232,4.67108757,-99.39169237,42.76267838,5.110465158,142.2843936,0,0,1,0,24407,RECT-24220-20250331-19_34_23,10063.9,425.8796,624.32,0.317850461,-0.387208687,MPF-24669-20250428-12_30_57,10061.3,261.33076,434.8755238,0.399067674,0.5,1009.181862,25.33311399,201.3659292,13.88533333,0.028533333,128.089459,15053.15678,128.089459,44.52755232,0.913687709,117.5206523,429.5169866,0.058980471,0.025486311,0.435629199,328.315861,DARK-24670-20250428-12_31_05,196.19,196.19,0.548859411,0.727085418,0.442492879,19.29148878,0.954666873,0.545848059,0.454151941,24669,290,389.72,155,10061.3,388.71,1.01,300,24.1,434.8755238,1.125914377,-46.44699099,0.99892466,0.987214438,-0.007335634,290,384.93,655,10038.7,388.61,-3.68,None,None,None,None,None,None,None,None,None,None,None,None,None,1199.998667,1009.181862,0.840985819,0.161502631,2,0.5,0: Broadleaf,2,1745832706,1490.381667,1499.945333,16.23689667,15.49786333,1490.726,16.13866,600.0231333,100.8158,0.100045707,37.41112333,37.01385333,999.9,0,0,4995,0,1531.478667,-9.564169,1514.981,1523.557333,0.7390337,1499.945333,15.49786333,1.636934667,1.562428667,14.31097667,13.59316333,1199.998667,0.9670002,0.03299948,0,261.3229333,4.99998,3297.268667,11896.64333,44.50413333,46.42873333,44.7332,46.0496,46.2248,1155.564,39.43266667,0,91.20000005,0,261.33076,-0.112384624,12.65384613,3297.3604,15,1745831514,12:11:54,1745831507,1745831514,5,-0.079,0.05,-0.091,0.114,420,17,1.56,0.16,-9.60558825,0.259934747,0.16269321,1,261.2544118,0.837922072,0.288586017,1,0.74145705,-0.051652863,0.005543864,1,3,3,03-Mar,3.21459,2.75525,0.225442,0.22716,0.0958076,0.0932208,23147.1,25843.9,29225,31640.9,37373.5,38937,44825.6,46440.7,2.1668,1.6282,0.178844,0,34.1342,999.9,21,44.1,19.1653,29.6783,29.0585,1,0.466463,0,20.2947,5.23526,11.9321,4.9736,3.2844,9999,9999,9999,164.6,4.97086,1.8663,1.86905,1.86676,1.87152,1.86981,1.87341,1.8718,0,0,0,0,11111111,oooooooo,on,on,on,on,0,100,100,-0.35,0.0983,-0.271371599,0.000859946,-1.19E-06,3.87E-10,-0.193467586,-0.027663876,0.004005357,-7.26E-05,2,2149,0,22,20.1,20,3.07129,2.37061,1.59424,2.31567,1.49292,2.50977,47.3917,24.2013,18,619.783,399.973,35.9469,33.5884,30.0013,33.1594,33.1383,61.5236,-30,-30,-999.9,1500,0,98.91,99.3665
121,1745833802,12223.4,20250428 12:50:01,12:50:01,15,B,5,5615.4,1745833794,0.006180054,6.18005422,11.7186327,415.2313333,269.7245395,27.22043569,41.9048924,0.157828485,1.999271485,0.151218924,0.095082604,193.801933,36.74034214,35.27922667,5.736299199,27.40402809,1.76518574,6.44133678,3.971113459,-272.5403911,227.8159489,26.96001817,176.0375091,0,0,1,0,24063,RECT-24220-20250331-19_34_23,10063.9,425.8796,624.32,0.317850461,-0.387208687,MPF-24673-20250428-12_49_05,10069.2,248.8183462,367.9289602,0.323732641,0.5,1009.1773,11.7186327,163.3518164,13.88533333,0.028533333,102.0470048,9043.793808,102.0470048,44.52755232,0.913687709,88.62380458,181.1007349,0.064707814,0.011995753,0.696849304,288.6623732,DARK-24674-20250428-12_49_12,198.64,198.64,0.46011317,0.703593512,0.60230934,-2.055380486,1.292030452,0.561702211,0.438297789,24673,290,337.78,135,10069.2,336.98,0.8,300,24.1,367.9289602,0.85892345,-31.16786376,0.762444144,0.983520522,-0.007339354,290,334.89,675,10042.9,336.89,-2,None,None,None,None,None,None,None,None,None,None,None,None,None,1199.993333,1009.1773,0.840985755,0.161502508,2,0.5,0: Broadleaf,2,1745833794,415.2313333,419.9927333,17.49104667,15.46714333,415.2420667,17.31670667,600.0245667,100.8193667,0.100022207,37.39284667,35.27922667,999.9,0,0,5005.666667,0,1091.2944,-4.761321,422.6235667,426.5907667,2.023906333,419.9927333,15.46714333,1.763436,1.559386333,15.46639667,13.56322333,1199.993333,0.9670032,0.032996773,0,248.8088333,4.99998,3148.113,11896.60333,44.6166,46.39566667,44.8414,46.187,46.3624,1155.563333,39.43,0,994.2,0,248.8183462,-1.88406838,-24.37094014,3148.102692,15,1745833737,12:48:56,1745833732,1745833737,6,0.08,0.023,-0.01,0.085,420,15,1.49,0.09,-4.769420244,0.150346829,0.090101059,1,248.9325294,-2.415126051,0.32674529,0,2.030387805,-0.125999373,0.01268008,0,1,3,01-Mar,3.21481,2.75509,0.0955209,0.0968724,0.100644,0.0929869,27023.8,30199.2,29213.7,31633.3,37159.3,38938.7,44807.6,46431.7,2.122,1.6208,0.115335,0,33.4369,999.9,20.9,44.1,19.073,29.3883,28.9824,1,0.493537,0,20.2946,5.23526,11.9321,4.9732,3.2846,9999,9999,9999,164.9,4.97089,1.8663,1.86905,1.86676,1.87152,1.86981,1.87344,1.8718,0,0,0,0,11111111,oooooooo,on,on,on,on,0,100,100,-0.011,0.174,-0.190816968,0.000859946,-1.19E-06,3.87E-10,-0.170830088,-0.027663876,0.004005357,-7.26E-05,2,2149,0,22,1.2,1.1,1.08521,2.39868,1.59424,2.31689,1.49292,2.51099,47.3917,24.2101,18,591.269,398.166,36.2923,33.9608,30.0009,33.5991,33.574,21.7982,-30,-30,-999.9,420,0,98.871,99.3455
,,,,,,,,,,,,,,,,,,,,,,,,,,,,,,,,,,,,,,,,,,,,,,,,,,,,,,,,,,,,,,,,,,,,,,,,,,,,,,,,,,,,,,,,,,,,,,,,,,,,,,,,,,,,,,,,,,,,,,,,,,,,,,,,,,,,,,,,,,,,,,,,,,,,,,,,,,,,,,,,,,,,,,,,,,,,,,,,,,,,,,,,,,,,,,,,,,,,,,,,,,,,,,,,,,,,,,,,,,,,,,,,,,,,,,,,,,,,,,,,,,,,,,,,,,,,,,,,,,,,,,,,,,,,,,,,,,,,,,,,,,,,,,,,,,,,,,
122,1745833931,12352.9,20250428 12:52:11,12:52:11,15,B,5,5615.4,1745833923,0.005242472,5.242472205,6.397511957,297.3471,197.8204332,19.96152055,30.00448513,0.127461069,1.996548791,0.123106878,0.077320614,193.8051782,37.12937173,35.72914667,5.880481032,27.03352575,1.745753348,6.457734607,4.134727684,-231.1930242,184.1060826,21.86954534,168.587782,0,0,1,0,25035,RECT-24220-20250331-19_34_23,10063.9,425.8796,624.32,0.317850461,-0.387208687,MPF-24675-20250428-12_51_14,10069.4,243.2951154,345.9545469,0.296742542,0.5,1009.19438,6.397511957,149.7354526,13.88533333,0.028533333,92.71683803,6732.852462,92.71683803,44.52755232,0.913687709,72.61736493,125.2030683,0.051097086,0.006722908,0.804630133,274.9600547,DARK-24676-20250428-12_51_22,200.25,200.25,0.421166735,0.704572601,0.656413925,-1.28444621,1.402766035,0.579915725,0.420084275,24675,290,323.68,125,10069.4,322.21,1.47,300,24.1,345.9545469,1.247099764,-23.90894765,1.106870635,0.943386439,-0.007338485,290,320.61,755,10037.9,322.14,-1.53,None,None,None,None,None,None,None,None,None,None,None,None,None,1200.013667,1009.19438,0.840985739,0.161502476,2,0.5,0: Broadleaf,2,1745833923,297.3471,299.9991667,17.30057,15.58334333,297.3770333,17.13455333,600.011,100.8072333,0.100040113,37.43956667,35.72914667,999.9,0,0,4995.166667,0,367.6182667,-2.652052667,302.5817667,304.7481333,1.717223333,299.9991667,15.58334333,1.744022,1.570914,15.29391,13.67642,1200.013667,0.967006,0.032993953,0,243.2995,4.99998,3085.813667,11896.79333,44.8372,46.562,45.062,46.312,46.562,1155.583667,39.43,0,127.2,0,243.2951154,0.192307711,-7.557606842,3085.83,15,1745833737,12:48:56,1745833732,1745833737,6,0.08,0.023,-0.01,0.085,420,15,1.49,0.09,-2.66872122,0.231657909,0.072667628,1,243.3489706,-0.638395711,0.228376558,1,1.725469512,-0.183185017,0.018229036,0,2,3,02-Mar,3.21471,2.75529,0.073326,0.0742907,0.0997825,0.0934232,27668,30941.2,29195.1,31621,37171.8,38905.2,44778.2,46413.8,2.1208,1.6178,0.133574,0,33.5995,999.9,21,44.1,19.166,29.4283,28.9944,1,0.519289,0,20.2945,5.23526,11.9321,4.974,3.2842,9999,9999,9999,165,4.97092,1.8663,1.86905,1.86676,1.87155,1.86981,1.87332,1.8718,0,0,0,0,11111111,oooooooo,on,on,on,on,0,100,100,-0.03,0.1651,-0.190816968,0.000859946,-1.19E-06,3.87E-10,-0.170830088,-0.027663876,0.004005357,-7.26E-05,2,2149,0,22,3.3,3.2,0.830078,2.40479,1.59424,2.31689,1.49292,2.53906,47.3617,24.2101,18,591.945,397.397,36.2749,34.1854,30.0012,33.7726,33.7463,16.6726,-30,-30,-999.9,300,0,98.8068,99.3069
123,1745834058,12479.4,20250428 12:54:17,12:54:17,15,B,5,5615.4,1745834050,0.004119118,4.119118485,2.289507672,198.9595,146.9801058,14.83120948,20.07625459,0.094479841,1.998621681,0.092066909,0.057753478,193.8045875,37.64623236,36.28035,6.061403376,26.49555169,1.720901057,6.495056519,4.340502319,-181.6531252,136.3216779,16.2280544,164.7011946,0,0,1,0,24337,RECT-24220-20250331-19_34_23,10063.9,425.8796,624.32,0.317850461,-0.387208687,MPF-24677-20250428-12_53_21,10061.8,240.3881538,331.0753215,0.273917027,0.5,1009.18852,2.289507672,138.2169594,13.88533333,0.028533333,84.82632007,4918.152005,84.82632007,44.52755232,0.913687709,57.97908009,89.00102571,0.025724509,0.002652345,0.885734029,265.4773643,DARK-24678-20250428-12_53_28,203.43,203.43,0.385547678,0.710462135,0.696725221,-0.956572522,1.477746862,0.601233088,0.398766912,24677,290,310.84,175,10061.8,310.58,0.26,300,24.1,331.0753215,1.314497891,-20.61994976,1.166541061,0.917754976,-0.007337682,290,309.67,645,10041.8,310.54,-0.87,None,None,None,None,None,None,None,None,None,None,None,None,None,1200.006333,1009.18852,0.840985995,0.161502971,2,0.5,0: Broadleaf,2,1745834050,198.9595,199.9958333,17.05445667,15.70485333,199.0233,16.89919,600.0087667,100.8062667,0.099970967,37.54552,36.28035,999.9,0,0,5003.666667,0,1433.035333,-1.036327833,202.4115667,203.1869333,1.349595333,199.9958333,15.70485333,1.719196,1.583148333,15.07085667,13.79575333,1200.006333,0.966994433,0.033005533,0,240.3849667,4.99998,3053.686333,11896.69333,45.0977,46.76033333,45.312,46.51033333,46.75413333,1155.566,39.44,0,124.2,0,240.3881538,0.007658113,-2.724786324,3053.707692,15,1745833737,12:48:56,1745833732,1745833737,6,0.08,0.023,-0.01,0.085,420,15,1.49,0.09,-1.03464461,-0.083943868,0.071409739,1,240.3841176,0.175248279,0.229530309,1,1.355154878,-0.094800418,0.009775254,1,3,3,03-Mar,3.21484,2.75502,0.0520605,0.0526447,0.0988106,0.0938779,28285.3,31648.1,29178.7,31606.1,37191.1,38867.3,44751.4,46391.4,2.1186,1.614,0.152886,0,33.8333,999.9,21.1,44,19.1568,29.5183,28.8381,1,0.545854,0,20.2942,5.23526,11.9321,4.9732,3.284,9999,9999,9999,165,4.97092,1.8663,1.86905,1.86679,1.87158,1.86981,1.87344,1.8718,0,0,0,0,11111111,oooooooo,on,on,on,on,0,100,100,-0.063,0.1551,-0.190816968,0.000859946,-1.19E-06,3.87E-10,-0.170830088,-0.027663876,0.004005357,-7.26E-05,2,2149,0,22,5.4,5.3,0.60791,2.42554,1.59424,2.31567,1.49292,2.53296,47.3318,24.1926,18,592.323,396.429,36.2917,34.4433,30.001,33.9954,33.967,12.2126,-30,-30,-999.9,200,0,98.7491,99.2595
124,1745834128,12549.5,20250428 12:55:27,12:55:27,15,B,5,5615.4,1745834120,0.003777767,3.777766845,0.422079956,149.6476333,131.3449595,13.25329774,15.10011992,0.084981076,1.995615557,0.083020646,0.052060274,193.8017202,37.83324961,36.47593333,6.126751911,26.29412187,1.713582117,6.516977919,4.413169794,-166.5995179,121.7432885,14.53252954,163.4780204,0,0,1,0,25080,RECT-24220-20250331-19_34_23,10063.9,425.8796,624.32,0.317850461,-0.387208687,MPF-24679-20250428-12_54_31,10055.5,238.4877308,322.4130605,0.260303753,0.5,1009.17618,0.422079956,131.3461736,13.88533333,0.028533333,80.12036785,4043.391588,80.12036785,44.52755232,0.913687709,50.46646311,80.87849639,0.005218692,0.00080193,0.936397983,259.8786295,DARK-24680-20250428-12_54_38,200.63,200.63,0.37772372,0.689137959,0.712565648,-0.811134983,1.521398564,0.579743655,0.420256345,24679,290,304.96,235,10055.5,304.54,0.42,300,24.1,322.4130605,1.211658296,-17.97033424,1.075269203,0.908885154,-0.007337439,290,304.14,675,10040.1,304.51,-0.37,None,None,None,None,None,None,None,None,None,None,None,None,None,1199.992,1009.17618,0.840985757,0.16150251,2,0.5,0: Broadleaf,2,1745834120,149.6476333,149.9767667,16.98221667,15.74436333,149.7352333,16.83009333,600.0084,100.8044667,0.100035387,37.60750667,36.47593333,999.9,0,0,4991.5,0,1418.519,-0.329104167,152.2331,152.3759667,1.237856,149.9767667,15.74436333,1.711885,1.587103,15.00461667,13.83416333,1199.992,0.9670064,0.03299353,0,238.4798667,4.99998,3033.057,11896.58333,45.15393333,46.937,45.375,46.625,46.8666,1155.562,39.43,0,67.79999995,0,238.4877308,1.172341881,2.529230766,3033.053846,15,1745833737,12:48:56,1745833732,1745833737,6,0.08,0.023,-0.01,0.085,420,15,1.49,0.09,-0.300555334,-0.434414879,0.085903689,1,238.4845882,0.500932012,0.233672989,1,1.242954634,-0.092498467,0.009459445,1,3,3,03-Mar,3.21466,2.75539,0.0403011,0.0406412,0.0984784,0.0939988,28630.1,32042.9,29173.5,31601.1,37199.5,38857,44744.2,46385.1,2.1174,1.612,0.165701,0,33.8211,999.9,21.2,44,19.249,29.4438,28.8862,1,0.556423,0,20.2944,5.23646,11.9321,4.974,3.2844,9999,9999,9999,165,4.97092,1.8663,1.86905,1.86676,1.87155,1.86984,1.87341,1.8718,0,0,0,0,11111111,oooooooo,on,on,on,on,0,100,100,-0.087,0.1518,-0.190816968,0.000859946,-1.19E-06,3.87E-10,-0.170830088,-0.027663876,0.004005357,-7.26E-05,2,2149,0,22,6.6,6.5,0.493164,2.42676,1.59424,2.31689,1.49292,2.44507,47.3617,24.1926,18,592.576,395.962,36.3551,34.5875,30.0003,34.1224,34.0904,9.93076,-30,-30,-999.9,150,0,98.7325,99.2451
125,1745834197,12619,20250428 12:56:37,12:56:37,15,B,5,5615.4,1745834189,0.003488106,3.488105912,-0.649060134,100.07641,106.1484778,10.71072215,10.09803101,0.077663482,1.998012637,0.076024546,0.047659713,193.800603,37.94343806,36.54887333,6.151278868,26.10785311,1.701863474,6.518588359,4.449415394,-153.8254707,114.5224083,13.65928412,168.1568248,0,0,1,0,24907,RECT-24220-20250331-19_34_23,10063.9,425.8796,624.32,0.317850461,-0.387208687,MPF-24681-20250428-12_55_40,10069.8,237.8817692,313.6763068,0.24163297,0.5,1009.1703,-0.649060134,121.9244084,13.88533333,0.028533333,73.66609295,3374.436554,73.66609295,44.52755232,0.913687709,45.8071878,60.34129,-0.010756484,-0.000259472,0.990332028,254.1723297,DARK-24682-20250428-12_55_48,201.71,201.71,0.356948563,0.676940588,0.735059968,-0.675510811,1.565425655,0.574006518,0.425993482,24681,290,298.81,115,10069.8,299.42,-0.61,300,24.1,313.6763068,1.227618445,-14.35113834,1.089455117,0.861057208,-0.007337582,290,299.39,685,10039.8,299.38,0.01,None,None,None,None,None,None,None,None,None,None,None,None,None,1199.985,1009.1703,0.840985762,0.161502521,2,0.5,0: Broadleaf,2,1745834189,100.07641,99.97641667,16.86629667,15.72321667,100.1925667,16.71921333,600.0060333,100.8032333,0.099976633,37.61205333,36.54887333,999.9,0,0,5001.333333,0,1423.661,0.09998987,101.7932333,101.5734667,1.143085667,99.97641667,15.72321667,1.700176667,1.58495,14.89804667,13.81325,1199.985,0.9670052,0.03299473,0,237.8780667,4.99998,3024.965333,11896.51333,45.1208,46.937,45.375,46.625,46.8162,1155.555,39.43,0,67.19999981,0,237.8817692,-0.527111104,5.529572655,3024.982308,15,1745833737,12:48:56,1745833732,1745833737,6,0.08,0.023,-0.01,0.085,420,15,1.49,0.09,0.131626718,-0.412257757,0.082127842,1,237.8501176,0.409992365,0.216689906,1,1.146877,-0.072600225,0.007387749,1,3,3,03-Mar,3.21446,2.75525,0.0276277,0.0278172,0.0979632,0.0938685,29005.6,32472.8,29171.8,31603.5,37218.4,38864.8,44741,46387.8,2.1168,1.6116,0.177622,0,33.6746,999.9,21.2,44,19.2479,29.3338,28.5457,1,0.558618,0,20.2941,5.23646,11.9321,4.974,3.2844,9999,9999,9999,165.1,4.97092,1.8663,1.86905,1.86676,1.87164,1.86981,1.87347,1.8718,0,0,0,0,11111111,oooooooo,on,on,on,on,0,100,100,-0.116,0.1465,-0.190816968,0.000859946,-1.19E-06,3.87E-10,-0.170830088,-0.027663876,0.004005357,-7.26E-05,2,2149,0,22,7.8,7.7,0.377197,2.44507,1.59424,2.31567,1.49292,2.55127,47.3617,24.2101,18,592.801,396.183,36.4025,34.6568,30,34.1967,34.1656,7.62389,-30,-30,-999.9,100,0,98.7261,99.2515
126,1745834271,12693,20250428 12:57:51,12:57:51,15,B,5,5615.4,1745834263,0.003341077,3.341076953,-1.7857933,50.51627419,84.57852372,8.533969598,5.097090008,0.074582358,1.997962752,0.073069484,0.045801797,193.7992387,37.92495823,36.46814516,6.124138069,26.01483016,1.689152222,6.493035749,4.434985847,-147.3414936,115.4320618,13.75793779,175.6477446,0,0,1,0,24625,RECT-24220-20250331-19_34_23,10063.9,425.8796,624.32,0.317850461,-0.387208687,MPF-24683-20250428-12_56_55,10057,237.74788,304.9451366,0.220358512,0.5,1009.163119,-1.7857933,111.1888418,13.88533333,0.028533333,66.31175756,2642.038436,66.31175756,44.52755232,0.913687709,39.84268451,44.73583921,-0.039918627,-0.001385886,1.047319092,248.4091146,DARK-24684-20250428-12_57_02,204.35,204.35,0.329879459,0.667997071,0.760470661,-0.555650182,1.60942461,0.57415949,0.42584051,24683,290,294.13,225,10057,293.88,0.25,300,24.1,304.9451366,1.336479176,-11.12452671,1.186115933,0.758547373,-0.00733785,290,294.76,675,10040.7,293.87,0.89,None,None,None,None,None,None,None,None,None,None,None,None,None,1199.976452,1009.163119,0.840985769,0.161502535,2,0.5,0: Broadleaf,2,1745834263,50.51627419,49.97726129,16.74086129,15.64579677,50.6665129,16.59920645,599.9910323,100.8,0.099959261,37.53979677,36.46814516,999.9,0,0,5001.290323,0,1417.762903,0.539011548,51.37637097,50.77162581,1.095069032,49.97726129,15.64579677,1.687478065,1.577094516,14.7817129,13.73679355,1199.976452,0.967003355,0.0329966,0,237.7423226,4.99998,3021.907419,11896.43226,45.058,46.812,45.296,46.57419355,46.75,1155.546452,39.43,0,72,0,237.74788,0.487307675,9.111538469,3022.0892,15,1745833737,12:48:56,1745833732,1745833737,6,0.08,0.023,-0.01,0.085,420,15,1.49,0.09,0.545312075,-0.236152469,0.058359509,1,237.7012353,0.985301752,0.245512436,1,1.095666,-0.024734634,0.003856702,1,3,3,03-Mar,3.21479,2.75479,0.0142494,0.0141897,0.097435,0.0935155,29408.7,32930.5,29176.6,31606.6,37245.9,38884.5,44748,46393.4,2.1172,1.6116,0.189275,0,33.3967,999.9,21.2,44,19.2493,29.5038,28.6779,1,0.554756,0,20.2943,5.23646,11.9321,4.9736,3.2846,9999,9999,9999,165.1,4.97089,1.8663,1.86905,1.86676,1.87161,1.86981,1.87344,1.8718,0,0,0,0,11111111,oooooooo,on,on,on,on,0,100,100,-0.15,0.1409,-0.190816968,0.000859946,-1.19E-06,3.87E-10,-0.170830088,-0.027663876,0.004005357,-7.26E-05,2,2149,0,22,9,8.9,0.262451,2.47559,1.59424,2.31689,1.49292,2.51953,47.3617,24.2013,18,593.305,396.334,36.4181,34.6568,29.9998,34.2215,34.1903,5.31706,-30,-30,-999.9,50,0,98.7418,99.2627
127,1745834356,12778,20250428 12:59:16,12:59:16,15,B,5,5615.4,1745834348,0.003262715,3.262714734,8.358331063,416.792129,209.2850824,21.11692001,42.05443575,0.073588989,1.996779587,0.072114863,0.045201775,193.8018129,37.87713659,36.29062258,6.064820537,25.90234258,1.674843153,6.465991049,4.389977385,-143.8857198,126.2124321,15.03322346,191.1617488,0,0,1,0,24458,RECT-24220-20250331-19_34_23,10063.9,425.8796,624.32,0.317850461,-0.387208687,MPF-24685-20250428-12_58_19,10063.5,236.13964,331.7586144,0.288218513,0.5,1009.176668,8.358331063,145.4316991,13.88533333,0.028533333,89.77017926,7300.128762,89.77017926,44.52755232,0.913687709,81.32019812,127.9648843,0.065317381,0.008666015,0.881850155,265.9165323,DARK-24686-20250428-12_58_27,199.44,199.44,0.398840026,0.722641896,0.688574152,-1.015915567,1.474303547,0.610332512,0.389667488,24685,290,306.59,175,10063.5,306.11,0.48,300,24.1,331.7586144,0.90831499,-25.81265512,0.806227209,0.973410891,-0.007338566,290,304.51,655,10043.1,306.06,-1.55,None,None,None,None,None,None,None,None,None,None,None,None,None,1199.992581,1009.176668,0.840985756,0.161502509,2,0.5,0: Broadleaf,2,1745834348,416.792129,420.0315806,16.59899677,15.52946129,416.8027419,16.46347419,599.9907419,100.8002903,0.099973432,37.46305161,36.29062258,999.9,0,0,4996.451613,0,1386.081613,-3.239490968,423.8271613,426.6573871,1.069533871,420.0315806,15.52946129,1.673182258,1.565373226,14.64984839,13.62209677,1199.992581,0.967000452,0.032999577,0,236.1700968,4.99998,3000.232903,11896.58387,44.82419355,46.49790323,45.09858065,46.379,46.57419355,1155.562581,39.43,0,83,0,236.13964,-0.597923071,-13.7830769,3000.0028,15,1745833737,12:48:56,1745833732,1745833737,6,0.08,0.023,-0.01,0.085,420,15,1.49,0.09,-3.23815,0.077653959,0.09106191,1,236.1798824,-0.691153547,0.228064976,1,1.07155,-0.043530281,0.004801854,1,3,3,03-Mar,3.21472,2.7555,0.0956146,0.0966957,0.0968883,0.0930296,26991.8,30185.3,29185.2,31615.1,37279.8,38916.1,44761.3,46405.3,2.1184,1.6146,0.20051,0,33.0311,999.9,21.1,43.9,19.0587,29.6938,28.8862,1,0.541524,0,20.2945,5.23646,11.9321,4.9736,3.284,9999,9999,9999,165.1,4.97089,1.8663,1.86905,1.86676,1.87164,1.86981,1.87344,1.8718,0,0,0,0,11111111,oooooooo,on,on,on,on,0,100,100,-0.011,0.135,-0.190816968,0.000859946,-1.19E-06,3.87E-10,-0.170830088,-0.027663876,0.004005357,-7.26E-05,2,2149,0,22,10.4,10.3,1.08643,2.42798,1.59424,2.31689,1.49292,2.46094,47.3318,24.2013,18,593.759,397.892,36.3972,34.5668,29.999,34.175,34.144,21.81,-30,-30,-999.9,420,0,98.771,99.2887
128,1745834446,12867.5,20250428 13:00:45,13:00:45,15,B,5,5615.4,1745834438,0.003216275,3.216274798,12.75137237,595.1277,281.0802838,28.36041577,60.0471466,0.073404446,1.996149537,0.071937172,0.045090118,193.8055976,37.7689732,36.08874,5.997970322,25.81776066,1.658022883,6.422024376,4.339947439,-141.8377186,134.40752,15.98905066,202.3644497,0,0,1,0,25071,RECT-24220-20250331-19_34_23,10063.9,425.8796,624.32,0.317850461,-0.387208687,MPF-24687-20250428-12_59_49,10075.6,236.96752,349.1148974,0.321233434,0.5,1009.19384,12.75137237,162.0934015,13.88533333,0.028533333,101.1830577,9373.207315,101.1830577,44.52755232,0.913687709,92.63613428,188.4441495,0.067666587,0.013018887,0.788293781,276.9526679,DARK-24688-20250428-12_59_56,192.05,192.05,0.449894572,0.714019359,0.636650942,-1.460923754,1.386840092,0.578676006,0.421323994,24687,290,318.57,95,10075.6,318.02,0.55,300,24.1,349.1148974,1.047112205,-31.33185952,0.929548556,0.975947712,-0.007339463,290,314.72,665,10043.9,317.92,-3.2,None,None,None,None,None,None,None,None,None,None,None,None,None,1200.012667,1009.19384,0.84098599,0.16150296,2,0.5,0: Broadleaf,2,1745834438,595.1277,600.0162,16.43267667,15.3782,595.1456667,16.30435667,599.9986333,100.7979333,0.09998589,37.33769,36.08874,999.9,0,0,4994,0,1340.560667,-4.888470333,605.0705667,609.3874333,1.054477333,600.0162,15.3782,1.656379667,1.550090333,14.49356333,13.47141667,1200.012667,0.9669984,0.033001663,0,236.9474333,4.99998,3007.574333,11896.76667,44.5956,46.16633333,44.8708,46.0956,46.354,1155.572667,39.44,0,87.19999981,0,236.96752,1.122230771,17.12076924,3007.666,15,1745833737,12:48:56,1745833732,1745833737,6,0.08,0.023,-0.01,0.085,420,15,1.49,0.09,-4.896627073,0.062986202,0.08980231,1,236.9052353,0.973781514,0.244145817,1,1.053973171,0.003919861,0.003326953,1,3,3,03-Mar,3.21463,2.75508,0.124206,0.125549,0.0962227,0.0923846,26151.3,29232.4,29199.1,31627,37324.8,38958.2,44783.1,46422.6,2.1194,1.6176,0.209212,0,32.6751,999.9,21,43.9,18.9715,29.7138,28.5617,1,0.523618,0,20.2944,5.23526,11.9321,4.974,3.284,9999,9999,9999,165.1,4.97092,1.8663,1.86905,1.86676,1.87161,1.86981,1.87344,1.8718,0,0,0,0,11111111,oooooooo,on,on,on,on,0,100,100,-0.018,0.1277,-0.190816968,0.000859946,-1.19E-06,3.87E-10,-0.170830088,-0.027663876,0.004005357,-7.26E-05,2,2149,0,22,11.9,11.8,1.45142,2.41089,1.59424,2.31567,1.49292,2.54272,47.272,24.2101,18,593.501,399.065,36.3422,34.409,29.999,34.0637,34.0345,29.0931,-30,-30,-999.9,600,0,98.8186,99.3258
129,1745834575,12997,20250428 13:02:55,13:02:55,15,B,5,5615.4,1745834567,0.00319402,3.19402004,18.1429006,793.1234,352.2550947,35.54440494,80.03035222,0.073753328,1.998610322,0.072274009,0.045301695,193.8033492,37.63902859,35.86858667,5.925800478,25.62747131,1.633507082,6.374047062,4.292293396,-140.8562837,143.4628713,17.01574655,213.4256833,0,0,1,0,25056,RECT-24220-20250331-19_34_23,10063.9,425.8796,624.32,0.317850461,-0.387208687,MPF-24689-20250428-13_01_59,10063.4,244.06396,383.3912045,0.363407514,0.5,1009.179548,18.1429006,183.3717154,13.88533333,0.028533333,115.7621519,11942.95114,115.7621519,44.52755232,0.913687709,103.1680125,249.0870822,0.072837581,0.018361558,0.62841503,298.0945207,DARK-24690-20250428-13_02_06,195.87,195.87,0.489111911,0.742994612,0.562326515,-3.279183482,1.21411162,0.596279576,0.403720424,24689,290,344.44,215,10063.4,342.82,1.62,300,24.1,383.3912045,1.33390084,-40.82465078,1.18450956,0.976971165,-0.007341465,290,338.94,635,10048.8,342.76,-3.82,None,None,None,None,None,None,None,None,None,None,None,None,None,1199.995333,1009.179548,0.840986227,0.161503419,2,0.5,0: Broadleaf,2,1745834567,793.1234,800.0153333,16.18851667,15.14109667,793.1859,16.07069667,600.0102333,100.8053333,0.099963647,37.20004,35.86858667,999.9,0,0,5003.666667,0,1377.065333,-6.892016,806.1742333,812.3147333,1.047421,800.0153333,15.14109667,1.631888333,1.526301667,14.26326,13.23423333,1199.995333,0.9669917,0.033008517,0,244.0391333,4.99998,3085.228667,11896.56333,44.0372,45.6622,44.3372,45.39153333,45.8498,1155.548,39.449,0,127.1999998,0,244.06396,2.007846159,22.19769235,3085.3456,15,1745833737,12:48:56,1745833732,1745833737,6,0.08,0.023,-0.01,0.085,420,15,1.49,0.09,-6.8956645,0.213679024,0.106929935,1,243.9132059,2.685423986,0.34653493,0,1.04718275,0.004035535,0.002554628,1,2,3,02-Mar,3.21429,2.75538,0.151369,0.152931,0.0952936,0.0914807,25359.7,28331.3,29220.8,31642.7,37390,39016.6,44817.3,46446.3,2.1226,1.622,0.227273,0,32.1998,999.9,20.8,43.8,18.689,29.1838,28.5697,1,0.489065,0,20.2954,5.23766,11.9321,4.974,3.2842,9999,9999,9999,165.2,4.97086,1.8663,1.86905,1.86676,1.87158,1.86981,1.87338,1.8718,0,0,0,0,11111111,oooooooo,on,on,on,on,0,100,100,-0.062,0.1171,-0.190816968,0.000859946,-1.19E-06,3.87E-10,-0.170830088,-0.027663876,0.004005357,-7.26E-05,2,2149,0,22,14.1,14,1.83716,2.39868,1.59424,2.31567,1.49292,2.52808,47.1527,24.2013,18,593.394,400.111,36.2178,34.0818,29.9986,33.791,33.7675,36.814,-30,-30,-999.9,800,0,98.8935,99.3758
130,1745834705,13126.5,20250428 13:05:04,13:05:04,15,B,5,5615.4,1745834697,0.002967359,2.967359138,22.46922512,991.5800667,410.9653103,41.46486732,100.0467311,0.068758743,1.998336936,0.067470941,0.042283033,193.8058104,37.50581141,35.74720333,5.886332611,25.61976136,1.613862424,6.299287495,4.272470187,-130.860538,133.218181,15.77695771,211.9404111,0,0,1,0,24437,RECT-24220-20250331-19_34_23,10063.9,425.8796,624.32,0.317850461,-0.387208687,MPF-24691-20250428-13_04_08,10062.5,251.7508462,411.2777576,0.387881203,0.5,1009.19496,22.46922512,195.7238776,13.88533333,0.028533333,124.2224247,13860.79151,124.2224247,44.52755232,0.913687709,111.5804296,299.3848807,0.075051302,0.022648185,0.518000885,314.684539,DARK-24692-20250428-13_04_15,195.01,195.01,0.525843554,0.737636129,0.496243373,-10.9251221,1.073583012,0.571384063,0.428615937,24691,290,366.96,235,10062.5,365.82,1.14,300,24.1,411.2777576,1.081596221,-45.73871931,0.960553322,0.987801604,-0.007342281,290,360.73,655,10048.7,365.76,-5.03,None,None,None,None,None,None,None,None,None,None,None,None,None,1200.014,1009.19496,0.840985989,0.161502958,2,0.5,0: Broadleaf,2,1745834697,991.5800667,1000.0507,15.99526333,15.02195333,991.7081,15.88572667,599.9929,100.7963,0.099971,36.98374667,35.74720333,999.9,0,0,5003,0,761.6653667,-8.470257667,1007.698333,1015.302667,0.973313033,1000.0507,15.02195333,1.612263,1.514156667,14.07651333,13.11187333,1200.014,0.966994,0.033006183,0,251.7597333,4.99998,3173.582,11896.76667,43.77686667,45.4496,44.03926667,45.1208,45.562,1155.574,39.44,0,127.1999998,0,251.7508462,1.312341887,22.15042737,3173.601538,15,1745833737,12:48:56,1745833732,1745833737,6,0.08,0.023,-0.01,0.085,420,15,1.49,0.09,-8.449087805,0.246640976,0.152839365,1,251.6560588,1.838044311,0.306421465,0,0.974630634,-0.021663199,0.002947195,1,2,3,02-Mar,3.21444,2.75527,0.17519,0.176909,0.0945791,0.0910289,24659,27537.2,29233.9,31651.9,37436.5,39045.9,44839.2,46458.4,2.1258,1.6266,0.218302,0,32.1948,999.9,20.7,43.8,18.6017,29.2138,28.8021,1,0.464695,0,20.2958,5.23885,11.9321,4.974,3.2842,9999,9999,9999,165.2,4.97089,1.8663,1.86905,1.86679,1.87158,1.86981,1.87344,1.8718,0,0,0,0,11111111,oooooooo,on,on,on,on,0,100,100,-0.128,0.1092,-0.190816968,0.000859946,-1.19E-06,3.87E-10,-0.170830088,-0.027663876,0.004005357,-7.26E-05,2,2149,0,22,16.2,16.1,2.20459,2.39014,1.59424,2.31567,1.49292,2.46704,47.0337,24.2013,18,593.359,401.349,36.0453,33.793,29.9995,33.5273,33.512,44.1953,-30,-30,-999.9,1000,0,98.9402,99.4031
131,1745834834,13256,20250428 13:07:14,13:07:14,15,B,5,5615.49,1745834826,0.002860861,2.860861477,25.61356183,1190.304333,496.3979585,50.08515882,120.0983617,0.065632195,1.995935777,0.064456383,0.040389127,193.803842,37.55019482,35.86234333,5.923764861,25.59533065,1.612750092,6.300954321,4.311014768,-126.1639911,121.1900069,14.37808558,203.2079434,0,0,1,0,25242,RECT-24220-20250331-19_34_23,10063.9,425.8796,624.32,0.317850461,-0.387208687,MPF-24693-20250428-13_06_17,10062.4,258.0912,430.2885624,0.400190424,0.5,1009.1846,25.61356183,201.9330067,13.88533333,0.028533333,128.4775808,15170.34014,128.4775808,44.52755232,0.913687709,118.0777225,378.320236,0.067703388,0.025764137,0.450933291,325.694645,DARK-24694-20250428-13_06_25,199.05,199.05,0.53740346,0.744674074,0.456254703,39.05621047,0.977781932,0.574321691,0.425678309,24693,290,385.81,235,10062.4,384.1,1.71,300,24.1,430.2885624,1.50162107,-46.48012405,1.333550628,0.977470774,-0.007342329,290,379.52,695,10046.5,384.02,-4.5,None,None,None,None,None,None,None,None,None,None,None,None,None,1200.001667,1009.1846,0.840985999,0.161502977,2,0.5,0: Broadleaf,2,1745834826,1190.304333,1199.977,15.98409333,15.04574333,1190.499333,15.87503333,600.0177333,100.7971667,0.100022717,36.98859333,35.86234333,999.9,0,0,4993.166667,0,497.6532333,-9.673063667,1209.638333,1218.307,0.938356033,1199.977,15.04574333,1.611152333,1.516568,14.06588667,13.13623333,1200.001667,0.9669952,0.033004933,0,258.0676,4.99998,3249.567667,11896.63667,43.812,45.6019,44.031,45.2269,45.562,1155.561667,39.44,0,127.1999998,0,258.0912,1.349230778,27.48923083,3249.7168,15,1745833737,12:48:56,1745833732,1745833737,6,0.08,0.023,-0.01,0.085,420,15,1.49,0.09,-9.66239561,0.220904948,0.137894411,1,257.9497059,1.802841864,0.268211893,0,0.939193,-0.014170516,0.002570891,1,2,3,02-Mar,3.21465,2.75535,0.19657,0.198362,0.0946252,0.0912028,24019.9,26815.2,29235.1,31648.3,37435.9,39033.9,44841.1,46452.9,2.1272,1.628,0.201374,0,32.6119,999.9,20.7,43.8,18.6011,29.4638,28.6178,1,0.463232,0,20.2955,5.23526,11.9321,4.974,3.284,9999,9999,9999,165.2,4.97092,1.8663,1.86905,1.86679,1.87164,1.86981,1.87347,1.87183,0,0,0,0,11111111,oooooooo,on,on,on,on,0,100,100,-0.2,0.1094,-0.190816968,0.000859946,-1.19E-06,3.87E-10,-0.170830088,-0.027663876,0.004005357,-7.26E-05,2,2149,0,22,18.4,18.3,2.56104,2.38281,1.59424,2.31567,1.49292,2.51587,46.9448,24.2013,18,593.394,401.54,35.9382,33.7111,30.0002,33.419,33.4059,51.3094,-30,-30,-999.9,1200,0,98.9443,99.3915
132,1745834915,13336.5,20250428 13:08:34,13:08:34,15,B,5,5615.4,1745834907,0.002841716,2.841715963,30.83776545,1488.350333,637.8528394,64.35757035,150.1703926,0.064676787,1.997571811,0.063535555,0.03981058,193.8070872,37.61963571,35.97468667,5.96048705,25.57774536,1.617180107,6.322606172,4.343306943,-125.319674,115.9599721,13.75799652,198.2053819,0,0,1,0,24316,RECT-24220-20250331-19_34_23,10063.9,425.8796,624.32,0.317850461,-0.387208687,MPF-24695-20250428-13_07_38,10069.8,259.7708462,440.9652682,0.410904067,0.5,1009.20168,30.83776545,207.3425373,13.88533333,0.028533333,132.1811639,17196.21963,132.1811639,44.52755232,0.913687709,130.0958406,507.7569988,0.060733314,0.030940272,0.415803114,331.7749776,DARK-24696-20250428-13_07_45,195.93,195.93,0.555679292,0.739462623,0.428008898,12.01103061,0.923978846,0.557733532,0.442266468,24695,290,394.42,155,10069.8,393.77,0.65,300,24.1,440.9652682,1.332393412,-47.52589046,1.183142124,0.982943115,-0.007341737,290,389.78,625,10049.2,393.67,-3.89,None,None,None,None,None,None,None,None,None,None,None,None,None,1200.022,1009.20168,0.840985982,0.161502945,2,0.5,0: Broadleaf,2,1745834907,1488.350333,1500.039667,16.02799667,15.09592,1488.614,15.91706,599.9869,100.7972333,0.099974267,37.05145,35.97468667,999.9,0,0,4999.833333,0,1047.816333,-11.68992,1512.593667,1523.031333,0.932075233,1500.039667,15.09592,1.615578,1.521626667,14.1082,13.18723,1200.022,0.966998,0.033002093,0,259.7885667,4.99998,3273.949,11896.88333,44.0062,45.8141,44.2227,45.50206667,45.75,1155.582,39.44,0,78.5999999,0,259.7708462,-0.580649568,-2.432478629,3273.961154,15,1745833737,12:48:56,1745833732,1745833737,6,0.08,0.023,-0.01,0.085,420,15,1.49,0.09,-11.70891463,0.091933798,0.143917828,1,259.7642059,0.10660046,0.23554752,1,0.932960488,-0.016438348,0.003202281,1,3,3,03-Mar,3.21466,2.75528,0.225075,0.226955,0.0947929,0.0914116,23157.4,25850.4,29225.2,31641.5,37417.5,39016.9,44826.6,46442.8,2.1274,1.6274,0.192374,0,32.8853,999.9,20.7,43.7,18.5041,29.5738,28.6338,1,0.473984,0,20.2953,5.23646,11.9321,4.9728,3.2844,9999,9999,9999,165.3,4.97086,1.8663,1.86905,1.86676,1.87164,1.86981,1.87347,1.8718,0,0,0,0,11111111,oooooooo,on,on,on,on,0,100,100,-0.26,0.1112,-0.190816968,0.000859946,-1.19E-06,3.87E-10,-0.170830088,-0.027663876,0.004005357,-7.26E-05,2,2149,0,22,19.7,19.6,3.06763,2.37183,1.59424,2.31689,1.49292,2.50366,46.9448,24.2101,18,593.804,401.359,35.9337,33.7747,30.0009,33.449,33.4359,61.4734,-30,-30,-999.9,1500,0,98.9117,99.3699
,,,,,,,,,,,,,,,,,,,,,,,,,,,,,,,,,,,,,,,,,,,,,,,,,,,,,,,,,,,,,,,,,,,,,,,,,,,,,,,,,,,,,,,,,,,,,,,,,,,,,,,,,,,,,,,,,,,,,,,,,,,,,,,,,,,,,,,,,,,,,,,,,,,,,,,,,,,,,,,,,,,,,,,,,,,,,,,,,,,,,,,,,,,,,,,,,,,,,,,,,,,,,,,,,,,,,,,,,,,,,,,,,,,,,,,,,,,,,,,,,,,,,,,,,,,,,,,,,,,,,,,,,,,,,,,,,,,,,,,,,,,,,,,,,,,,,,
147,1745911441,2024.9,20250429 10:24:01,10:24:01,15,C,4,5616.48,1745911433,0.003037606,3.037605599,4.022583865,198.4479032,132.7038214,13.40366571,20.04410519,0.113094209,1.999470015,0.109656868,0.068835672,193.8051206,31.60947576,30.85497419,4.474207714,38.82655377,1.762668944,4.53985423,2.71153877,-133.9584069,27.53373399,3.091776203,90.47222384,0,0,1,0,25112,RECT-24220-20250331-19_34_23,10063.9,425.8796,624.32,0.317850461,-0.387208687,MPF-24729-20250429-10_23_03,10076.1,251.0856923,324.4682539,0.226162531,0.5,1009.191329,4.022583865,114.1206328,15.70785714,0.031713795,59.41955831,3192.791214,40.1979478,32.62518432,0.782818762,79.42672172,53.27709968,0.075503056,0.00436963,0.924132769,261.2122491,DARK-24730-20250429-10_23_10,200.51,200.51,0.382035076,0.591994154,0.707514561,-0.723612934,1.511041835,0.472749947,0.527250053,24729,290,310.91,275,10076.1,310.88,0.03,300,24,324.4682539,1.265477804,-13.69499337,1.12586977,0.840873854,-0.007352604,290,311.59,665,10067,310.86,0.73,None,None,None,None,None,None,None,None,None,None,None,None,None,1200.009677,1009.191329,0.840985992,0.161502965,2,0.5,0: Broadleaf,2,1745911433,198.4479032,199.9897742,17.4514129,16.4565,198.6363226,17.2101871,599.971129,100.9043871,0.099981635,31.1104,30.85497419,999.9,0,0,5002.258065,0,1142.805484,-1.541953548,201.9725484,203.3360323,0.994922581,199.9897742,16.4565,1.760923548,1.66053129,15.44416452,14.53230323,1200.009677,0.96699371,0.033005929,0,251.1376774,4.99998,3092.632903,11896.72581,38.312,40.07216129,38.562,39.46341935,39.9756129,1155.569677,39.44,0,87,0,251.0856923,-1.226324786,-7.771623913,3092.577692,15,1745911419,10:23:38,1745911412,1745911419,5,0.028,-0.002,-0.188,0.197,200,16,1.1,0.23,-1.51949925,-0.20391546,0.08557037,1,251.1752647,-0.964354471,0.251154898,1,0.99362205,0.00583128,0.018516099,1,3,3,03-Mar,3.21565,2.75507,0.0528127,0.0534885,0.101451,0.0983021,28513.7,31822.4,29411.3,31785.6,37349.4,38869.2,45120.7,46641.3,2.21,1.7712,0.192225,0,27.7318,999.9,37,32.6,18.1129,29.6209,30.9736,1,0.110122,0,20.3055,5.24005,11.9321,4.974,3.284,9999,9999,9999,168.2,4.97104,1.86636,1.86926,1.86691,1.87192,1.86999,1.87393,1.87216,0,0,0,0,11111111,oooooooo,on,on,on,on,0,100,100,-0.189,0.2414,-0.315500553,0.000859946,-1.19E-06,3.87E-10,-0.099057486,-0.027663876,0.004005357,-7.26E-05,2,2149,0,22,0.5,0.4,0.601807,2.36206,1.59424,2.3291,1.49292,2.48657,37.3378,24.1663,18,609.892,461.21,29.8488,29.116,30.0003,28.8844,28.8651,12.1055,-30,-30,-999.9,200,0,99.553,99.8059
148,1745911530,2113.4,20250429 10:25:29,10:25:29,15,C,4,5616.3,1745911522,0.002766985,2.766985196,2.041027235,149.1716452,110.1945515,11.13018307,15.06705818,0.1008721,2.000504331,0.098129235,0.061570995,193.8023919,31.81242018,31.04279355,4.522397704,38.60375033,1.762943043,4.566766254,2.759454662,-122.0240471,18.48465016,2.077563436,92.34055837,0,0,1,0,25102,RECT-24220-20250331-19_34_23,10063.9,425.8796,624.32,0.317850461,-0.387208687,MPF-24731-20250429-10_24_32,10081.7,249.6591923,315.1657467,0.20784795,0.5,1009.176968,2.041027235,104.8776821,15.70785714,0.032230449,53.66511794,2487.862334,42.36973395,32.62518432,0.782818762,58.71791257,51.47663893,0.039649582,0.002406155,0.98092593,255.1493983,DARK-24732-20250429-10_24_39,198.39,198.39,0.370521695,0.56096027,0.725833478,-0.591674416,1.557919926,0.44576331,0.55423669,24731,290,304.83,195,10081.7,304.55,0.28,300,24,315.1657467,1.101802554,-10.70560379,0.980192157,0.809897367,-0.007352165,290,305.43,695,10065.1,304.53,0.9,None,None,None,None,None,None,None,None,None,None,None,None,None,1199.992581,1009.176968,0.840986006,0.161502992,2,0.5,0: Broadleaf,2,1745911522,149.1716452,149.9895806,17.45404516,16.54780645,149.409,17.21681935,599.9942581,100.9048387,0.100001503,31.21418387,31.04279355,999.9,0,0,5006.451613,0,1206.869677,-0.818071419,151.8214516,152.5134194,0.906240419,149.9895806,16.54780645,1.761196452,1.669752903,15.44658387,14.61805161,1199.992581,0.966994484,0.033005339,0,249.6443226,4.99998,3076.470323,11896.55806,38.437,40.312,38.70325806,39.661,40.0863871,1155.552581,39.44,0,86.5999999,0,249.6591923,-0.338974352,-3.216068378,3076.389615,15,1745911506,10:25:06,1745911505,1745911506,6,-0.025,-0.004,-0.237,0.196,150,17,1.15,0.29,-0.815177756,-0.099695415,0.06061274,1,249.6981471,-0.575874711,0.205332031,1,0.90834661,-0.038928293,0.004552094,1,3,3,03-Mar,3.21622,2.75537,0.040867,0.0413119,0.101493,0.098675,28870.7,32229.3,29409.1,31783.5,37345.2,38850.1,45117.3,46637.9,2.2098,1.77,0.196844,0,27.8554,999.9,36.9,32.8,18.2683,29.1809,30.7292,1,0.114309,0,20.3053,5.24005,11.9321,4.974,3.284,9999,9999,9999,168.3,4.97107,1.8664,1.86926,1.86691,1.87183,1.86996,1.87393,1.8721,0,0,0,0,11111111,oooooooo,on,on,on,on,0,100,100,-0.237,0.2377,-0.340690734,0.000859946,-1.19E-06,3.87E-10,-0.103377036,-0.027663876,0.004005357,-7.26E-05,2,2149,0,22,0.4,0.4,0.490723,2.3877,1.59424,2.3291,1.49292,2.38525,37.4338,24.1575,18,610.242,460.804,29.9334,29.1821,30.0002,28.934,28.9146,9.87225,-30,-30,-999.9,150,0,99.5456,99.799
149,1745911618,2201.5,20250429 10:26:57,10:26:57,15,C,4,5616.39,1745911610,0.002564109,2.564108625,0.255547357,99.82209677,90.94707437,9.186079258,10.08249797,0.092136622,1.998760729,0.089840483,0.056351835,193.8044513,31.89757083,31.12812903,4.544441709,38.33224763,1.751545446,4.569378407,2.792896263,-113.0771904,10.3554658,1.165455377,92.24818207,0,0,1,0,24838,RECT-24220-20250331-19_34_23,10063.9,425.8796,624.32,0.317850461,-0.387208687,MPF-24733-20250429-10_26_00,10080,248.7458077,309.1114728,0.195287689,0.5,1009.187806,0.255547357,98.54097709,15.70785714,0.032747103,49.66908012,1891.477982,45.51561564,32.62518432,0.782818762,41.55668237,49.390392,0.00517403,0.000636904,1.019724452,251.1668162,DARK-24734-20250429-10_26_07,200.6,200.6,0.351043175,0.556306753,0.743907598,-0.516970397,1.588429207,0.448631218,0.551368782,24733,290,299.36,215,10080,299.35,0.01,300,24,309.1114728,1.100080939,-9.839084846,0.978658923,0.783073008,-0.007352159,290,300.19,715,10064.2,299.34,0.85,None,None,None,None,None,None,None,None,None,None,None,None,None,1200.005484,1009.187806,0.840985996,0.161502971,2,0.5,0: Broadleaf,2,1745911610,99.82209677,99.99260323,17.34123226,16.50132258,100.0440161,17.10878387,599.9797097,100.9046452,0.100025106,31.22422903,31.12812903,999.9,0,0,4999.354839,0,368.0309032,-0.170527529,101.5836774,101.6703871,0.839912065,99.99260323,16.50132258,1.74981129,1.665060323,15.34551613,14.57447419,1200.005484,0.96699329,0.033006332,0,248.7314839,4.99998,3062.546774,11896.68387,38.5,40.256,38.752,39.72154839,40.187,1155.565484,39.44,0,86,0,248.7458077,-0.004205124,1.474188052,3062.548462,15,1745911595,10:26:35,1745911594,1745911595,7,0.044,0,-0.222,0.197,100,17,0.91,0.31,-0.161886049,-0.042195664,0.067969341,1,248.717,0.606417115,0.186254254,1,0.835863122,0.056886395,0.040841417,1,3,3,03-Mar,3.21602,2.75549,0.0280924,0.0283337,0.100908,0.0983844,29254.9,32668,29409,31786.1,37369.3,38866.4,45116.3,46642.3,2.2084,1.7676,0.204504,0,27.8004,999.9,36.7,32.9,18.2724,29.4473,30.7252,1,0.115874,0,20.3053,5.24125,11.9321,4.974,3.284,9999,9999,9999,168.3,4.97107,1.86633,1.86932,1.86691,1.87189,1.86996,1.87393,1.87213,0,0,0,0,11111111,oooooooo,on,on,on,on,0,100,100,-0.222,0.2315,-0.29645167,0.000859946,-1.19E-06,3.87E-10,-0.10320606,-0.027663876,0.004005357,-7.26E-05,2,2149,0,22,0.4,0.4,0.377197,2.3877,1.59424,2.3291,1.49292,2.48291,37.4819,24.1663,18,609.541,459.378,29.9869,29.2137,29.9999,28.9639,28.9369,7.6068,-30,-30,-999.9,100,0,99.5441,99.8078
150,1745911703,2287,20250429 10:28:23,10:28:23,15,C,4,5616.3,1745911695,0.002215063,2.215062829,-1.060861184,50.30245161,69.54488151,7.024320404,5.080755471,0.07861503,1.998873199,0.076936861,0.048233331,193.8056354,32.03353206,31.17869677,4.557548564,38.06816439,1.740231798,4.571357262,2.817316766,-97.68427077,5.726400158,0.644626037,102.4923908,0,0,1,0,25101,RECT-24220-20250331-19_34_23,10063.9,425.8796,624.32,0.317850461,-0.387208687,MPF-24735-20250429-10_27_25,10075,248.4368462,302.7585085,0.179422414,0.5,1009.194039,-1.060861184,90.53601515,15.70785714,0.033263756,44.66309759,1384.572309,45.77526727,32.62518432,0.782818762,30.24717039,39.29771112,-0.026995496,-0.000667515,1.062105548,246.956186,DARK-24736-20250429-10_27_33,198.8,198.8,0.343371055,0.522532144,0.755690664,-0.441205172,1.620443677,0.41813198,0.58186802,24735,290,294.9,295,10075,294.67,0.23,300,24,302.7585085,1.297209329,-8.152300078,1.154050581,0.640570171,-0.007352259,290,295.63,755,10063,294.66,0.97,None,None,None,None,None,None,None,None,None,None,None,None,None,1200.012903,1009.194039,0.840985989,0.16150296,2,0.5,0: Broadleaf,2,1745911695,50.30245161,49.98596129,17.2293129,16.50365484,50.48658065,17.00344516,599.9792258,100.904129,0.100003135,31.23183548,31.17869677,999.9,0,0,4999.83871,0,1252.222258,0.316488065,51.18431935,50.82475484,0.725660613,49.98596129,16.50365484,1.738510323,1.665286774,15.24462903,14.57658387,1200.012903,0.966992645,0.033006916,0,248.4484839,4.99998,3062.480645,11896.75484,38.44512903,40.125,38.75,39.562,40.12093548,1155.572903,39.44,0,83.60000014,0,248.4368462,0.752752139,5.393162392,3062.488077,15,1745911681,10:28:00,1745911676,1745911681,8,0.072,-0.002,-0.184,0.193,50,16,0.93,0.24,0.3316751,-0.206618341,0.068329052,1,248.4511471,-0.204751722,0.208500124,1,0.7273362,-0.035319174,0.004102552,1,3,3,03-Mar,3.21589,2.7551,0.0144728,0.0144706,0.100575,0.098489,29669.8,33138.2,29413.9,31790,37390.3,38866.6,45124.9,46648.4,2.2088,1.7678,0.215322,0,27.6705,999.9,36.5,33,18.2761,29.5573,30.7212,1,0.112012,0,20.3051,5.23646,11.9321,4.974,3.284,9999,9999,9999,168.3,4.97107,1.8663,1.86923,1.86691,1.8718,1.86996,1.8739,1.8721,0,0,0,0,11111111,oooooooo,on,on,on,on,0,100,100,-0.184,0.2262,-0.224563411,0.000859946,-1.19E-06,3.87E-10,-0.104988648,-0.027663876,0.004005357,-7.26E-05,2,2149,0,22,0.5,0.4,0.263672,2.40967,1.59424,2.3291,1.49292,2.48901,37.53,24.1663,18,609.58,459.314,29.9941,29.1786,29.9998,28.9391,28.9121,5.34441,-30,-30,-999.9,50,0,99.5622,99.8206
152,1745911885,2469,20250429 10:31:25,10:31:25,15,C,4,5616.3,1745911877,0.002019066,2.019066016,12.99675146,595.2868065,277.9565995,28.0741448,60.12509879,0.071159983,1.996944592,0.069780695,0.043734631,193.8035543,32.08661628,31.17425161,4.556395086,37.77377632,1.724832587,4.566216978,2.831562499,-89.04081133,4.071604393,0.458732075,109.2930794,0,0,1,0,25457,RECT-24220-20250331-19_34_23,10063.9,425.8796,624.32,0.317850461,-0.387208687,MPF-24739-20250429-10_30_27,10082.5,245.5968077,335.2648453,0.267454339,0.5,1009.182944,12.99675146,134.9551786,15.70785714,0.034297064,71.24809637,5920.970424,16.12981548,32.62518432,0.782818762,367.0823408,-89.1257413,-0.14582489,0.013262174,0.862169592,268.1644313,DARK-24740-20250429-10_30_35,195.45,195.45,0.417028052,0.641334169,0.67399248,-0.989552284,1.45663461,0.510384335,0.489615665,24739,290,315.26,195,10082.5,314.96,0.3,300,24,335.2648453,1.109238224,-20.47306236,0.986883708,0.938912878,-0.007352661,290,314.74,645,10068.1,314.93,-0.19,None,None,None,None,None,None,None,None,None,None,None,None,None,1199.999677,1009.182944,0.840986013,0.161503005,2,0.5,0: Broadleaf,2,1745911877,595.2868065,600.0195161,17.07722903,16.41572581,595.3598387,16.85472258,600.0230645,100.9018065,0.100094039,31.21207097,31.17425161,999.9,0,0,4992.096774,0,285.2092258,-4.73279129,605.6291613,610.0336129,0.661519935,600.0195161,16.41572581,1.723122903,1.656373871,15.1063129,14.49350968,1199.999677,0.966993935,0.03300559,0,245.5996452,4.99998,3024.699677,11896.63871,38.379,39.94106452,38.657,39.391,40.06,1155.553548,39.44032258,0,83.60000014,0,245.5968077,0.617675218,2.752478652,3024.725,15,1745911862,10:31:01,1745911862,1745911859,10,-0.045,0.001,-0.074,0.195,600,16,1.29,0.28,-4.7424005,0.148561351,0.092162307,1,245.6228529,-0.23048128,0.199075234,1,0.663073725,-0.034134563,0.003953042,1,3,3,03-Mar,3.21619,2.75525,0.125885,0.127185,0.0998755,0.098039,26324,29355.5,29422.2,31797,37432.6,38897.1,45139.4,46660,2.211,1.7682,0.222027,0,27.5414,999.9,36,33.2,18.2288,29.4573,30.7492,1,0.102114,0,20.3054,5.24005,11.9321,4.974,3.284,9999,9999,9999,168.4,4.97101,1.8664,1.86923,1.86697,1.8718,1.86999,1.8739,1.8721,0,0,0,0,11111111,oooooooo,on,on,on,on,0,100,100,-0.073,0.2219,-0.245994173,0.000859946,-1.19E-06,3.87E-10,-0.101570428,-0.027663876,0.004005357,-7.26E-05,2,2149,0,22,0.4,0.4,1.43066,2.34619,1.59424,2.3291,1.49292,2.47803,37.5781,24.1663,18,610.407,459.009,30.0056,29.0786,29.9995,28.8646,28.8405,28.6868,-30,-30,-999.9,600,0,99.5925,99.8442
153,1745911969,2553,20250429 10:32:49,10:32:49,15,C,4,5616.3,1745911961,0.001919752,1.919751973,16.68185453,793.9273548,367.0499476,37.07197929,80.18652133,0.067777399,1.999096905,0.066526201,0.041689367,193.8078815,32.04279485,31.08146774,4.532376519,37.57188626,1.70785388,4.545563317,2.82452264,-84.661062,5.495845604,0.618003574,115.2606687,0,0,1,0,25198,RECT-24220-20250331-19_34_23,10063.9,425.8796,624.32,0.317850461,-0.387208687,MPF-24741-20250429-10_31_51,10076.3,249.02636,351.2078183,0.290943006,0.5,1009.204974,16.68185453,146.8105643,15.70785714,0.034813718,78.26787394,7111.809296,8.409180766,32.62518432,0.782818762,845.7196359,-478.6696883,-0.034850451,0.016913376,0.777636964,278.2681632,DARK-24742-20250429-10_31_59,197.85,197.85,0.436658327,0.666294418,0.640401861,-1.368407931,1.376293243,0.529367054,0.470632946,24741,290,328.32,285,10076.3,328.28,0.04,300,24,351.2078183,1.256701486,-23.10483217,1.118159991,0.938457531,-0.007353052,290,328.05,745,10064.7,328.25,-0.2,None,None,None,None,None,None,None,None,None,None,None,None,None,1200.025806,1009.204974,0.840986059,0.161503095,2,0.5,0: Broadleaf,2,1745911961,793.9273548,799.9957419,16.90947419,16.28040645,794.0284194,16.69133871,600.0275806,100.8997419,0.100079823,31.13246129,31.08146774,999.9,0,0,5000.967742,0,289.6295484,-6.068362581,807.5832258,813.2355484,0.629064355,799.9957419,16.28040645,1.706163226,1.64269129,14.95261613,14.36520968,1200.025806,0.966995387,0.033004135,0,249.0332258,4.99998,3062.720645,11896.9,38.258,39.683,38.5,39.143,39.909,1155.582581,39.44322581,0,81.80000019,0,249.02636,0.902615384,4.005384593,3062.742,15,1745911946,10:32:25,1745911943,1745911946,11,0.017,0.003,-0.103,0.192,800,16,1.16,0.39,-6.065647,-0.254548593,0.113409954,1,248.9815,0.803009932,0.202728774,1,0.62993635,-0.022050957,0.003154624,1,3,3,03-Mar,3.21605,2.7551,0.153296,0.154757,0.0991821,0.097475,25505.6,28433,29429.9,31802,37471,38927.4,45150.4,46666.5,2.2122,1.77,0.226945,0,27.385,999.9,35.6,33.3,18.1287,29.3673,30.8654,1,0.0935772,0,20.3057,5.24005,11.9321,4.9736,3.284,9999,9999,9999,168.4,4.97095,1.86636,1.8692,1.86691,1.8718,1.87006,1.8739,1.8721,0,0,0,0,11111111,oooooooo,on,on,on,on,0,100,100,-0.101,0.2173,-0.22919295,0.000859946,-1.19E-06,3.87E-10,-0.098515724,-0.027663876,0.004005357,-7.26E-05,2,2149,0,22,0.4,0.4,1.8103,2.34863,1.59424,2.32788,1.49292,2.45117,37.554,24.1663,18,610.401,459.5,29.9472,28.9741,29.9994,28.778,28.7517,36.2801,-30,-30,-999.9,800,0,99.6177,99.8589
154,1745912045,2628.5,20250429 10:34:04,10:34:04,15,C,4,5616.3,1745912037,0.001764048,1.764048294,20.08954012,992.7041,437.1282281,44.14903522,100.2610343,0.062399652,1.999082419,0.061337443,0.038429831,193.8027451,32.02383724,30.96863333,4.503316213,37.28952208,1.687669268,4.525853843,2.815646945,-77.79452976,9.437097213,1.06021246,126.505525,0,0,1,0,25821,RECT-24220-20250331-19_34_23,10063.9,425.8796,624.32,0.317850461,-0.387208687,MPF-24743-20250429-10_33_07,10079.7,252.64796,364.4592854,0.306786875,0.5,1009.18075,20.08954012,154.8017045,15.70785714,0.035330372,82.95155753,8154.0263,-0.537878004,32.62518432,0.782818762,-15159.62029,15596.74852,0.00128806,0.020290467,0.713003414,286.5223207,DARK-24744-20250429-10_33_14,199.36,199.36,0.452997885,0.677236883,0.611494528,-1.820429058,1.309515172,0.534395548,0.465604452,24743,290,340.35,245,10079.7,339.63,0.72,300,24,364.4592854,1.23399642,-25.02666227,1.098034012,0.948857188,-0.007353586,290,339.27,725,10066.1,339.6,-0.33,None,None,None,None,None,None,None,None,None,None,None,None,None,1199.997333,1009.18075,0.840985827,0.161502647,2,0.5,0: Broadleaf,2,1745912037,992.7041,999.9841667,16.70994333,16.13176667,992.7721,16.52394333,600.0142333,100.8979,0.100004913,31.05619667,30.96863333,999.9,0,0,5001,0,305.3878667,-7.378336333,1009.498333,1016.379,0.602718567,999.9841667,16.13176667,1.688474667,1.627662333,14.79086667,14.22319667,1199.997333,0.967000567,0.032999083,0,252.636,4.99998,3104.291,11896.62333,38.125,39.4412,38.3708,38.91633333,39.76653333,1155.564333,39.433,0,73.20000005,0,252.64796,0.38130769,-1.64076925,3104.2516,15,1745912073,10:34:32,1745912073,1745912061,12,0.101,0.003,-0.068,0.186,1000,16,1.57,0.41,-7.402026341,0.289551638,0.137061849,1,252.638,0.441069517,0.200689693,1,0.604148488,-0.02875177,0.003843827,1,3,3,03-Mar,3.21621,2.75564,0.177304,0.17886,0.0984834,0.0968676,24788.2,27626.4,29436.4,31806.6,37509.1,38959.9,45161.1,46673.5,2.2144,1.772,0.229537,0,27.2246,999.9,35.3,33.3,17.9743,29.2773,30.7933,1,0.0850203,0,20.3059,5.23885,11.9321,4.974,3.284,9999,9999,9999,168.4,4.97104,1.8664,1.8692,1.86694,1.8718,1.86999,1.87393,1.8721,0,0,0,0,11111111,oooooooo,on,on,on,on,0,100,100,-0.068,0.186,-0.22919295,0.000859946,-1.19E-06,3.87E-10,-0.098515724,-0.027663876,0.004005357,-7.26E-05,2,2149,0,22,1.7,1.6,2.17285,2.33765,1.59424,2.32788,1.49292,2.48413,37.5059,24.1663,18,610.96,460.048,29.8741,28.8587,29.9997,28.677,28.6536,43.5695,-30,-30,-999.9,1000,0,99.6405,99.8736
155,1745912168,2752,20250429 10:36:08,10:36:08,15,C,4,5616.39,1745912160,0.001641359,1.641358807,21.9758897,1192.001,536.0074879,54.13674772,120.392082,0.057843396,1.999844028,0.056929761,0.035661985,193.8048684,31.96303878,30.89165667,4.483584257,36.9041177,1.660190268,4.498658608,2.82339399,-72.38392337,6.343150617,0.711709156,128.4758048,0,0,1,0,25124,RECT-24220-20250331-19_34_23,10063.9,425.8796,624.32,0.317850461,-0.387208687,MPF-24745-20250429-10_35_10,10081.3,255.52876,374.8691729,0.318352165,0.5,1009.1922,21.9758897,160.639261,15.70785714,0.035847026,86.32779485,8756.516687,-4.707039001,32.62518432,0.782818762,-1860.302556,2396.310044,0.009170721,0.022159405,0.665434357,292.9170234,DARK-24746-20250429-10_35_18,197.09,197.09,0.474243245,0.671284555,0.583879473,-2.339529772,1.257056663,0.51776353,0.48223647,24745,290,350.04,235,10081.3,349.44,0.6,300,24,374.8691729,1.415521754,-25.63909817,1.259670201,0.93669139,-0.007354075,290,348.86,805,10064.6,349.39,-0.53,None,None,None,None,None,None,None,None,None,None,None,None,None,1200.011,1009.1922,0.840985791,0.161502577,2,0.5,0: Broadleaf,2,1745912160,1192.001,1199.978667,16.43753,15.89939,1192.108667,16.23779667,599.9847333,100.9,0.099984037,30.95049,30.89165667,999.9,0,0,5004,0,329.2268,-7.978067,1211.921333,1219.366,0.538157633,1199.978667,15.89939,1.658548667,1.604248,14.51381,13.99966,1200.011,0.9670014,0.0329983,0,255.5292333,4.99998,3136.37,11896.77333,37.91633333,39.187,38.125,38.65393333,39.562,1155.579,39.432,0,121.2,0,255.52876,0.344307696,-3.622307686,3136.3292,15,1745912145,10:35:45,1745912145,1745912130,13,0.025,-0.001,-0.11,0.179,1200,16,1.28,0.4,-7.94913525,0.033141501,0.184384276,1,255.5722353,-0.433185634,0.217607993,1,0.5393888,-0.027526064,0.003539239,1,3,3,03-Mar,3.21533,2.75533,0.198915,0.200537,0.0973085,0.0959209,24147.2,26904.2,29447.9,31814.2,37573.8,39009.9,45179.7,46683.8,2.2148,1.7738,0.230372,0,27.1396,999.9,34.9,33.4,17.8727,29.6473,31.0897,1,0.0696748,0,20.3058,5.24005,11.9321,4.974,3.284,9999,9999,9999,168.4,4.97107,1.86643,1.86923,1.86691,1.8718,1.86996,1.8739,1.87213,0,0,0,0,11111111,oooooooo,on,on,on,on,0,100,100,-0.1,0.1991,-0.101318703,0.000859946,-1.19E-06,3.87E-10,-0.096409258,-0.027663876,0.004005357,-7.26E-05,2,2149,0,22,0.4,0.6,2.52441,2.33521,1.59424,2.32788,1.49292,2.45605,37.4338,24.1663,18,609.534,459.875,29.7507,28.6682,29.9994,28.5056,28.4828,50.5786,-30,-30,-999.9,1200,0,99.6808,99.8963
156,1745912272,2855.5,20250429 10:37:51,10:37:51,15,C,4,5616.3,1745912264,0.001485661,1.485660874,23.7827698,1491.299677,698.9662951,70.59681502,150.6238687,0.051944221,2.001139559,0.051206626,0.032069539,193.8018366,31.95057529,30.87592581,4.47956114,36.55333513,1.637935187,4.480945942,2.841625952,-65.51764455,0.584321442,0.065491683,128.9340052,0,0,1,0,25923,RECT-24220-20250331-19_34_23,10063.9,425.8796,624.32,0.317850461,-0.387208687,MPF-24747-20250429-10_36_54,10078.3,257.3391538,380.841787,0.324288556,0.5,1009.177413,23.7827698,163.632343,15.70785714,0.036363679,87.98395572,9282.147611,-10.27839853,32.62518432,0.782818762,-903.0733321,1602.039627,0.014845307,0.023950178,0.639315908,296.5510171,DARK-24748-20250429-10_37_01,198.97,198.97,0.477552079,0.679064275,0.572418509,-2.742198719,1.22695889,0.52504027,0.47495973,24747,290,355.56,285,10078.3,355.34,0.22,300,24,380.841787,1.526271587,-25.70218935,1.358292401,0.927472086,-0.007354471,290,355.17,725,10067.6,355.31,-0.14,None,None,None,None,None,None,None,None,None,None,None,None,None,1199.993548,1009.177413,0.840985699,0.161502399,2,0.5,0: Broadleaf,2,1745912264,1491.299677,1499.965806,16.2169,15.72970968,1491.219355,16.02157742,599.9988065,100.9017742,0.099970119,30.88134194,30.87592581,999.9,0,0,5009.193548,0,307.285129,-8.666106452,1515.882581,1523.936452,0.487204839,1499.965806,15.72970968,1.636316129,1.587156452,14.30511613,13.83466129,1199.993548,0.967003161,0.03299649,0,257.317129,4.99998,3156.416129,11896.6,37.812,39.062,38.008,38.504,39.437,1155.565806,39.42774194,0,101.4000001,0,257.3391538,-0.26721368,-16.0868376,3156.257692,15,1745912229,10:37:09,1745912229,1745912224,14,0.255,0.005,0.08,0.178,1500,16,0.78,0.39,-8.674527805,0.278559721,0.167038248,1,257.3775882,-0.478777697,0.185582092,1,0.488960829,-0.029536265,0.003848203,1,3,3,03-Mar,3.2155,2.75545,0.227771,0.229466,0.0963856,0.0952051,23282.3,25935.3,29453.6,31819.5,37620.3,39047.7,45188.8,46691.3,2.2176,1.7764,0.228137,0,27.1563,999.9,34.5,33.4,17.666,28.7573,31.1458,1,0.0615854,0,20.3063,5.23766,11.9321,4.9744,3.284,9999,9999,9999,168.5,4.97098,1.86636,1.8692,1.86691,1.87183,1.86996,1.87384,1.8721,0,0,0,0,11111111,oooooooo,on,on,on,on,0,100,100,0.08,0.1945,0.154078343,0.000859946,-1.19E-06,3.87E-10,-0.091107924,-0.027663876,0.004005357,-7.26E-05,2,2149,0,22,0.7,0.8,3.02612,2.33032,1.59424,2.32788,1.49292,2.40112,37.3378,24.1663,18,610.271,460.63,29.6541,28.5435,29.9999,28.38,28.361,60.6186,-30,-30,-999.9,1500,0,99.7005,99.9127
,,,,,,,,,,,,,,,,,,,,,,,,,,,,,,,,,,,,,,,,,,,,,,,,,,,,,,,,,,,,,,,,,,,,,,,,,,,,,,,,,,,,,,,,,,,,,,,,,,,,,,,,,,,,,,,,,,,,,,,,,,,,,,,,,,,,,,,,,,,,,,,,,,,,,,,,,,,,,,,,,,,,,,,,,,,,,,,,,,,,,,,,,,,,,,,,,,,,,,,,,,,,,,,,,,,,,,,,,,,,,,,,,,,,,,,,,,,,,,,,,,,,,,,,,,,,,,,,,,,,,,,,,,,,,,,,,,,,,,,,,,,,,,,,,,,,,,
157,1745913170,3754,20250429 10:52:50,10:52:50,15,C,6,5616.3,1745913162,0.001057635,1.057635445,5.091325724,418.1480968,184.4776925,18.63507966,42.23937859,0.037372817,1.999366338,0.036989017,0.02315229,193.8034604,32.52898406,31.02192581,4.517021308,37.42790301,1.71780294,4.589631803,2.799218369,-46.6417231,30.1832409,3.395465977,180.7404442,8,1,1,0,25451,RECT-24220-20250331-19_34_23,10063.9,425.8796,624.32,0.317850461,-0.387208687,MPF-24751-20250429-10_51_52,10081.8,248.03848,320.3614989,0.225754403,0.5,1009.185339,5.091325724,113.9140168,15.70785714,0.037396987,57.55817536,3411.006453,34.06159741,32.62518432,0.782818762,100.1422926,84.3353999,0.060369972,0.00542867,0.948798473,258.5440736,DARK-24752-20250429-10_52_00,198.36,198.36,0.380824473,0.592804347,0.713584611,-0.685408647,1.53173699,0.474074306,0.525925694,24751,290,308.01,165,10081.8,307.57,0.44,300,24,320.3614989,1.311116796,-12.89751161,1.166061616,0.81375562,-0.00735014,290,308.14,705,10061.7,307.54,0.6,None,None,None,None,None,None,None,None,None,None,None,None,None,1200.002903,1009.185339,0.840985748,0.161502493,2,0.5,0: Broadleaf,2,1745913162,418.1480968,419.9926129,17.00536452,16.65881613,418.1520968,16.80236452,600.0027742,100.9153871,0.099968268,31.30194516,31.02192581,999.9,0,0,5001.290323,0,1261.834516,-1.978509355,425.2593548,427.1076774,0.378147871,419.9926129,16.65881613,1.719290323,1.681130323,15.07171613,14.72328065,1200.002903,0.967004032,0.032996277,0,248.071,4.99998,3054.232581,11896.7129,38.75,40.806,39.048,40.187,40.375,1155.572903,39.43,0,809,0,248.03848,-1.306307694,-24.57923081,3053.8672,15,1745913186,10:53:05,1745913186,1745913186,16,0.133,-0.018,-0.004,0.203,420,17,1.25,0.33,-1.985324,0.222738236,0.066419945,1,248.1811176,-1.850909088,0.29015754,0,0.3826871,-0.095901141,0.009542742,1,2,3,02-Mar,3.21584,2.75531,0.0972338,0.0980616,0.0997543,0.099174,27178.7,30323.4,29414.5,31785.7,37428.6,38835,45126.8,46644.8,2.1654,1.762,0.197887,0,27.824,999.9,34.5,34.2,18.4721,29.4373,30.8694,1,0.123415,0,20.3048,5.24005,11.9321,4.9736,3.2842,9999,9999,9999,168.7,4.97098,1.86633,1.8692,1.86691,1.87183,1.86996,1.87378,1.8721,0,0,0,0,11111111,oooooooo,on,on,on,on,0,100,100,-0.004,0.203,-0.318192482,0.000859946,-1.19E-06,3.87E-10,-0.087106124,-0.027663876,0.004005357,-7.26E-05,2,2149,0,22,13.9,13.9,1.07666,2.34619,1.59424,2.32788,1.49292,2.48535,38.062,24.1575,18,579.701,455.809,30.0213,29.2915,30.0009,28.9813,28.9568,21.6013,-30,-30,-999.9,420,0,99.5655,99.8105
158,1745913252,3836,20250429 10:54:12,10:54:12,15,C,6,5616.3,1745913244,0.00075085,0.750849856,2.240562248,299.1726667,149.5070262,15.10301398,30.22205099,0.02591218,1.99941759,0.025727053,0.016095931,193.806189,32.76906086,31.28957333,4.586402391,37.42848998,1.730324701,4.623014988,2.85607769,-33.11247867,15.07156149,1.698738331,177.4640102,8,1,1,0,25967,RECT-24220-20250331-19_34_23,10063.9,425.8796,624.32,0.317850461,-0.387208687,MPF-24753-20250429-10_53_14,10072.1,242.57112,308.747147,0.214337291,0.5,1009.1997,2.240562248,108.1545648,15.70785714,0.037913641,53.9114605,2547.978238,41.81793646,32.62518432,0.782818762,60.93027188,88.57675432,0.02529515,0.002603817,1.022107754,250.9262248,DARK-24754-20250429-10_53_22,195.22,195.22,0.367702659,0.582909276,0.735429627,-0.564967482,1.590265153,0.469122411,0.530877589,24753,290,297.88,275,10072.1,297.41,0.47,300,24,308.747147,1.247146995,-11.4159996,1.109110903,0.790958015,-0.007349891,290,297.96,715,10060.7,297.4,0.56,None,None,None,None,None,None,None,None,None,None,None,None,None,1200.02,1009.1997,0.840985734,0.161502466,2,0.5,0: Broadleaf,2,1745913244,299.1726667,299.9943667,17.12874667,16.88276,299.2596667,16.92074667,600.0233667,100.9187333,0.100023913,31.42939333,31.28957333,999.9,0,0,5001.333333,0,1180.998667,-0.7580454,304.4555,305.1460667,0.2599676,299.9943667,16.88276,1.730022,1.703785667,15.16845667,14.93096,1200.02,0.9670044,0.032995917,0,242.6010333,4.99998,2991.838333,11896.85667,38.875,40.92873333,39.187,40.312,40.53926667,1155.59,39.43,0,80,0,242.57112,0.095307692,-12.42538457,2991.7008,15,1745913266,10:54:26,1745913265,1745913266,17,-0.063,-0.005,-0.087,0.208,300,17,1.82,0.5,-0.742352225,-0.216331959,0.098593041,1,242.6663529,-0.554774637,0.222741327,1,0.262590025,-0.053189707,0.005581048,1,3,3,03-Mar,3.21619,2.75511,0.0746998,0.0752986,0.100235,0.100104,27851,31085.7,29408.6,31783.2,37400.6,38791.1,45117.1,46641.1,2.164,1.7594,0.209212,0,27.9166,999.9,34.6,34.3,18.6274,29.1473,30.9936,1,0.130549,0,20.3047,5.24125,11.9321,4.974,3.2842,9999,9999,9999,168.7,4.97098,1.86633,1.8692,1.86691,1.8718,1.86996,1.87378,1.8721,0,0,0,0,11111111,oooooooo,on,on,on,on,0,100,100,-0.087,0.208,-0.184845965,0.000859946,-1.19E-06,3.87E-10,-0.105113542,-0.027663876,0.004005357,-7.26E-05,2,2149,0,22,1.1,1.1,0.822754,2.35229,1.59424,2.32788,1.49292,2.51099,38.1837,24.1575,18,579.791,454.966,30.1436,29.4075,30.0004,29.0936,29.0686,16.546,-30,-30,-999.9,300,0,99.5446,99.8025
159,1745913334,3918,20250429 10:55:34,10:55:34,15,C,6,5616.3,1745913326,0.000551574,0.551573937,0.373092471,199.814,159.2125316,16.08367141,20.18523721,0.018687262,1.998592694,0.018590731,0.011627838,193.8029456,32.97519625,31.53342903,4.650422171,37.5302843,1.748146263,4.657961686,2.902275908,-24.3244106,3.073602283,0.347216633,172.8993539,7,1,1,0,24990,RECT-24220-20250331-19_34_23,10063.9,425.8796,624.32,0.317850461,-0.387208687,MPF-24755-20250429-10_54_36,10071,240.0105,300.1287215,0.200308125,0.5,1009.182629,0.373092471,101.0737402,15.70785714,0.038430295,49.46655534,1915.550022,44.84291041,32.62518432,0.782818762,42.71689783,116.4956338,0.003202631,0.000753383,1.080174123,245.2036638,DARK-24756-20250429-10_54_44,195.55,195.55,0.34844623,0.574860934,0.756095992,-0.478073968,1.633695953,0.468371407,0.531628593,24755,290,290.91,295,10071,290.52,0.39,300,24,300.1287215,1.520541157,-9.681826669,1.352186815,0.646765211,-0.007349552,290,291.41,895,10055.4,290.5,0.91,None,None,None,None,None,None,None,None,None,None,None,None,None,1199.999677,1009.182629,0.84098575,0.161502498,2,0.5,0: Broadleaf,2,1745913326,199.814,199.9750968,17.30492903,17.12425806,199.851,17.09092903,600.0178065,100.920129,0.100005752,31.56195484,31.53342903,999.9,0,0,4997.903226,0,1194.7,-0.24502209,203.2494194,203.4592258,0.190983355,199.9750968,17.12425806,1.747456774,1.728183871,15.32454516,15.1519129,1199.999677,0.967004032,0.032996274,0,240.0779032,4.99998,2963.218387,11896.66774,38.99187097,41.018,39.258,40.391,40.625,1155.569677,39.43,0,80,0,240.0105,-0.684683765,-6.195897445,2963.149615,15,1745913348,10:55:48,1745913348,1745913348,18,0.084,-0.004,-0.037,0.214,200,17,1.18,0.43,-0.246179145,-0.148311348,0.076456051,1,240.0602059,-0.939266616,0.277994687,1,0.192934325,-0.044727366,0.004900269,1,3,3,03-Mar,3.21629,2.75535,0.0530445,0.0534473,0.100946,0.10107,28503,31820,29409.3,31783.4,37371.7,38748.6,45118.3,46640.9,2.1636,1.758,0.219643,0,27.9905,999.9,34.8,34.5,18.943,29.3373,30.7692,1,0.13502,0,20.3047,5.23526,11.9321,4.974,3.2842,9999,9999,9999,168.8,4.97107,1.8664,1.86923,1.86691,1.8718,1.86996,1.87378,1.8721,0,0,0,0,11111111,oooooooo,on,on,on,on,0,100,100,-0.037,0.214,-0.248402491,0.000859946,-1.19E-06,3.87E-10,-0.11053809,-0.027663876,0.004005357,-7.26E-05,2,2149,0,22,1.2,1.1,0.604248,2.38037,1.59424,2.32788,1.49292,2.42798,38.3301,24.1488,18,580.336,454.725,30.264,29.4886,30.0006,29.1814,29.156,12.1471,-30,-30,-999.9,200,0,99.5473,99.8026
160,1745913411,3995,20250429 10:56:51,10:56:51,15,C,6,5616.3,1745913403,0.000455368,0.455367862,-0.034034683,149.9750968,146.4575184,14.79530805,15.15065789,0.015274048,1.999793179,0.015209532,0.009511731,193.8035634,33.13661497,31.70197742,4.695124917,37.66962661,1.767329958,4.691657755,2.927794959,-20.08172273,-1.404001532,-0.15874194,172.1590972,6,1,1,0,24980,RECT-24220-20250331-19_34_23,10063.9,425.8796,624.32,0.317850461,-0.387208687,MPF-24757-20250429-10_55_53,10075.8,238.29444,295.969583,0.194868481,0.5,1009.185881,-0.034034683,98.3292597,15.70785714,0.038946949,47.64643249,1749.907391,44.65129618,32.62518432,0.782818762,39.19051721,107.2670012,-0.000317289,0.000349959,1.109405952,242.4204602,DARK-24758-20250429-10_56_01,192.9,192.9,0.348243836,0.559574817,0.761092247,-0.443962247,1.654655085,0.452977342,0.547022658,24757,290,286.35,215,10075.8,286.36,-0.01,300,24,295.969583,1.194706224,-9.678261554,1.062383252,0.747727849,-0.007349298,290,287.34,775,10057.7,286.35,0.99,None,None,None,None,None,None,None,None,None,None,None,None,None,1200.003548,1009.185881,0.840985747,0.161502492,2,0.5,0: Broadleaf,2,1745913403,149.9750968,149.9865161,17.49465161,17.34552258,150.1440968,17.27165161,600.019129,100.9211935,0.099964071,31.68895484,31.70197742,999.9,0,0,5002.741935,0,1234.685484,0.096563066,152.7562258,152.6340645,0.15459529,149.9865161,17.34552258,1.76613129,1.750529677,15.49020645,15.35191935,1200.003548,0.967005,0.0329953,0,238.3050645,4.99998,2944.586129,11896.69677,39.062,41.062,39.375,40.44106452,40.7256129,1155.573548,39.43,0,75.20000005,0,238.29444,-1.116999991,-5.243846166,2944.5196,15,1745913430,10:57:09,1745913430,1745913425,19,-0.108,-0.001,-0.169,0.223,150,17,1.56,0.54,0.120786314,-0.49821136,0.086486194,1,238.3289412,-0.544935064,0.188051611,1,0.1552114,-0.010771835,0.002595682,1,3,3,03-Mar,3.21576,2.7555,0.0410547,0.0413255,0.101691,0.101948,28863.6,32226.9,29409.4,31783.1,37340.3,38709.5,45118.3,46640.2,2.1636,1.7566,0.223517,0,28.0957,999.9,34.9,34.6,19.1052,29.4473,30.8373,1,0.138211,0,20.3048,5.24125,11.9321,4.974,3.284,9999,9999,9999,168.8,4.97101,1.86633,1.8692,1.86691,1.8718,1.86996,1.87384,1.8721,0,0,0,0,11111111,oooooooo,on,on,on,on,0,100,100,-0.169,0.223,-0.164757014,0.000859946,-1.19E-06,3.87E-10,-0.11463939,-0.027663876,0.004005357,-7.26E-05,2,2149,0,22,1.1,1.1,0.491943,2.38892,1.59424,2.32666,1.49292,2.41455,38.4769,24.1488,18,580.945,454.328,30.3765,29.5444,30.0003,29.2467,29.2236,9.89565,-30,-30,-999.9,150,0,99.5474,99.8014
161,1745913492,4076,20250429 10:58:12,10:58:12,15,C,6,5616.3,1745913484,0.000440726,0.440725642,-0.485065975,100.1378333,147.1430013,14.8651338,10.11643284,0.014707519,1.999167378,0.014647672,0.009160152,193.801135,33.24854484,31.83362333,4.730300098,37.8956552,1.788685785,4.720028658,2.941614312,-19.4360008,-4.133688197,-0.468065259,169.7633808,6,1,1,0,25764,RECT-24220-20250331-19_34_23,10063.9,425.8796,624.32,0.317850461,-0.387208687,MPF-24759-20250429-10_57_14,10070.9,236.982,292.6523016,0.190226768,0.5,1009.1731,-0.485065975,95.98586879,15.70785714,0.039463603,46.07014105,1580.76076,44.8791299,32.62518432,0.782818762,35.22262494,111.9203764,-0.004334027,-9.70E-05,1.133316555,240.1904427,DARK-24760-20250429-10_57_22,191.57,191.57,0.345400672,0.550742323,0.766418714,-0.41785957,1.67137185,0.445205572,0.554794428,24759,290,282.87,275,10070.9,282.77,0.1,300,24,292.6523016,0.976037313,-9.950011999,0.867900313,0.824378671,-0.007349029,290,283.36,805,10056.4,282.76,0.6,None,None,None,None,None,None,None,None,None,None,None,None,None,1199.988333,1009.1731,0.84098576,0.161502516,2,0.5,0: Broadleaf,2,1745913484,100.1378333,99.99086,17.70536333,17.56106,100.2988333,17.47436333,600.0172333,100.9250667,0.10001549,31.79527,31.83362333,999.9,0,0,5000,0,1290.356667,0.110199457,101.9058667,101.7782333,0.149852067,99.99086,17.56106,1.787477667,1.772352333,15.67770333,15.54506667,1199.988333,0.967005,0.0329953,0,236.9503333,4.99998,2930.901667,11896.54,39.1436,41.0893,39.437,40.5,40.812,1155.558333,39.43,0,79.20000005,0,236.982,-0.320307695,-2.88076924,2930.8696,15,1745913509,10:58:29,1745913509,1745913508,20,0.037,-0.001,-0.161,0.231,100,18,1.03,0.46,0.138717601,-0.438611512,0.096933404,1,236.9880882,-0.290068753,0.215229066,1,0.14966555,0.010467647,0.002418015,1,3,3,03-Mar,3.21587,2.75529,0.0281398,0.0282845,0.102544,0.102795,29249.1,32664.7,29406.5,31782.9,37300.9,38671.6,45114.3,46639.2,2.164,1.755,0.224113,0,28.1918,999.9,35,34.8,19.37,29.0273,30.8654,1,0.140549,0,20.3044,5.24005,11.9321,4.9736,3.2842,9999,9999,9999,168.8,4.97107,1.86643,1.8692,1.86691,1.8718,1.87002,1.87384,1.8721,0,0,0,0,11111111,oooooooo,on,on,on,on,0,100,100,-0.161,0.231,-0.272516479,0.000859946,-1.19E-06,3.87E-10,-0.1158372,-0.027663876,0.004005357,-7.26E-05,2,2149,0,22,1,1.1,0.377197,2.40723,1.59424,2.32788,1.49292,2.4292,38.5995,24.1488,18,581.76,453.719,30.4912,29.5954,30.0001,29.3047,29.2814,7.62104,-30,-30,-999.9,100,0,99.5381,99.7999
162,1745913572,4155.5,20250429 10:59:31,10:59:31,15,C,6,5616.3,1745913564,0.00047679,0.476789955,-0.885696569,50.27753667,135.2750333,13.66676842,5.079514187,0.015899712,1.99725681,0.015829728,0.009899842,193.802997,33.34016871,31.92236333,4.754140268,38.1223184,1.809996629,4.747866092,2.94414364,-21.02643703,-2.510647945,-0.284826985,169.9810851,6,1,1,0,25053,RECT-24220-20250331-19_34_23,10063.9,425.8796,624.32,0.317850461,-0.387208687,MPF-24761-20250429-10_58_34,10078.9,236.2434615,286.8569809,0.176441651,0.5,1009.1829,-0.885696569,89.03094856,15.70785714,0.039980256,41.69981227,1333.612802,42.1113235,32.62518432,0.782818762,31.66874587,103.6062874,-0.008548676,-0.000493952,1.176415572,236.272758,DARK-24762-20250429-10_58_41,190.19,190.19,0.336986677,0.523586429,0.777331719,-0.364066795,1.700576189,0.421518133,0.578481867,24761,290,279.07,175,10078.9,279.4,-0.33,300,24,286.8569809,1.108559116,-7.519485896,0.985706739,0.675152734,-0.007348802,290,280.07,755,10057.7,279.38,0.69,None,None,None,None,None,None,None,None,None,None,None,None,None,1200,1009.1829,0.84098575,0.161502498,2,0.5,0: Broadleaf,2,1745913564,50.27753667,49.9903,17.91552667,17.75944667,50.38953667,17.67752667,600.0102667,100.9294667,0.10002928,31.89904667,31.92236333,999.9,0,0,4992,0,1333.637667,0.204084123,51.11041333,50.89416,0.162999233,49.9903,17.75944667,1.808903333,1.792451333,15.86394,15.72112,1200,0.9670062,0.032994077,0,236.2237333,4.99998,2921.725333,11896.67,39.2374,41.0662,39.5,40.562,40.875,1155.57,39.43,0,77.4000001,0,236.2434615,0.719863236,0.899487184,2921.728846,15,1745913587,10:59:47,1745913587,1745913586,21,0.083,-0.002,-0.112,0.238,50,18,1.2,0.37,0.236537724,-0.420809831,0.090944895,1,236.2455,0.206187923,0.230748176,1,0.162745244,0.005806578,0.002037788,1,3,3,03-Mar,3.21632,2.75556,0.0144348,0.0144428,0.103399,0.103601,29659.5,33127,29404.9,31780.5,37262.8,38635.6,45112.1,46638.5,2.1634,1.7538,0.22307,0,28.2834,999.9,35.1,34.9,19.5341,29.4873,30.7612,1,0.14378,0,20.3043,5.23885,11.9321,4.974,3.284,9999,9999,9999,168.8,4.97104,1.86646,1.8692,1.86691,1.8718,1.86996,1.8739,1.8721,0,0,0,0,11111111,oooooooo,on,on,on,on,0,100,100,-0.112,0.238,-0.235508476,0.000859946,-1.19E-06,3.87E-10,-0.116789286,-0.027663876,0.004005357,-7.26E-05,2,2149,0,22,1,1.1,0.263672,2.43042,1.59424,2.32788,1.49292,2.40479,38.7471,24.1488,18,581.819,453.337,30.5949,29.6398,30.0003,29.3553,29.3342,5.33974,-30,-30,-999.9,50,0,99.533,99.7959
164,1745913766,4349.9,20250429 11:02:46,11:02:46,15,C,6,5616.21,1745913758,0.000699946,0.699946091,6.445349534,597.7253871,140.3645843,14.18078223,60.38712393,0.023583213,1.998571553,0.023429698,0.014657271,193.8022763,33.47957345,32.01440323,4.778977405,38.68497257,1.859996745,4.808060137,2.918980659,-30.86762262,11.55534328,1.312092479,175.8020894,5,1,1,0,26174,RECT-24220-20250331-19_34_23,10063.9,425.8796,624.32,0.317850461,-0.387208687,MPF-24765-20250429-11_01_48,10081.6,231.91512,296.4396178,0.217664893,0.5,1009.179106,6.445349534,109.8314313,15.70785714,0.041013564,53.98103452,3647.703785,25.06836134,32.62518432,0.782818762,145.5102604,-5.1456761,-1.252575845,0.006770412,1.106061277,242.7357063,DARK-24766-20250429-11_01_56,186.91,186.91,0.369483737,0.589105478,0.749595076,-0.4984897,1.652286441,0.474784502,0.525215498,24765,290,283.91,145,10081.6,283.67,0.24,300,24,296.4396178,1.206157547,-12.86885389,1.072437365,0.837200946,-0.0073486,290,284.15,875,10053.8,283.64,0.51,None,None,None,None,None,None,None,None,None,None,None,None,None,1199.995484,1009.179106,0.840985754,0.161502505,2,0.5,0: Broadleaf,2,1745913758,597.7253871,600.0132581,18.41066774,18.18165161,597.8281935,18.14672258,600.0098065,100.9281613,0.100045361,32.12164839,32.01440323,999.9,0,0,4997.419355,0,693.3520968,-2.287846129,608.9362903,611.1244839,0.229025742,600.0132581,18.18165161,1.858156774,1.835041613,16.2848,16.08850968,1199.995484,0.967006742,0.032993516,0,231.8870645,4.99998,2873.209355,11896.63548,39.31403226,41.292,39.629,40.625,41,1155.565484,39.43,0,103.2,0,231.91512,-0.769153849,-2.032307694,2873.1108,15,1745913743,11:02:22,1745913743,1745913741,23,-0.053,0.001,-0.103,0.252,600,18,1.67,0.46,-2.273156585,-0.147447387,0.092231063,1,231.9030882,-0.50155844,0.200540647,1,0.228316195,0.019638105,0.00333831,1,3,3,03-Mar,3.21614,2.75495,0.126151,0.127089,0.105288,0.105271,26294.6,29340.2,29401.5,31779.7,37180.5,38562,45107.3,46636.1,2.1632,1.7518,0.219196,0,28.4555,999.9,35.2,35.3,20.0288,28.8873,30.7812,1,0.148902,0,20.3036,5.24125,11.9321,4.974,3.2842,9999,9999,9999,168.9,4.97095,1.8663,1.8692,1.86691,1.8718,1.86996,1.87381,1.87207,0,0,0,0,11111111,oooooooo,on,on,on,on,0,100,100,-0.103,0.2646,-0.275240712,0.000859946,-1.19E-06,3.87E-10,-0.119318769,-0.027663876,0.004005357,-7.26E-05,2,2149,0,22,0.4,0.4,1.43799,2.37305,1.59424,2.32666,1.49292,2.38892,39.0188,24.1488,18,582.579,452.76,30.8276,29.7282,30.0001,29.4515,29.4302,28.8286,-30,-30,-999.9,600,0,99.5221,99.7918
165,1745913861,4444.4,20250429 11:04:20,11:04:20,15,C,6,5616.3,1745913853,0.000799281,0.799281045,9.73817676,796.5379355,191.9802019,19.39446648,80.46886156,0.026990449,1.998274389,0.026789545,0.016761391,193.7990843,33.54254989,32.06693871,4.79320478,38.85381378,1.878648483,4.835171377,2.914556297,-35.24829411,16.60968277,1.887696075,177.048169,5,1,1,0,25727,RECT-24220-20250331-19_34_23,10063.9,425.8796,624.32,0.317850461,-0.387208687,MPF-24767-20250429-11_03_23,10076.2,231.73532,308.7785593,0.249509679,0.5,1009.162306,9.73817676,125.8978817,15.70785714,0.041530218,63.55427121,4819.465158,21.47028912,32.62518432,0.782818762,224.4713674,-32.4911655,-0.299717681,0.010033456,1.021902044,250.9469728,DARK-24768-20250429-11_03_30,186.26,186.26,0.396784542,0.628829132,0.720315575,-0.657921047,1.590106857,0.505428841,0.494571159,24767,290,291.75,195,10076.2,291.29,0.46,300,24,308.7785593,1.23570763,-17.62027953,1.098677748,0.901826129,-0.007348321,290,290.48,705,10058.6,291.26,-0.78,None,None,None,None,None,None,None,None,None,None,None,None,None,1199.975484,1009.162306,0.84098577,0.161502536,2,0.5,0: Broadleaf,2,1745913853,796.5379355,799.9961935,18.59619677,18.33472581,796.619,18.32379677,600.0034839,100.9232581,0.10000521,32.22111613,32.06693871,999.9,0,0,4996.451613,0,1229.957419,-3.458290645,811.6310968,814.9379677,0.261469903,799.9961935,18.33472581,1.876787742,1.8504,16.44145484,16.21917742,1199.975484,0.967006548,0.032993713,0,231.761129,4.99998,2871.563226,11896.42581,39.383,41.383,39.69106452,40.687,41.062,1155.545484,39.43,0,92.4000001,0,231.73532,0.51730769,8.663846148,2871.7032,15,1745913830,11:03:50,1745913830,1745913824,24,0.067,0,-0.082,0.259,800,18,1.9,0.39,-3.4523565,-0.365164728,0.113462086,1,231.6810294,0.928204741,0.218631907,1,0.26047525,0.02100036,0.003008338,1,3,3,03-Mar,3.21617,2.75517,0.15344,0.154602,0.106,0.105841,25473.2,28413,29401.5,31777.3,37150.8,38534.4,45107.3,46632.3,2.163,1.7512,0.21556,0,28.5634,999.9,35.1,35.5,20.1932,29.1973,30.8013,1,0.151524,0,20.3038,5.23885,11.9321,4.9736,3.284,9999,9999,9999,168.9,4.97095,1.86636,1.8692,1.86691,1.8718,1.86996,1.87378,1.8721,0,0,0,0,11111111,oooooooo,on,on,on,on,0,100,100,-0.081,0.2732,-0.208416083,0.000859946,-1.19E-06,3.87E-10,-0.11902766,-0.027663876,0.004005357,-7.26E-05,2,2149,0,22,0.5,0.6,1.82007,2.36572,1.59424,2.32666,1.49292,2.41211,39.1676,24.1488,18,582.796,452.678,30.9257,29.7667,30.0001,29.4897,29.4707,36.4638,-30,-30,-999.9,800,0,99.5221,99.784
166,1745913947,4530.4,20250429 11:05:46,11:05:46,15,C,6,5616.3,1745913939,0.000880703,0.880703456,12.85967654,995.4469032,267.2616316,26.99866589,100.5596583,0.029685593,2.000011806,0.029442967,0.018423488,193.8038541,33.60934812,32.14357097,4.814024029,38.92690766,1.892611851,4.861963007,2.921412178,-38.8390224,18.9086152,2.148945531,176.0223924,5,1,1,0,25628,RECT-24220-20250331-19_34_23,10063.9,425.8796,624.32,0.317850461,-0.387208687,MPF-24769-20250429-11_04_49,10082.1,233.30344,325.1419842,0.282456738,0.5,1009.188474,12.85967654,142.5260421,15.70785714,0.042046872,73.46434,5957.499024,18.89435879,32.62518432,0.782818762,315.3057,-48.0440684,-0.267664188,0.013126275,0.920145753,261.6487176,DARK-24770-20250429-11_04_56,184.76,184.76,0.431755944,0.654204631,0.680630667,-0.911660887,1.507646708,0.518084292,0.481915708,24769,290,303.3,135,10082.1,302.71,0.59,300,24,325.1419842,1.33295314,-22.62075906,1.185079429,0.928635247,-0.007348021,290,301.43,705,10058.1,302.65,-1.22,None,None,None,None,None,None,None,None,None,None,None,None,None,1200.006774,1009.188474,0.840985648,0.1615023,2,0.5,0: Broadleaf,2,1745913939,995.4469032,1000.026,18.73509355,18.44700645,995.6056452,18.46493226,599.9598065,100.9196452,0.099965213,32.31893548,32.14357097,999.9,0,0,5003.709677,0,1361.09,-4.579416129,1014.453226,1018.820645,0.288076226,1000.026,18.44700645,1.890740645,1.861666774,16.55785806,16.31442581,1200.006774,0.967008677,0.032991555,0,233.3055806,4.99998,2892.226129,11896.75484,39.5,41.508,39.812,40.83841935,41.183,1155.580645,39.42612903,0,84.20000005,0,233.30344,1.216615392,15.89846155,2892.5076,15,1745913924,11:05:24,1745913924,1745913915,25,-0.012,-0.009,-0.16,0.256,1000,18,1.89,0.41,-4.555116,0.045884353,0.126936232,1,233.2241765,0.808006116,0.251286159,1,0.286233575,0.033075906,0.005228703,1,3,3,03-Mar,3.21659,2.75513,0.177371,0.178669,0.106544,0.106252,24751.1,27600.7,29399.7,31774,37125.5,38513.4,45103.9,46628.2,2.1634,1.7502,0.210941,0,28.708,999.9,35.1,35.6,20.3089,29.2773,30.7532,1,0.154634,0,20.3035,5.23526,11.9321,4.9736,3.284,9999,9999,9999,168.9,4.97092,1.86633,1.8692,1.86691,1.8718,1.86996,1.87378,1.8721,0,0,0,0,11111111,oooooooo,on,on,on,on,0,100,100,-0.159,0.2707,-0.220172594,0.000859946,-1.19E-06,3.87E-10,-0.127746818,-0.027663876,0.004005357,-7.26E-05,2,2149,0,22,0.4,0.5,2.18506,2.36084,1.59424,2.32666,1.49292,2.38281,39.292,24.1488,18,583.475,452.351,31.0154,29.8104,30.0002,29.5329,29.5138,43.7839,-30,-30,-999.9,1000,0,99.5152,99.7745
167,1745914076,4659.9,20250429 11:07:56,11:07:56,15,C,6,5616.3,1745914068,0.000967469,0.967468696,16.70451847,1194.05,327.4801541,33.07868759,120.6106887,0.032449785,2.000841743,0.032160228,0.020125942,193.8036537,33.70209904,32.24699677,4.842247265,38.9074136,1.905083586,4.896453938,2.937163679,-42.66536949,21.26975396,2.419000306,174.8270384,3,0,1,0,25441,RECT-24220-20250331-19_34_23,10063.9,425.8796,624.32,0.317850461,-0.387208687,MPF-24771-20250429-11_06_58,10068.2,237.6068,348.0412958,0.317302852,0.5,1009.189103,16.70451847,160.1092904,15.70785714,0.042563526,83.95472116,7303.259057,14.00537224,32.62518432,0.782818762,521.4612603,-193.9811062,-0.086114152,0.0169361,0.793810124,276.2765948,DARK-24772-20250429-11_07_06,186.4,186.4,0.46443137,0.683207192,0.630888528,-1.418768008,1.392250289,0.535968754,0.464031246,24771,290,320.46,295,10068.2,320.2,0.26,300,24,348.0412958,1.02563581,-28.03354214,0.911808115,0.971230565,-0.007347776,290,318.11,655,10059.8,320.17,-2.06,None,None,None,None,None,None,None,None,None,None,None,None,None,1200.007742,1009.189103,0.840985494,0.161502003,2,0.5,0: Broadleaf,2,1745914068,1194.05,1200.003226,18.86039355,18.5439871,1194.332581,18.58617742,600.0015806,100.9098065,0.099940806,32.44417742,32.24699677,999.9,0,0,5007.580645,0,1206.220323,-5.952474839,1217.003548,1222.677097,0.316391419,1200.003226,18.5439871,1.90319871,1.871271613,16.6611871,16.39520645,1200.007742,0.967010226,0.032989997,0,237.6261935,4.99998,2942.872903,11896.77742,39.629,41.687,39.937,41.06606452,41.312,1155.587742,39.42,0,127.2,0,237.6068,1.633769235,20.29461543,2943.0932,15,1745914003,11:06:42,1745914003,1745914001,26,-0.055,-0.002,-0.284,0.258,1200,18,1.14,0.51,-5.92370625,-0.392558837,0.142663791,1,237.4974412,1.676501149,0.273956221,0,0.31552625,0.014413373,0.00297772,1,2,3,02-Mar,3.21657,2.75555,0.198789,0.20022,0.107009,0.106611,24102.3,26875,29395.3,31773.2,37101.1,38497.1,45097.1,46626.8,2.1654,1.7496,0.209361,0,28.858,999.9,35,35.8,20.476,29.1073,30.7452,1,0.16122,0,20.3031,5.24005,11.9321,4.974,3.2844,9999,9999,9999,169,4.97095,1.86633,1.8692,1.86691,1.8718,1.86996,1.87378,1.8721,0,0,0,0,11111111,oooooooo,on,on,on,on,0,100,100,-0.28,0.2747,-0.274773125,0.000859946,-1.19E-06,3.87E-10,-0.129273504,-0.027663876,0.004005357,-7.26E-05,2,2149,0,22,1.2,1.2,2.53662,2.34741,1.59424,2.32666,1.49292,2.44385,39.4916,24.1488,18,585.523,452.525,31.1438,29.8929,30.0002,29.6043,29.5876,50.8203,-30,-30,-999.9,1200,0,99.5002,99.7717
168,1745914191,4774.4,20250429 11:09:50,11:09:50,15,C,6,5616.3,1745914183,0.000981777,0.981777312,21.28810861,1492.434,395.349612,39.93484156,150.7529374,0.032649906,1.998756584,0.032356481,0.020248944,193.8033271,33.82256633,32.35956333,4.873128443,38.75700436,1.911111236,4.931008646,2.962017208,-43.29637946,22.5556879,2.570919535,175.6335551,3,0,1,0,25170,RECT-24220-20250331-19_34_23,10063.9,425.8796,624.32,0.317850461,-0.387208687,MPF-24773-20250429-11_08_53,10076,242.7871154,371.0788981,0.34572643,0.5,1009.18711,21.28810861,174.4513284,15.70785714,0.043080179,92.48250664,8777.803415,4.198797148,32.62518432,0.782818762,2090.551914,-1695.202302,-0.012557857,0.021477997,0.68244544,290.597699,DARK-24774-20250429-11_09_00,186.04,186.04,0.498651093,0.693323318,0.577806658,-2.341060938,1.276156982,0.531271479,0.468728521,24773,290,339.57,185,10076,339,0.57,300,24,371.0788981,1.254166972,-32.32726175,1.11494647,0.967767122,-0.007347711,290,336.8,725,10056.5,338.93,-2.13,None,None,None,None,None,None,None,None,None,None,None,None,None,1200.005333,1009.18711,0.840985521,0.161502055,2,0.5,0: Broadleaf,2,1745914183,1492.434,1500.018667,18.91974667,18.59867,1492.548667,18.64225667,599.9827667,100.9114667,0.099993437,32.56888333,32.35956333,999.9,0,0,4999,0,1159.266333,-7.584456333,1521.215333,1528.444667,0.321082767,1500.018667,18.59867,1.909219667,1.876819,16.71090667,16.44171333,1200.005333,0.9670097,0.032990513,0,242.7911667,4.99998,3005.417,11896.74667,39.75,41.76653333,40.04133333,41.2374,41.437,1155.584333,39.421,0,112.2,0,242.7871154,1.503965806,17.60957265,3005.383077,15,1745914136,11:08:55,1745914136,1745914130,27,0.234,0.001,-0.116,0.262,1500,19,1,0.32,-7.604965,-0.252524128,0.199943911,1,242.7357941,0.998792969,0.236136399,1,0.32100585,-0.00046728,0.002526955,1,3,3,03-Mar,3.21671,2.75538,0.227443,0.229013,0.107209,0.106812,23236.3,25903.7,29391.5,31769.9,37088.3,38485.4,45090.8,46622.5,2.1658,1.7476,0.210166,0,28.9547,999.9,34.8,36,20.5833,29.4073,30.8093,1,0.166911,0,20.3034,5.23766,11.9321,4.9736,3.284,9999,9999,9999,169,4.97101,1.8663,1.8692,1.86694,1.8718,1.86996,1.87378,1.8721,0,0,0,0,11111111,oooooooo,on,on,on,on,0,100,100,-0.11,0.2778,-0.041151786,0.000859946,-1.19E-06,3.87E-10,-0.128578986,-0.027663876,0.004005357,-7.26E-05,2,2149,0,22,0.9,1,3.03955,2.33398,1.59424,2.32666,1.49292,2.46582,39.6669,24.1488,18,586.433,451.714,31.2609,29.96,30.0004,29.6724,29.6539,60.8832,-30,-30,-999.9,1500,0,99.4868,99.762
,,,,,,,,,,,,,,,,,,,,,,,,,,,,,,,,,,,,,,,,,,,,,,,,,,,,,,,,,,,,,,,,,,,,,,,,,,,,,,,,,,,,,,,,,,,,,,,,,,,,,,,,,,,,,,,,,,,,,,,,,,,,,,,,,,,,,,,,,,,,,,,,,,,,,,,,,,,,,,,,,,,,,,,,,,,,,,,,,,,,,,,,,,,,,,,,,,,,,,,,,,,,,,,,,,,,,,,,,,,,,,,,,,,,,,,,,,,,,,,,,,,,,,,,,,,,,,,,,,,,,,,,,,,,,,,,,,,,,,,,,,,,,,,,,,,,,,
169,1745916739,7323,20250429 11:52:19,11:52:19,15,C,2,5616.03,1745916731,0.005403799,5.403798666,12.93783166,414.9266774,298.8296878,30.18083409,41.90625538,0.215339312,1.998942471,0.203231843,0.128050947,193.8056227,31.8598095,30.37814839,4.353869539,36.16499526,1.749576218,4.837761502,2.604293322,-238.3075212,199.6324327,22.49420281,177.6247371,0,0,1,0,25661,RECT-24220-20250331-19_34_23,10063.9,425.8796,624.32,0.317850461,-0.387208687,MPF-24777-20250429-11_51_21,10070.1,356.817,455.5556716,0.21674337,0.5,1009.196719,12.93783166,109.3683491,15.70785714,0.044113487,52.75216282,5302.159028,-2.13043887,32.62518432,0.782818762,-2488.763748,2787.593436,0.004641219,0.01320361,0.370458188,339.9672072,DARK-24778-20250429-11_51_29,229.83,229.83,0.49549525,0.437427745,0.427803819,3.327215038,0.850453478,0.281752323,0.718247677,24777,290,436.3,295,10070.1,436.19,0.11,300,24,455.5556716,1.117579726,-19.50444881,0.99374263,0.932241041,-0.007348895,290,437.21,875,10054.5,436.16,1.05,None,None,None,None,None,None,None,None,None,None,None,None,None,1200.016452,1009.196719,0.840985737,0.161502471,2,0.5,0: Broadleaf,2,1745916731,414.9266774,419.9869355,17.32309032,15.55293871,415.0077742,17.09537097,599.969871,100.8968065,0.099966371,32.23059355,30.37814839,999.9,0,0,5000.483871,0,1208.541613,-5.060205806,422.2411935,426.6220968,1.770150323,419.9869355,15.55293871,1.747846452,1.569242903,15.32800968,13.66005806,1200.016452,0.967006355,0.032993935,0,356.9881613,4.99998,4371.388387,11896.83871,39.139,41.141,39.46951613,40.558,40.875,1155.586452,39.43,0,2460.8,0,356.817,-11.8859487,-142.3172649,4369.547692,15,1745916672,11:51:11,1745916667,1745916672,29,-0.035,0.023,-0.081,0.153,420,16,1.1,0.13,-5.072985854,0.134985157,0.084921943,1,357.7087941,-12.93654698,1.285890645,0,1.772173902,-0.02841324,0.003860835,1,2,3,02-Mar,3.21539,2.75515,0.0965829,0.0980007,0.100819,0.0943036,27209.9,30329.5,29428.1,31790.9,37403.6,39058.9,45149.5,46656.2,2.1856,1.7332,0.120252,0,28.4361,999.9,27.2,38.3,18.24,29.2664,31.6386,1,0.131301,0,20.3033,5.24125,11.9321,4.974,3.2842,9999,9999,9999,169.7,4.97095,1.8663,1.8692,1.86691,1.8718,1.86996,1.87378,1.87201,0,0,0,0,11111111,oooooooo,on,on,on,on,0,100,100,-0.081,0.2273,-0.261068394,0.000859946,-1.19E-06,3.87E-10,-0.107326153,-0.027663876,0.004005357,-7.26E-05,2,2149,0,22,1.2,1.1,1.08154,2.36694,1.59424,2.32178,1.49292,2.44385,40.6042,24.14,18,596.321,439.158,31.0845,29.5089,30.0001,29.2593,29.2412,21.7063,-30,-30,-999.9,420,0,99.614,99.8317
170,1745916869,7452.5,20250429 11:54:28,11:54:28,15,C,2,5616.21,1745916861,0.005068801,5.068800573,8.420085166,296.6941,214.1265422,21.62608164,29.96513539,0.19705809,1.996736041,0.186856216,0.117657703,193.8038482,31.99516872,30.52657667,4.391022887,35.82575442,1.734391681,4.841186763,2.656631207,-223.5341053,184.7825141,20.86046411,175.9127212,0,0,1,0,25719,RECT-24220-20250331-19_34_23,10063.9,425.8796,624.32,0.317850461,-0.387208687,MPF-24779-20250429-11_53_31,10073.3,343.3940769,426.9914383,0.19578229,0.5,1009.18738,8.420085166,98.79050791,15.70785714,0.044630141,46.18900646,3908.896345,9.377390749,32.62518432,0.782818762,416.8426431,-202.7161009,-0.041536341,0.008727115,0.462137045,323.8020984,DARK-24780-20250429-11_53_38,225.61,225.61,0.47162875,0.415119497,0.494917513,75.18841492,0.994397117,0.27273362,0.72726638,24779,290,413.15,235,10073.3,412.82,0.33,300,24,426.9914383,1.242008885,-14.27130381,1.104344206,0.8564108,-0.007348717,290,414.59,845,10054.8,412.8,1.79,None,None,None,None,None,None,None,None,None,None,None,None,None,1200.005333,1009.18738,0.840985746,0.161502489,2,0.5,0: Broadleaf,2,1745916861,296.6941,300.0019,17.17275,15.51226,296.7949333,16.94989667,600.0343667,100.8967,0.100034977,32.24312,30.52657667,999.9,0,0,4991.5,0,1191.975333,-3.307731333,301.8782,304.7289333,1.660491667,300.0019,15.51226,1.732674333,1.565136333,15.19229333,13.61978,1200.005333,0.9670064,0.032993873,0,343.3932333,4.99998,4212.288,11896.71667,39.2458,41.187,39.55786667,40.625,40.937,1155.575333,39.43,0,127.2,0,343.3940769,-2.55083761,-42.91350429,4212.292308,15,1745916807,11:53:26,1745916803,1745916807,30,-0.001,0.002,-0.1,0.152,300,16,1.41,0.14,-3.296794634,0.023236934,0.107566925,1,343.5786471,-3.029702065,0.35475127,0,1.664297317,-0.066738397,0.00700881,1,2,3,02-Mar,3.21497,2.75496,0.0741583,0.0752415,0.10021,0.0941634,27884.7,31092.8,29427.6,31789,37428.9,39062.3,45148.9,46653.3,2.1862,1.7324,0.126809,0,28.475,999.9,27.1,38.3,18.1734,29.5664,31.4984,1,0.132744,0,20.303,5.23526,11.9321,4.9736,3.284,9999,9999,9999,169.7,4.97101,1.86643,1.8692,1.86691,1.8718,1.86996,1.87378,1.87207,0,0,0,0,11111111,oooooooo,on,on,on,on,0,100,100,-0.101,0.2225,-0.261541181,0.000859946,-1.19E-06,3.87E-10,-0.105573262,-0.027663876,0.004005357,-7.26E-05,2,2149,0,22,1.1,1,0.827637,2.37793,1.59424,2.32178,1.49292,2.47559,40.6042,24.14,18,596.741,438.623,31.0687,29.519,30.0002,29.2593,29.2387,16.6203,-30,-30,-999.9,300,0,99.6125,99.8255
172,1745917098,7681.9,20250429 11:58:18,11:58:18,15,C,2,5616.21,1745917090,0.004127439,4.127439268,2.20681374,149.0565333,118.6045279,11.97876978,15.0543485,0.150137188,1.999201456,0.144142769,0.090607863,193.8078914,32.43197633,30.96466,4.502295853,34.91706849,1.699078848,4.866040942,2.803217005,-182.0200717,147.565412,16.68175101,176.0349828,0,0,1,0,24569,RECT-24220-20250331-19_34_23,10063.9,425.8796,624.32,0.317850461,-0.387208687,MPF-24783-20250429-11_57_20,10069.8,337.1147692,408.8439015,0.175443811,0.5,1009.20866,2.20681374,88.52970677,15.70785714,0.045663449,39.65822539,2074.155405,27.69969538,32.62518432,0.782818762,74.88007995,43.72444795,0.050470934,0.002570353,0.527037575,313.2576858,DARK-24784-20250429-11_57_28,236.33,236.33,0.421955423,0.415787549,0.555365083,-4.210518992,1.085847935,0.291482547,0.708517453,24783,290,395.24,275,10069.8,395.03,0.21,300,24,408.8439015,1.487948827,-13.90878121,1.322941195,0.797883992,-0.007348281,290,395.93,815,10054.9,395.01,0.92,None,None,None,None,None,None,None,None,None,None,None,None,None,1200.030667,1009.20866,0.840985725,0.161502449,2,0.5,0: Broadleaf,2,1745917090,149.0565333,149.9972667,16.82296667,15.47022,149.2316333,16.61551,599.9650333,100.8976,0.099975627,32.33378333,30.96466,999.9,0,0,5001.5,0,1355.519333,-0.940753467,151.607,152.3541667,1.352749,149.9972667,15.47022,1.697396667,1.560907333,14.87263667,13.57820667,1200.030667,0.967008,0.032992277,0,337.1530667,4.99998,4138.358,11897,39.375,41.25,39.687,40.6912,41.062,1155.600667,39.43,0,97.79999995,0,337.1147692,-0.414700834,-12.01606837,4138.399615,15,1745917064,11:57:44,1745917060,1745917064,32,-0.025,-0.002,-0.175,0.15,150,15,1.11,0.18,-0.95284961,0.009783201,0.081019229,1,337.1669706,-0.778349877,0.22715316,1,1.357950732,-0.093030145,0.009545693,1,3,3,03-Mar,3.21587,2.75534,0.0408047,0.0412567,0.0987428,0.0939675,28883.4,32230.3,29422.3,31784.6,37483.6,39065.8,45139.4,46647.4,2.1858,1.7304,0.143498,0,28.6461,999.9,26.9,38.3,18.0389,29.5864,31.5946,1,0.140976,0,20.3028,5.23885,11.9321,4.9736,3.2844,9999,9999,9999,169.8,4.97098,1.86633,1.8692,1.86691,1.8718,1.86996,1.87375,1.87207,0,0,0,0,11111111,oooooooo,on,on,on,on,0,100,100,-0.175,0.2068,-0.278337107,0.000859946,-1.19E-06,3.87E-10,-0.105752478,-0.027663876,0.004005357,-7.26E-05,2,2149,0,22,0.6,0.6,0.493164,2.40845,1.59424,2.32178,1.49292,2.43896,40.6554,24.14,18,597.116,437.844,31.108,29.6082,30.0001,29.3274,29.3065,9.92292,-30,-30,-999.9,150,0,99.5926,99.8124
173,1745917186,7769.4,20250429 11:59:45,11:59:45,15,C,2,5616.21,1745917178,0.003749604,3.749604082,0.295689077,99.77142581,91.62309271,9.253193779,10.07610974,0.132562776,1.999832954,0.127867398,0.080325129,193.8044367,32.63700014,31.16957742,4.555182451,34.50190446,1.685175274,4.884296391,2.870007177,-165.35754,132.6708717,15.0132584,176.1310268,0,0,1,0,24914,RECT-24220-20250331-19_34_23,10063.9,425.8796,624.32,0.317850461,-0.387208687,MPF-24785-20250429-11_58_48,10079.8,336.18656,402.3174941,0.16437499,0.5,1009.190486,0.295689077,82.94283804,15.70785714,0.046180103,36.11794114,1459.846623,31.80390978,32.62518432,0.782818762,45.90148297,45.72160974,0.006467162,0.000676679,0.551809228,309.4118878,DARK-24786-20250429-11_58_55,234.97,234.97,0.41595878,0.395171344,0.570187507,-2.806664831,1.118736436,0.276196082,0.723803918,24785,290,389.86,155,10079.8,389.91,-0.05,300,24,402.3174941,1.259671471,-12.50834743,1.119935534,0.81668473,-0.007348025,290,391.18,895,10052.8,389.87,1.31,None,None,None,None,None,None,None,None,None,None,None,None,None,1200.009032,1009.190486,0.840985742,0.161502482,2,0.5,0: Broadleaf,2,1745917178,99.77142581,99.99469355,16.68623548,15.45720323,99.9141129,16.48643226,599.9903226,100.8919355,0.100003403,32.40011935,31.16957742,999.9,0,0,5004.354839,0,923.3810645,-0.223259523,101.4644839,101.5646452,1.229022903,99.99469355,15.45720323,1.683506452,1.559507097,14.74517097,13.56441935,1200.009032,0.967008484,0.032991755,0,336.1854516,4.99998,4126.188387,11896.79032,39.437,41.36077419,39.75,40.774,41.129,1155.58,39.43,0,85.20000005,0,336.18656,-0.888692309,-7.085384575,4126.0996,15,1745917162,11:59:22,1745917158,1745917162,33,0.061,-0.002,-0.143,0.147,100,15,1.11,0.14,-0.214270643,-0.095876282,0.082836075,1,336.2130294,-0.476684487,0.21114415,1,1.23240475,-0.085209118,0.008531799,1,3,3,03-Mar,3.21513,2.75537,0.0280308,0.0283097,0.0981859,0.0938917,29264.8,32664.6,29419.4,31784,37504.7,39067.8,45136,46645.9,2.184,1.7286,0.149757,0,28.7577,999.9,26.8,38.4,18.0721,29.4364,31.6346,1,0.145528,0,20.3028,5.24005,11.9321,4.974,3.284,9999,9999,9999,169.8,4.97101,1.86636,1.8692,1.86694,1.8718,1.86996,1.87378,1.87207,0,0,0,0,11111111,oooooooo,on,on,on,on,0,100,100,-0.143,0.1993,-0.21713699,0.000859946,-1.19E-06,3.87E-10,-0.107561155,-0.027663876,0.004005357,-7.26E-05,2,2149,0,22,0.5,0.4,0.378418,2.42188,1.59424,2.32178,1.49292,2.41821,40.7067,24.14,18,596.289,437.025,31.1469,29.6617,30.0004,29.3729,29.3519,7.62855,-30,-30,-999.9,100,0,99.5843,99.8097
174,1745917273,7856.4,20250429 12:01:12,12:01:12,15,C,2,5616.21,1745917265,0.003375501,3.37550139,-1.368803746,50.39496,66.91969252,6.75851908,5.089612427,0.116497755,1.999571451,0.112854176,0.070851728,193.801667,32.80847245,31.33712333,4.598825168,34.16289796,1.671829514,4.893699348,2.926995653,-148.8596113,118.2662071,13.39822799,176.6064908,0,0,1,0,25264,RECT-24220-20250331-19_34_23,10063.9,425.8796,624.32,0.317850461,-0.387208687,MPF-24787-20250429-12_00_15,10079.7,335.7778077,395.1501487,0.15025261,0.5,1009.1759,-1.368803746,75.81565626,15.70785714,0.046696756,31.64455169,879.4663867,33.98849162,32.62518432,0.782818762,25.87541679,41.04427573,-0.033349443,-0.00097267,0.579956384,305.1550721,DARK-24788-20250429-12_00_22,240.81,240.81,0.390586083,0.384685006,0.597558998,-1.932098965,1.154854814,0.275884809,0.724115191,24787,290,384.76,155,10079.7,385.09,-0.33,300,24,395.1501487,1.125279725,-10.13745546,1.000433359,0.785734494,-0.007347867,290,385.46,805,10054.6,385.07,0.39,None,None,None,None,None,None,None,None,None,None,None,None,None,1199.991667,1009.1759,0.840985757,0.161502511,2,0.5,0: Broadleaf,2,1745917265,50.39496,49.99542667,16.55367333,15.44722,50.52811333,16.36057333,600.0478,100.8944,0.100072997,32.43420333,31.33712333,999.9,0,0,5003.166667,0,590.9764667,0.399531167,51.24323,50.77983667,1.106443333,49.99542667,15.44722,1.670172,1.558538333,14.62194667,13.55485667,1199.991667,0.9670074,0.032992853,0,335.7838,4.99998,4122.013333,11896.59,39.5,41.4979,39.812,40.812,41.2164,1155.561667,39.43,0,84.60000014,0,335.7778077,0.731247868,-4.842051285,4122.050385,15,1745917250,12:00:49,1745917250,1745917249,34,0.043,-0.001,-0.133,0.146,50,15,1.11,0.21,0.39902265,-0.081865126,0.078853989,1,335.7831471,-0.128999235,0.164519466,1,1.1099995,-0.063785966,0.006616946,1,3,3,03-Mar,3.21515,2.75541,0.0144672,0.0144523,0.0976397,0.0938415,29667.7,33126.4,29414.4,31780.7,37522.4,39066.1,45129,46641.2,2.1836,1.7274,0.155449,0,28.811,999.9,26.8,38.4,18.0686,29.1964,31.4503,1,0.150935,0,20.3026,5.24005,11.9321,4.974,3.284,9999,9999,9999,169.8,4.97101,1.8663,1.8692,1.86691,1.8718,1.86996,1.87378,1.87207,0,0,0,0,11111111,oooooooo,on,on,on,on,0,100,100,-0.133,0.1927,-0.17362171,0.000859946,-1.19E-06,3.87E-10,-0.108601276,-0.027663876,0.004005357,-7.26E-05,2,2149,0,22,0.4,0.4,0.263672,2.43042,1.59424,2.32178,1.49292,2.50244,40.758,24.14,18,596.519,436.631,31.1792,29.7231,30.0003,29.4261,29.4024,5.33427,-30,-30,-999.9,50,0,99.5684,99.7996
176,1745917459,8042.9,20250429 12:04:19,12:04:19,15,C,2,5616.3,1745917451,0.002696926,2.696925816,13.77656683,594.8658065,324.0062016,32.7215666,60.07582883,0.090609835,1.997519354,0.088386831,0.055436955,193.8037178,33.02440672,31.45630968,4.630092311,33.66501019,1.644316839,4.884349742,2.985775473,-118.9344285,101.659956,11.53358753,188.0628329,0,0,1,0,24826,RECT-24220-20250331-19_34_23,10063.9,425.8796,624.32,0.317850461,-0.387208687,MPF-24791-20250429-12_03_21,10075.7,324.20548,419.7782788,0.227674474,0.5,1009.186694,13.77656683,114.8830248,15.70785714,0.047730064,54.98733275,5593.992975,-3.250209619,32.62518432,0.782818762,-1721.117599,2045.123801,0.0067363,0.014034842,0.487261327,319.6370204,DARK-24792-20250429-12_03_29,223.17,223.17,0.468362202,0.486107703,0.509888374,-15.66427928,1.030746366,0.334616972,0.665383028,24791,290,400.64,195,10075.7,400.75,-0.11,300,24,419.7782788,1.05086187,-19.17298502,0.934281551,0.93765829,-0.007347877,290,401.29,845,10053.6,400.71,0.58,None,None,None,None,None,None,None,None,None,None,None,None,None,1200.004516,1009.186694,0.840985746,0.16150249,2,0.5,0: Broadleaf,2,1745917451,594.8658065,599.9925806,16.2818871,15.39758065,594.9859677,16.1,600.0215806,100.8904516,0.100104871,32.4003129,31.45630968,999.9,0,0,4995,0,1456.185484,-5.126817742,604.7116129,609.3754839,0.884310806,599.9925806,15.39758065,1.642689355,1.553470645,14.36519355,13.50484839,1200.004516,0.967007516,0.032992742,0,324.1794194,4.99998,3988.016129,11896.72903,39.536,41.625,39.875,40.812,41.23374194,1155.574516,39.43,0,84.20000005,0,324.20548,0.772384606,6.975384617,3988.1316,15,1745917436,12:03:55,1745917436,1745917434,36,0.033,0.002,-0.121,0.145,600,15,1.86,0.3,-5.126317805,0.019211498,0.107010279,1,324.1462059,0.872956453,0.224296125,1,0.886330927,-0.047677526,0.005601974,1,3,3,03-Mar,3.21532,2.75541,0.125623,0.126961,0.0964987,0.0935973,26320.1,29343.5,29412.6,31778.9,37570.5,39076.9,45126.5,46639.5,2.1842,1.728,0.172555,0,28.6584,999.9,26.6,38.5,18.032,29.6564,31.5705,1,0.154451,0,20.3024,5.23646,11.9321,4.974,3.2842,9999,9999,9999,169.9,4.97098,1.86643,1.8692,1.86694,1.8718,1.86996,1.87378,1.8721,0,0,0,0,11111111,oooooooo,on,on,on,on,0,100,100,-0.12,0.1814,-0.293012389,0.000859946,-1.19E-06,3.87E-10,-0.108070415,-0.027663876,0.004005357,-7.26E-05,2,2149,0,22,0.4,0.4,1.44531,2.39014,1.59424,2.32178,1.49292,2.41333,40.8865,24.14,18,597.646,437.566,31.1696,29.7899,30.0001,29.4998,29.4758,28.9585,-30,-30,-999.9,600,0,99.5625,99.7951
177,1745917540,8123.4,20250429 12:05:39,12:05:39,15,C,2,5616.21,1745917532,0.002475549,2.475548589,16.83617087,793.7364333,429.5301689,43.37849075,80.15988403,0.082190091,1.997929021,0.080356893,0.050384358,193.8036354,33.122488,31.52469333,4.648115409,33.4152209,1.633668349,4.888994612,3.014447059,-109.1716928,96.12932235,10.90845575,191.6697207,0,0,1,0,25790,RECT-24220-20250331-19_34_23,10063.9,425.8796,624.32,0.317850461,-0.387208687,MPF-24793-20250429-12_04_42,10068.8,326.0936538,428.6347423,0.239227198,0.5,1009.18626,16.83617087,120.7124007,15.70785714,0.048246718,58.35973016,6502.579228,-12.11622837,32.62518432,0.782818762,-536.6834488,966.2136177,0.017424895,0.017066601,0.45653149,324.7462357,DARK-24794-20250429-12_04_49,221.45,221.45,0.483359658,0.494925868,0.485728046,37.21807406,0.986116021,0.336103853,0.663896147,24793,290,409.97,285,10068.8,409.49,0.48,300,24,428.6347423,1.31399832,-19.27498593,1.168239292,0.906735936,-0.007347906,290,410.24,875,10053,409.46,0.78,None,None,None,None,None,None,None,None,None,None,None,None,None,1200.004,1009.18626,0.840985747,0.161502491,2,0.5,0: Broadleaf,2,1745917532,793.7364333,800.0031,16.17644667,15.36466,793.8220333,15.99832333,600.0352333,100.8905,0.100056393,32.41715667,31.52469333,999.9,0,0,4996.666667,0,1417.388,-6.266729333,806.7873,812.4866333,0.811788267,800.0031,15.36466,1.632048,1.550146667,14.26477333,13.47196667,1200.004,0.967007367,0.032992873,0,326.0849333,4.99998,4010.924333,11896.72667,39.54753333,41.625,39.875,40.875,41.25,1155.574,39.43,0,78.60000014,0,326.0936538,0.264376068,-10.20410256,4010.808846,15,1745917517,12:05:16,1745917516,1745917517,37,0.079,0.001,-0.088,0.144,800,15,1.04,0.27,-6.2809995,0.090705366,0.147563188,1,326.1125294,-0.285897636,0.189806284,1,0.8138275,-0.044137936,0.005631762,1,3,3,03-Mar,3.21515,2.75519,0.152983,0.154488,0.0960506,0.0934492,25498,28418.8,29414.6,31779.8,37592,39084.8,45129.1,46640.8,2.1832,1.7278,0.17941,0,28.6187,999.9,26.4,38.6,17.9942,29.6164,31.3662,1,0.153557,0,20.3025,5.23885,11.9321,4.9736,3.2846,9999,9999,9999,169.9,4.97095,1.8663,1.8692,1.86691,1.8718,1.86996,1.87378,1.87207,0,0,0,0,11111111,oooooooo,on,on,on,on,0,100,100,-0.086,0.1777,-0.213861561,0.000859946,-1.19E-06,3.87E-10,-0.107266406,-0.027663876,0.004005357,-7.26E-05,2,2149,0,22,0.4,0.4,1.82739,2.36816,1.59424,2.32178,1.49292,2.49512,40.9122,24.14,18,596.993,437.475,31.1726,29.7873,29.9999,29.5049,29.4808,36.6335,-30,-30,-999.9,800,0,99.5687,99.7979
178,1745917630,8213.4,20250429 12:07:09,12:07:09,15,C,2,5616.3,1745917622,0.002236873,2.236872978,19.36325222,992.7892333,525.8518771,53.10377616,100.2579995,0.073428224,2.000535012,0.071963159,0.04510617,193.8046462,33.21066588,31.58005667,4.662751609,33.16182829,1.621405947,4.889374414,3.041345661,-98.64609831,90.43209279,10.25144202,195.8420827,0,0,1,0,24734,RECT-24220-20250331-19_34_23,10063.9,425.8796,624.32,0.317850461,-0.387208687,MPF-24795-20250429-12_06_12,10081.3,326.8934231,436.9322399,0.251844123,0.5,1009.19158,19.36325222,127.0794842,15.70785714,0.048763372,62.05732564,7282.785921,-18.52695829,32.62518432,0.782818762,-393.0912893,918.9431664,0.021071218,0.019570576,0.428871443,329.4867754,DARK-24796-20250429-12_06_19,221.41,221.41,0.493262388,0.510568268,0.4650859,9.955885486,0.944302471,0.34581583,0.65418417,24795,290,416.29,145,10081.3,416.37,-0.08,300,24,436.9322399,1.259696634,-20.73084716,1.119996172,0.92444904,-0.007348196,290,417.37,865,10053.6,416.31,1.06,None,None,None,None,None,None,None,None,None,None,None,None,None,1200.010333,1009.19158,0.840985742,0.161502481,2,0.5,0: Broadleaf,2,1745917622,992.7892333,999.9841,16.05572,15.32204667,992.8948,15.88339,599.9832,100.8862333,0.099953987,32.41853333,31.58005667,999.9,0,0,5007.5,0,1227.186,-7.195405333,1008.989,1015.544333,0.733673967,999.9841,15.32204667,1.619801,1.545784,14.14848333,13.42870333,1200.010333,0.9670064,0.032993877,0,326.9161667,4.99998,4021.120667,11896.77667,39.5,41.625,39.8351,40.88326667,41.2248,1155.580333,39.43,0,88.20000005,0,326.8934231,-0.761128202,-14.78905983,4021.004615,15,1745917603,12:06:42,1745917603,1745917599,38,0.046,-0.001,-0.108,0.142,1000,15,1.3,0.27,-7.2087105,0.117004728,0.18124388,1,326.9287059,-0.72446142,0.210565559,1,0.736899475,-0.063353595,0.006604285,1,3,3,03-Mar,3.21519,2.75536,0.176962,0.178539,0.0955473,0.0932571,24778.6,27612,29417.6,31781.9,37617.3,39095.9,45133.7,46643.7,2.1846,1.729,0.18546,0,28.5599,999.9,26.3,38.7,18.027,29.2864,31.5625,1,0.149939,0,20.3026,5.24005,11.9321,4.974,3.2846,9999,9999,9999,169.9,4.97095,1.8663,1.8692,1.86691,1.8718,1.86996,1.87378,1.8721,0,0,0,0,11111111,oooooooo,on,on,on,on,0,100,100,-0.105,0.1719,-0.167902561,0.000859946,-1.19E-06,3.87E-10,-0.107932774,-0.027663876,0.004005357,-7.26E-05,2,2149,0,22,0.5,0.5,2.19482,2.37427,1.59424,2.32178,1.49292,2.40356,40.938,24.14,18,597.83,438.134,31.1786,29.759,29.9999,29.4897,29.4656,44.0019,-30,-30,-999.9,1000,0,99.5789,99.8043
179,1745917729,8312.9,20250429 12:08:49,12:08:49,15,C,2,5616.03,1745917721,0.002002165,2.002164962,20.91360649,1192.256,624.4840522,63.06692099,120.4064614,0.065050044,2.000587357,0.063897435,0.040037753,193.8015074,33.29425351,31.61912333,4.673103654,32.87303267,1.607056204,4.888676444,3.066047449,-88.29547484,85.94802279,9.744618952,201.1986743,0,0,1,0,24473,RECT-24220-20250331-19_34_23,10063.9,425.8796,624.32,0.317850461,-0.387208687,MPF-24797-20250429-12_07_51,10082.7,327.4222692,445.4095614,0.264896182,0.5,1009.17506,20.91360649,133.6633101,15.70785714,0.049280026,65.88788917,7812.403513,-20.89781184,32.62518432,0.782818762,-373.8383508,998.322403,0.02094875,0.021107156,0.401676242,334.2845441,DARK-24798-20250429-12_07_59,223.47,223.47,0.498281987,0.53161902,0.44632765,6.04134795,0.901582735,0.362836965,0.637163035,24797,290,421.9,135,10082.7,422.43,-0.53,300,24,445.4095614,1.367061907,-23.16583193,1.215488078,0.928432787,-0.00734842,290,423.24,715,10058.4,422.38,0.86,None,None,None,None,None,None,None,None,None,None,None,None,None,1199.990667,1009.17506,0.840985758,0.161502512,2,0.5,0: Broadleaf,2,1745917721,1192.256,1200.023,15.91295333,15.25617667,1192.324333,15.74788333,599.9922667,100.8905333,0.099909527,32.41600333,31.61912333,999.9,0,0,5007.5,0,1282.304333,-7.768184333,1211.534,1218.615333,0.6567775,1200.023,15.25617667,1.605467667,1.539205,14.01138333,13.36327,1199.990667,0.9670056,0.032994687,0,327.4222,4.99998,4027.704667,11896.59,39.437,41.562,39.78513333,40.8708,41.18286667,1155.560667,39.43,0,97.20000005,0,327.4222692,-0.130837592,-7.074529929,4027.738077,15,1745917691,12:08:11,1745917687,1745917691,39,0.105,-0.001,-0.071,0.138,1200,15,0.76,0.29,-7.748130488,-0.042380488,0.121224784,1,327.4929706,-0.943819705,0.266870258,1,0.659380902,-0.048435136,0.005376619,1,3,3,03-Mar,3.21528,2.75514,0.198525,0.200128,0.0949738,0.0929902,24132.3,26891,29421.3,31787.6,37647,39114.3,45140.3,46651.5,2.1848,1.7304,0.192523,0,28.4872,999.9,26.2,38.7,17.9554,29.5964,31.3141,1,0.143841,0,20.3026,5.23526,11.9321,4.9736,3.2842,9999,9999,9999,170,4.97095,1.86636,1.8692,1.86691,1.87177,1.86996,1.87378,1.87201,0,0,0,0,11111111,oooooooo,on,on,on,on,0,100,100,-0.07,0.1646,-0.062216041,0.000859946,-1.19E-06,3.87E-10,-0.109162081,-0.027663876,0.004005357,-7.26E-05,2,2149,0,22,0.7,0.6,2.54883,2.35474,1.59424,2.32056,1.49292,2.49756,40.9896,24.14,18,597.507,438.696,31.1652,29.6949,29.9999,29.4413,29.4201,51.0762,-30,-30,-999.9,1200,0,99.5925,99.8215
180,1745917838,8421.9,20250429 12:10:38,12:10:38,15,C,2,5616.21,1745917830,0.001750521,1.750521328,22.5210251,1491.608065,784.8436268,79.26977729,150.6534997,0.056236812,1.998119101,0.055372081,0.034684136,193.8037178,33.35624016,31.66138065,4.684323694,32.59214907,1.590493318,4.879989087,3.093830376,-77.19799057,77.89490485,8.842946139,203.3435782,0,0,1,0,25445,RECT-24220-20250331-19_34_23,10063.9,425.8796,624.32,0.317850461,-0.387208687,MPF-24799-20250429-12_09_40,10069.8,326.81124,447.2419965,0.269274257,0.5,1009.186694,22.5210251,135.8739987,15.70785714,0.049796679,67.06786053,8270.438923,-26.14751492,32.62518432,0.782818762,-316.2992333,1101.14286,0.02045241,0.022699699,0.395933309,335.3156342,DARK-24800-20250429-12_09_48,218.77,218.77,0.510846473,0.527113862,0.436636675,5.637511532,0.892348552,0.352854142,0.647145858,24799,290,423.97,285,10069.8,423.93,0.04,300,24,447.2419965,1.186862468,-23.47106493,1.055314882,0.946427266,-0.0073486,290,424.27,795,10056.2,423.9,0.37,None,None,None,None,None,None,None,None,None,None,None,None,None,1200.004516,1009.186694,0.840985746,0.16150249,2,0.5,0: Broadleaf,2,1745917830,1491.608065,1499.984839,15.74734516,15.17306774,1491.559032,15.58575161,600.0428387,100.9007097,0.100017832,32.3844871,31.66138065,999.9,0,0,4996.935484,0,1286.083871,-8.376507742,1515.472581,1523.095806,0.574272742,1499.984839,15.17306774,1.588917742,1.530973871,13.85174839,13.28105161,1200.004516,0.967004613,0.032995694,0,326.8126129,4.99998,4019.447419,11896.71935,39.375,41.5,39.73577419,40.812,41.125,1155.574516,39.43,0,106.8,0,326.81124,0.588076919,-9.76923077,4019.3512,15,1745917788,12:09:47,1745917788,1745917786,40,0.185,0.004,0.049,0.139,1500,15,0.95,0.25,-8.396787561,-0.100237422,0.190822879,1,326.8719412,-0.847700534,0.255376071,1,0.576365122,-0.042862746,0.004903261,1,3,3,03-Mar,3.21522,2.75525,0.227339,0.228999,0.0942882,0.0926405,23268.4,25922.4,29426.2,31790.4,37682.1,39132.9,45147.7,46655.3,2.1864,1.7316,0.200272,0,28.4118,999.9,26,38.8,17.9138,29.4264,31.258,1,0.137744,0,20.303,5.24005,11.9321,4.974,3.2844,9999,9999,9999,170,4.97095,1.8663,1.8692,1.86694,1.87177,1.86996,1.87378,1.87207,0,0,0,0,11111111,oooooooo,on,on,on,on,0,100,100,0.05,0.1611,0.123050092,0.000859946,-1.19E-06,3.87E-10,-0.105439772,-0.027663876,0.004005357,-7.26E-05,2,2149,0,22,0.8,0.9,3.05542,2.35352,1.59424,2.32056,1.49292,2.40845,40.9896,24.14,18,598.023,439.015,31.1388,29.6132,29.9999,29.378,29.3594,61.2044,-30,-30,-999.9,1500,0,99.609,99.8299
,,,,,,,,,,,,,,,,,,,,,,,,,,,,,,,,,,,,,,,,,,,,,,,,,,,,,,,,,,,,,,,,,,,,,,,,,,,,,,,,,,,,,,,,,,,,,,,,,,,,,,,,,,,,,,,,,,,,,,,,,,,,,,,,,,,,,,,,,,,,,,,,,,,,,,,,,,,,,,,,,,,,,,,,,,,,,,,,,,,,,,,,,,,,,,,,,,,,,,,,,,,,,,,,,,,,,,,,,,,,,,,,,,,,,,,,,,,,,,,,,,,,,,,,,,,,,,,,,,,,,,,,,,,,,,,,,,,,,,,,,,,,,,,,,,,,,,
181,1745918847,9430.5,20250429 12:27:26,12:27:26,15,C,5,5616.12,1745918839,0.002338898,2.338898104,7.325523934,417.2321333,244.1794221,24.66299143,42.1419317,0.07623818,1.998578725,0.074658628,0.046800833,193.7993794,33.17751856,31.36542333,4.606232646,31.45452828,1.53824991,4.890392558,3.067982736,-103.1454064,113.8674272,12.9073367,217.4287369,0,0,1,0,25121,RECT-24220-20250331-19_34_23,10063.9,425.8796,624.32,0.317850461,-0.387208687,MPF-24803-20250429-12_26_29,10084.1,263.1526538,355.3079647,0.259367422,0.5,1009.16386,7.325523934,130.8721144,15.70785714,0.050829987,63.72477659,4195.321982,31.29140581,32.62518432,0.782818762,134.0726591,110.106763,0.066531099,0.007642696,0.757123572,280.8358755,DARK-24804-20250429-12_26_36,202.85,202.85,0.42908682,0.604463735,0.638270898,-1.305840659,1.35563139,0.465948061,0.534051939,24803,290,335.73,185,10084.1,334.8,0.93,300,24,355.3079647,1.253028614,-20.67606212,1.114846872,0.924722652,-0.007353298,290,334.41,865,10060.6,334.76,-0.35,None,None,None,None,None,None,None,None,None,None,None,None,None,1199.977333,1009.16386,0.840985769,0.161502533,2,0.5,0: Broadleaf,2,1745918839,417.2321333,419.9991333,15.22966,14.46193667,417.2366333,15.08691,600.028,100.9035667,0.09999547,32.42222333,31.36542333,999.9,0,0,4998.666667,0,1307.495,-2.767076667,423.6846,426.1623,0.767726867,419.9991333,14.46193667,1.536728333,1.459262333,13.33857667,12.54786,1199.977333,0.9670042,0.032995407,0,263.1723667,4.99998,3241.042333,11896.43667,39.3225,41.4622,39.687,40.812,41.1124,1155.547333,39.43,0,877.2,0,263.1526538,-2.517299141,-29.49367521,3240.845769,15,1745918775,12:26:14,1745918773,1745918775,42,0.116,0.002,-0.004,0.113,420,15,1.21,0.33,-2.781671463,0.342182927,0.091891082,1,263.3324412,-2.784614207,0.348450705,0,0.771285268,-0.068078383,0.007123665,1,2,3,02-Mar,3.21519,2.75526,0.0969691,0.0979777,0.0921372,0.089577,27206.3,30335.8,29436.9,31796.8,37785.8,39274,45164.8,46665.7,2.1906,1.7278,0.167966,0,28.6392,999.9,24.6,39.1,17.2229,29.4646,31.4183,1,0.128008,0,20.3028,5.24005,11.9321,4.9732,3.284,9999,9999,9999,170.3,4.97098,1.8663,1.8692,1.86691,1.8718,1.86996,1.87378,1.87204,0,0,0,0,11111111,oooooooo,on,on,on,on,0,100,100,-0.004,0.1423,-0.184765642,0.000859946,-1.19E-06,3.87E-10,-0.1023458,-0.027663876,0.004005357,-7.26E-05,2,2149,0,22,1.2,1.2,1.08276,2.36816,1.59424,2.32178,1.49292,2.49756,41.0928,24.1488,18,599.667,435.533,31.133,29.5125,29.9999,29.2417,29.2211,21.7315,-30,-30,-999.9,420,0,99.6462,99.8512
182,1745918949,9532.5,20250429 12:29:08,12:29:08,15,C,5,5616.12,1745918941,0.001989282,1.989282416,3.758476233,298.5487742,190.0219299,19.19216982,30.15335533,0.063519251,2.000363564,0.062419636,0.039109483,193.8064979,33.34755365,31.49856774,4.641222587,31.01952659,1.520598017,4.90206713,3.120624571,-87.72735457,104.168221,11.80753425,222.0548986,0,0,1,0,25086,RECT-24220-20250331-19_34_23,10063.9,425.8796,624.32,0.317850461,-0.387208687,MPF-24805-20250429-12_28_11,10087.4,258.0862692,337.4442284,0.235173556,0.5,1009.201326,3.758476233,118.6687323,15.70785714,0.051346641,56.17374693,3017.963538,38.00856694,32.62518432,0.782818762,79.4021922,110.6197377,0.033976543,0.004107887,0.850142771,269.5569315,DARK-24806-20250429-12_28_18,200.11,200.11,0.406983486,0.577845451,0.676258861,-0.897355411,1.445652053,0.448038765,0.551961235,24805,290,322.25,155,10087.4,321.83,0.42,300,24,337.4442284,1.41488421,-15.7528671,1.258882544,0.848307964,-0.007353426,290,322.28,835,10061.6,321.79,0.49,None,None,None,None,None,None,None,None,None,None,None,None,None,1200.021935,1009.201326,0.840985732,0.161502463,2,0.5,0: Broadleaf,2,1745918941,298.5487742,299.9995484,15.05546129,14.40235806,298.577871,14.91950645,600.0070968,100.8997742,0.099988445,32.4644871,31.49856774,999.9,0,0,5006.129032,0,1167.662903,-1.450904194,303.1121613,304.3834194,0.653092871,299.9995484,14.40235806,1.519090968,1.453194839,13.16169032,12.4843871,1200.021935,0.967004677,0.032994952,0,258.0810323,4.99998,3180.635161,11896.88387,39.292,41.401,39.625,40.69919355,41.062,1155.591935,39.43,0,99.79999995,0,258.0862692,-0.408649587,-18.45299142,3180.451923,15,1745918907,12:28:27,1745918906,1745918907,43,-0.006,0.001,-0.029,0.11,300,14,1.31,0.28,-1.461260976,0.108932822,0.082701474,1,258.1201471,-0.822658523,0.217291365,1,0.656424488,-0.073775519,0.007726971,1,3,3,03-Mar,3.21525,2.75544,0.0745349,0.0752369,0.0913616,0.0893297,27888,31104.2,29442.7,31800.2,37825.4,39289.4,45173.5,46671.6,2.1926,1.7284,0.175953,0,28.6535,999.9,24.5,39.1,17.1541,29.4346,31.7468,1,0.12065,0,20.3026,5.23766,11.9321,4.974,3.284,9999,9999,9999,170.3,4.97098,1.86636,1.8692,1.86691,1.8718,1.86996,1.87375,1.87204,0,0,0,0,11111111,oooooooo,on,on,on,on,0,100,100,-0.029,0.1353,-0.190522745,0.000859946,-1.19E-06,3.87E-10,-0.10184665,-0.027663876,0.004005357,-7.26E-05,2,2149,0,22,0.7,0.7,0.828857,2.39136,1.59424,2.32056,1.49292,2.42798,41.0928,24.1488,18,600.534,435.524,31.1652,29.4404,29.9998,29.1864,29.1685,16.6342,-30,-30,-999.9,300,0,99.6655,99.8631
183,1745919036,9620,20250429 12:30:36,12:30:36,15,C,5,5615.94,1745919028,0.001653065,1.653065402,1.265939354,199.4659333,150.7210611,15.22221985,20.14525553,0.051681191,1.998445826,0.050950022,0.031908594,193.8019862,33.50056378,31.64945667,4.6811553,30.64556418,1.504706647,4.910030822,3.176448654,-72.90018423,90.91226776,10.32396376,222.1380335,0,0,1,0,24908,RECT-24220-20250331-19_34_23,10063.9,425.8796,624.32,0.317850461,-0.387208687,MPF-24807-20250429-12_29_38,10081.6,255.433,326.0400481,0.216559433,0.5,1009.17758,1.265939354,109.2734625,15.70785714,0.051863295,50.32777264,2176.681748,42.13274018,32.62518432,0.782818762,51.66247766,99.05858344,0.012779704,0.001638114,0.91485679,262.2299693,DARK-24808-20250429-12_29_46,201.61,201.61,0.381640381,0.56744371,0.705637321,-0.707205178,1.503121098,0.447876063,0.552123937,24807,290,314.45,215,10081.6,313.48,0.97,300,24,326.0400481,1.028084438,-12.66524115,0.914731813,0.872557898,-0.007353538,290,314.17,885,10060.5,313.45,0.72,None,None,None,None,None,None,None,None,None,None,None,None,None,1199.993667,1009.17758,0.840985755,0.161502508,2,0.5,0: Broadleaf,2,1745919028,199.4659333,199.9978667,14.89868,14.35582333,199.5249333,14.76425667,599.9509667,100.896,0.099970553,32.49326667,31.64945667,999.9,0,0,4998.5,0,1196.313667,-0.531906067,202.4827,202.9108333,0.542851767,199.9978667,14.35582333,1.503217,1.448445667,13.00092,12.43453667,1199.993667,0.967004233,0.032995443,0,255.4276,4.99998,3149.979,11896.59667,39.25,41.375,39.5956,40.6374,41.02893333,1155.563667,39.43,0,85.20000005,0,255.433,-1.080230767,-11.17615381,3149.9292,15,1745919014,12:30:14,1745919014,1745919014,44,0.004,0.005,-0.059,0.113,200,14,1.39,0.42,-0.504951825,-0.156261895,0.096137933,1,255.4526765,-0.345255914,0.241245752,1,0.53754505,0.087369186,0.050225245,1,3,3,03-Mar,3.21526,2.75539,0.0529703,0.0534544,0.0907003,0.089169,28542.3,31842.7,29447.1,31805.9,37859,39302.5,45180.8,46679.2,2.1926,1.7284,0.181645,0,28.705,999.9,24.4,39.1,17.085,29.5346,31.5745,1,0.115061,0,20.3025,5.24005,11.9321,4.9736,3.2842,9999,9999,9999,170.3,4.97095,1.8663,1.8692,1.86691,1.87177,1.86996,1.87369,1.87198,0,0,0,0,11111111,oooooooo,on,on,on,on,0,100,100,-0.058,0.1339,-0.186346041,0.000859946,-1.19E-06,3.87E-10,-0.096668161,-0.027663876,0.004005357,-7.26E-05,2,2149,0,22,0.4,0.4,0.606689,2.39746,1.59424,2.32056,1.49292,2.43896,41.0928,24.1488,18,599.975,435.094,31.1837,29.3722,29.9998,29.1287,29.111,12.196,-30,-30,-999.9,200,0,99.6812,99.8801
184,1745919123,9706.5,20250429 12:32:02,12:32:02,15,C,5,5616.03,1745919115,0.001360401,1.360401335,0.056960556,149.8983871,140.0549412,14.14533108,15.1395038,0.041726553,1.999635644,0.041248802,0.025822969,193.8017099,33.64601598,31.7975129,4.720628797,30.32301881,1.492110607,4.920719194,3.22851819,-59.99369886,79.16247799,8.992555121,221.9630442,0,0,1,0,24641,RECT-24220-20250331-19_34_23,10063.9,425.8796,624.32,0.317850461,-0.387208687,MPF-24809-20250429-12_31_05,10077.1,253.8194615,319.6357633,0.205910318,0.5,1009.176126,0.056960556,103.8998887,15.70785714,0.052379949,46.91574197,1749.81837,43.55662469,32.62518432,0.782818762,40.17341523,99.88152597,0.000570281,0.000440131,0.953223236,258.0711872,DARK-24810-20250429-12_31_12,202.51,202.51,0.366435101,0.561928477,0.722325779,-0.619483481,1.535394187,0.448334951,0.551665049,24809,290,308.99,275,10077.1,308.62,0.37,300,24,319.6357633,1.216874226,-11.09696665,1.082715406,0.789546629,-0.007353462,290,309.69,865,10061,308.61,1.08,None,None,None,None,None,None,None,None,None,None,None,None,None,1199.991935,1009.176126,0.840985757,0.16150251,2,0.5,0: Broadleaf,2,1745919115,149.8983871,149.9853548,14.7736,14.32679677,150.015871,14.64238387,599.9523871,100.8984839,0.099959755,32.53182903,31.7975129,999.9,0,0,5003.225806,0,1184.018387,-0.0870583,152.146129,152.1654194,0.446801194,149.9853548,14.32679677,1.490632903,1.445552581,12.87242581,12.4040871,1199.991935,0.96700429,0.032995352,0,253.8127419,4.99998,3131.519677,11896.60645,39.25,41.3363871,39.562,40.625,41,1155.561935,39.43,0,84.60000014,0,253.8194615,-1.181196575,-3.009572652,3131.465,15,1745919100,12:31:40,1745919095,1745919100,45,-0.035,0.002,-0.118,0.113,150,14,1.04,0.33,-0.092913005,-0.029730501,0.081876808,1,253.8162059,-0.044232236,0.227206537,1,0.442613049,0.069334955,0.03860833,1,3,3,03-Mar,3.21515,2.75533,0.0410245,0.0413099,0.0901864,0.0890252,28906.3,32252.7,29451,31807.1,37885.7,39310.1,45187.1,46681,2.1936,1.7294,0.182003,0,28.8486,999.9,24.4,39.1,17.0842,29.2846,31.8029,1,0.110366,0,20.3029,5.24005,11.9321,4.9736,3.2846,9999,9999,9999,170.4,4.97098,1.8663,1.8692,1.86691,1.8718,1.86996,1.87375,1.87201,0,0,0,0,11111111,oooooooo,on,on,on,on,0,100,100,-0.118,0.1309,-0.221158591,0.000859946,-1.19E-06,3.87E-10,-0.094618533,-0.027663876,0.004005357,-7.26E-05,2,2149,0,22,0.5,0.4,0.493164,2.41211,1.59424,2.32056,1.49292,2.4231,41.1187,24.1488,18,600.12,435.305,31.2039,29.3092,29.9999,29.0711,29.0536,9.92993,-30,-30,-999.9,150,0,99.6948,99.8839
185,1745919205,9788.5,20250429 12:33:24,12:33:24,15,C,5,5616.21,1745919197,0.001163296,1.163296137,-0.53657375,100.1242667,118.8834417,12.00650257,10.1119403,0.035192494,1.998420294,0.034851789,0.021812704,193.7981558,33.77896575,31.90380333,4.749145456,30.01840996,1.482127918,4.937396485,3.267017538,-51.30135966,74.12970535,8.43286117,225.0593627,0,0,1,0,25425,RECT-24220-20250331-19_34_23,10063.9,425.8796,624.32,0.317850461,-0.387208687,MPF-24811-20250429-12_32_27,10079.7,252.7960385,315.574018,0.198932662,0.5,1009.15742,-0.53657375,100.3771861,15.70785714,0.052896603,44.6256341,1520.189849,43.64065405,32.62518432,0.782818762,34.83425907,84.04918263,-0.006384045,-0.00014801,0.978363124,255.4169162,DARK-24812-20250429-12_32_34,202.28,202.28,0.359009334,0.554115572,0.731556208,-0.569127858,1.555862526,0.443387082,0.556612918,24811,290,304.95,235,10079.7,305.07,-0.12,300,24,315.574018,1.381540795,-10.58473057,1.229192743,0.725897181,-0.007353319,290,306.08,895,10060.3,305.05,1.03,None,None,None,None,None,None,None,None,None,None,None,None,None,1199.969667,1009.15742,0.840985775,0.161502546,2,0.5,0: Broadleaf,2,1745919197,100.1242667,99.98422667,14.67542,14.29332667,100.2065667,14.54853667,599.9708333,100.8939,0.100001233,32.59185333,31.90380333,999.9,0,0,4998.5,0,1186.599667,0.140086825,101.6155333,101.4340667,0.382090867,99.98422667,14.29332667,1.480659333,1.442107667,12.76988667,12.36779667,1199.969667,0.9670046,0.03299502,0,252.8139667,4.99998,3119.643333,11896.36333,39.26653333,41.3666,39.562,40.6498,41.05373333,1155.539667,39.43,0,80,0,252.7960385,0.540888897,0.139487171,3119.663077,15,1745919182,12:33:01,1745919182,1745919182,46,0.064,0,-0.082,0.112,100,14,1.28,0.46,0.136097072,0.006407239,0.070791139,1,252.8106765,0.303116885,0.257748706,1,0.382954805,-0.017694042,0.005158314,1,3,3,03-Mar,3.21527,2.75521,0.0281461,0.0283121,0.0897716,0.0888887,29298,32690.2,29454.4,31807.4,37907,39316.4,45191.9,46681.7,2.1942,1.7296,0.179827,0,28.9801,999.9,24.3,39.1,17.016,29.0546,31.7268,1,0.107988,0,20.3024,5.23526,11.9321,4.974,3.2842,9999,9999,9999,170.4,4.97098,1.86633,1.8692,1.86691,1.8718,1.86996,1.87378,1.87207,0,0,0,0,11111111,oooooooo,on,on,on,on,0,100,100,-0.082,0.1266,-0.156949281,0.000859946,-1.19E-06,3.87E-10,-0.094934189,-0.027663876,0.004005357,-7.26E-05,2,2149,0,22,0.4,0.4,0.378418,2.42432,1.59424,2.32178,1.49292,2.41577,41.0928,24.14,18,600.154,435.146,31.2244,29.2739,30,29.0312,29.0148,7.63435,-30,-30,-999.9,100,0,99.7056,99.885
186,1745919289,9872.5,20250429 12:34:48,12:34:48,15,C,5,5615.85,1745919281,0.001070721,1.070721404,-1.039327238,50.29323226,98.58274914,9.955912383,5.079134212,0.032038001,1.998825219,0.031755429,0.019872323,193.7998565,33.86263798,32.00174839,4.775555789,29.80581721,1.475777441,4.951306757,3.299778348,-47.21881393,68.97064949,7.850087148,223.4017792,0,0,1,0,25069,RECT-24220-20250331-19_34_23,10063.9,425.8796,624.32,0.317850461,-0.387208687,MPF-24813-20250429-12_33_51,10078.8,252.0383846,311.4333268,0.190714792,0.5,1009.166371,-1.039327238,96.23147732,15.70785714,0.053413256,41.95654218,1301.890832,42.98257609,32.62518432,0.782818762,30.28880422,68.29394492,-0.015218439,-0.000646195,1.004666637,252.6976149,DARK-24814-20250429-12_33_58,201.41,201.41,0.353280517,0.53983954,0.73984222,-0.518976639,1.576728696,0.4313989,0.5686011,24813,290,301.9,245,10078.8,301.8,0.1,300,24,311.4333268,1.18250645,-9.709101288,1.052096564,0.752567548,-0.007353209,290,303.58,855,10060.9,301.78,1.8,None,None,None,None,None,None,None,None,None,None,None,None,None,1199.980323,1009.166371,0.840985766,0.161502529,2,0.5,0: Broadleaf,2,1745919281,50.29323226,49.96472903,14.61304516,14.26134194,50.34706452,14.4872129,599.9802258,100.8904194,0.099991948,32.64178387,32.00174839,999.9,0,0,5000.322581,0,1210.404839,0.328516097,51.03908387,50.68759355,0.351701226,49.96472903,14.26134194,1.474314516,1.438832903,12.70435806,12.33318065,1199.980323,0.967004871,0.032994758,0,252.059871,4.99998,3111.975806,11896.46774,39.312,41.375,39.625,40.69106452,41.062,1155.550323,39.43,0,81.79999995,0,252.0383846,0.955282044,1.246837627,3112.061923,15,1745919266,12:34:26,1745919266,1745919264,47,0.063,0.002,-0.054,0.112,50,14,0.84,0.41,0.33119822,0.078246564,0.074687475,1,252.0258529,0.533613445,0.182784851,1,0.346435098,0.084705721,0.033600593,1,3,3,03-Mar,3.21516,2.75513,0.0144189,0.014487,0.0895107,0.0887425,29708.6,33154.3,29451.2,31806.5,37914.4,39321.2,45187.7,46680,2.195,1.729,0.178725,0,29.1168,999.9,24.3,39.1,17.0143,28.9646,31.5064,1,0.108008,0,20.3022,5.24125,11.9321,4.974,3.2842,9999,9999,9999,170.4,4.97095,1.8663,1.8692,1.86691,1.8718,1.86996,1.87375,1.87195,0,0,0,0,11111111,oooooooo,on,on,on,on,0,100,100,-0.054,0.1257,-0.09415706,0.000859946,-1.19E-06,3.87E-10,-0.093369649,-0.027663876,0.004005357,-7.26E-05,2,2149,0,22,0.4,0.4,0.263672,2.43896,1.59424,2.32178,1.49292,2.47314,41.1187,24.1488,18,600.499,434.584,31.2521,29.2639,30,29.0088,28.9915,5.33648,-30,-30,-999.9,50,0,99.696,99.8817
187,1745919374,9958,20250429 12:36:14,12:36:14,15,C,5,5616.21,1745919366,0.001028607,1.028606607,2.830489312,418.9479333,251.929815,25.44296955,42.3105122,0.030642504,1.999668162,0.030384013,0.019013051,193.8022522,33.91754222,32.03941,4.785745012,29.67751233,1.47273357,4.962456266,3.313011442,-45.36155135,69.24458312,7.880946978,225.566231,0,0,1,0,25505,RECT-24220-20250331-19_34_23,10063.9,425.8796,624.32,0.317850461,-0.387208687,MPF-24815-20250429-12_35_16,10075.8,250.90728,316.7553303,0.207883006,0.5,1009.17898,2.830489312,104.8955801,15.70785714,0.05392991,47.04491853,2477.927874,32.59168623,32.62518432,0.782818762,76.02944678,175.9003682,0.016091435,0.003188431,0.970984985,256.1902229,DARK-24816-20250429-12_35_24,202.16,202.16,0.361778696,0.574613731,0.728550004,-0.603422598,1.549909543,0.462975454,0.537024546,24815,290,304.07,295,10075.8,304.28,-0.21,300,24,316.7553303,0.987289989,-12.56919765,0.878384034,0.87970469,-0.007353146,290,305.36,765,10063.1,304.26,1.1,None,None,None,None,None,None,None,None,None,None,None,None,None,1199.995333,1009.17898,0.840985754,0.161502505,2,0.5,0: Broadleaf,2,1745919366,418.9479333,420.0350667,14.58263333,14.24476667,418.9777,14.45920667,600.0040333,100.8922667,0.100025773,32.68171667,32.03941,999.9,0,0,5003.666667,0,1226.671333,-1.087209033,425.1476333,426.1047667,0.3378629,420.0350667,14.24476667,1.471273333,1.437185333,12.67285,12.31577333,1199.995333,0.967006,0.03299361,0,250.8960667,4.99998,3099.153667,11896.63667,39.375,41.40393333,39.68286667,40.75,41.125,1155.565333,39.43,0,83.4000001,0,250.90728,0.057923075,-2.079230765,3099.1388,15,1745919351,12:35:51,1745919350,1745919351,48,-0.116,-0.001,-0.03,0.11,420,14,1.14,0.37,-1.103992425,0.258713009,0.13138225,1,250.9481471,-0.302750193,0.231031973,1,0.33805015,0.004257366,0.002807906,1,3,3,03-Mar,3.21519,2.7554,0.0973146,0.098016,0.0893891,0.0886723,27209.7,30344.3,29450.6,31806,37919.7,39325.4,45186.8,46680.1,2.1954,1.7304,0.176877,0,29.1869,999.9,24.2,39.1,16.9458,29.3746,31.7428,1,0.108577,0,20.3021,5.24125,11.9321,4.9736,3.2842,9999,9999,9999,170.4,4.97098,1.86633,1.8692,1.86691,1.8718,1.86996,1.87375,1.87207,0,0,0,0,11111111,oooooooo,on,on,on,on,0,100,100,-0.03,0.1233,-0.210229233,0.000859946,-1.19E-06,3.87E-10,-0.094569607,-0.027663876,0.004005357,-7.26E-05,2,2149,0,22,0.4,0.4,1.08398,2.40479,1.59424,2.32056,1.49292,2.41455,41.1187,24.1488,18,600.684,435.405,31.2828,29.2664,30,28.9988,28.9815,21.7464,-30,-30,-999.9,420,0,99.6938,99.8813
188,1745919462,10046,20250429 12:37:42,12:37:42,15,C,5,5616.03,1745919454,0.001010651,1.010651072,4.316247681,598.3612,339.8052661,34.31702749,60.42866253,0.029854149,1.998130302,0.029608543,0.018527237,193.8028374,33.98171656,32.12285667,4.808388674,29.49439666,1.468334311,4.97835005,3.340054363,-44.56971228,66.31978858,7.559080327,223.1119941,0,0,1,0,24886,RECT-24220-20250331-19_34_23,10063.9,425.8796,624.32,0.317850461,-0.387208687,MPF-24817-20250429-12_36_44,10084.5,250.3468846,319.9762594,0.21760794,0.5,1009.18206,4.316247681,109.8030148,15.70785714,0.054446564,49.85878068,2957.515771,29.46251491,32.62518432,0.782818762,100.3823258,239.4229403,0.018027711,0.004660662,0.951144754,258.2931046,DARK-24818-20250429-12_36_52,195.42,195.42,0.38926719,0.559019475,0.709591375,-0.657480439,1.533678326,0.436368865,0.563631135,24817,290,305.84,175,10084.5,306.04,-0.2,300,24,319.9762594,1.036362356,-14.05771091,0.922021769,0.892497586,-0.007353025,290,306.56,835,10060.8,306,0.56,None,None,None,None,None,None,None,None,None,None,None,None,None,1199.999,1009.18206,0.840985751,0.161502499,2,0.5,0: Broadleaf,2,1745919454,598.3612,600.0014667,14.53936333,14.20739,598.4731333,14.41459,600.0222,100.8902333,0.100042323,32.73850667,32.12285667,999.9,0,0,4997.5,0,1209.665667,-1.640254667,607.1893333,608.6487,0.331989033,600.0014667,14.20739,1.466882,1.433386333,12.62725333,12.27551667,1199.999,0.9670066,0.032993007,0,250.3613,4.99998,3093.717333,11896.67,39.38533333,41.437,39.6996,40.812,41.18286667,1155.569,39.43,0,86,0,250.3468846,1.021572645,3.653675222,3093.740385,15,1745919439,12:37:19,1745919439,1745919432,49,-0.074,0.003,-0.112,0.112,600,14,1.83,0.46,-1.626085,-0.246445328,0.091044585,1,250.3324706,0.65781512,0.211528504,1,0.3319394,-0.001777396,0.002460492,1,3,3,03-Mar,3.21517,2.75528,0.126237,0.127092,0.0891801,0.0885007,26336,29364.8,29448.6,31804.6,37926.3,39331.3,45183.6,46677.7,2.195,1.73,0.175536,0,29.2875,999.9,24.2,39.1,16.9445,29.5946,31.5024,1,0.110915,0,20.302,5.24005,11.9321,4.9736,3.2842,9999,9999,9999,170.5,4.97095,1.8663,1.8692,1.86691,1.8718,1.86996,1.87378,1.87201,0,0,0,0,11111111,oooooooo,on,on,on,on,0,100,100,-0.112,0.1246,-0.284306566,0.000859946,-1.19E-06,3.87E-10,-0.091311953,-0.027663876,0.004005357,-7.26E-05,2,2149,0,22,0.4,0.5,1.44653,2.37915,1.59424,2.32178,1.49292,2.47314,41.1187,24.1488,18,600.45,435.187,31.3159,29.2814,30.0003,29.0037,28.9865,29.0027,-30,-30,-999.9,600,0,99.6869,99.8765
189,1745919551,10135,20250429 12:39:11,12:39:11,15,C,5,5616.03,1745919543,0.000982138,0.982138319,5.627328308,797.8424194,448.0898846,45.25161334,80.57235368,0.028737233,1.998318108,0.028509606,0.017838805,193.804024,34.05915276,32.21893226,4.834574709,29.29841837,1.464100004,4.997198093,3.370474704,-43.31229988,63.20887991,7.209599448,220.9102035,0,0,1,0,25406,RECT-24220-20250331-19_34_23,10063.9,425.8796,624.32,0.317850461,-0.387208687,MPF-24819-20250429-12_38_13,10084.1,251.0385,324.1469187,0.225540995,0.5,1009.188562,5.627328308,113.8066965,15.70785714,0.054963218,52.12508125,3373.648221,26.48449297,32.62518432,0.782818762,127.3820203,320.7078643,0.017546587,0.005959775,0.926040212,261.0039512,DARK-24820-20250429-12_38_21,199.25,199.25,0.385309597,0.585350059,0.706173292,-0.718632575,1.512661138,0.464594073,0.535405927,24819,290,310.03,175,10084.1,309.86,0.17,300,24,324.1469187,1.141758989,-14.40758014,1.015744059,0.877832378,-0.007352735,290,309.96,745,10063,309.83,0.13,None,None,None,None,None,None,None,None,None,None,None,None,None,1200.006774,1009.188562,0.840985721,0.161502442,2,0.5,0: Broadleaf,2,1745919543,797.8424194,799.9793226,14.49779032,14.17516774,797.8487097,14.37558387,600.0196774,100.8877742,0.100029574,32.80564839,32.21893226,999.9,0,0,4998.387097,0,1213.709677,-2.136789677,809.5795161,811.4822258,0.322615774,799.9793226,14.17516774,1.462650323,1.430100968,12.58320968,12.24062581,1200.006774,0.967007161,0.032992497,0,251.0059032,4.99998,3102.532903,11896.75484,39.5,41.5,39.776,40.875,41.25,1155.576774,39.42903226,0,87.20000005,0,251.0385,0.767213676,4.26085469,3102.555,15,1745919525,12:38:44,1745919525,1745919521,50,0.151,-0.001,-0.007,0.109,800,14,2.69,0.41,-2.14622975,0.067830732,0.142684744,1,251.0103824,0.528449202,0.230050252,1,0.32296785,-0.010451887,0.002798866,1,3,3,03-Mar,3.21545,2.75529,0.15363,0.154614,0.0889949,0.0883666,25506.8,28435.5,29444.8,31801.2,37930.3,39333.1,45178.2,46672.4,2.1954,1.73,0.170767,0,29.4544,999.9,24.1,39.1,16.8756,29.2546,31.5705,1,0.114329,0,20.3022,5.24005,11.9321,4.974,3.284,9999,9999,9999,170.5,4.97104,1.86633,1.8692,1.86691,1.8718,1.86996,1.87378,1.87201,0,0,0,0,11111111,oooooooo,on,on,on,on,0,100,100,-0.006,0.1221,-0.133313372,0.000859946,-1.19E-06,3.87E-10,-0.092237958,-0.027663876,0.004005357,-7.26E-05,2,2149,0,22,0.4,0.5,1.83105,2.38037,1.59424,2.32178,1.49292,2.46216,41.1446,24.1488,18,600.975,435.354,31.3608,29.3192,30.0001,29.0287,29.0089,36.6964,-30,-30,-999.9,800,0,99.6747,99.8654
190,1745919650,10233.5,20250429 12:40:49,12:40:49,15,C,5,5615.94,1745919642,0.000917381,0.917380805,6.799218869,997.443129,542.6987935,54.80665566,100.7308709,0.026575466,1.997224964,0.026380567,0.016505246,193.803858,34.13466767,32.31612903,4.861192555,29.11654182,1.459205652,5.011603579,3.401986903,-40.4564935,58.21815456,6.648832202,218.2143513,0,0,1,0,26187,RECT-24220-20250331-19_34_23,10063.9,425.8796,624.32,0.317850461,-0.387208687,MPF-24821-20250429-12_39_52,10074.7,252.0325769,327.4735121,0.230372633,0.5,1009.188232,6.799218869,116.244675,15.70785714,0.055479872,53.44365219,3722.532006,23.11550166,32.62518432,0.782818762,161.0405026,381.6582909,0.017814938,0.007120998,0.906474805,263.1564492,DARK-24822-20250429-12_39_59,197.3,197.3,0.397508523,0.579541367,0.695158278,-0.76662874,1.495897448,0.453685445,0.546314555,24821,290,314.15,295,10074.7,313.48,0.67,300,24,327.4735121,0.943437787,-14.10191864,0.839273924,0.90977194,-0.007352459,290,313.59,785,10061.3,313.46,0.13,None,None,None,None,None,None,None,None,None,None,None,None,None,1200.006452,1009.188232,0.840985672,0.161502347,2,0.5,0: Broadleaf,2,1745919642,997.443129,1000.014484,14.44914194,14.14777419,997.5012258,14.32994839,600.0147419,100.8890323,0.100054726,32.85681613,32.31612903,999.9,0,0,4993.870968,0,1175.575484,-2.571909355,1012.066774,1014.365806,0.30136629,1000.014484,14.14777419,1.457760323,1.427354839,12.53216452,12.21140323,1200.006452,0.967004129,0.032995539,0,252.0263871,4.99998,3115.059355,11896.72903,39.58029032,41.58841935,39.875,40.94106452,41.32622581,1155.579677,39.42709677,0,96.60000014,0,252.0325769,-0.108136757,4.14358972,3115.103077,15,1745919622,12:40:22,1745919622,1745919606,51,0.014,-0.001,-0.059,0.107,1001,14,2.01,0.48,-2.526037073,-0.401271429,0.147625004,1,252.0525,-0.017983194,0.225038461,1,0.301901341,-0.014851756,0.00298286,1,3,3,03-Mar,3.2149,2.7551,0.177619,0.178665,0.0887954,0.0882325,24781.1,27622.6,29442.1,31797.1,37935.2,39334.7,45173.4,46666.9,2.195,1.7298,0.172198,0,29.5306,999.9,24.1,39.1,16.8759,29.6046,31.7628,1,0.119248,0,20.3021,5.24005,11.9321,4.9736,3.284,9999,9999,9999,170.5,4.97101,1.8663,1.8692,1.86691,1.8718,1.86996,1.87375,1.87198,0,0,0,0,11111111,oooooooo,on,on,on,on,0,100,100,-0.058,0.1192,-0.118778947,0.000859946,-1.19E-06,3.87E-10,-0.093321526,-0.027663876,0.004005357,-7.26E-05,2,2149,0,22,0.5,0.7,2.19849,2.36816,1.59424,2.32178,1.49292,2.45605,41.1964,24.1488,18,601.105,435.524,31.4049,29.3742,30.0002,29.0711,29.0486,44.0668,-30,-30,-999.9,1000,0,99.6645,99.8532
191,1745919729,10313,20250429 12:42:09,12:42:09,15,C,5,5615.85,1745919721,0.000867291,0.867290797,7.382450777,1197.185333,668.4435381,67.50798485,120.9070995,0.024934838,1.998897705,0.024763319,0.015492386,193.8048543,34.17713123,32.38876,4.881166112,28.99237196,1.455031554,5.018670277,3.426134558,-38.24752413,53.13978863,6.066683598,214.7638024,0,0,1,0,24963,RECT-24220-20250331-19_34_23,10063.9,425.8796,624.32,0.317850461,-0.387208687,MPF-24823-20250429-12_41_11,10076.6,253.0480385,333.4311584,0.241078609,0.5,1009.19295,7.382450777,121.6474164,15.70785714,0.055996526,56.55730072,3976.339751,23.89622256,32.62518432,0.782818762,166.400348,502.0431901,0.014704812,0.007698884,0.872410494,266.9900013,DARK-24824-20250429-12_41_19,200.8,200.8,0.397776738,0.606065127,0.686836139,-0.869491346,1.465875102,0.480927963,0.519072037,24823,290,317.66,255,10076.6,317.07,0.59,300,24,333.4311584,1.092723178,-16.48956383,0.972061254,0.911325177,-0.007352277,290,317.08,725,10063.1,317.04,0.04,None,None,None,None,None,None,None,None,None,None,None,None,None,1200.012,1009.19295,0.840985715,0.16150243,2,0.5,0: Broadleaf,2,1745919721,1197.185333,1199.992333,14.40728,14.12234,1197.257,14.29221667,599.9828,100.8928,0.100000443,32.88187,32.38876,999.9,0,0,5000.5,0,1110.216333,-2.806954,1214.686667,1217.182,0.284934067,1199.992333,14.12234,1.453589667,1.424843,12.48853333,12.18463333,1200.012,0.967002633,0.03299701,0,253.0423667,4.99998,3127.558,11896.78,39.625,41.625,39.937,41,41.3874,1155.583,39.429,0,77.60000014,0,253.0480385,-1.004478632,3.385982879,3127.570769,15,1745919706,12:41:46,1745919706,1745919705,52,0.054,-0.003,-0.072,0.104,1200,14,2.1,0.38,-2.80833475,-0.056815047,0.171254406,1,252.9786471,0.567333846,0.263225678,1,0.285031625,-0.010138863,0.002910866,1,3,3,03-Mar,3.21489,2.75528,0.199118,0.200257,0.0886137,0.088105,24130.4,26893,29439.2,31793.8,37940.2,39335.6,45169.6,46660.9,2.1948,1.7292,0.174046,0,29.5587,999.9,24,39.1,16.8047,29.5346,31.4824,1,0.122724,0,20.3019,5.23885,11.9321,4.974,3.284,9999,9999,9999,170.5,4.97092,1.86636,1.8692,1.86691,1.8718,1.86996,1.87375,1.87195,0,0,0,0,11111111,oooooooo,on,on,on,on,0,100,100,-0.07,0.1149,-0.063283727,0.000859946,-1.19E-06,3.87E-10,-0.095845203,-0.027663876,0.004005357,-7.26E-05,2,2149,0,22,0.4,0.4,2.55249,2.35352,1.59424,2.32178,1.49292,2.52197,41.2223,24.1488,18,601.305,435.383,31.4372,29.4152,30.0001,29.1062,29.0811,51.1445,-30,-30,-999.9,1200,0,99.6556,99.8413
192,1745919810,10394,20250429 12:43:30,12:43:30,15,C,5,5615.94,1745919802,0.000808993,0.808992955,8.747780336,1496.670968,824.5964103,83.28016382,151.156374,0.023188222,1.999712754,0.023039873,0.01441317,193.7992064,34.21351274,32.40480645,4.885588516,28.87917809,1.450616479,5.0230532,3.434972037,-35.67658933,53.10508291,6.061189383,217.2888894,0,0,1,0,24435,RECT-24220-20250331-19_34_23,10063.9,425.8796,624.32,0.317850461,-0.387208687,MPF-24825-20250429-12_42_32,10081.4,254.4791538,339.2831398,0.249950487,0.5,1009.163836,8.747780336,126.120496,15.70785714,0.056513179,59.1104864,4415.990932,20.98809001,32.62518432,0.782818762,210.4046119,614.1917984,0.01424275,0.009052038,0.840115015,270.7290781,DARK-24826-20250429-12_42_40,199.57,199.57,0.411789221,0.606986473,0.671069712,-0.979300838,1.436385233,0.476016556,0.523983444,24825,290,321.46,195,10081.4,321.43,0.03,300,24,339.2831398,1.19615856,-18.00332297,1.064053951,0.910905049,-0.007352308,290,321.24,635,10067,321.4,-0.16,None,None,None,None,None,None,None,None,None,None,None,None,None,1199.977419,1009.163836,0.840985688,0.161502378,2,0.5,0: Broadleaf,2,1745919802,1496.670968,1499.990645,14.36324194,14.09743871,1496.716129,14.24876129,599.9725484,100.8950645,0.099995342,32.89739355,32.40480645,999.9,0,0,5003.709677,0,1129.240968,-3.32006129,1518.480968,1521.438065,0.265814194,1499.990645,14.09743871,1.449181613,1.42236129,12.44226452,12.15814516,1199.977419,0.967003839,0.03299579,0,254.5058065,4.99998,3146.705161,11896.44194,39.69512903,41.683,40,41,41.437,1155.550645,39.42677419,0,78.79999995,0,254.4791538,-0.485743567,-1.550427353,3146.684231,15,1745919788,12:43:07,1745919788,1745919787,53,0.092,0.001,-0.047,0.104,1500,14,2.31,0.5,-3.31318725,-0.421301201,0.259926697,1,254.5148824,-0.022337654,0.243804257,1,0.263635475,0.039867163,0.012590615,1,3,3,03-Mar,3.21534,2.75528,0.227852,0.229082,0.0884017,0.087993,23262.2,25922.2,29436.9,31792.8,37946.6,39340.1,45165.9,46660,2.1978,1.7294,0.177771,0,29.5408,999.9,24,39.1,16.806,29.5646,31.3702,1,0.125854,0,20.3022,5.23526,11.9321,4.9736,3.2846,9999,9999,9999,170.6,4.97101,1.86633,1.8692,1.86691,1.8718,1.86996,1.87378,1.87198,0,0,0,0,11111111,oooooooo,on,on,on,on,0,100,100,-0.04,0.1142,0.027538815,0.000859946,-1.19E-06,3.87E-10,-0.094583462,-0.027663876,0.004005357,-7.26E-05,2,2149,0,22,0.4,0.4,3.05908,2.34375,1.59424,2.32056,1.49292,2.49878,41.2482,24.1488,18,603.691,435.735,31.4563,29.448,30.0006,29.1342,29.111,61.2793,-30,-30,-999.9,1500,0,99.6477,99.8388
,,,,,,,,,,,,,,,,,,,,,,,,,,,,,,,,,,,,,,,,,,,,,,,,,,,,,,,,,,,,,,,,,,,,,,,,,,,,,,,,,,,,,,,,,,,,,,,,,,,,,,,,,,,,,,,,,,,,,,,,,,,,,,,,,,,,,,,,,,,,,,,,,,,,,,,,,,,,,,,,,,,,,,,,,,,,,,,,,,,,,,,,,,,,,,,,,,,,,,,,,,,,,,,,,,,,,,,,,,,,,,,,,,,,,,,,,,,,,,,,,,,,,,,,,,,,,,,,,,,,,,,,,,,,,,,,,,,,,,,,,,,,,,,,,,,,,,
193,1745920515,11098.9,20250429 12:55:15,12:55:15,15,C,3,5616.12,1745920507,0.002251966,2.251965831,5.4530009,417.8608065,262.0193802,26.46187179,42.20061538,0.064828546,1.998844834,0.06368272,0.039902961,193.8031868,33.48937479,32.60246129,4.940348933,29.84163424,1.482605828,4.968246095,3.457743105,-99.31169313,10.77200085,1.230019866,106.4935144,18,3,1,0,25152,RECT-24220-20250331-19_34_23,10063.9,425.8796,624.32,0.317850461,-0.387208687,MPF-24829-20250429-12_54_17,10074.7,250.8668,343.1672979,0.268966473,0.5,1009.1808,5.4530009,135.7179004,15.70785714,0.057546487,64.60562524,3735.328559,39.66234659,32.62518432,0.782818762,94.17820375,167.8411765,0.032489053,0.00578708,0.819287571,273.1964733,DARK-24830-20250429-12_54_25,195.23,195.23,0.43109381,0.623916343,0.655230143,-1.115922246,1.416811809,0.485545268,0.514454732,24829,290,320.5,275,10074.7,320.23,0.27,300,24,343.1672979,1.351762048,-23.10758232,1.202446501,0.929524015,-0.007351972,290,319.31,685,10064.4,320.21,-0.9,None,None,None,None,None,None,None,None,None,None,None,None,None,1199.997097,1009.1808,0.840986034,0.161503046,2,0.5,0: Broadleaf,2,1745920507,417.8608065,419.9920968,14.68042258,13.94080323,417.8529677,14.55353548,600.0129677,100.8920323,0.100007994,32.70242258,32.60246129,999.9,0,0,5000.322581,0,1345.75,-2.131345484,424.0865484,425.9299677,0.739602806,419.9920968,13.94080323,1.481137097,1.406516129,12.77481935,11.98807419,1199.997097,0.966996452,0.033003168,0,250.8533871,4.99998,3098.562581,11896.60645,39.5,41.687,39.812,40.875,41.23577419,1155.556129,39.44129032,0,620,0,250.8668,-1.049769223,-20.77538461,3098.2408,15,1745920450,12:54:09,1745920448,1745920450,55,0.152,0,0.008,0.096,420,14,2,0.32,-2.12717875,-0.071719587,0.084226709,1,250.919,-0.953307868,0.238509095,1,0.74112755,-0.032877974,0.004190245,1,3,3,03-Mar,3.21485,2.75538,0.0971237,0.0980257,0.0898321,0.087351,27217.1,30342.7,29452.5,31804.8,37904.1,39382,45190.6,46678.5,2.1456,1.7298,0.215322,0,29.1143,999.9,23.9,38.9,16.5559,29.4447,31.7508,1,0.107988,0,20.3026,5.24005,11.9321,4.9736,3.2842,9999,9999,9999,170.7,4.97107,1.86636,1.8692,1.86691,1.8718,1.86996,1.87378,1.87204,0,0,0,0,11111111,oooooooo,on,on,on,on,0,100,100,0.008,0.1269,-0.172363704,0.000859946,-1.19E-06,3.87E-10,-0.095145416,-0.027663876,0.004005357,-7.26E-05,2,2149,0,22,1.1,1.1,1.08276,2.37793,1.59424,2.32056,1.49292,2.45972,41.0154,24.1488,18,566.572,435.114,31.3547,29.2814,30,29.0137,28.994,21.7343,-30,-30,-999.9,420,0,99.7014,99.8777
194,1745920599,11182.9,20250429 12:56:39,12:56:39,15,C,3,5616.21,1745920591,0.002060177,2.060177075,2.630434086,298.9017419,211.3494519,21.34443438,30.18644504,0.058477454,1.999507773,0.057543698,0.036047464,193.8030246,33.61765301,32.74403548,4.97989976,29.68888096,1.47985302,4.984536206,3.50004674,-90.85380901,1.782135478,0.203628252,104.9349793,19,3,1,0,25060,RECT-24220-20250331-19_34_23,10063.9,425.8796,624.32,0.317850461,-0.387208687,MPF-24831-20250429-12_55_41,10083.8,247.20572,328.4585158,0.247376128,0.5,1009.179494,2.630434086,124.8234578,15.70785714,0.058063141,57.85017837,2778.236759,44.19716697,32.62518432,0.782818762,62.86006432,148.4893876,0.017714627,0.002990194,0.900757538,263.7921563,DARK-24832-20250429-12_55_49,196.44,196.44,0.401933606,0.615465151,0.691459017,-0.834037072,1.490933722,0.48907434,0.51092566,24831,290,312.19,165,10083.8,311.11,1.08,300,24,328.4585158,1.412061204,-17.49411262,1.256033973,0.873868629,-0.00735173,290,310.34,705,10063.1,311.07,-0.73,None,None,None,None,None,None,None,None,None,None,None,None,None,1199.995484,1009.179494,0.840986077,0.161503128,2,0.5,0: Broadleaf,2,1745920591,298.9017419,299.983871,14.6532871,13.97659032,298.9102581,14.52708387,599.9699677,100.8912258,0.099972326,32.76056774,32.74403548,999.9,0,0,5003.064516,0,1365.924839,-1.082083452,303.3468065,304.2360968,0.676695677,299.983871,13.97659032,1.478387419,1.410114194,12.74646129,12.02684516,1199.995484,0.966994968,0.033004623,0,247.2152903,4.99998,3057.706774,11896.5871,39.562,41.687,39.875,40.937,41.312,1155.551935,39.44290323,0,81.79999995,0,247.20572,-0.268384624,-7.040769264,3057.6444,15,1745920577,12:56:16,1745920576,1745920577,56,0.003,0,-0.008,0.099,300,14,1.51,0.31,-1.074308825,0.224122053,0.090509232,1,247.2121471,-0.216516429,0.214999471,1,0.6769247,-0.017685141,0.011862696,1,3,3,03-Mar,3.21498,2.75492,0.0746327,0.0753052,0.0896966,0.0875094,27895.8,31107.8,29453.2,31805.5,37910.8,39375.5,45192,46679.4,2.145,1.7298,0.226647,0,29.0918,999.9,23.9,38.9,16.5559,29.4747,31.5024,1,0.107378,0,20.3024,5.24005,11.9321,4.9736,3.2842,9999,9999,9999,170.8,4.97095,1.86633,1.8692,1.86691,1.8718,1.86996,1.87378,1.87207,0,0,0,0,11111111,oooooooo,on,on,on,on,0,100,100,-0.008,0.1261,-0.169786342,0.000859946,-1.19E-06,3.87E-10,-0.094695451,-0.027663876,0.004005357,-7.26E-05,2,2149,0,22,0.4,0.4,0.827637,2.37305,1.59424,2.32056,1.49292,2.52808,41.0154,24.1488,18,566.01,434.965,31.3792,29.2664,30,28.9963,28.9741,16.6339,-30,-30,-999.9,300,0,99.7043,99.8797
195,1745920693,11276.4,20250429 12:58:12,12:58:12,15,C,3,5616.03,1745920685,0.001806658,1.806657814,0.712084244,199.6245484,166.2401914,16.78898583,20.16055014,0.050567938,1.999481546,0.049868056,0.03122961,193.8059469,33.75952706,32.86613548,5.014231185,29.46863126,1.472914629,4.998245818,3.541316556,-79.6736096,-6.118642839,-0.699716645,107.3139778,19,3,1,0,25670,RECT-24220-20250331-19_34_23,10063.9,425.8796,624.32,0.317850461,-0.387208687,MPF-24833-20250429-12_57_15,10077.8,245.1947308,320.3901095,0.234699438,0.5,1009.194689,0.712084244,118.4287133,15.70785714,0.058579795,53.81856222,2146.012401,47.8389502,32.62518432,0.782818762,44.85910315,121.3810883,0.005866517,0.001089277,0.948624447,258.5627077,DARK-24834-20250429-12_57_22,194.93,194.93,0.391585463,0.599356872,0.707817812,-0.712823414,1.531592813,0.476489175,0.523510825,24833,290,305.1,225,10077.8,304.38,0.72,300,24,320.3901095,1.171507472,-16.13568319,1.042031648,0.89543654,-0.007351455,290,304.01,845,10058.3,304.35,-0.34,None,None,None,None,None,None,None,None,None,None,None,None,None,1200.013548,1009.194689,0.840986079,0.161503132,2,0.5,0: Broadleaf,2,1745920685,199.6245484,199.982129,14.58441935,13.99098065,199.7344839,14.46051613,599.9975161,100.8923226,0.100016823,32.80937419,32.86613548,999.9,0,0,5002.903226,0,1385.396452,-0.357730032,202.578871,202.8198065,0.593429097,199.982129,13.99098065,1.471454516,1.411582903,12.67473548,12.04262258,1200.013548,0.966994871,0.033004694,0,245.1932581,4.99998,3035.108387,11896.77742,39.625,41.625,39.919,41,41.37093548,1155.568387,39.44354839,0,91.20000005,0,245.1947308,-0.21405129,-3.799316233,3035.065769,15,1745920669,12:57:49,1745920669,1745920660,57,-0.068,0.001,-0.11,0.1,200,14,1.51,0.36,-0.35912939,0.097808258,0.092927988,1,245.1724412,0.422383494,0.151096228,1,0.595941683,-0.049915714,0.005410945,1,3,3,03-Mar,3.21506,2.75529,0.0530352,0.0534595,0.0893846,0.0875695,28547.3,31841.7,29453.7,31804.6,37923.8,39371.5,45192.1,46678.1,2.1454,1.7294,0.23216,0,29.1042,999.9,24,38.9,16.626,29.2047,31.7468,1,0.108089,0,20.3021,5.24005,11.9321,4.9736,3.2848,9999,9999,9999,170.8,4.97098,1.86636,1.8692,1.86691,1.8718,1.86996,1.87378,1.87201,0,0,0,0,11111111,oooooooo,on,on,on,on,0,100,100,-0.11,0.1236,-0.237410282,0.000859946,-1.19E-06,3.87E-10,-0.094164685,-0.027663876,0.004005357,-7.26E-05,2,2149,0,22,0.4,0.5,0.606689,2.40356,1.59424,2.32178,1.49292,2.39258,40.9638,24.1488,18,566.143,434.598,31.4075,29.2589,30.0001,28.9813,28.9592,12.1977,-30,-30,-999.9,200,0,99.705,99.877
196,1745920779,11362.9,20250429 12:59:39,12:59:39,15,C,3,5615.94,1745920771,0.001633634,1.633633961,-0.064541979,149.927129,143.6640028,14.50928893,15.14183088,0.04525682,1.997371569,0.044694769,0.027984147,193.8066283,33.86546426,32.95483548,5.039300349,29.27703795,1.466757977,5.009926139,3.572542372,-72.04325766,-11.19583253,-1.282505746,109.2850324,19,3,1,0,24879,RECT-24220-20250331-19_34_23,10063.9,425.8796,624.32,0.317850461,-0.387208687,MPF-24835-20250429-12_58_41,10081.2,244.07156,318.2204908,0.233011176,0.5,1009.199195,-0.064541979,117.5773456,15.70785714,0.059096449,53.14478502,1921.329707,50.27167789,32.62518432,0.782818762,38.21892937,105.4450734,-0.000612091,0.000319725,0.961910116,257.1478104,DARK-24836-20250429-12_58_49,197.28,197.28,0.380052493,0.613102612,0.71679353,-0.688738104,1.542526165,0.4955632,0.5044368,24835,290,301.35,185,10081.2,300.98,0.37,300,24,318.2204908,0.876375408,-17.38060385,0.779498291,0.946683289,-0.007351299,290,300.5,765,10060.3,300.94,-0.44,None,None,None,None,None,None,None,None,None,None,None,None,None,1200.019032,1009.199195,0.840985991,0.161502962,2,0.5,0: Broadleaf,2,1745920771,149.927129,149.9872581,14.52313226,13.9864871,150.1053871,14.39907097,599.9899355,100.8945806,0.100022374,32.85086452,32.95483548,999.9,0,0,4994.193548,0,1341.435484,-0.060060077,152.1365806,152.1146774,0.536639355,149.9872581,13.9864871,1.465304516,1.411161613,12.61084516,12.03809677,1200.019032,0.966992,0.0330075,0,244.0515484,4.99998,3022.087097,11896.8129,39.661,41.57419355,39.937,40.99593548,41.395,1155.57129,39.44,0,84.60000014,0,244.07156,0.190769234,-0.576923077,3022.1024,15,1745920757,12:59:16,1745920754,1745920757,58,-0.044,0.003,-0.178,0.103,150,14,1.18,0.43,-0.061593637,-0.25672934,0.093447613,1,244.0555,-0.077540105,0.185676228,1,0.5370596,-0.020249966,0.007172798,1,3,3,03-Mar,3.21509,2.75525,0.0410649,0.0413185,0.0891037,0.087543,28907.8,32250.6,29453.4,31805.2,37935,39373.1,45191.3,46678.8,2.146,1.7296,0.234246,0,29.1644,999.9,24,38.8,16.5348,29.7147,31.4583,1,0.108008,0,20.3022,5.24005,11.9321,4.9736,3.2842,9999,9999,9999,170.8,4.97098,1.8663,1.8692,1.86691,1.8718,1.86996,1.87378,1.87198,0,0,0,0,11111111,oooooooo,on,on,on,on,0,100,100,-0.179,0.1237,-0.281908327,0.000859946,-1.19E-06,3.87E-10,-0.091376878,-0.027663876,0.004005357,-7.26E-05,2,2149,0,22,0.4,0.4,0.493164,2.40112,1.59424,2.32178,1.49292,2.51953,40.9638,24.1488,18,566.455,434.651,31.4316,29.2538,30,28.9714,28.9493,9.92603,-30,-30,-999.9,150,0,99.7036,99.8786
197,1745920863,11446.9,20250429 13:01:03,13:01:03,15,C,3,5616.03,1745920855,0.001486626,1.486625545,-0.61390182,100.1327,117.9791677,11.91490719,10.11256352,0.040897218,1.999251155,0.040438069,0.025314616,193.8031027,33.93549116,33.00539,5.053637239,29.12677608,1.460622265,5.014706265,3.593014975,-65.56018652,-14.82779374,-1.697519373,111.7176031,18,3,1,0,24614,RECT-24220-20250331-19_34_23,10063.9,425.8796,624.32,0.317850461,-0.387208687,MPF-24837-20250429-13_00_05,10080.1,243.33352,310.1160625,0.215346932,0.5,1009.180935,-0.61390182,108.662009,15.70785714,0.059613103,47.58907434,1596.689893,46.91340657,32.62518432,0.782818762,34.03483161,83.94433609,-0.007313201,-0.000224631,1.013181758,251.8296712,DARK-24838-20250429-13_00_13,197.13,197.13,0.364334764,0.591068854,0.735513325,-0.576887542,1.583366781,0.478838276,0.521161724,24837,290,297.7,195,10080.1,297.62,0.08,300,24,310.1160625,1.136565852,-12.59388926,1.010908362,0.847162898,-0.007351168,290,297.75,715,10061.9,297.6,0.15,None,None,None,None,None,None,None,None,None,None,None,None,None,1199.997333,1009.180935,0.840985982,0.161502944,2,0.5,0: Broadleaf,2,1745920855,100.1327,99.97768333,14.46280667,13.97442333,100.2226667,14.34184333,599.9896667,100.8916,0.100019297,32.86782,33.00539,999.9,0,0,5002,0,1357.721,0.154904407,101.6020333,101.3946333,0.488390633,99.97768333,13.97442333,1.459176333,1.409901667,12.54697333,12.02455,1199.997333,0.9669935,0.033006017,0,243.3055667,4.99998,3014.148,11896.59333,39.687,41.604,40,40.9874,41.437,1155.553,39.439,0,81.79999995,0,243.33352,0.4216923,0.510769241,3014.1236,15,1745920840,13:00:40,1745920839,1745920840,59,0.117,-0.001,-0.09,0.101,100,14,1.08,0.49,0.159535753,-0.232676806,0.081040572,1,243.3322647,0.00618793,0.219300131,1,0.48878465,-0.008542649,0.003097357,1,3,3,03-Mar,3.21522,2.75552,0.0281451,0.0283294,0.088862,0.087488,29297.2,32688.4,29453.4,31806.1,37945.8,39376.2,45192.2,46679.9,2.1466,1.7296,0.23514,0,29.1694,999.9,24,38.8,16.5359,29.7147,31.4423,1,0.107358,0,20.3024,5.24125,11.9321,4.974,3.2844,9999,9999,9999,170.8,4.97092,1.8663,1.8692,1.86691,1.8718,1.86996,1.87378,1.87201,0,0,0,0,11111111,oooooooo,on,on,on,on,0,100,100,-0.09,0.1208,-0.164588338,0.000859946,-1.19E-06,3.87E-10,-0.092049259,-0.027663876,0.004005357,-7.26E-05,2,2149,0,22,0.4,0.4,0.378418,2.41333,1.59424,2.32178,1.49292,2.49512,40.9638,24.1488,18,566.79,434.595,31.4581,29.2538,30,28.9639,28.9418,7.63134,-30,-30,-999.9,100,0,99.7048,99.8811
198,1745920950,11533.4,20250429 13:02:29,13:02:29,15,C,3,5616.03,1745920942,0.001397131,1.397130963,-0.89332189,50.2769129,83.97936103,8.481294385,5.077596374,0.038303199,1.998376546,0.037899965,0.023723354,193.8033186,33.99456343,33.02249355,5.058495708,28.98466001,1.455606733,5.021990019,3.602888975,-61.61347545,-13.88340889,-1.590434247,116.716,18,3,1,0,25138,RECT-24220-20250331-19_34_23,10063.9,425.8796,624.32,0.317850461,-0.387208687,MPF-24839-20250429-13_01_32,10074.9,242.8652308,308.1383851,0.21183065,0.5,1009.181845,-0.89332189,106.887823,15.70785714,0.060129756,46.3566916,1483.554129,46.79870411,32.62518432,0.782818762,31.70075234,52.27860869,-0.017087714,-0.000501508,1.026102655,250.5239766,DARK-24840-20250429-13_01_39,198.81,198.81,0.354802876,0.597037579,0.743065063,-0.554378128,1.593332884,0.488736245,0.511263755,24839,290,295.08,255,10074.9,295.15,-0.07,300,24,308.1383851,1.120812426,-13.08843024,0.996884038,0.860265209,-0.007351157,290,295.21,785,10059.3,295.13,0.08,None,None,None,None,None,None,None,None,None,None,None,None,None,1199.998387,1009.181845,0.840986001,0.161502983,2,0.5,0: Broadleaf,2,1745920942,50.2769129,50.00254839,14.41300323,13.95399677,50.35600323,14.2949871,599.989,100.8925806,0.100023739,32.89362903,33.02249355,999.9,0,0,4998.387097,0,1428.72129,0.274365484,51.01214516,50.71015806,0.459010516,50.00254839,13.95399677,1.454165161,1.407854839,12.49456452,12.00250323,1199.998387,0.966992,0.0330075,0,242.8362581,4.99998,3009.120645,11896.60645,39.72967742,41.687,40.004,41,41.437,1155.558387,39.44,0,84.60000014,0,242.8652308,0.390017103,4.077948709,3009.152308,15,1745920926,13:02:06,1745920926,1745920924,60,0.045,-0.001,-0.079,0.1,50,14,0.94,0.38,0.28289222,-0.347368411,0.071423255,1,242.8396176,0.119312457,0.180510064,1,0.459273463,-0.006819345,0.002454906,1,3,3,03-Mar,3.21509,2.75562,0.0144711,0.014461,0.0886367,0.087394,29711,33154.5,29455.2,31805.8,37956.4,39380,45193.5,46679.6,2.147,1.7298,0.238627,0,29.1619,999.9,24,38.8,16.5361,29.2547,31.7308,1,0.107012,0,20.3027,5.24125,11.9321,4.974,3.2842,9999,9999,9999,170.9,4.97101,1.8663,1.8692,1.86691,1.87177,1.86996,1.87369,1.87201,0,0,0,0,11111111,oooooooo,on,on,on,on,0,100,100,-0.079,0.1177,-0.119440953,0.000859946,-1.19E-06,3.87E-10,-0.093015955,-0.027663876,0.004005357,-7.26E-05,2,2149,0,22,0.4,0.4,0.263672,2.44629,1.59424,2.32178,1.49292,2.44263,40.9638,24.1488,18,567.037,434.705,31.4785,29.2563,30.0001,28.9615,28.9394,5.33317,-30,-30,-999.9,50,0,99.709,99.8804
199,1745921034,11617.4,20250429 13:03:53,13:03:53,15,C,3,5616.21,1745921026,0.001343118,1.343117519,2.194718686,419.0978387,301.7578666,30.47509899,42.32548522,0.036847262,1.999238622,0.036474098,0.022829523,193.8029628,33.96844553,32.99281613,5.05006807,28.96407876,1.450849899,5.009135321,3.599218171,-59.23148261,-15.6024516,-1.78593199,117.1830966,18,3,1,0,25319,RECT-24220-20250331-19_34_23,10063.9,425.8796,624.32,0.317850461,-0.387208687,MPF-24841-20250429-13_02_56,10076.8,242.11192,311.9225385,0.223807548,0.5,1009.179706,2.194718686,112.9310178,15.70785714,0.06064641,49.85870791,2403.7912,37.94855812,32.62518432,0.782818762,63.34341328,238.4144533,0.009205477,0.002558442,1.001522567,253.0196034,DARK-24842-20250429-13_03_03,194.33,194.33,0.376992759,0.593665375,0.72652262,-0.612604586,1.574263414,0.476502736,0.523497264,24841,290,297.18,235,10076.8,297.5,-0.32,300,24,311.9225385,1.009682824,-14.52876826,0.898075517,0.903353952,-0.007351293,290,296.96,735,10061.4,297.48,-0.52,None,None,None,None,None,None,None,None,None,None,None,None,None,1199.995806,1009.179706,0.840986028,0.161503033,2,0.5,0: Broadleaf,2,1745921026,419.0978387,420.0170645,14.36600323,13.92471935,419.1020645,14.25021935,599.9867097,100.891871,0.100024735,32.84805806,32.99281613,999.9,0,0,5001.935484,0,1098.58,-0.919288,425.2062903,425.9483548,0.441287645,420.0170645,13.92471935,1.449412258,1.404889677,12.44469677,11.97050968,1199.995806,0.966996774,0.033002816,0,242.111129,4.99998,2999.444194,11896.59677,39.69106452,41.687,40,40.921,41.437,1155.554839,39.44096774,0,81.79999995,0,242.11192,-1.571999998,-2.382307704,2999.4224,15,1745921010,13:03:30,1745921010,1745921010,61,-0.065,0,-0.004,0.098,420,14,1.54,0.48,-0.964492512,0.49292724,0.116461206,1,242.0672353,-0.065148966,0.257104815,1,0.441740634,-0.007752794,0.002519213,1,3,3,03-Mar,3.21491,2.75491,0.0973633,0.0980354,0.0884586,0.0872725,27213.4,30344.5,29456.1,31806.8,37967.1,39387.8,45196.2,46681.4,2.147,1.7306,0.240445,0,29.0818,999.9,24,38.8,16.5366,29.3747,31.5385,1,0.105549,0,20.3026,5.24125,11.9321,4.9736,3.2844,9999,9999,9999,170.9,4.97098,1.86633,1.8692,1.86691,1.8718,1.86996,1.87378,1.87207,0,0,0,0,11111111,oooooooo,on,on,on,on,0,100,100,-0.004,0.1157,-0.184477431,0.000859946,-1.19E-06,3.87E-10,-0.093354167,-0.027663876,0.004005357,-7.26E-05,2,2149,0,22,0.4,0.4,1.08276,2.39014,1.59424,2.32178,1.49292,2.49023,40.9638,24.1488,18,566.923,435.105,31.4772,29.2463,30,28.949,28.9245,21.744,-30,-30,-999.9,420,0,99.7137,99.8839
200,1745921117,11700.9,20250429 13:05:17,13:05:17,15,C,3,5616.3,1745921109,0.001281618,1.281617776,3.186469447,598.6902258,422.9363947,42.71284513,60.46243174,0.035261306,2.000733453,0.034919665,0.02185521,193.8065429,33.92581812,32.93421613,5.03346302,28.96819858,1.445796234,4.990977364,3.587666786,-56.51934393,-16.25538371,-1.858157154,119.1736581,18,3,1,0,25585,RECT-24220-20250331-19_34_23,10063.9,425.8796,624.32,0.317850461,-0.387208687,MPF-24843-20250429-13_04_19,10073.4,241.4698,314.3461152,0.23183463,0.5,1009.197929,3.186469447,116.983514,15.70785714,0.061163064,52.1537412,2737.515495,36.27658837,32.62518432,0.782818762,75.46231933,347.4740754,0.00917038,0.003541107,0.986091031,254.6119399,DARK-24844-20250429-13_04_27,196.97,196.97,0.373397696,0.620878575,0.725339616,-0.653403014,1.562050292,0.506458584,0.493541416,24843,290,298.49,295,10073.4,298.35,0.14,300,24,314.3461152,1.430424021,-16.11296677,1.272329291,0.851364777,-0.007351421,290,298.14,815,10059.1,298.33,-0.19,None,None,None,None,None,None,None,None,None,None,None,None,None,1200.017419,1009.197929,0.840986066,0.161503108,2,0.5,0: Broadleaf,2,1745921109,598.6902258,600.0080968,14.31606452,13.89499032,598.7490323,14.20066129,600.0225484,100.8911613,0.100017681,32.7835129,32.93421613,999.9,0,0,5008.064516,0,588.4528065,-1.317826774,607.3856129,608.4626774,0.421078129,600.0080968,13.89499032,1.444364194,1.40188129,12.39157097,11.93799032,1200.017419,0.966995387,0.033004155,0,241.4785806,4.99998,2991.480645,11896.8,39.625,41.637,39.937,40.812,41.375,1155.574194,39.44322581,0,81.60000014,0,241.4698,0.592615376,4.07076922,2991.5304,15,1745921094,13:04:53,1745921094,1745921093,62,-0.047,0.002,-0.059,0.099,600,14,1.81,0.44,-1.29379525,-0.195419325,0.105920074,1,241.4170882,0.763651639,0.212693423,1,0.4213859,-0.010127775,0.001869609,1,3,3,03-Mar,3.21522,2.75534,0.126314,0.127137,0.0882245,0.0871329,26344.1,29368.6,29459.9,31810.1,37982.4,39398.4,45202.2,46686.3,2.1476,1.7324,0.243038,0,28.9721,999.9,23.9,38.8,16.4665,29.1647,31.5865,1,0.10189,0,20.303,5.24005,11.9321,4.9736,3.2844,9999,9999,9999,170.9,4.97101,1.86633,1.8692,1.86691,1.8718,1.86996,1.87378,1.8721,0,0,0,0,11111111,oooooooo,on,on,on,on,0,100,100,-0.059,0.1151,-0.231081797,0.000859946,-1.19E-06,3.87E-10,-0.09163165,-0.027663876,0.004005357,-7.26E-05,2,2149,0,22,0.4,0.4,1.44653,2.38892,1.59424,2.32056,1.49292,2.43164,40.938,24.1488,18,567.055,436.034,31.4418,29.2137,30,28.9192,28.8948,28.9971,-30,-30,-999.9,600,0,99.7269,99.8944
201,1745921196,11779.9,20250429 13:06:36,13:06:36,15,C,3,5616.21,1745921188,0.00123373,1.233729619,4.370394774,798.2398387,551.5669278,55.70020922,80.61057287,0.034021684,1.998882744,0.033703233,0.021092884,193.8043755,33.90530393,32.8872129,5.020178418,28.95198445,1.441812269,4.980011895,3.578366148,-54.40747618,-15.38623248,-1.759689588,122.2509772,18,3,1,0,25148,RECT-24220-20250331-19_34_23,10063.9,425.8796,624.32,0.317850461,-0.387208687,MPF-24845-20250429-13_05_38,10078,241.4943077,313.860906,0.23056901,0.5,1009.18679,4.370394774,116.3435994,15.70785714,0.061679718,51.60911476,3028.753213,30.99626061,32.62518432,0.782818762,97.7135033,453.8534245,0.009629529,0.004714294,0.989161403,254.2935218,DARK-24846-20250429-13_05_46,191.88,191.88,0.388646383,0.593261689,0.717924091,-0.646022514,1.564495405,0.471377789,0.528622211,24845,290,300.31,225,10078,300.24,0.07,300,24,313.860906,1.268731532,-13.72462679,1.128532348,0.840820154,-0.007351559,290,300.6,845,10058.5,300.22,0.38,None,None,None,None,None,None,None,None,None,None,None,None,None,1200.004194,1009.18679,0.840986053,0.161503082,2,0.5,0: Broadleaf,2,1745921188,798.2398387,800.0250323,14.27743226,13.87203226,798.2397419,14.1628871,599.958129,100.8853871,0.100017235,32.74443548,32.8872129,999.9,0,0,5000.806452,0,598.6274194,-1.785020323,809.8017742,811.2790645,0.405383,800.0250323,13.87203226,1.440381935,1.399485161,12.34957742,11.91206129,1200.004194,0.966995935,0.033003655,0,241.4930323,4.99998,2992.284839,11896.66774,39.57825806,41.625,39.883,40.774,41.312,1155.562258,39.44225806,0,77,0,241.4943077,-0.452444427,5.763760695,2992.321154,15,1745921174,13:06:13,1745921174,1745921173,63,0.104,0.001,0,0.099,800,14,1.68,0.5,-1.793242,0.184384165,0.168787053,1,241.5266176,-0.254255149,0.239460425,1,0.401315775,0.06944579,0.02465192,1,3,3,03-Mar,3.21502,2.75526,0.15373,0.154619,0.0880691,0.0870357,25519.4,28444.4,29462.2,31810.6,37992.2,39404.3,45206,46687.9,2.1486,1.733,0.245124,0,28.915,999.9,23.9,38.7,16.3813,29.1747,31.4984,1,0.0981098,0,20.3027,5.24005,11.9321,4.9744,3.2842,9999,9999,9999,170.9,4.97101,1.8663,1.8692,1.86691,1.8718,1.86996,1.87378,1.87207,0,0,0,0,11111111,oooooooo,on,on,on,on,0,100,100,0,0.1144,-0.126685387,0.000859946,-1.19E-06,3.87E-10,-0.090907055,-0.027663876,0.004005357,-7.26E-05,2,2149,0,22,0.4,0.4,1.83105,2.36938,1.59424,2.32056,1.49292,2.49634,40.9122,24.1488,18,567.387,436.138,31.4031,29.1685,29.9999,28.8819,28.8577,36.6862,-30,-30,-999.9,800,0,99.7349,99.8971
202,1745921279,11862.4,20250429 13:07:58,13:07:58,15,C,3,5616.12,1745921271,0.001186122,1.186121789,4.947306156,997.9746774,704.4204958,71.13066614,100.7730525,0.03272064,1.998312512,0.032425883,0.020292438,193.8061207,33.9033924,32.86318387,5.013398844,28.90112237,1.437681106,4.974481916,3.575717738,-52.30797088,-14.91928621,-1.706406514,124.8724571,18,3,1,0,25586,RECT-24220-20250331-19_34_23,10063.9,425.8796,624.32,0.317850461,-0.387208687,MPF-24847-20250429-13_07_01,10074.4,241.98216,318.8068363,0.240975624,0.5,1009.196245,4.947306156,121.5958473,15.70785714,0.062196372,54.63128438,3277.926776,31.71078471,32.62518432,0.782818762,103.3694627,601.0510331,0.008231092,0.005285904,0.958301796,257.5305553,DARK-24848-20250429-13_07_08,191.86,191.86,0.398193583,0.605172043,0.706454155,-0.717499704,1.539571396,0.479821769,0.520178231,24847,290,303.04,275,10074.4,302.8,0.24,300,24,318.8068363,1.188108863,-16.1308671,1.056831701,0.892708804,-0.007351655,290,302.34,695,10063.5,302.78,-0.44,None,None,None,None,None,None,None,None,None,None,None,None,None,1200.015484,1009.196245,0.840986019,0.161503017,2,0.5,0: Broadleaf,2,1745921271,997.9746774,1000.018355,14.23762903,13.84788387,997.9541613,14.12269355,599.9993548,100.8775484,0.100016242,32.7247,32.86318387,999.9,0,0,4998.870968,0,1086.214839,-2.043604839,1012.388387,1014.059677,0.389740613,1000.018355,13.84788387,1.436255806,1.39694129,12.30592903,11.88445806,1200.015484,0.966997065,0.033002574,0,241.9634516,4.99998,2997.444194,11896.79355,39.562,41.58435484,39.875,40.75,41.3,1155.574839,39.44129032,0,80.60000014,0,241.98216,0.165846151,6.996923054,2997.534,15,1745921256,13:07:36,1745921256,1745921250,64,0.086,0.002,0.02,0.1,1000,14,1.86,0.52,-2.057362439,0.039914216,0.181542997,1,241.9786471,-0.023009934,0.169048702,1,0.387622951,0.035377003,0.01451808,1,3,3,03-Mar,3.21522,2.75515,0.177723,0.178738,0.0878783,0.0869287,24798.3,27636.1,29465,31814.4,38004,39413.1,45210.3,46692.6,2.149,1.7344,0.246376,0,28.858,999.9,23.9,38.7,16.3818,29.4847,31.3942,1,0.0939024,0,20.3032,5.24005,11.9321,4.9744,3.2844,9999,9999,9999,171,4.97095,1.8663,1.8692,1.86691,1.8718,1.86996,1.87378,1.87204,0,0,0,0,11111111,oooooooo,on,on,on,on,0,100,100,0.021,0.1147,-0.040185754,0.000859946,-1.19E-06,3.87E-10,-0.088821685,-0.027663876,0.004005357,-7.26E-05,2,2149,0,22,0.4,0.5,2.19727,2.36084,1.59424,2.32056,1.49292,2.51099,40.9122,24.1488,18,567.271,436.737,31.3761,29.121,29.9999,28.8398,28.8182,44.0488,-30,-30,-999.9,1000,0,99.7445,99.9078
203,1745921364,11947.9,20250429 13:09:24,13:09:24,15,C,3,5616.12,1745921356,0.001135387,1.135386723,5.427565281,1197.739333,858.7123634,86.70882547,120.9422098,0.031356592,1.997950379,0.03108574,0.019452727,193.8016952,33.91549291,32.82884333,5.0037238,28.82220895,1.433214553,4.972604826,3.570509247,-50.07055446,-11.93968252,-1.365584238,130.425874,18,3,1,0,24972,RECT-24220-20250331-19_34_23,10063.9,425.8796,624.32,0.317850461,-0.387208687,MPF-24849-20250429-13_08_26,10074,242.51604,319.3762482,0.240657246,0.5,1009.1744,5.427565281,121.4325657,15.70785714,0.062713026,54.37611572,3394.950191,29.53457955,32.62518432,0.782818762,114.9483163,743.7640471,0.007297429,0.005761912,0.954810364,257.9019877,DARK-24850-20250429-13_08_34,195.26,195.26,0.388620785,0.619259842,0.710725194,-0.721669383,1.536701961,0.498592492,0.501407508,24849,290,304.71,295,10074,304.49,0.22,300,24,319.3762482,1.352559451,-14.99150848,1.203146071,0.847209935,-0.007351787,290,304.9,755,10061.5,304.48,0.42,None,None,None,None,None,None,None,None,None,None,None,None,None,1199.989667,1009.1744,0.840985909,0.161502803,2,0.5,0: Broadleaf,2,1745921356,1197.739333,1200.002,14.1937,13.82058,1197.775667,14.08195,599.9525,100.8754333,0.099967933,32.71799667,32.82884333,999.9,0,0,4997.5,0,1341.43,-2.263916,1214.984,1216.818333,0.3731157,1200.002,13.82058,1.431793333,1.394157,12.25861,11.85423,1199.989667,0.966999333,0.033000357,0,242.5026667,4.99998,3003.112667,11896.54,39.5496,41.55786667,39.854,40.75,41.25,1155.553667,39.436,0,83.60000014,0,242.51604,0.382076927,6.143076915,3003.216,15,1745921342,13:09:02,1745921342,1745921333,65,0.011,-0.001,-0.037,0.097,1200,14,1.7,0.33,-2.2314145,-0.333999625,0.228870342,1,242.4874706,0.016073344,0.20057553,1,0.36733555,0.098910371,0.034463222,1,3,3,03-Mar,3.21546,2.75519,0.19925,0.200323,0.0876867,0.0867889,24151.8,26910.9,29468.3,31815.8,38017,39420.4,45216,46693.7,2.1494,1.7358,0.249147,0,28.774,999.9,23.9,38.7,16.3798,29.5347,31.3822,1,0.0902439,0,20.303,5.24005,11.9321,4.974,3.2842,9999,9999,9999,171,4.97101,1.86636,1.8692,1.86691,1.8718,1.86996,1.87378,1.87204,0,0,0,0,11111111,oooooooo,on,on,on,on,0,100,100,-0.03,0.1115,-0.02876901,0.000859946,-1.19E-06,3.87E-10,-0.09029167,-0.027663876,0.004005357,-7.26E-05,2,2149,0,22,0.4,0.5,2.55127,2.35962,1.59424,2.32178,1.49292,2.50244,40.9122,24.1488,18,567.156,437.319,31.3608,29.0711,29.9999,28.7978,28.7763,51.1259,-30,-30,-999.9,1200,0,99.7565,99.911
204,1745921446,12029.4,20250429 13:10:45,13:10:45,15,C,3,5616.3,1745921438,0.001091356,1.091356066,6.665245247,1497.216452,1066.513508,107.6808044,151.1668354,0.03017227,2.000062128,0.029921666,0.018723383,193.8064127,33.91752096,32.79538387,4.99431262,28.75592332,1.428867729,4.968950964,3.565444892,-48.1288025,-9.752114181,-1.113952313,134.8115437,18,3,1,0,24795,RECT-24220-20250331-19_34_23,10063.9,425.8796,624.32,0.317850461,-0.387208687,MPF-24851-20250429-13_09_48,10074.1,243.1866923,323.774742,0.248901595,0.5,1009.198839,6.665245247,125.5956003,15.70785714,0.063229679,56.73754137,3795.028434,26.94528533,32.62518432,0.782818762,140.8420207,925.6714873,0.007200444,0.006988171,0.928254181,260.762596,DARK-24852-20250429-13_09_55,195.5,195.5,0.396185142,0.628245658,0.700865767,-0.789267536,1.514536647,0.505052415,0.494947585,24851,290,307.58,285,10074.1,307.35,0.23,300,24,323.774742,1.296485934,-16.54527119,1.153277147,0.880248025,-0.007351863,290,307.26,735,10062.3,307.33,-0.07,None,None,None,None,None,None,None,None,None,None,None,None,None,1200.01871,1009.198839,0.84098592,0.161502826,2,0.5,0: Broadleaf,2,1745921438,1497.216452,1499.982903,14.15207419,13.79343226,1497.221935,14.04176774,599.9918065,100.8652581,0.099993329,32.70494194,32.79538387,999.9,0,0,5006.612903,0,1282.756129,-2.766891613,1518.71,1520.962581,0.358641097,1499.982903,13.79343226,1.427452581,1.391277742,12.21243548,11.82289032,1200.01871,0.966999032,0.033000665,0,243.215129,4.99998,3010.864194,11896.84516,39.532,41.516,39.83232258,40.75,41.25,1155.58129,39.43741935,0,79.4000001,0,243.1866923,0.884854716,3.564102558,3010.862692,15,1745921422,13:10:22,1745921422,1745921419,66,0.098,0,-0.006,0.096,1500,14,2.05,0.37,-2.791332927,-0.014517073,0.214763639,1,243.1962353,-0.230649347,0.199007694,1,0.358687512,0.001356188,0.002215085,1,3,3,03-Mar,3.21517,2.75577,0.227991,0.229163,0.0875205,0.0866887,23287.7,25941.1,29471.9,31816.9,38028.6,39426.6,45221.3,46695.5,2.15,1.7374,0.250787,0,28.7169,999.9,23.8,38.7,16.3148,29.3247,31.6306,1,0.0866463,0,20.3032,5.24005,11.9321,4.974,3.2842,9999,9999,9999,171,4.97101,1.86636,1.8692,1.86691,1.87177,1.86996,1.87378,1.8721,0,0,0,0,11111111,oooooooo,on,on,on,on,0,100,100,-0.01,0.1101,0.068825753,0.000859946,-1.19E-06,3.87E-10,-0.090049913,-0.027663876,0.004005357,-7.26E-05,2,2149,0,22,0.4,0.5,3.05786,2.35107,1.59424,2.32178,1.49292,2.41089,40.8608,24.14,18,567.175,438.047,31.3393,29.0263,30,28.7558,28.737,61.2525,-30,-30,-999.9,1500,0,99.7684,99.9148
,,,,,,,,,,,,,,,,,,,,,,,,,,,,,,,,,,,,,,,,,,,,,,,,,,,,,,,,,,,,,,,,,,,,,,,,,,,,,,,,,,,,,,,,,,,,,,,,,,,,,,,,,,,,,,,,,,,,,,,,,,,,,,,,,,,,,,,,,,,,,,,,,,,,,,,,,,,,,,,,,,,,,,,,,,,,,,,,,,,,,,,,,,,,,,,,,,,,,,,,,,,,,,,,,,,,,,,,,,,,,,,,,,,,,,,,,,,,,,,,,,,,,,,,,,,,,,,,,,,,,,,,,,,,,,,,,,,,,,,,,,,,,,,,,,,,,,
206,1745995777,129.5,20250430 09:49:37,9:49:37,15,D,1,5616.75,1745995769,0.00156849,1.568490013,5.184232201,298.1160323,174.9319889,17.53317803,29.87973499,0.073420581,1.988524622,0.071947162,0.045096894,193.8014137,26.96333086,25.37219355,3.250921964,33.16790091,1.113454382,3.357023964,2.137467582,-69.17040959,58.02990442,6.212820069,188.8737286,4,1,1,0,25409,RECT-24220-20250331-19_34_23,10063.9,425.8796,624.32,0.317850461,-0.387208687,MPF-24857-20250430-09_49_39,10083.9,284.302,331.1664901,0.141513382,0.5,1009.171819,5.184232201,71.40565875,14.028,0.0059,46.40321027,1777.86766,22.81340332,18.99779875,0.713219535,77.93083893,97.00114997,0.053445059,0.005520805,0.885214895,265.5359812,DARK-24858-20250430-09_49_46,202.46,202.46,0.388645874,0.364119091,0.694907102,-0.494804681,1.477287437,0.259300149,0.740699851,24857,290,323.26,145,10083.9,322.65,0.61,300,24,331.1664901,1.421439671,-8.58859468,1.264139669,0.622431638,-0.007351532,290,322.93,805,10058.2,322.63,0.3,None,None,None,None,None,None,None,None,None,None,None,None,None,1199.986452,1009.171819,0.840986011,0.161503002,2,0.5,0: Broadleaf,2,1745995769,298.1160323,300,11.10915484,10.59212581,298.0807419,11.03263871,599.9916129,100.1285484,0.099992694,25.91349032,25.37219355,999.9,0,0,4996.129032,0,779.9872258,-1.883895806,301.4650968,303.2116129,0.517041806,300,10.59212581,1.112344839,1.060573548,8.477393226,7.776200968,1199.986452,0.966997355,0.033002726,0,284.3380645,4.99998,3488.13129,11896.50645,38.97958065,41.22558065,39.29616129,40.93925806,40.87470968,1155.546452,39.44,0,127.2,0,284.302,-17.59090596,-202.3637604,3487.295385,15,1745995711,9:48:30,1745995707,1745995711,6,0.075,0.001,0.036,0.058,300,11,1.36,0.41,-1.885800244,0.065061951,0.070411728,1,285.2440588,-18.15046599,1.79730635,0,0.518014829,-0.016358488,0.002374567,1,2,3,02-Mar,3.21502,2.75523,0.0751323,0.0759807,0.0737333,0.0721189,28133.1,31290.2,29689.2,31989,38886.1,40260.3,45560.4,46924.4,2.2684,1.8944,0.239313,0,21.4597,999.9,33.4,27.1,12.0104,26.4804,31.8349,1,-0.373415,0,20.3107,5.24245,11.9297,4.9756,3.284,9999,9999,9999,172.8,4.97122,1.86646,1.86935,1.86707,1.87195,1.87012,1.87411,1.87225,0,0,0,0,11111111,oooooooo,on,on,on,on,0,100,100,0.036,0.0766,-0.125763744,0.000859946,-1.19E-06,3.87E-10,-0.008342131,-0.027663876,0.004005357,-7.26E-05,2,2149,0,22,1.2,1.1,0.819092,2.33521,1.59424,2.33887,1.49292,2.38892,32.0244,24.2188,18,588.102,491.312,24.2693,22.9907,29.9996,22.8594,22.8454,16.4543,-30,-30,-999.9,300,0,100.512,100.425
207,1745995907,259,20250430 09:51:46,9:51:46,15,D,1,5616.75,1745995899,0.001435214,1.435214167,2.564878654,199.0398065,130.7257583,13.10237596,19.94935358,0.066659526,1.989620166,0.065443209,0.041009439,193.8081581,27.10034649,25.46394839,3.268698262,33.15205364,1.1187406,3.374574053,2.149957662,-63.29294476,57.66880286,6.176335731,194.3603519,4,1,1,0,25642,RECT-24220-20250331-19_34_23,10063.9,425.8796,624.32,0.317850461,-0.387208687,MPF-24859-20250430-09_51_49,10082.8,255.29236,295.2417714,0.135310838,0.5,1009.207316,2.564878654,68.27834369,14.028,0.0059,44.28086843,1339.452224,31.16847568,18.99779875,0.713219535,42.97458234,87.75117596,0.029228995,0.002925155,1.114605928,241.9319692,DARK-24860-20250430-09_51_56,187.05,187.05,0.366451437,0.369246301,0.752574447,-0.305802782,1.658322744,0.270542842,0.729457158,24859,290,289,235,10082.8,288.3,0.7,300,24,295.2417714,1.375950197,-7.003508746,1.224644734,0.538751245,-0.007354503,290,288.58,805,10066,288.28,0.3,None,None,None,None,None,None,None,None,None,None,None,None,None,1200.02871,1009.207316,0.840985976,0.161502935,2,0.5,0: Broadleaf,2,1745995899,199.0398065,199.99,11.16196129,10.68889032,199.0014839,11.08157742,599.9921613,100.1279677,0.099991381,26.00158065,25.46394839,999.9,0,0,5000.645161,0,826.8573226,-0.950100516,201.2864839,202.1507419,0.473066774,199.99,10.68889032,1.117624839,1.070257419,8.54729,7.909625484,1200.02871,0.966994419,0.0330054,0,255.384871,4.99998,3133.249355,11896.92581,38.22354839,39.44929032,38.44529032,38.76793548,39.37883871,1155.58871,39.44,0,127.1999998,0,255.29236,-6.018000018,-92.20076936,3132.4328,15,1745995838,9:50:38,1745995838,1745995838,7,0.037,0.002,0.039,0.063,200,11,1.27,0.35,-0.955005805,0.018062655,0.067766018,1,255.5535588,-5.856333089,0.602682298,0,0.473875854,-0.017895617,0.002428943,1,2,3,02-Mar,3.21572,2.75514,0.0534201,0.0540294,0.0740022,0.0726223,28803.3,32041.4,29698.3,31995.9,38887.8,40247,45576.8,46935.2,2.2712,1.896,0.246376,0,21.4126,999.9,33.3,27.2,12.0438,26.5105,31.6226,1,-0.385203,0,20.3093,5.24245,11.9273,4.9752,3.284,9999,9999,9999,172.9,4.97116,1.8664,1.86935,1.86697,1.87195,1.87012,1.87408,1.87225,0,0,0,0,11111111,oooooooo,on,on,on,on,0,100,100,0.038,0.0805,-0.088695099,0.000859946,-1.19E-06,3.87E-10,-0.00615134,-0.027663876,0.004005357,-7.26E-05,2,2149,0,22,1.1,1.1,0.601807,2.33643,1.59424,2.33887,1.49292,2.46338,32.0024,24.2276,18,588.51,491.095,24.2818,22.8531,29.9994,22.7229,22.7112,12.1057,-30,-30,-999.9,200,0,100.546,100.448
208,1745996036,388.5,20250430 09:53:56,9:53:56,15,D,1,5616.75,1745996028,0.001210919,1.210919125,1.378175694,149.4716333,105.0563918,10.52885923,14.98020025,0.055936547,1.987750354,0.055076561,0.034499016,193.799539,27.064142,25.50419333,3.276521947,33.46880811,1.121398434,3.35057774,2.155123513,-53.4015334,40.38352992,4.327402255,185.1089378,4,1,1,0,25709,RECT-24220-20250331-19_34_23,10063.9,425.8796,624.32,0.317850461,-0.387208687,MPF-24861-20250430-09_53_58,10082,244.4468846,281.6134488,0.131977235,0.5,1009.1647,1.378175694,66.59338319,14.028,0.0059,43.14020017,1137.424086,34.77461925,18.99779875,0.713219535,32.70845549,72.34793631,0.019049274,0.001749352,1.216939577,232.7039554,DARK-24862-20250430-09_54_05,185.58,185.58,0.341011586,0.387016864,0.781115356,-0.257624979,1.726999901,0.293816752,0.706183248,24861,290,274.82,235,10082,274.55,0.27,300,24,281.6134488,1.092274685,-7.11840622,0.972079544,0.65696505,-0.007355753,290,274.53,795,10065.9,274.54,-0.01,None,None,None,None,None,None,None,None,None,None,None,None,None,1199.978333,1009.1647,0.840985768,0.161502532,2,0.5,0: Broadleaf,2,1745996028,149.4716333,149.9913667,11.18925333,10.79012333,149.5536333,11.10732,599.9899,100.1210333,0.099991323,25.88103333,25.50419333,999.9,0,0,4993.333333,0,729.593,-0.519663033,151.1630667,151.6274667,0.399142633,149.9913667,10.79012333,1.120279667,1.080316667,8.582315,8.047095333,1199.978333,0.9670026,0.03299774,0,244.4481667,4.99998,2993.984667,11896.44333,37.26646667,39.21226667,37.76233333,38.2248,39.0581,1155.548333,39.43,0,127.2,0,244.4468846,-3.538564104,-25.94905981,2993.953462,15,1745995967,9:52:47,1745995964,1745995967,8,-0.097,0.001,-0.082,0.067,150,11,1.16,0.45,-0.529596,0.147548803,0.05191085,1,244.5782941,-3.356210848,0.389472987,0,0.40082575,-0.040625336,0.004380825,1,2,3,02-Mar,3.21579,2.75553,0.0414226,0.041818,0.0741604,0.0731515,29179.9,32460.5,29709.1,32000.4,38894.3,40229,45593.1,46942,2.273,1.897,0.25183,0,21.3781,999.9,33.3,27.4,12.1864,26.5505,31.7308,1,-0.393963,0,20.3105,5.24125,11.9273,4.9756,3.284,9999,9999,9999,172.9,4.97113,1.86636,1.86935,1.86707,1.87195,1.87009,1.87408,1.87225,0,0,0,0,11111111,oooooooo,on,on,on,on,0,100,100,-0.082,0.0821,-0.185310948,0.000859946,-1.19E-06,3.87E-10,-0.005492716,-0.027663876,0.004005357,-7.26E-05,2,2149,0,22,1.2,1.1,0.490723,2.34741,1.59424,2.33887,1.49292,2.44629,31.9365,24.2276,18,588.355,490.538,24.2652,22.7312,29.9999,22.5968,22.5836,9.87972,-30,-30,-999.9,150,0,100.582,100.462
209,1745996166,518.4000001,20250430 09:56:06,9:56:06,15,D,1,5616.75,1745996158,0.000988366,0.988366482,0.207412324,99.88780645,89.05424312,8.924677475,10.01037598,0.044899208,1.988964766,0.044343638,0.027764117,193.8018644,27.25510165,25.66710968,3.308360565,33.33227738,1.124058474,3.372282251,2.184302091,-43.58696187,34.63395141,3.714093134,188.5629471,5,1,1,0,25520,RECT-24220-20250331-19_34_23,10063.9,425.8796,624.32,0.317850461,-0.387208687,MPF-24863-20250430-09_56_08,10083.1,237.71888,270.842667,0.122298999,0.5,1009.176939,0.207412324,61.71066455,14.028,0.0059,39.82857109,896.5750082,36.14604365,18.99779875,0.713219535,24.80423631,64.25000681,0.003228207,0.000589214,1.305102099,225.3003644,DARK-24864-20250430-09_56_15,183.79,183.79,0.321414155,0.38050284,0.802391059,-0.213650943,1.781277064,0.294182006,0.705817994,24863,290,264.89,135,10083.1,264.95,-0.06,300,24,270.842667,1.066287794,-5.944251135,0.948077174,0.584016429,-0.007349958,290,265.15,825,10055.3,264.93,0.22,None,None,None,None,None,None,None,None,None,None,None,None,None,1199.992903,1009.176939,0.840985756,0.161502509,2,0.5,0: Broadleaf,2,1745996158,99.88780645,99.98985484,11.21633548,10.89056774,99.93637742,11.13175806,599.986129,100.1161935,0.100002352,25.9901,25.66710968,999.9,0,0,4998.548387,0,714.0331935,-0.102085226,101.0209032,101.090871,0.32576971,99.98985484,10.89056774,1.12293871,1.090324516,8.617330968,8.182738387,1199.992903,0.967001419,0.032998594,0,237.7359677,4.99998,2941.534516,11896.57097,39.55416129,41.91296774,39.83241935,41.77187097,41.42916129,1155.562903,39.43,0,127.8,0,237.71888,-3.613615399,-11.73692311,2941.3776,15,1745996097,9:54:56,1745996094,1745996097,9,0.062,0.002,-0.049,0.072,100,11,0.93,0.38,-0.113778488,0.048623363,0.084158643,1,237.9039706,-2.41055768,0.313347626,0,0.328221634,-0.040268497,0.004333032,1,2,3,02-Mar,3.21575,2.75535,0.0284275,0.0286929,0.0742946,0.0736584,29583.3,32912.3,29716.1,32006.5,38898,40213.5,45604.7,46950.4,2.2736,1.897,0.251383,0,21.5289,999.9,33.3,27.4,12.188,26.3205,31.6707,1,-0.400427,0,20.3083,5.24245,11.9261,4.9756,3.2842,9999,9999,9999,173,4.97113,1.86643,1.86935,1.86701,1.87195,1.87012,1.87411,1.87225,0,0,0,0,11111111,oooooooo,on,on,on,on,0,100,100,-0.049,0.0847,-0.123027274,0.000859946,-1.19E-06,3.87E-10,-0.00369339,-0.027663876,0.004005357,-7.26E-05,2,2149,0,22,1.2,1.2,0.378418,2.36084,1.59424,2.33765,1.49292,2.44873,31.9365,24.2364,18,587.771,489.651,24.2644,22.6548,30.0001,22.5054,22.4925,7.62623,-30,-30,-999.9,100,0,100.607,100.48
210,1745996248,600.4000001,20250430 09:57:28,9:57:28,15,D,1,5616.75,1745996240,0.000870018,0.870017724,-0.672009441,50.20302258,75.72339975,7.588543883,5.031045108,0.039058539,1.988621836,0.038637307,0.024185784,193.8045542,27.37598887,25.79659032,3.333857294,33.28312885,1.127512753,3.3876405,2.206344542,-38.36778163,28.98074909,3.11160762,187.5291293,5,1,1,0,25571,RECT-24220-20250331-19_34_23,10063.9,425.8796,624.32,0.317850461,-0.387208687,MPF-24865-20250430-09_57_30,10078.7,235.89652,266.5397107,0.114966699,0.5,1009.188348,-0.672009441,58.01152658,14.028,0.0059,37.31965749,715.2545509,37.15481711,18.99779875,0.713219535,19.2506546,56.47274515,-0.011899713,-0.000282208,1.342315141,222.3148559,DARK-24866-20250430-09_57_37,183.61,183.61,0.311134542,0.36950799,0.811827027,-0.192313368,1.802960936,0.287606456,0.712393544,24865,290,262.27,285,10078.7,261.77,0.5,300,24,266.5397107,1.458922907,-4.805323316,1.298414962,0.328485177,-0.007354248,290,262.33,675,10069.9,261.77,0.56,None,None,None,None,None,None,None,None,None,None,None,None,None,1200.006129,1009.188348,0.840985995,0.16150297,2,0.5,0: Broadleaf,2,1745996240,50.20302258,49.99359355,11.25105161,10.96432903,50.26703871,11.16415484,600.0428065,100.1139032,0.10008489,26.06690645,25.79659032,999.9,0,0,4997.258065,0,735.4249032,0.2094275,50.7742871,50.54781613,0.286720452,49.99359355,10.96432903,1.126386774,1.097681613,8.662619677,8.281775806,1200.006129,0.966995581,0.03300421,0,235.8952903,4.99998,2903.979677,11896.69677,38.3566129,39.67509677,38.56629032,39.02593548,39.50783871,1155.566129,39.44,0,79.79999995,0,235.89652,-0.031153855,-18.78769233,2903.756,15,1745996225,9:57:04,1745996225,1745996225,10,0.019,0.001,-0.064,0.077,50,11,0.71,0.4,0.206562587,-0.045612084,0.059566922,1,235.9186471,-0.289289536,0.21009926,1,0.28752775,-0.015346019,0.00271956,1,3,3,03-Mar,3.21534,2.75514,0.0146159,0.0146627,0.0744667,0.0740297,30005.6,33388.2,29717.2,32006.2,38891.5,40197.8,45606.2,46951.6,2.2728,1.8964,0.255704,0,21.6184,999.9,33.4,27.5,12.297,26.2106,31.6907,1,-0.400203,0,20.309,5.24365,11.9297,4.976,3.284,9999,9999,9999,173,4.97113,1.86636,1.86935,1.86704,1.87195,1.87012,1.87408,1.87225,0,0,0,0,11111111,oooooooo,on,on,on,on,0,100,100,-0.064,0.0871,-0.104295014,0.000859946,-1.19E-06,3.87E-10,-0.002500636,-0.027663876,0.004005357,-7.26E-05,2,2149,0,22,0.4,0.4,0.264893,2.38525,1.59424,2.33765,1.49292,2.39746,31.9365,24.2276,18,586.932,488.964,24.2859,22.6395,30.0004,22.4769,22.4641,5.36539,-30,-30,-999.9,50,0,100.61,100.482
211,1745996332,684.4000001,20250430 09:58:52,9:58:52,15,D,1,5616.75,1745996324,0.000752214,0.752214143,4.811121208,418.3203,177.0251397,17.74039962,41.92155592,0.033655282,1.989047871,0.033342094,0.020866705,193.8057995,27.37027607,25.83983,3.342409996,33.5132829,1.132004795,3.377779488,2.2104052,-33.17264371,19.06576754,2.046554281,181.7454777,5,1,1,0,25577,RECT-24220-20250331-19_34_23,10063.9,425.8796,624.32,0.317850461,-0.387208687,MPF-24867-20250430-09_58_54,10091.7,234.21988,274.1039688,0.145507155,0.5,1009.19243,4.811121208,73.42235989,14.028,0.0059,47.76977074,1747.123,25.67240777,18.99779875,0.713219535,68.05450489,108.9706348,0.044150621,0.00515098,1.277675886,227.5525396,DARK-24868-20250430-09_59_01,179.65,179.65,0.344591759,0.422259533,0.78758637,-0.262783218,1.764842397,0.323879105,0.676120895,24867,290,266.88,175,10091.7,266.69,0.19,300,24,274.1039688,1.270007446,-7.477095461,1.130813637,0.609594846,-0.007357293,290,267.06,765,10071.5,266.68,0.38,None,None,None,None,None,None,None,None,None,None,None,None,None,1200.010667,1009.19243,0.840986216,0.161503397,2,0.5,0: Broadleaf,2,1745996324,418.3203,420.0288333,11.29587333,11.04797667,418.2117333,11.20741667,600.0219667,100.1139667,0.100046193,26.01762667,25.83983,999.9,0,0,4999,0,751.1263333,-1.708508333,423.0995333,424.7210333,0.247893333,420.0288333,11.04797667,1.130873667,1.106055333,8.721375667,8.393777333,1200.010667,0.9669909,0.033009083,0,234.2282333,4.99998,2870.495,11896.71667,37.08516667,38.42896667,37.38093333,37.57683333,38.31856667,1155.561667,39.449,0,82.20000005,0,234.21988,-0.291846143,-19.27384612,2870.2504,15,1745996309,9:58:29,1745996309,1745996309,11,0.033,0,0.109,0.08,420,11,1.84,0.48,-1.7530345,0.489977111,0.106440458,1,234.2563529,-0.706921313,0.210693656,1,0.2483748,-0.017469568,0.002840285,1,3,3,03-Mar,3.21578,2.7554,0.0980386,0.0988598,0.0746802,0.0744525,27463.9,30534,29717.4,32007,38883.7,40180.6,45606.8,46952.3,2.273,1.8966,0.252426,0,21.6862,999.9,33.5,27.5,12.3332,26.2106,31.7188,1,-0.399187,0,20.3087,5.24245,11.9309,4.9756,3.284,9999,9999,9999,173,4.97113,1.86633,1.86932,1.86691,1.87195,1.87012,1.87408,1.87225,0,0,0,0,11111111,oooooooo,on,on,on,on,0,100,100,0.108,0.0886,-0.071701177,0.000859946,-1.19E-06,3.87E-10,-0.00243311,-0.027663876,0.004005357,-7.26E-05,2,2149,0,22,0.4,0.4,1.07056,2.33521,1.59424,2.33765,1.49292,2.44751,31.9585,24.2451,18,586.983,489.008,24.3033,22.6472,30.0001,22.4694,22.4547,21.4915,-30,-30,-999.9,420,0,100.611,100.483
212,1745996428,779.9000001,20250430 10:00:27,10:00:27,15,D,1,5616.75,1745996420,0.0006438,0.643800183,6.57769684,597.6797333,213.3186783,21.37765219,59.89625269,0.028663031,1.989706927,0.028435602,0.017792534,193.800337,27.38553675,25.90998333,3.356326926,33.74821438,1.138284188,3.37287234,2.218042738,-28.39158808,8.911200027,0.956446306,175.2763953,5,1,1,0,25697,RECT-24220-20250331-19_34_23,10063.9,425.8796,624.32,0.317850461,-0.387208687,MPF-24869-20250430-10_00_30,10090.7,232.5052308,278.4390504,0.164969028,0.5,1009.1689,6.57769684,83.24080645,14.028,0.0059,54.42909427,2142.123875,25.26542877,18.99779875,0.713219535,84.78478219,128.5338961,0.051174803,0.006901625,1.242214227,230.5321883,DARK-24870-20250430-10_00_37,178.83,178.83,0.35774095,0.461141025,0.776405642,-0.311541294,1.742996636,0.354683846,0.645316154,24869,290,268.05,135,10090.7,267.79,0.26,300,24,278.4390504,0.946796449,-10.74427671,0.842549911,0.853107767,-0.007355364,290,267.64,695,10068.5,267.77,-0.13,None,None,None,None,None,None,None,None,None,None,None,None,None,1199.983333,1009.1689,0.840985764,0.161502524,2,0.5,0: Broadleaf,2,1745996420,597.6797333,600.0005333,11.35846333,11.14630333,597.6999333,11.26548667,600.0071667,100.1146333,0.099995587,25.99305667,25.90998333,999.9,0,0,5001.666667,0,791.2757667,-2.320947,604.5464333,606.7637,0.212158867,600.0005333,11.14630333,1.137149,1.115908333,8.803206333,8.524603333,1199.983333,0.9670058,0.032994483,0,232.4819333,4.99998,2855.772667,11896.52333,37.4643,39.67896667,37.933,38.74973333,39.33936667,1155.553333,39.43,0,93.60000014,0,232.5052308,-0.490188025,-1.292991452,2855.737692,15,1745996392,9:59:51,1745996392,1745996392,12,-0.121,0.002,-0.021,0.085,600,11,1.93,0.39,-2.326432439,0.094793519,0.091523649,1,232.5596765,-0.945469821,0.195128875,1,0.212969585,-0.010179282,0.002315864,1,3,3,03-Mar,3.2157,2.75521,0.127082,0.128031,0.0749697,0.0749328,26577,29543.9,29714.3,32004.8,38867.7,40157.1,45602.5,46949.6,2.2732,1.8966,0.251025,0,21.7983,999.9,33.6,27.6,12.4416,26.2006,31.6306,1,-0.39561,0,20.3105,5.24245,11.9285,4.9756,3.2842,9999,9999,9999,173,4.9711,1.86633,1.86935,1.86691,1.87195,1.87012,1.87408,1.87225,0,0,0,0,11111111,oooooooo,on,on,on,on,0,100,100,-0.02,0.0931,-0.192854948,0.000859946,-1.19E-06,3.87E-10,6.15E-05,-0.027663876,0.004005357,-7.26E-05,2,2149,0,22,0.6,0.6,1.42822,2.31934,1.59424,2.33765,1.49292,2.42432,32.0024,24.2451,18,587.259,489.137,24.3191,22.6796,30.0005,22.4826,22.4679,28.6214,-30,-30,-999.9,600,0,100.601,100.477
213,1745996541,892.9000001,20250430 10:02:20,10:02:20,15,D,1,5616.75,1745996533,0.00055987,0.559870126,7.538144393,797.3468387,287.7499173,28.83689943,79.90622836,0.024767245,1.989424266,0.024597215,0.015388439,193.8116267,27.52213237,25.9976,3.37377927,33.71139762,1.144147249,3.393947832,2.229632021,-24.69027254,10.80703541,1.161215987,181.0896055,4,1,1,0,25628,RECT-24220-20250331-19_34_23,10063.9,425.8796,624.32,0.317850461,-0.387208687,MPF-24871-20250430-10_02_22,10083.6,230.60868,277.1454998,0.167914759,0.5,1009.226458,7.538144393,84.73200868,14.028,0.0059,55.43704328,2307.243802,22.43158757,18.99779875,0.713219535,102.8569108,184.8930065,0.040770306,0.007852899,1.252679551,229.6447594,DARK-24872-20250430-10_02_30,178.7,178.7,0.355212334,0.472716578,0.779081954,-0.312886014,1.749515221,0.366310811,0.633689189,24871,290,267.99,155,10083.6,268.05,-0.06,300,24,277.1454998,1.245510326,-9.1751256,1.107769643,0.710145402,-0.007351085,290,268.11,785,10059.5,268.02,0.09,None,None,None,None,None,None,None,None,None,None,None,None,None,1200.051613,1009.226458,0.840985877,0.161502743,2,0.5,0: Broadleaf,2,1745996533,797.3468387,800.0083226,11.41690968,11.23241935,797.2375806,11.32390323,600.0077742,100.115129,0.100015094,26.09836129,25.9976,999.9,0,0,5000.483871,0,815.5614194,-2.661469032,806.5552258,809.0965484,0.184488452,800.0083226,11.23241935,1.143005161,1.124536452,8.879218387,8.638317097,1200.051613,0.966999097,0.033000958,0,230.6170645,4.99998,2857.697742,11897.15484,39.45148387,41.95135484,39.72354839,41.71748387,41.30012903,1155.614839,39.43677419,0,111.2,0,230.60868,-0.403692303,-6.790769228,2857.596,15,1745996489,10:01:29,1745996489,1745996483,13,0.175,-0.002,0.108,0.086,800,11,2.27,0.39,-2.677469268,0.176427596,0.117369205,1,230.6526765,-0.986906037,0.241184664,1,0.184596805,0.000430139,0.002248991,1,3,3,03-Mar,3.2154,2.75523,0.154559,0.155592,0.0752465,0.0753291,25740.5,28611.3,29713.5,32005.3,38855.7,40140.8,45602,46950.8,2.2738,1.896,0.25478,0,21.8278,999.9,33.7,27.6,12.4788,26.2507,31.7107,1,-0.393171,0,20.3084,5.24125,11.9309,4.9756,3.284,9999,9999,9999,173.1,4.9711,1.8663,1.86935,1.86694,1.87195,1.87009,1.87408,1.87225,0,0,0,0,11111111,oooooooo,on,on,on,on,0,100,100,0.109,0.0931,-0.017867638,0.000859946,-1.19E-06,3.87E-10,-0.001945653,-0.027663876,0.004005357,-7.26E-05,2,2149,0,22,0.9,1,1.80542,2.31323,1.59424,2.33765,1.49292,2.44019,32.0464,24.2539,18,587.925,488.932,24.3425,22.7178,30.0001,22.5073,22.4887,36.1864,-30,-30,-999.9,800,0,100.6,100.479
214,1745996621,973.4000001,20250430 10:03:41,10:03:41,15,D,1,5616.75,1745996613,0.000496177,0.496176688,8.710692095,996.9284,333.6711524,33.43793317,99.9044268,0.021923708,1.989880644,0.021790397,0.013630908,193.8080448,27.56459112,26.00555333,3.37536741,33.69703089,1.144956561,3.397796574,2.230410849,-21.88139192,12.01268271,1.29064233,185.229978,5,1,1,0,25568,RECT-24220-20250331-19_34_23,10063.9,425.8796,624.32,0.317850461,-0.387208687,MPF-24873-20250430-10_03_43,10085,231.19392,280.0079388,0.174330839,0.5,1009.20672,8.710692095,87.96792698,14.028,0.0059,57.63245133,2527.158324,19.9368048,18.99779875,0.713219535,126.7584424,206.91271,0.042098391,0.009014903,1.229651069,231.6066083,DARK-24874-20250430-10_03_50,177.91,177.91,0.364625158,0.478109738,0.771291103,-0.334636751,1.735090542,0.367918428,0.632081572,24873,290,271.39,215,10085,270.93,0.46,300,24,280.0079388,1.15602223,-9.158951434,1.028966029,0.738878949,-0.007355051,290,271.34,855,10065.4,270.91,0.43,None,None,None,None,None,None,None,None,None,None,None,None,None,1200.028,1009.20672,0.840985977,0.161502936,2,0.5,0: Broadleaf,2,1745996613,996.9284,999.9968,11.42531667,11.26181667,996.8185,11.33456667,600.0094333,100.1122,0.100038713,26.11753,26.00555333,999.9,0,0,5002.5,0,831.4504667,-3.069027,1008.45,1011.387,0.163496367,999.9968,11.26181667,1.143813333,1.127446,8.889681,8.676506667,1200.028,0.9669936,0.03300629,0,231.1776667,4.99998,2847.688333,11896.89333,38.1206,39.59356667,38.3622,38.86223333,39.31226667,1155.588,39.44,0,78.60000014,0,231.19392,0.279538447,-17.02999999,2847.4736,15,1745996598,10:03:18,1745996598,1745996594,14,0.067,-0.003,0.109,0.085,1000,11,1.57,0.38,-3.075862,0.059861989,0.12847871,1,231.1895588,-0.168235299,0.187060888,1,0.1640199,-0.015402281,0.002350635,1,3,3,03-Mar,3.21548,2.75522,0.178575,0.179725,0.075293,0.0754634,25010.9,27795.2,29714.1,32005.6,38855.1,40135.6,45603.4,46951.4,2.273,1.8954,0.258386,0,21.7413,999.9,33.7,27.7,12.5532,26.2207,31.6546,1,-0.393211,0,20.3086,5.24365,11.9309,4.976,3.284,9999,9999,9999,173.1,4.97104,1.8663,1.86935,1.86691,1.87195,1.87009,1.87408,1.87225,0,0,0,0,11111111,oooooooo,on,on,on,on,0,100,100,0.11,0.0908,0.048903506,0.000859946,-1.19E-06,3.87E-10,-0.004589592,-0.027663876,0.004005357,-7.26E-05,2,2149,0,22,0.4,0.5,2.16797,2.30835,1.59424,2.33765,1.49292,2.3999,32.0464,24.2539,18,587.412,488.544,24.3567,22.7216,30,22.5092,22.4906,43.4402,-30,-30,-999.9,1000,0,100.602,100.481
215,1745996702,1054.4,20250430 10:05:02,10:05:02,15,D,1,5616.75,1745996694,0.000444666,0.444665597,9.643299858,1196.592903,381.6173548,38.24242544,119.9123004,0.019713549,1.989103441,0.019605648,0.012263175,193.8052188,27.51844583,25.97637097,3.369543405,33.91632018,1.147928534,3.384590451,2.221614871,-19.60975284,8.075603665,0.867567982,183.1386376,4,1,1,0,25633,RECT-24220-20250331-19_34_23,10063.9,425.8796,624.32,0.317850461,-0.387208687,MPF-24875-20250430-10_05_04,10093.9,232.14956,280.9711303,0.173760095,0.5,1009.196266,9.643299858,87.6790196,14.028,0.0059,57.43715825,2665.188143,16.01108068,18.99779875,0.713219535,166.458979,215.1583758,0.044819542,0.009939106,1.222007646,232.2651992,DARK-24876-20250430-10_05_11,178.14,178.14,0.365984684,0.474774226,0.769529942,-0.33691316,1.730236734,0.364318074,0.635681926,24875,290,274.43,165,10093.9,273.81,0.62,300,24,280.9711303,1.128453753,-7.231819731,1.004906986,0.649077543,-0.007358141,290,274.06,675,10076.1,273.79,0.27,None,None,None,None,None,None,None,None,None,None,None,None,None,1200.016129,1009.196266,0.840985585,0.161502178,2,0.5,0: Broadleaf,2,1745996694,1196.592903,1199.984516,11.45506452,11.30854839,1196.504516,11.36245806,600.032129,100.1114194,0.10002271,26.05167742,25.97637097,999.9,0,0,4999.354839,0,888.4326774,-3.391598065,1210.459032,1213.709355,0.146519774,1199.984516,11.30854839,1.146781613,1.132114194,8.928054516,8.737580323,1200.016129,0.967008839,0.032991013,0,232.12,4.99998,2845.175161,11896.85161,36.86264516,38.34245161,37.18729032,37.47151613,38.16709677,1155.590968,39.42387097,0,78.79999995,0,232.14956,-0.624769223,-14.72076926,2844.9628,15,1745996676,10:04:35,1745996676,1745996675,15,0.046,0.001,0.086,0.087,1200,11,1.84,0.33,-3.40641825,0.479350131,0.144890033,1,232.1724706,-0.605836509,0.2308942,1,0.1468152,-0.006558642,0.00179791,1,3,3,03-Mar,3.21512,2.75517,0.200142,0.201332,0.0754394,0.0757161,24358.4,27067.6,29717.4,32008.9,38852.7,40128.3,45607.8,46955.7,2.2734,1.8966,0.262558,0,21.6532,999.9,33.8,27.7,12.5885,26.5507,31.7027,1,-0.395081,0,20.309,5.24245,11.9261,4.9752,3.284,9999,9999,9999,173.1,4.97107,1.8663,1.86932,1.86697,1.87195,1.86996,1.87408,1.87225,0,0,0,0,11111111,oooooooo,on,on,on,on,0,100,100,0.09,0.0927,0.094595181,0.000859946,-1.19E-06,3.87E-10,-0.003716316,-0.027663876,0.004005357,-7.26E-05,2,2149,0,22,0.4,0.5,2.51587,2.30347,1.59424,2.33643,1.49292,2.35229,32.0024,24.2539,18,587.577,489.247,24.3567,22.7082,30,22.4997,22.4793,50.4034,-30,-30,-999.9,1200,0,100.613,100.49
216,1745996832,1183.9,20250430 10:07:11,10:07:11,15,D,1,5616.75,1745996824,0.000381432,0.381432207,10.06368571,1496.450333,506.4216793,50.74649047,149.9533012,0.016949786,1.989602058,0.016869972,0.010550872,193.8008487,27.50194919,25.96872667,3.368019262,34.15994176,1.153464578,3.376658504,2.214554684,-16.82116031,4.643433717,0.498604103,182.1217262,4,1,1,0,25693,RECT-24220-20250331-19_34_23,10063.9,425.8796,624.32,0.317850461,-0.387208687,MPF-24877-20250430-10_07_13,10088.2,231.8874615,288.5314366,0.19631821,0.5,1009.16967,10.06368571,99.05919146,14.028,0.0059,65.15593157,2875.719091,22.04831058,18.99779875,0.713219535,130.4280924,375.9935869,0.026765578,0.010355934,1.163785019,237.4075684,DARK-24878-20250430-10_07_21,176.79,176.79,0.387276471,0.506920054,0.750315204,-0.412411595,1.69213811,0.386473662,0.613526338,24877,290,275.44,135,10088.2,275.61,-0.17,300,24,288.5314366,1.266772157,-13.03095622,1.126976333,0.826837049,-0.00735363,290,275.31,775,10062.7,275.58,-0.27,None,None,None,None,None,None,None,None,None,None,None,None,None,1199.984,1009.16967,0.840985938,0.161502861,2,0.5,0: Broadleaf,2,1745996824,1496.450333,1499.995333,11.51093333,11.38524667,1496.334667,11.41385333,599.9706667,100.1060333,0.099966033,26.01201667,25.96872667,999.9,0,0,5001.666667,0,865.5942667,-3.544934333,1513.877667,1517.270667,0.125686433,1499.995333,11.38524667,1.152314,1.139731,8.999324667,8.83677,1199.984,0.9669993,0.033000957,0,231.8906,4.99998,2858.885667,11896.48333,38.2664,40.79766667,38.69146667,40.18723333,40.2164,1155.547,39.437,0,127.2,0,231.8874615,-2.264068377,-4.217094007,2858.892692,15,1745996757,10:05:56,1745996757,1745996756,16,0.095,0.003,0.116,0.092,1500,11,1.15,0.29,-3.540647,0.206969831,0.189648752,1,231.9783235,-1.563468296,0.211198641,0,0.12640805,-0.012708518,0.001993308,1,2,3,02-Mar,3.21584,2.75548,0.228934,0.230162,0.0757122,0.0760941,23486.7,26093.1,29720.8,32008.7,38845,40111.8,45612.5,46955.8,2.2752,1.8974,0.259221,0,21.7137,999.9,33.8,27.8,12.6638,26.2208,31.5465,1,-0.396037,0,20.3103,5.24125,11.9273,4.9756,3.284,9999,9999,9999,173.1,4.97107,1.8663,1.86929,1.86691,1.87195,1.87002,1.87408,1.87225,0,0,0,0,11111111,oooooooo,on,on,on,on,0,100,100,0.12,0.0973,0.19104022,0.000859946,-1.19E-06,3.87E-10,-0.001061344,-0.027663876,0.004005357,-7.26E-05,2,2149,0,22,1.2,1.3,3.01392,2.2876,1.59424,2.33643,1.49292,2.43774,31.9585,24.2626,18,588.674,489.734,24.3486,22.691,30.0001,22.4902,22.4736,60.38,-30,-30,-999.9,1500,0,100.623,100.49
,,,,,,,,,,,,,,,,,,,,,,,,,,,,,,,,,,,,,,,,,,,,,,,,,,,,,,,,,,,,,,,,,,,,,,,,,,,,,,,,,,,,,,,,,,,,,,,,,,,,,,,,,,,,,,,,,,,,,,,,,,,,,,,,,,,,,,,,,,,,,,,,,,,,,,,,,,,,,,,,,,,,,,,,,,,,,,,,,,,,,,,,,,,,,,,,,,,,,,,,,,,,,,,,,,,,,,,,,,,,,,,,,,,,,,,,,,,,,,,,,,,,,,,,,,,,,,,,,,,,,,,,,,,,,,,,,,,,,,,,,,,,,,,,,,,,,,
217,1745997190,1541.9,20250430 10:13:09,10:13:09,15,D,2,5616.75,1745997182,0.002026045,2.026045075,9.053858356,416.6939,261.1683402,26.17339746,41.75963693,0.102662996,1.989405047,0.09980798,0.062629886,193.8054266,27.07054555,25.26247,3.229775404,36.35937762,1.240811189,3.412630442,1.988964215,-89.34858779,99.61247259,10.66904502,214.7383564,55,9,1,0,25680,RECT-24220-20250331-19_34_23,10063.9,425.8796,624.32,0.317850461,-0.387208687,MPF-24881-20250430-10_13_12,10098,306.6766,373.1305363,0.178098359,0.5,1009.192742,9.053858356,89.86778574,14.028,0.0059,58.92159418,2603.804429,19.85328262,18.99779875,0.713219535,131.1523379,130.0160023,0.069636492,0.009355068,0.673194604,291.8544006,DARK-24882-20250430-10_13_19,211.54,211.54,0.433067038,0.411248937,0.608531091,-1.259812624,1.265818169,0.283672116,0.716327884,24881,290,361.25,115,10098,361.09,0.16,300,24,373.1305363,1.27742268,-12.16091789,1.137348563,0.803268748,-0.007358857,290,360.89,635,10076.4,361.06,-0.17,None,None,None,None,None,None,None,None,None,None,None,None,None,1200.011333,1009.192742,0.840986009,0.161502997,2,0.5,0: Broadleaf,2,1745997182,416.6939,419.9932333,12.38129667,11.71431667,416.6677333,12.26052667,600.006,100.1165667,0.100011817,26.19123333,25.26247,999.9,0,0,5000.333333,0,823.5217667,-3.299381,421.9177333,424.9715667,0.666976267,419.9932333,11.71431667,1.239572333,1.172797,10.08549667,9.260652,1200.011333,0.966995067,0.033004487,0,306.8051333,4.99998,3711.687,11896.74667,37.05806667,39.19973333,37.55806667,38.48306667,38.9748,1155.569,39.44066667,0,268.2,0,306.6766,-29.38892302,-313.5084611,3710.0956,15,1745997118,10:11:57,1745997118,1745997116,18,-0.001,-0.007,0.026,0.095,420,12,1.16,0.35,-3.29848525,-0.144777073,0.080855176,1,308.5620882,-29.58730328,2.909583418,0,0.667942875,-0.009305032,0.00215724,1,2,3,02-Mar,3.21528,2.75525,0.0976645,0.0987596,0.079768,0.077606,27450.6,30515,29693.6,31986,38631.6,40016.5,45569.8,46925,2.178,1.885,0.182688,0,22.2635,999.9,34.3,27.9,12.9258,26.2009,31.6867,1,-0.350061,0,20.3109,5.24245,11.9321,4.976,3.2842,9999,9999,9999,173.2,4.97107,1.8663,1.86926,1.86694,1.87195,1.87006,1.87408,1.87225,0,0,0,0,11111111,oooooooo,on,on,on,on,0,100,100,0.026,0.1209,-0.15396211,0.000859946,-1.19E-06,3.87E-10,-0.008383529,-0.027663876,0.004005357,-7.26E-05,2,2149,0,22,1.2,1.2,1.07178,2.31812,1.59424,2.33643,1.49292,2.37915,32.0904,24.2539,18,531.057,485.669,24.623,23.2402,30.0003,22.9521,22.9223,21.5032,-30,-30,-999.9,420,0,100.53,100.422
218,1745997319,1671.4,20250430 10:15:19,10:15:19,15,D,2,5616.75,1745997311,0.001870409,1.870409029,5.567716938,297.963,192.8463374,19.32479482,29.85835209,0.09378674,1.990088424,0.091398684,0.05733367,193.8139247,27.26946686,25.36166774,3.248888137,36.15445546,1.24417114,3.441266432,2.004716998,-82.48503819,104.1844771,11.16838962,226.6817532,52,9,1,0,25666,RECT-24220-20250331-19_34_23,10063.9,425.8796,624.32,0.317850461,-0.387208687,MPF-24883-20250430-10_15_21,10077,260.8575769,314.7622451,0.17125519,0.5,1009.239619,5.567716938,86.41876153,14.028,0.0059,56.5800479,2029.4881,31.45630201,18.99779875,0.713219535,64.51769503,128.3286424,0.043386393,0.005900408,0.983465329,254.8848761,DARK-24884-20250430-10_15_28,191.41,191.41,0.391890219,0.436997869,0.715062611,-0.485114753,1.55995329,0.320656824,0.679343176,24883,290,305.18,285,10077,304.77,0.41,300,24,314.7622451,1.35808899,-10.064703,1.208430975,0.712430744,-0.007354281,290,305.01,875,10061.6,304.76,0.25,None,None,None,None,None,None,None,None,None,None,None,None,None,1200.067419,1009.239619,0.840985767,0.16150253,2,0.5,0: Broadleaf,2,1745997311,297.963,300.0046774,12.41585484,11.80012581,297.9595806,12.29583548,599.9997419,100.1082581,0.099996274,26.33272581,25.36166774,999.9,0,0,5003.548387,0,590.2351935,-2.041623548,301.7090323,303.587,0.615730161,300.0046774,11.80012581,1.242930645,1.181291613,10.12592903,9.367827097,1200.067419,0.967003419,0.032996758,0,260.8990323,4.99998,3201.710645,11897.33548,39.35664516,41.69135484,39.53603226,41.80416129,41.13883871,1155.634839,39.43290323,0,127.2,0,260.8575769,-9.7796581,-121.6964101,3201.226154,15,1745997251,10:14:10,1745997248,1745997251,19,-0.004,-0.002,0.004,0.096,300,12,1.03,0.24,-2.046918,-0.092144465,0.075254967,1,261.3804706,-10.43388846,1.047870171,0,0.617467925,-0.037701625,0.004076649,1,2,3,02-Mar,3.21526,2.7552,0.0750614,0.075917,0.0799088,0.0780041,28135.3,31286.4,29690.9,31984.3,38621.9,39996.4,45565.6,46922.5,2.1816,1.8828,0.19148,0,22.239,999.9,34.4,28,13.0402,26.211,31.7468,1,-0.342886,0,20.3087,5.24125,11.9321,4.9748,3.2844,9999,9999,9999,173.3,4.97107,1.86633,1.86929,1.86691,1.87195,1.87002,1.87408,1.87225,0,0,0,0,11111111,oooooooo,on,on,on,on,0,100,100,0.004,0.1201,-0.157610982,0.000859946,-1.19E-06,3.87E-10,-0.010475941,-0.027663876,0.004005357,-7.26E-05,2,2149,0,22,1.2,1.1,0.820312,2.33398,1.59424,2.33643,1.49292,2.37183,32.1124,24.2539,18,534.331,485.234,24.6827,23.3334,30.0004,23.0626,23.0324,16.4895,-30,-30,-999.9,300,0,100.521,100.417
219,1745997449,1800.9,20250430 10:17:28,10:17:28,15,D,2,5616.75,1745997441,0.001617723,1.617723182,2.61294495,199.0140667,139.9864989,14.02653515,19.94105019,0.079749479,1.98890855,0.078014654,0.048911883,193.8050186,27.44420317,25.52126667,3.279845971,36.12425877,1.249056837,3.457667726,2.030789134,-71.34159234,95.64955728,10.27191286,228.3848964,50,8,1,0,25598,RECT-24220-20250331-19_34_23,10063.9,425.8796,624.32,0.317850461,-0.387208687,MPF-24885-20250430-10_17_31,10090.6,245.4648462,288.7064959,0.149777197,0.5,1009.19354,2.61294495,75.57708995,14.028,0.0059,49.23086296,1440.796455,35.92620502,18.99779875,0.713219535,40.10433203,99.88216687,0.026160275,0.002972823,1.162472992,237.5260747,DARK-24886-20250430-10_17_38,188.96,188.96,0.345494464,0.433515477,0.770887321,-0.315234171,1.691255934,0.333722266,0.666277734,24885,290,283.42,205,10090.6,283.07,0.35,300,24,288.7064959,1.232356279,-5.689846717,1.097439902,0.489801889,-0.007358643,290,284.16,835,10070.9,283.06,1.1,None,None,None,None,None,None,None,None,None,None,None,None,None,1200.012667,1009.19354,0.84098574,0.161502477,2,0.5,0: Broadleaf,2,1745997441,199.0140667,199.9923667,12.46573667,11.93321667,199.0269333,12.34363333,599.9989,100.0992,0.09999962,26.41330333,25.52126667,999.9,0,0,4999.166667,0,559.3859667,-0.9782083,201.5262,202.4076,0.5325235,199.9923667,11.93321667,1.24781,1.194506333,10.18453,9.533248,1200.012667,0.9670062,0.032993757,0,245.4547667,4.99998,2997.585333,11896.79,37.52266667,38.8601,37.76846667,38.23516667,38.78933333,1155.582667,39.43,0,127.2,0,245.4648462,-2.309196592,-46.42256402,2997.582308,15,1745997383,10:16:22,1745997378,1745997383,20,0.018,0,-0.013,0.101,200,12,0.8,0.34,-0.993700475,0.238749332,0.076702445,1,245.6392941,-2.614912153,0.336695929,0,0.535888,-0.05739188,0.005929168,1,2,3,02-Mar,3.21569,2.75556,0.0533578,0.0539804,0.0801066,0.078616,28791.8,32026.2,29687.3,31981.5,38608.8,39965.5,45560.2,46918.6,2.1842,1.8808,0.196368,0,22.2841,999.9,34.5,28.1,13.1558,26.271,31.7909,1,-0.335772,0,20.3088,5.24125,11.9321,4.9756,3.284,9999,9999,9999,173.3,4.97107,1.8663,1.86929,1.86691,1.87195,1.87002,1.87408,1.87225,0,0,0,0,11111111,oooooooo,on,on,on,on,0,100,100,-0.013,0.1222,-0.140109441,0.000859946,-1.19E-06,3.87E-10,-0.010195997,-0.027663876,0.004005357,-7.26E-05,2,2149,0,22,1.2,1.1,0.603027,2.33643,1.59424,2.33643,1.49292,2.45239,32.1564,24.2451,18,536.914,484.881,24.7632,23.4257,30.0004,23.1639,23.1372,12.1201,-30,-30,-999.9,200,0,100.509,100.408
220,1745997544,1896.4,20250430 10:19:04,10:19:04,15,D,2,5616.75,1745997536,0.001368138,1.368137874,1.289964723,149.4955161,113.6380849,11.38647743,14.97937353,0.066635552,1.989076047,0.065419776,0.040994745,193.8040782,27.51063509,25.62998065,3.301080787,36.30034462,1.253209811,3.452335848,2.047870976,-60.33488024,81.19458825,8.722449774,223.386236,49,8,1,0,25660,RECT-24220-20250331-19_34_23,10063.9,425.8796,624.32,0.317850461,-0.387208687,MPF-24887-20250430-10_19_06,10087.2,240.7922308,282.9923124,0.149120947,0.5,1009.18859,1.289964723,75.24557914,14.028,0.0059,49.00631206,1235.460785,40.99357503,18.99779875,0.713219535,30.13791269,83.50017221,0.015448647,0.001661903,1.206137668,233.6446591,DARK-24888-20250430-10_19_13,185.44,185.44,0.344717182,0.43258925,0.777724407,-0.295338251,1.720051399,0.333147586,0.666852414,24887,290,276.43,285,10087.2,276.01,0.42,300,24,282.9923124,0.939837042,-7.041291488,0.837142532,0.716446054,-0.007360856,290,276.86,875,10072.6,276,0.86,None,None,None,None,None,None,None,None,None,None,None,None,None,1200.006774,1009.18859,0.840985744,0.161502487,2,0.5,0: Broadleaf,2,1745997536,149.4955161,149.9936774,12.50714839,12.05680968,149.5961613,12.38303548,600.0045484,100.0994839,0.099999797,26.38714516,25.62998065,999.9,0,0,4999.83871,0,927.3531935,-0.498199387,151.3889355,151.8242903,0.450344226,149.9936774,12.05680968,1.251959677,1.206881613,10.23419677,9.686696129,1200.006774,0.967002645,0.032997406,0,240.8071613,4.99998,2931.33129,11896.73226,36.54012903,38.01996774,36.82641935,37.34854839,37.93322581,1155.576774,39.43,0,93.60000014,0,240.7922308,-0.836512819,-23.49538461,2931.058462,15,1745997510,10:18:29,1745997506,1745997510,21,-0.064,0.001,-0.101,0.106,150,12,1.08,0.44,-0.4956218,0.103193246,0.069393421,1,240.8600588,-0.950404886,0.183797353,1,0.452400525,-0.049363013,0.005015596,1,3,3,03-Mar,3.21556,2.75549,0.0413345,0.0417327,0.080285,0.0792033,29154.7,32439.1,29684.5,31979.7,38597.7,39937.5,45556.2,46916.6,2.1846,1.8786,0.200123,0,22.3557,999.9,34.7,28.2,13.3091,26.2711,31.5745,1,-0.329959,0,20.3105,5.24125,11.9321,4.9756,3.2842,9999,9999,9999,173.3,4.97104,1.86633,1.86932,1.86694,1.87195,1.87002,1.87408,1.87225,0,0,0,0,11111111,oooooooo,on,on,on,on,0,100,100,-0.1,0.1242,-0.204106365,0.000859946,-1.19E-06,3.87E-10,-0.009701118,-0.027663876,0.004005357,-7.26E-05,2,2149,0,22,0.6,0.6,0.491943,2.35474,1.59424,2.33643,1.49292,2.39746,32.2005,24.2539,18,537.856,484.079,24.8133,23.4947,30.0005,23.2362,23.2093,9.88549,-30,-30,-999.9,150,0,100.5,100.403
221,1745997674,2025.9,20250430 10:21:13,10:21:13,15,D,2,5616.75,1745997666,0.001034649,1.034649003,0.128650814,99.92588065,92.47459576,9.265674503,10.01227069,0.049577755,1.989832635,0.048901602,0.030623483,193.7985179,27.7198166,25.77310645,3.329220258,36.24906765,1.257801035,3.469885205,2.071419222,-45.62802104,75.09344596,8.073227323,231.3371702,47,8,1,0,25652,RECT-24220-20250331-19_34_23,10063.9,425.8796,624.32,0.317850461,-0.387208687,MPF-24889-20250430-10_21_15,10080.1,236.1676538,274.3692201,0.139234154,0.5,1009.159326,0.128650814,70.25472256,14.028,0.0059,45.62332044,994.6921278,42.25583905,18.99779875,0.713219535,23.53975569,68.93484007,0.001866267,0.000511177,1.275473902,227.7353155,DARK-24890-20250430-10_21_23,188.21,188.21,0.314026552,0.443383381,0.802436954,-0.252138278,1.763505717,0.353347229,0.646652771,24889,290,267.97,225,10080.1,267.75,0.22,300,24,274.3692201,1.343095421,-6.66968538,1.194921094,0.526669805,-0.007354226,290,268.16,655,10067.6,267.74,0.42,None,None,None,None,None,None,None,None,None,None,None,None,None,1199.971935,1009.159326,0.840985773,0.161502542,2,0.5,0: Broadleaf,2,1745997666,99.92588065,100.0032258,12.55328387,12.21273548,100.0133129,12.42746452,600.0091613,100.0969677,0.10000449,26.47310968,25.77310645,999.9,0,0,5003.064516,0,904.0443548,-0.077303692,101.196129,101.2396452,0.340543903,100.0032258,12.21273548,1.256545484,1.222458387,10.28889677,9.87789,1199.971935,0.967006742,0.03299349,0,236.1616452,4.99998,2905.105161,11896.39355,38.85864516,41.47158065,39.19129032,41.18525806,40.85864516,1155.541935,39.43,0,127.4000001,0,236.1676538,-1.927965811,-5.629401706,2905.106154,15,1745997607,10:20:07,1745997607,1745997606,22,0.042,0,-0.087,0.111,100,12,0.9,0.19,-0.07144107,-0.029406912,0.059691283,1,236.2487353,-2.259419404,0.305306048,0,0.342725317,-0.049380815,0.005289071,1,2,3,02-Mar,3.2156,2.75509,0.0283747,0.0286097,0.0804852,0.0799207,29545.9,32879.7,29681.6,31976.2,38585.5,39902.1,45551.9,46912.9,2.1864,1.8778,0.204533,0,22.4275,999.9,34.9,28.3,13.4639,26.2111,31.7067,1,-0.324512,0,20.3107,5.24125,11.9321,4.9756,3.2842,9999,9999,9999,173.4,4.97107,1.8663,1.86932,1.86694,1.87189,1.87006,1.87408,1.87225,0,0,0,0,11111111,oooooooo,on,on,on,on,0,100,100,-0.088,0.1259,-0.161970466,0.000859946,-1.19E-06,3.87E-10,-0.009695836,-0.027663876,0.004005357,-7.26E-05,2,2149,0,22,1.1,1.1,0.377197,2.3584,1.59424,2.33643,1.49292,2.45239,32.2887,24.2626,18,539.807,484.353,24.8623,23.5757,30.0003,23.3225,23.2952,7.62452,-30,-30,-999.9,100,0,100.49,100.394
222,1745997756,2107.9,20250430 10:22:35,10:22:35,15,D,2,5616.75,1745997748,0.000875852,0.875852293,-0.677494914,50.21484194,74.44201895,7.45861381,5.031205747,0.041545905,1.989437082,0.041069859,0.025710978,193.8040854,27.87179564,25.86273226,3.346947765,36.095363,1.259344337,3.488936619,2.087603428,-38.62508612,75.42899849,8.118340668,238.7263384,47,8,1,0,25584,RECT-24220-20250331-19_34_23,10063.9,425.8796,624.32,0.317850461,-0.387208687,MPF-24891-20250430-10_22_37,10081.3,234.31324,269.8917082,0.131824977,0.5,1009.184197,-0.677494914,66.51784174,14.028,0.0059,43.08810163,824.0085965,42.94520314,18.99779875,0.713219535,19.18744205,55.2545769,-0.012261336,-0.000287644,1.313224086,224.6419372,DARK-24892-20250430-10_22_45,185.35,185.35,0.313243074,0.42083924,0.807408916,-0.228084807,1.786069227,0.332898615,0.667101385,24891,290,264.17,275,10081.3,264.32,-0.15,300,24,269.8917082,1.23812768,-5.618225069,1.102111861,0.481351316,-0.007355891,290,264.87,725,10069.7,264.31,0.56,None,None,None,None,None,None,None,None,None,None,None,None,None,1200.000968,1009.184197,0.840986152,0.161503274,2,0.5,0: Broadleaf,2,1745997748,50.21484194,50.00367097,12.56910968,12.28082903,50.30265484,12.44315806,600.0011613,100.0935806,0.100018555,26.56600323,25.86273226,999.9,0,0,5001.612903,0,868.5332581,0.211188806,50.85402903,50.62538065,0.28827771,50.00367097,12.28082903,1.258085806,1.229232903,10.30725484,9.960369032,1200.000968,0.966991129,0.033008784,0,234.2722258,4.99998,2880.637097,11896.62258,38.67109677,40.29812903,38.81222581,39.92112903,39.92516129,1155.554839,39.44612903,0,80,0,234.31324,-0.372846146,-10.72000001,2880.474,15,1745997733,10:22:13,1745997733,1745997733,23,0.034,0,-0.088,0.115,50,12,0.99,0.35,0.225330268,-0.193013247,0.055864901,1,234.2985588,0.00151261,0.172353807,1,0.284976073,0.053327415,0.029297543,1,3,3,03-Mar,3.21601,2.75536,0.0145763,0.0146036,0.0805371,0.0802087,29968.7,33357,29684.4,31978.8,38586.3,39891.9,45555.7,46916.2,2.1864,1.8762,0.209898,0,22.3916,999.9,35,28.3,13.5034,26.1912,31.4784,1,-0.324268,0,20.3089,5.24125,11.9321,4.9756,3.284,9999,9999,9999,173.4,4.97107,1.8663,1.86935,1.86697,1.87195,1.87006,1.87408,1.87225,0,0,0,0,11111111,oooooooo,on,on,on,on,0,100,100,-0.088,0.126,-0.128117733,0.000859946,-1.19E-06,3.87E-10,-0.010154874,-0.027663876,0.004005357,-7.26E-05,2,2149,0,22,0.4,0.4,0.264893,2.38525,1.59424,2.33643,1.49292,2.45605,32.3328,24.2539,18,540.11,483.569,24.8977,23.5984,30,23.354,23.3265,5.35989,-30,-30,-999.9,50,0,100.499,100.402
223,1745997844,2196.5,20250430 10:24:04,10:24:04,15,D,2,5616.75,1745997836,0.000768112,0.768111843,4.223643139,418.5217097,221.1790708,22.15984609,41.93152923,0.036552573,1.98923125,0.036183494,0.022647533,193.8053138,27.8534803,25.80150968,3.334829366,36.14443897,1.256715516,3.476926332,2.07811385,-33.87373226,75.71213548,8.144766952,243.788484,47,8,1,0,25528,RECT-24220-20250331-19_34_23,10063.9,425.8796,624.32,0.317850461,-0.387208687,MPF-24893-20250430-10_24_06,10094.1,233.1117692,276.2933089,0.156288764,0.5,1009.195094,4.223643139,78.86292671,14.028,0.0059,51.45894405,1727.922851,31.71149336,18.99779875,0.713219535,54.48885146,166.6902193,0.025338278,0.004568841,1.259627649,229.0593452,DARK-24894-20250430-10_24_13,182.27,182.27,0.340302519,0.459264199,0.787301643,-0.288673108,1.753809663,0.359098495,0.640901505,24893,290,269.86,175,10094.1,269.25,0.61,300,24,276.2933089,1.236357878,-7.105823438,1.101097658,0.597968993,-0.007359157,290,269.75,755,10074,269.24,0.51,None,None,None,None,None,None,None,None,None,None,None,None,None,1200.014516,1009.195094,0.840985738,0.161502475,2,0.5,0: Broadleaf,2,1745997836,418.5217097,420.0368065,12.54337097,12.29053548,418.4768387,12.41923871,599.9768065,100.0896129,0.100002742,26.50749355,25.80150968,999.9,0,0,5000.967742,0,864.3880645,-1.515035161,423.8380645,425.2635161,0.252828194,420.0368065,12.29053548,1.255461613,1.230154839,10.27598065,9.971583548,1200.014516,0.967003613,0.032996394,0,233.0975484,4.99998,2851.586452,11896.81935,37.39083871,38.84048387,37.64483871,38.19535484,38.69941935,1155.584516,39.43,0,86.60000014,0,233.1117692,-0.085606835,-11.81641026,2851.462692,15,1745997822,10:23:41,1745997822,1745997818,24,-0.007,-0.001,0.045,0.115,420,12,2.05,0.51,-1.5336415,0.258364503,0.103881008,1,233.1107353,0.263850274,0.204132355,1,0.25524355,-0.051829238,0.00586864,1,3,3,03-Mar,3.21588,2.75524,0.0978609,0.0986483,0.0804062,0.0802467,27436.6,30512.3,29686.6,31980.7,38595.8,39893.6,45558.9,46919,2.1864,1.8766,0.213981,0,22.2672,999.9,34.9,28.4,13.5449,26.1894,31.6346,1,-0.325,0,20.3092,5.24125,11.9321,4.9756,3.284,9999,9999,9999,173.4,4.9711,1.86633,1.86935,1.86694,1.87195,1.87009,1.87408,1.87225,0,0,0,0,11111111,oooooooo,on,on,on,on,0,100,100,0.045,0.1241,-0.135426869,0.000859946,-1.19E-06,3.87E-10,-0.011062266,-0.027663876,0.004005357,-7.26E-05,2,2149,0,22,0.4,0.4,1.07178,2.33765,1.59424,2.33643,1.49292,2.42676,32.3991,24.2539,18,540.186,483.913,24.9106,23.5936,29.9999,23.3619,23.3344,21.5169,-30,-30,-999.9,420,0,100.506,100.408
224,1745997926,2278,20250430 10:25:25,10:25:25,15,D,2,5616.75,1745997918,0.000706064,0.706063618,5.631384007,598.0070333,312.4354006,31.3017677,59.9121521,0.033619953,1.991801343,0.033307848,0.020845205,193.803407,27.81342383,25.7749,3.329574206,36.20896214,1.254397768,3.464329529,2.075176439,-31.13740554,72.05725531,7.738166495,242.4614233,46,8,1,0,25683,RECT-24220-20250331-19_34_23,10063.9,425.8796,624.32,0.317850461,-0.387208687,MPF-24895-20250430-10_25_28,10099.9,232.7649231,281.345424,0.172672085,0.5,1009.18286,5.631384007,87.12885426,14.028,0.0059,57.06487083,2048.374942,31.68645666,18.99779875,0.713219535,64.64512468,247.7902759,0.022726412,0.005963828,1.219051553,232.5209147,DARK-24896-20250430-10_25_35,180.85,180.85,0.357195872,0.48341008,0.77338845,-0.336117743,1.728350557,0.375592301,0.624407699,24895,290,272.13,135,10099.9,272.32,-0.19,300,24,281.345424,1.299479588,-9.11632141,1.157525429,0.688980911,-0.007361137,290,272.78,825,10074.1,272.3,0.48,None,None,None,None,None,None,None,None,None,None,None,None,None,1199.999667,1009.18286,0.84098595,0.161502884,2,0.5,0: Broadleaf,2,1745997918,598.0070333,600.0248667,12.52064333,12.28824,597.9478667,12.39521667,600.0114,100.0863333,0.100033647,26.44593667,25.7749,999.9,0,0,5011.666667,0,872.6301,-2.017781333,605.5894667,607.4899,0.2324041,600.0248667,12.28824,1.253146,1.229885,10.24835667,9.968302,1199.999667,0.9670002,0.032999877,0,232.7861667,4.99998,2837.841333,11896.64333,36.4539,38.0143,36.75393333,37.38306667,37.88943333,1155.561667,39.438,0,79.39999986,0,232.7649231,0.035692297,-4.055042728,2837.871154,15,1745997903,10:25:02,1745997902,1745997903,25,0.022,0.002,0.059,0.117,600,12,1.46,0.39,-2.028309756,0.241575261,0.132937661,1,232.8107941,-0.1877311,0.247253594,1,0.229763098,0.052174767,0.013416222,1,3,3,03-Mar,3.21547,2.75518,0.126823,0.127767,0.0802604,0.080161,26558.6,29530.6,29689.2,31984.4,38607,39903.1,45564.4,46925.2,2.1878,1.8776,0.219136,0,22.1675,999.9,34.9,28.4,13.5447,26.2494,31.7748,1,-0.32872,0,20.3109,5.24125,11.9321,4.9752,3.284,9999,9999,9999,173.4,4.9711,1.86633,1.86932,1.86701,1.87192,1.87009,1.87408,1.87225,0,0,0,0,11111111,oooooooo,on,on,on,on,0,100,100,0.059,0.1251,-0.113357501,0.000859946,-1.19E-06,3.87E-10,-0.008847352,-0.027663876,0.004005357,-7.26E-05,2,2149,0,22,0.4,0.4,1.42944,2.323,1.59424,2.33643,1.49292,2.46094,32.4433,24.2539,18,540.91,484.458,24.9087,23.5639,29.9999,23.3461,23.3207,28.66,-30,-30,-999.9,600,0,100.517,100.42
225,1745998008,2360,20250430 10:26:47,10:26:47,15,D,2,5616.66,1745998000,0.000642802,0.642802362,7.030762932,797.5045806,406.2798645,40.70447112,79.90059319,0.030557755,1.988860061,0.030299302,0.018960102,193.8012703,27.81349729,25.75762903,3.326167226,36.11261326,1.249197918,3.459173417,2.076969308,-28.34758418,71.09500983,7.644492116,244.1931881,45,7,1,0,25596,RECT-24220-20250331-19_34_23,10063.9,425.8796,624.32,0.317850461,-0.387208687,MPF-24897-20250430-10_26_50,10093.7,232.54404,284.6800585,0.18313899,0.5,1009.171256,7.030762932,92.40930246,14.028,0.0059,60.64636099,2329.096324,29.67043112,18.99779875,0.713219535,78.498904,327.7809605,0.021449577,0.007350558,1.193058423,234.7939187,DARK-24898-20250430-10_26_57,180.44,180.44,0.366165649,0.500153388,0.765161624,-0.369236457,1.711546346,0.388088542,0.611911458,24897,290,275.53,125,10093.7,274.69,0.84,300,24,284.6800585,1.222538387,-10.08439745,1.088105737,0.754155188,-0.007356833,290,274.43,845,10065.4,274.66,-0.23,None,None,None,None,None,None,None,None,None,None,None,None,None,1199.985806,1009.171256,0.840985994,0.161502969,2,0.5,0: Broadleaf,2,1745998000,797.5045806,800.0190968,12.46850645,12.25690645,797.4088065,12.34344839,599.9882581,100.0882258,0.100030319,26.42068387,25.75762903,999.9,0,0,4999.516129,0,897.1439677,-2.514494839,807.573871,809.9465484,0.211612355,800.0190968,12.25690645,1.247950968,1.226771613,10.18621613,9.930451613,1199.985806,0.966998935,0.033001406,0,232.5550968,4.99998,2852.841613,11896.49677,37.96548387,40.4816129,38.35858065,39.87474194,39.96554839,1155.548065,39.43935484,0,80,0,232.54404,-0.200153834,2.3230769,2852.8424,15,1745997984,10:26:24,1745997984,1745997984,26,0.082,0.002,0.095,0.118,800,12,1.9,0.38,-2.518472927,0.158022648,0.139344495,1,232.6132941,-0.604064165,0.277873705,1,0.212256024,-0.014752662,0.002542716,1,3,3,03-Mar,3.21582,2.75523,0.154273,0.155303,0.080031,0.0800559,25728.7,28602,29693.9,31987.4,38623.5,39911.6,45571.9,46929.3,2.1898,1.8788,0.221342,0,22.1099,999.9,34.7,28.5,13.5442,26.1394,31.7228,1,-0.33439,0,20.3105,5.24245,11.9321,4.976,3.284,9999,9999,9999,173.5,4.9711,1.8664,1.86935,1.86694,1.87195,1.87006,1.87408,1.87222,0,0,0,0,11111111,oooooooo,on,on,on,on,0,100,100,0.096,0.1248,-0.031272408,0.000859946,-1.19E-06,3.87E-10,-0.007233355,-0.027663876,0.004005357,-7.26E-05,2,2149,0,22,0.4,0.4,1.80786,2.31201,1.59424,2.33643,1.49292,2.4353,32.4654,24.2539,18,541.803,484.936,24.8995,23.5125,29.9997,23.3088,23.2854,36.2389,-30,-30,-999.9,800,0,100.533,100.429
226,1745998089,2441.5,20250430 10:28:09,10:28:09,15,D,2,5616.66,1745998081,0.000614875,0.614874846,8.020737041,997.1094194,528.0677082,52.90529639,99.89698014,0.029161729,1.989627228,0.028926343,0.018099954,193.8118669,27.87285629,25.74599677,3.32387429,35.82264102,1.242787024,3.469278055,2.081087266,-27.11598069,77.67527368,8.350400576,252.7215604,44,7,1,0,25648,RECT-24220-20250331-19_34_23,10063.9,425.8796,624.32,0.317850461,-0.387208687,MPF-24899-20250430-10_28_11,10077,232.6046154,288.610388,0.194053211,0.5,1009.230736,8.020737041,97.92223258,14.028,0.0059,64.38091052,2550.503176,29.44508422,18.99779875,0.713219535,86.61898051,441.4487277,0.018169125,0.008331044,1.1631931,237.4610176,DARK-24900-20250430-10_28_18,179.69,179.69,0.377395938,0.514189984,0.755031401,-0.40799952,1.691740251,0.39721825,0.60278175,24899,290,277.87,295,10077,277.65,0.22,300,24,288.610388,1.158530974,-11.0455161,1.030859387,0.803932921,-0.007354131,290,277.72,885,10061.4,277.63,0.09,None,None,None,None,None,None,None,None,None,None,None,None,None,1200.057097,1009.230736,0.840985598,0.161502205,2,0.5,0: Broadleaf,2,1745998081,997.1094194,999.9873226,12.40472581,12.2023129,996.9097419,12.2838129,600.0086774,100.0865806,0.099996877,26.47014194,25.74599677,999.9,0,0,5002.741935,0,875.4610968,-2.877747419,1009.633548,1012.339677,0.202421806,999.9873226,12.2023129,1.241547742,1.221288065,10.10930645,9.863611935,1200.057097,0.967007903,0.032992348,0,232.6202903,4.99998,2870.125806,11897.25161,39.38070968,41.92912903,39.58645161,41.8323871,41.26993548,1155.63129,39.42580645,0,79.39999986,0,232.6046154,0.315692299,-7.843076914,2870.061923,15,1745998063,10:27:42,1745998063,1745998063,27,0.17,-0.002,0.198,0.114,1000,12,1.69,0.44,-2.90425825,0.306104128,0.135707848,1,232.6401471,-0.838273504,0.299244355,1,0.203306125,-0.011267854,0.002635384,1,3,3,03-Mar,3.21525,2.75519,0.178304,0.179429,0.0797523,0.0798004,25003.9,27789.9,29699.8,31991.4,38643.6,39927.8,45581.1,46934.6,2.1912,1.8808,0.228137,0,21.987,999.9,34.6,28.5,13.5074,26.2095,31.7468,1,-0.339614,0,20.3091,5.24125,11.9285,4.9756,3.284,9999,9999,9999,173.5,4.97107,1.8663,1.86929,1.86691,1.87195,1.87002,1.87408,1.87222,0,0,0,0,11111111,oooooooo,on,on,on,on,0,100,100,0.199,0.1207,0.138583879,0.000859946,-1.19E-06,3.87E-10,-0.009131599,-0.027663876,0.004005357,-7.26E-05,2,2149,0,22,0.4,0.4,2.17041,2.30591,1.59424,2.33643,1.49292,2.46216,32.4875,24.2539,18,542.226,485.88,24.8857,23.4553,29.9999,23.2617,23.2424,43.4978,-30,-30,-999.9,1000,0,100.553,100.441
227,1745998173,2525.5,20250430 10:29:33,10:29:33,15,D,2,5616.75,1745998165,0.00057188,0.571879613,9.040243042,1196.751935,630.0794949,63.12579035,119.8990165,0.027175237,1.991049332,0.026970851,0.016875017,193.8030485,27.87752728,25.6977871,3.314385972,35.71574734,1.238325531,3.46716959,2.076060441,-25.21989095,81.7990338,8.784863067,259.1670544,45,7,1,0,25591,RECT-24220-20250331-19_34_23,10063.9,425.8796,624.32,0.317850461,-0.387208687,MPF-24901-20250430-10_29_35,10094.5,234.2204615,293.8333242,0.202879856,0.5,1009.183171,9.040243042,102.3714684,14.028,0.0059,67.40114833,2762.828005,28.38729802,18.99779875,0.713219535,97.32620563,532.7532893,0.016968911,0.009341666,1.124741983,240.9854144,DARK-24902-20250430-10_29_42,181.9,181.9,0.380941558,0.532574754,0.746997595,-0.451454327,1.665420327,0.413607535,0.586392465,24901,290,282.95,155,10094.5,282.47,0.48,300,24,293.8333242,1.234629773,-11.47325297,1.099350126,0.795498567,-0.007357912,290,282.46,755,10072,282.44,0.02,None,None,None,None,None,None,None,None,None,None,None,None,None,1200.000323,1009.183171,0.84098575,0.161502497,2,0.5,0: Broadleaf,2,1745998165,1196.751935,1199.993548,12.36013871,12.17186452,1196.733548,12.24164516,599.9878065,100.0870323,0.099993129,26.45983226,25.6977871,999.9,0,0,5008.548387,0,887.2266774,-3.242076774,1211.729677,1214.78,0.188273194,1199.993548,12.17186452,1.237088387,1.218245806,10.05552258,9.8264,1200.000323,0.967004774,0.032995203,0,234.2392258,4.99998,2871.675484,11896.67742,38.06629032,39.55009677,38.25977419,38.99367742,39.30822581,1155.570323,39.43,0,81.79999995,0,234.2204615,-0.266598291,-12.79008547,2871.629615,15,1745998151,10:29:10,1745998151,1745998143,28,-0.113,-0.001,0.017,0.112,1200,12,2.05,0.35,-3.24850425,0.177774822,0.157284036,1,234.2009118,0.207532467,0.246801107,1,0.187318575,0.014765707,0.003676612,1,3,3,03-Mar,3.21612,2.75545,0.199838,0.201021,0.0795665,0.0796652,24352.2,27061.5,29702.4,31992.8,38655.6,39935.5,45585.6,46936.2,2.1916,1.8812,0.230223,0,21.9073,999.9,34.4,28.6,13.5076,26.3295,31.4623,1,-0.344512,0,20.3085,5.24125,11.9321,4.9752,3.2842,9999,9999,9999,173.5,4.97107,1.86636,1.86932,1.86691,1.87195,1.87002,1.87408,1.87225,0,0,0,0,11111111,oooooooo,on,on,on,on,0,100,100,0.02,0.1184,0.025673066,0.000859946,-1.19E-06,3.87E-10,-0.009956601,-0.027663876,0.004005357,-7.26E-05,2,2149,0,22,0.4,0.5,2.51831,2.30713,1.59424,2.33643,1.49292,2.36328,32.4875,24.2451,18,542.003,485.688,24.8754,23.3943,29.9999,23.2127,23.1936,50.4745,-30,-30,-999.9,1200,0,100.563,100.445
228,1745998250,2602.5,20250430 10:30:50,10:30:50,15,D,2,5616.75,1745998242,0.000548565,0.548565004,10.43190603,1496.288667,814.0235726,81.55461006,149.9087285,0.026112171,1.989450889,0.025923253,0.016218893,193.803044,27.82858752,25.65871,3.306712439,35.73450266,1.23469336,3.455185515,2.07201908,-24.19171668,79.62846224,8.554426854,257.7942165,44,7,1,0,25656,RECT-24220-20250331-19_34_23,10063.9,425.8796,624.32,0.317850461,-0.387208687,MPF-24903-20250430-10_30_52,10090.4,236.69724,300.0993749,0.211270466,0.5,1009.1804,10.43190603,106.6050069,14.028,0.0059,70.27218683,3028.879683,25.69168457,18.99779875,0.713219535,117.8933859,696.1301867,0.014985568,0.010720694,1.080377542,245.1840752,DARK-24904-20250430-10_30_59,179.15,179.15,0.403031079,0.524203907,0.728307445,-0.50407077,1.63384384,0.396756337,0.603243663,24903,290,288.32,245,10090.4,288.02,0.3,300,24,300.0993749,1.536980538,-12.19201276,1.369134871,0.739042807,-0.007360546,290,288.2,835,10074.2,288,0.2,None,None,None,None,None,None,None,None,None,None,None,None,None,1199.996667,1009.1804,0.840986003,0.161502985,2,0.5,0: Broadleaf,2,1745998242,1496.288667,1500.039333,12.32388333,12.14329333,1496.155,12.20399667,600.0382667,100.0869667,0.100070667,26.40113,25.65871,999.9,0,0,5002,0,896.3381,-3.750044333,1514.959,1518.478667,0.1805825,1500.039333,12.14329333,1.233459667,1.215385333,10.01162667,9.79135,1199.996667,0.9669992,0.033000863,0,236.7150333,4.99998,2887.911333,11896.63,36.9727,38.42273333,37.24763333,37.76433333,38.30606667,1155.556667,39.44,0,75,0,236.69724,0.287307686,-19.63999997,2887.7124,15,1745998227,10:30:27,1745998227,1745998227,29,0.182,0.003,0.134,0.114,1500,12,1.44,0.47,-3.7486935,0.086994146,0.1766921,1,236.7837647,-0.850053479,0.226661325,1,0.180527975,0.001239118,0.001715962,1,3,3,03-Mar,3.21529,2.75532,0.228584,0.229812,0.0793907,0.0795576,23483.1,26091.4,29706.8,31995.8,38668.5,39945.9,45591.7,46942.4,2.193,1.8828,0.231862,0,21.8537,999.9,34.3,28.6,13.4669,26.2295,31.5986,1,-0.348821,0,20.3085,5.24245,11.9321,4.9744,3.284,9999,9999,9999,173.5,4.97104,1.8663,1.86935,1.86694,1.87195,1.87002,1.87408,1.87225,0,0,0,0,11111111,oooooooo,on,on,on,on,0,100,100,0.14,0.1197,0.208358338,0.000859946,-1.19E-06,3.87E-10,-0.007143822,-0.027663876,0.004005357,-7.26E-05,2,2149,0,22,0.4,0.4,3.01758,2.29614,1.59424,2.33521,1.49292,2.45239,32.5318,24.2539,18,542.426,486.326,24.8592,23.3432,29.9999,23.1659,23.1469,60.4631,-30,-30,-999.9,1500,0,100.577,100.457
,,,,,,,,,,,,,,,,,,,,,,,,,,,,,,,,,,,,,,,,,,,,,,,,,,,,,,,,,,,,,,,,,,,,,,,,,,,,,,,,,,,,,,,,,,,,,,,,,,,,,,,,,,,,,,,,,,,,,,,,,,,,,,,,,,,,,,,,,,,,,,,,,,,,,,,,,,,,,,,,,,,,,,,,,,,,,,,,,,,,,,,,,,,,,,,,,,,,,,,,,,,,,,,,,,,,,,,,,,,,,,,,,,,,,,,,,,,,,,,,,,,,,,,,,,,,,,,,,,,,,,,,,,,,,,,,,,,,,,,,,,,,,,,,,,,,,,
229,1745999145,3497.5,20250430 10:45:45,10:45:45,15,D,3,5616.75,1745999137,0.001395796,1.395795762,7.846258291,417.1861,221.4439598,22.18213999,41.78971728,0.068893797,1.989249656,0.067595198,0.042361634,193.7992192,27.29143776,25.5857,3.292417112,37.27524573,1.271080807,3.409986392,2.021336305,-61.55459309,63.53338623,6.815900288,202.5939126,1,0,1,0,25551,RECT-24220-20250331-19_34_23,10063.9,425.8796,624.32,0.317850461,-0.387208687,MPF-24907-20250430-10_45_47,10080.8,314.9584615,370.5473404,0.150018291,0.5,1009.16302,7.846258291,75.69645596,14.028,0.0059,49.31335877,2237.735163,15.07544746,18.99779875,0.713219535,148.4357375,73.0082223,0.107470885,0.008158709,0.684858942,290.2716093,DARK-24908-20250430-10_45_54,219.69,219.69,0.407120289,0.368486404,0.627172132,-1.004637788,1.278835658,0.25702684,0.74297316,24907,290,358.99,215,10080.8,358.83,0.16,300,24,370.5473404,1.516275027,-11.81213449,1.348974377,0.73250338,-0.007354093,290,358.97,845,10060.9,358.81,0.16,None,None,None,None,None,None,None,None,None,None,None,None,None,1199.976333,1009.16302,0.840985769,0.161502535,2,0.5,0: Broadleaf,2,1745999137,417.1861,419.9956333,12.68918,12.22981667,417.1499,12.55706667,599.9975,100.0704667,0.09997831,26.17811667,25.5857,999.9,0,0,5002,0,921.9734667,-2.809543,422.5479,425.1956333,0.4593551,419.9956333,12.22981667,1.269812667,1.223845333,10.44622667,9.894807667,1199.976333,0.9670068,0.03299346,0,315.0616,4.99998,3848.567,11896.45333,38.93306667,41.5164,39.3206,41.16226667,40.8664,1155.546667,39.43,0,795,0,314.9584615,-20.40717946,-233.2752134,3847.473077,15,1745999072,10:44:32,1745999071,1745999072,31,0.009,-0.002,0.037,0.115,420,12,1.58,0.41,-2.818114,0.204646154,0.075282768,1,316.2900882,-22.17379679,2.1835439,0,0.459654775,-0.0102506,0.0024291,1,2,3,02-Mar,3.21527,2.75502,0.0976582,0.0986836,0.081092,0.0799461,27470.5,30531.2,29715.4,32000.7,38605.3,39933.4,45606.7,46950.1,2.2686,1.8764,0.245869,0,21.5581,999.9,33.9,29,13.6235,26.1199,31.8229,1,-0.349207,0,20.3103,5.24245,11.9321,4.9756,3.284,9999,9999,9999,173.8,4.9711,1.86633,1.86935,1.86694,1.87195,1.87002,1.87408,1.87225,0,0,0,0,11111111,oooooooo,on,on,on,on,0,100,100,0.036,0.132,-0.143910674,0.000859946,-1.19E-06,3.87E-10,-0.008377142,-0.027663876,0.004005357,-7.26E-05,2,2149,0,22,1.2,1.2,1.073,2.31812,1.59424,2.33521,1.49292,2.44141,32.8202,24.2539,18,591.329,481.846,24.733,23.3393,29.9996,23.1483,23.1294,21.5288,-30,-30,-999.9,420,0,100.608,100.473
230,1745999275,3627,20250430 10:47:54,10:47:54,15,D,3,5616.75,1745999267,0.00127164,1.271640425,4.576934793,298.3376333,171.69103,17.19951709,29.88661216,0.062518813,1.988558592,0.061447042,0.038499165,193.8050718,27.29929874,25.54477667,3.284427976,36.9842516,1.258277359,3.402197705,2.026150617,-56.07934274,63.75074411,6.838862158,208.3153354,1,0,1,0,25557,RECT-24220-20250331-19_34_23,10063.9,425.8796,624.32,0.317850461,-0.387208687,MPF-24909-20250430-10_47_57,10090.7,287.3152308,332.0997155,0.134852524,0.5,1009.19382,4.576934793,68.04616677,14.028,0.0059,44.12404585,1642.270041,22.96342854,18.99779875,0.713219535,71.51676147,100.1742685,0.045689725,0.00491892,0.879917298,266.1356315,DARK-24910-20250430-10_48_04,210.87,210.87,0.365040107,0.369418377,0.706785063,-0.477548944,1.472584637,0.271128172,0.728871828,24909,290,326.45,205,10090.7,325.65,0.8,300,24,332.0997155,1.196864186,-6.508936388,1.065848965,0.571164619,-0.007358385,290,326.51,725,10074.3,325.64,0.87,None,None,None,None,None,None,None,None,None,None,None,None,None,1200.013,1009.19382,0.840985739,0.161502477,2,0.5,0: Broadleaf,2,1745999267,298.3376333,299.9897667,12.56052333,12.14196,298.2691,12.43309667,599.9894667,100.0771667,0.099977687,26.13942667,25.54477667,999.9,0,0,4998.833333,0,1052.166,-1.652218667,302.1325667,303.6769333,0.418561233,299.9897667,12.14196,1.257021333,1.215132,10.29457333,9.788253,1200.013,0.9670018,0.032998237,0,287.3402333,4.99998,3503.005667,11896.78,37.6206,39.18733333,37.93313333,38.42473333,38.84973333,1155.583,39.43,0,127.3999999,0,287.3152308,-4.15015384,-66.13709406,3502.815769,15,1745999207,10:46:46,1745999205,1745999207,32,0.051,0,0.069,0.114,300,12,1.03,0.3,-1.648768,0.107933133,0.069824878,1,287.5590588,-4.515385786,0.495078125,0,0.419256925,-0.024892559,0.003071503,1,2,3,02-Mar,3.21554,2.75526,0.0750895,0.0759007,0.0804788,0.0795446,28165.7,31309.3,29723.3,32006.7,38641.5,39959,45618.6,46959.5,2.2704,1.878,0.258058,0,21.304,999.9,33.7,29,13.5456,26.45,31.9511,1,-0.358171,0,20.3083,5.24125,11.9309,4.9756,3.284,9999,9999,9999,173.8,4.97107,1.8663,1.86932,1.86691,1.87195,1.87009,1.87408,1.87225,0,0,0,0,11111111,oooooooo,on,on,on,on,0,100,100,0.068,0.127,-0.092601184,0.000859946,-1.19E-06,3.87E-10,-0.008297375,-0.027663876,0.004005357,-7.26E-05,2,2149,0,22,1.2,1.1,0.821533,2.33887,1.59424,2.33521,1.49292,2.36328,32.798,24.2539,18,591.578,482.092,24.6284,23.225,29.9997,23.0587,23.0421,16.5118,-30,-30,-999.9,300,0,100.635,100.492
231,1745999404,3756.5,20250430 10:50:04,10:50:04,15,D,3,5616.75,1745999396,0.001053867,1.053867358,2.088291335,199.2281,128.241556,12.84720026,19.95861075,0.051586415,1.98891488,0.050854467,0.031848939,193.7954139,27.1708389,25.50048667,3.275800681,37.09802343,1.246616117,3.360330286,2.029184564,-46.47555047,46.06766921,4.93473556,198.3222682,1,0,1,0,25695,RECT-24220-20250331-19_34_23,10063.9,425.8796,624.32,0.317850461,-0.387208687,MPF-24911-20250430-10_50_06,10091.1,278.6981154,319.1165187,0.126657196,0.5,1009.14363,2.088291335,63.9076511,14.028,0.0059,41.31982754,1210.766086,30.11378406,18.99779875,0.713219535,40.2063747,88.0351813,0.0237211,0.00245307,0.956401387,257.7325956,DARK-24912-20250430-10_50_13,204.77,204.77,0.358322155,0.353472968,0.727454371,-0.378580338,1.538010815,0.2597099,0.7402901,24911,290,313.26,185,10091.1,312.71,0.55,300,24,319.1165187,1.086330479,-6.466677657,0.96727527,0.614830889,-0.007359125,290,312.99,865,10069.4,312.69,0.3,None,None,None,None,None,None,None,None,None,None,None,None,None,1199.953333,1009.14363,0.84098573,0.161502459,2,0.5,0: Broadleaf,2,1745999396,199.2281,199.9941667,12.4438,12.09689,199.2049333,12.31869667,600.0134,100.0797,0.09999727,25.93011667,25.50048667,999.9,0,0,5000.166667,0,1026.925333,-0.765925033,201.7385,202.4430333,0.3469073,199.9941667,12.09689,1.245371667,1.210652,10.15526,9.733189667,1199.953333,0.967004033,0.03299562,0,278.6570333,4.99998,3391.703333,11896.21,36.8706,39.208,37.42886667,38.22066667,38.73306667,1155.525667,39.42766667,0,127.3999999,0,278.6981154,-2.563794859,-15.48102566,3391.673077,15,1745999344,10:49:04,1745999336,1745999344,33,-0.011,0.002,0.024,0.113,200,12,1.25,0.49,-0.770753439,0.192292369,0.059925043,1,278.7913529,-2.383773869,0.311543962,0,0.34912978,-0.032777456,0.003957258,1,2,3,02-Mar,3.21544,2.75509,0.0534216,0.0539822,0.0799496,0.079367,28832,32058.1,29729.1,32012,38671.4,39973,45627.4,46967,2.2716,1.8792,0.26077,0,21.2193,999.9,33.5,29,13.4625,26.22,31.9952,1,-0.366524,0,20.3105,5.24125,11.9309,4.976,3.2842,9999,9999,9999,173.9,4.97107,1.86633,1.86929,1.86694,1.87195,1.87006,1.87408,1.87225,0,0,0,0,11111111,oooooooo,on,on,on,on,0,100,100,0.024,0.1247,-0.103974761,0.000859946,-1.19E-06,3.87E-10,-0.006263595,-0.027663876,0.004005357,-7.26E-05,2,2149,0,22,1.1,1,0.604248,2.35229,1.59424,2.33521,1.49292,2.37915,32.798,24.2539,18,591.343,482.001,24.5265,23.1147,29.9999,22.9618,22.9474,12.1345,-30,-30,-999.9,200,0,100.654,100.509
232,1745999521,3873,20250430 10:52:00,10:52:00,15,D,3,5616.75,1745999513,0.000854239,0.854239041,0.902400413,149.6629667,110.0219402,11.02127739,14.99225579,0.041303724,1.987536737,0.040832734,0.025562328,193.8036354,27.27788739,25.55595333,3.286608225,36.77967979,1.23826606,3.366712455,2.048342165,-37.6719417,43.526961,4.667860303,204.326515,2,0,1,0,25332,RECT-24220-20250331-19_34_23,10063.9,425.8796,624.32,0.317850461,-0.387208687,MPF-24913-20250430-10_52_03,10084.6,273.04268,310.5817417,0.12086693,0.5,1009.18626,0.902400413,60.98862265,14.028,0.0059,39.33855603,992.8917516,32.87607624,18.99779875,0.713219535,30.20104177,79.82089843,0.011305315,0.00127787,1.010163239,252.1366649,DARK-24914-20250430-10_52_10,205.92,205.92,0.336986138,0.358670333,0.749852434,-0.325583339,1.581020086,0.270497619,0.729502381,24913,290,304.45,175,10084.6,304.35,0.1,300,24,310.5817417,1.163743148,-6.288458996,1.035365326,0.568496347,-0.007353784,290,304.85,765,10063.4,304.33,0.52,None,None,None,None,None,None,None,None,None,None,None,None,None,1200.004,1009.18626,0.840985747,0.161502491,2,0.5,0: Broadleaf,2,1745999513,149.6629667,150.0063667,12.36122,12.08000667,149.7187667,12.23832,600.0281667,100.0734333,0.100017197,25.96217,25.55595333,999.9,0,0,4994.833333,0,1069.632667,-0.343482533,151.5361667,151.8407,0.281210267,150.0063667,12.08000667,1.23703,1.208888333,10.05480667,9.711448667,1200.004,0.9670076,0.032992663,0,273.0552333,4.99998,3351.495,11896.73,38.99973333,41.94973333,39.41433333,41.42266667,40.92473333,1155.574,39.43,0,114.2,0,273.04268,-0.994769244,-7.635384605,3351.4332,15,1745999465,10:51:04,1745999464,1745999465,34,-0.055,0.001,-0.056,0.113,150,12,0.89,0.44,-0.333612244,-0.088219443,0.070457749,1,273.1085588,-0.939541642,0.208306221,1,0.283055902,-0.028964969,0.003582003,1,3,3,03-Mar,3.21549,2.75498,0.0413875,0.0417852,0.0796001,0.0793168,29202.7,32474,29732.8,32013.9,38692.1,39978.2,45634.2,46970.7,2.272,1.8794,0.26539,0,21.2211,999.9,33.4,29.1,13.4998,26.4501,31.863,1,-0.371037,0,20.3079,5.24245,11.9309,4.9756,3.284,9999,9999,9999,173.9,4.97107,1.86636,1.86929,1.86697,1.87195,1.86999,1.87405,1.87225,0,0,0,0,11111111,oooooooo,on,on,on,on,0,100,100,-0.056,0.1228,-0.159274231,0.000859946,-1.19E-06,3.87E-10,-0.005419532,-0.027663876,0.004005357,-7.26E-05,2,2149,0,22,0.9,0.9,0.491943,2.35596,1.59424,2.33521,1.49292,2.41577,32.798,24.2451,18,590.901,481.532,24.4601,23.0499,30.0001,22.8953,22.8838,9.89504,-30,-30,-999.9,150,0,100.668,100.516
233,1745999607,3959.4,20250430 10:53:27,10:53:27,15,D,3,5616.75,1745999599,0.00073925,0.739250317,-0.066008124,99.99851613,99.64164083,9.980949829,10.01669748,0.035191528,1.989091667,0.034849261,0.021811262,193.8038208,27.38415948,25.68646452,3.312160968,36.55879802,1.235542425,3.37960352,2.076618544,-32.60093899,36.49099646,3.914090496,201.6079687,2,0,1,0,25623,RECT-24220-20250331-19_34_23,10063.9,425.8796,624.32,0.317850461,-0.387208687,MPF-24915-20250430-10_53_29,10091.5,270.9250385,305.9096491,0.11436256,0.5,1009.187236,-0.066008124,57.70661795,14.028,0.0059,37.11293755,803.4288557,34.52409191,18.99779875,0.713219535,23.27154203,76.3700988,-0.000864319,0.000318276,1.040864032,249.0487683,DARK-24916-20250430-10_53_36,207.53,207.53,0.321597077,0.355608207,0.76395871,-0.291611444,1.604564146,0.272397751,0.727602249,24915,290,301.64,185,10091.5,301.06,0.58,300,24,305.9096491,1.12948187,-4.889300082,1.005741031,0.457712408,-0.007357969,290,301.6,745,10072.5,301.06,0.54,None,None,None,None,None,None,None,None,None,None,None,None,None,1200.005161,1009.187236,0.840985746,0.161502489,2,0.5,0: Broadleaf,2,1745999599,99.99851613,100.0011548,12.33464516,12.09125806,99.99641613,12.21194194,599.975871,100.0684839,0.09997729,26.02675161,25.68646452,999.9,0,0,5001.451613,0,1057.225806,-0.002625988,101.2473871,101.2251613,0.243387323,100.0011548,12.09125806,1.234310323,1.209955806,10.02193871,9.724595484,1200.005161,0.967004968,0.03299499,0,270.932871,4.99998,3311.185484,11896.73226,37.83851613,39.6026129,38.12870968,38.87477419,39.04209677,1155.575161,39.43,0,84.5999999,0,270.9250385,-0.245777764,-14.63555557,3311.025769,15,1745999585,10:53:04,1745999585,1745999581,35,0.087,0.001,0.002,0.114,100,12,0.83,0.42,0.006188004,-0.169202824,0.058627109,1,270.9439118,-0.416394188,0.248102845,1,0.244342925,-0.022559178,0.004119646,1,3,3,03-Mar,3.21572,2.75539,0.0284033,0.028621,0.0794765,0.0793684,29598.1,32919.8,29732.2,32013.2,38696.9,39974.7,45633.6,46969.6,2.2712,1.8786,0.264943,0,21.3257,999.9,33.4,29.1,13.5019,26.3301,31.9912,1,-0.370711,0,20.3083,5.24125,11.9297,4.9756,3.2844,9999,9999,9999,173.9,4.97116,1.8664,1.86935,1.86697,1.87195,1.87009,1.87408,1.87225,0,0,0,0,11111111,oooooooo,on,on,on,on,0,100,100,0.002,0.1226,-0.072401828,0.000859946,-1.19E-06,3.87E-10,-0.004601939,-0.027663876,0.004005357,-7.26E-05,2,2149,0,22,0.4,0.4,0.378418,2.37183,1.59424,2.33521,1.49292,2.39746,32.8202,24.2539,18,590.182,480.836,24.4525,23.043,30.0002,22.8787,22.8665,7.62894,-30,-30,-999.9,100,0,100.667,100.513
234,1745999690,4041.9,20250430 10:54:49,10:54:49,15,D,3,5616.75,1745999682,0.000640301,0.640300941,-0.654098096,50.19232667,82.81923513,8.295450084,5.027430401,0.030204796,1.988389543,0.029952192,0.018742639,193.8020394,27.39173519,25.76879,3.328368561,36.63416564,1.235920293,3.373682113,2.092448268,-28.23727152,24.47581771,2.62694174,192.6675274,2,0,1,0,25684,RECT-24220-20250331-19_34_23,10063.9,425.8796,624.32,0.317850461,-0.387208687,MPF-24917-20250430-10_54_52,10087.5,269.9856154,304.5716413,0.113556291,0.5,1009.17786,-0.654098096,57.29924728,14.028,0.0059,36.83705423,708.8083605,36.60056848,18.99779875,0.713219535,19.36604785,63.45318728,-0.010308357,-0.000264462,1.049829713,248.1612153,DARK-24918-20250430-10_54_59,207.6,207.6,0.318386968,0.356661241,0.767297847,-0.285109289,1.611306764,0.274247476,0.725752524,24917,290,299.26,285,10087.5,299.01,0.25,300,24,304.5716413,1.328956605,-5.613225047,1.183803454,0.445364351,-0.007360276,290,299.37,665,10079.6,299,0.37,None,None,None,None,None,None,None,None,None,None,None,None,None,1199.994,1009.17786,0.840985755,0.161502507,2,0.5,0: Broadleaf,2,1745999682,50.19232667,49.98501333,12.33905,12.12825667,50.23922667,12.21496,600.0192,100.0633,0.10002645,25.99711333,25.76879,999.9,0,0,4998.833333,0,1034.035,0.20731452,50.81938,50.59868667,0.2108133,49.98501333,12.12825667,1.234688667,1.213592,10.02650667,9.769351667,1199.994,0.9670004,0.032999663,0,269.9775333,4.99998,3286.960667,11896.60333,36.80816667,38.531,37.1518,37.76636667,38.09763333,1155.564,39.43,0,80.5999999,0,269.9856154,-0.479726469,-8.062905981,3286.914615,15,1745999667,10:54:26,1745999667,1745999666,36,-0.015,0.001,-0.047,0.116,50,12,1.08,0.39,0.211363917,-0.001220939,0.062546742,1,270.0232941,-0.388785324,0.242848601,1,0.209987049,0.015479791,0.012377742,1,3,3,03-Mar,3.21547,2.7553,0.0145861,0.0146209,0.0795063,0.0795503,30018.1,33393,29730.8,32011.4,38693.2,39965,45630.9,46967.9,2.2716,1.8778,0.263333,0,21.4416,999.9,33.4,29.1,13.5024,26.4301,32.0312,1,-0.367886,0,20.3082,5.24245,11.9285,4.9752,3.2842,9999,9999,9999,173.9,4.97107,1.86633,1.86932,1.86694,1.87195,1.87012,1.87408,1.87225,0,0,0,0,11111111,oooooooo,on,on,on,on,0,100,100,-0.047,0.1242,-0.087154889,0.000859946,-1.19E-06,3.87E-10,-0.003326454,-0.027663876,0.004005357,-7.26E-05,2,2149,0,22,0.4,0.4,0.264893,2.39868,1.59424,2.33521,1.49292,2.3645,32.8647,24.2451,18,590.575,480.424,24.4648,23.0701,30.0004,22.8902,22.8799,5.3592,-30,-30,-999.9,50,0,100.661,100.509
235,1745999781,4132.9,20250430 10:56:20,10:56:20,15,D,3,5616.75,1745999773,0.000571399,0.571398621,3.676574753,418.6983333,186.8017301,18.7091457,41.93477286,0.026730284,1.988940247,0.026532301,0.016600354,193.7999951,27.41246777,25.85945667,3.346298422,36.72732751,1.238733617,3.37278452,2.107564805,-25.19867919,14.27844673,1.532716001,184.4124786,2,0,1,0,25624,RECT-24220-20250331-19_34_23,10063.9,425.8796,624.32,0.317850461,-0.387208687,MPF-24919-20250430-10_56_23,10087.7,267.9273077,310.9936652,0.138479855,0.5,1009.167461,3.676574753,69.87468161,14.028,0.0059,45.36521985,1529.010744,27.80604269,18.99779875,0.713219535,54.98843403,131.8132961,0.027892291,0.004026867,1.007500698,252.4080765,DARK-24920-20250430-10_56_30,204.53,204.53,0.342333871,0.404516954,0.746388277,-0.37486188,1.578944281,0.308799626,0.691200374,24919,290,302.09,235,10087.7,302.15,-0.06,300,24,310.9936652,1.347347688,-8.916716155,1.199776311,0.663600461,-0.007359619,290,302.6,825,10071.1,302.14,0.46,None,None,None,None,None,None,None,None,None,None,None,None,None,1199.981667,1009.167461,0.840985732,0.161502463,2,0.5,0: Broadleaf,2,1745999773,418.6983333,420.0035333,12.36815333,12.18005333,418.6065333,12.24411,600.0334667,100.0551,0.099998597,25.99261667,25.85945667,999.9,0,0,5001.5,0,1003.280833,-1.305186667,423.9416667,425.1822667,0.188102533,420.0035333,12.18005333,1.237496667,1.218674667,10.06044667,9.831662667,1199.981667,0.967004767,0.032994877,0,267.9321333,4.99998,3262.680667,11896.49333,36.67893333,39.03306667,37.21226667,38.1706,38.5456,1155.552333,39.42866667,0,89,0,267.9273077,-1.314803413,3.038974338,3262.701923,15,1745999756,10:55:55,1745999756,1745999754,37,-0.001,-0.001,0.092,0.117,420,12,1.55,0.49,-1.319454878,0.16847561,0.106621076,1,267.9882059,-0.927074099,0.219188447,1,0.18905522,-0.017825749,0.002679505,1,3,3,03-Mar,3.21553,2.75542,0.0979216,0.0987371,0.0796333,0.079782,27474,30536.9,29726.8,32007.7,38684.2,39949.6,45625.4,46960.7,2.2712,1.8772,0.258237,0,21.6184,999.9,33.4,29.1,13.5043,26.1102,31.9591,1,-0.362256,0,20.3097,5.24005,11.9309,4.9756,3.2842,9999,9999,9999,174,4.9711,1.8664,1.86935,1.86697,1.87195,1.87006,1.87408,1.87225,0,0,0,0,11111111,oooooooo,on,on,on,on,0,100,100,0.092,0.1241,-0.088568813,0.000859946,-1.19E-06,3.87E-10,-0.004499913,-0.027663876,0.004005357,-7.26E-05,2,2149,0,22,0.4,0.5,1.07422,2.34985,1.59424,2.33521,1.49292,2.37915,32.9315,24.2451,18,590.805,480.441,24.4987,23.133,30.0003,22.9366,22.9242,21.5455,-30,-30,-999.9,420,0,100.649,100.495
236,1745999867,4219.4,20250430 10:57:47,10:57:47,15,D,3,5616.57,1745999859,0.000523439,0.523439206,5.356623158,598.1183548,229.1440204,22.94849049,59.90081414,0.024307504,1.988378271,0.02414362,0.015104395,193.8052108,27.50603206,25.94845806,3.363980964,36.67993522,1.242669451,3.387872534,2.121311513,-23.08366899,12.82150654,1.377846501,184.9208949,2,0,1,0,25674,RECT-24220-20250331-19_34_23,10063.9,425.8796,624.32,0.317850461,-0.387208687,MPF-24921-20250430-10_57_49,10083.8,265.09,312.1532405,0.150769668,0.5,1009.194552,5.356623158,76.07796388,14.028,0.0059,49.57045954,1864.238814,25.29108876,18.99779875,0.713219535,73.71129139,155.432729,0.034462646,0.005691501,1.000043309,253.1713803,DARK-24922-20250430-10_57_56,201.53,201.53,0.354387609,0.425437189,0.738349439,-0.413828779,1.573100838,0.323431124,0.676568876,24921,290,301.73,205,10083.8,301.8,-0.07,300,24,312.1532405,1.075148146,-10.43594935,0.956740182,0.809498577,-0.007355624,290,301.87,885,10062.5,301.78,0.09,None,None,None,None,None,None,None,None,None,None,None,None,None,1200.013871,1009.194552,0.840985739,0.161502476,2,0.5,0: Broadleaf,2,1745999859,598.1183548,600.008129,12.40823548,12.23593226,598.079,12.28268387,600.040129,100.0487097,0.100054626,26.06806452,25.94845806,999.9,0,0,4999.516129,0,999.7676129,-1.889845806,605.6332903,607.4407419,0.172304323,600.008129,12.23593226,1.241428387,1.224189355,10.10785484,9.899007419,1200.013871,0.967003613,0.032996677,0,265.116871,4.99998,3250.562258,11896.8129,38.33241935,41.36874194,38.80822581,40.74774194,40.33235484,1155.583871,39.43,0,84.20000005,0,265.09,-1.347461535,-1.686923075,3250.5296,15,1745999842,10:57:21,1745999842,1745999839,38,-0.044,0,0.039,0.119,600,12,1.85,0.39,-1.890639,0.194323227,0.110237698,1,265.1375588,-0.748892281,0.201105063,1,0.17228935,-0.001492593,0.001595442,1,3,3,03-Mar,3.21612,2.75555,0.126898,0.127813,0.0798188,0.0800377,26586.3,29548,29721.1,32003.6,38668.9,39935.4,45616.2,46956.9,2.27,1.8758,0.25481,0,21.756,999.9,33.4,29.2,13.5824,26.2002,31.7468,1,-0.354207,0,20.3096,5.24245,11.9321,4.976,3.284,9999,9999,9999,174,4.9711,1.86633,1.86935,1.86691,1.87195,1.87009,1.87405,1.87219,0,0,0,0,11111111,oooooooo,on,on,on,on,0,100,100,0.039,0.1258,-0.133061268,0.000859946,-1.19E-06,3.87E-10,-0.004434053,-0.027663876,0.004005357,-7.26E-05,2,2149,0,22,0.4,0.5,1.43188,2.33276,1.59424,2.33521,1.49292,2.45361,32.9983,24.2539,18,590.768,480.174,24.5369,23.2238,30.0004,23.0082,22.9956,28.6964,-30,-30,-999.9,600,0,100.629,100.485
237,1745999950,4302.4,20250430 10:59:10,10:59:10,15,D,3,5616.48,1745999942,0.00049381,0.493809637,6.847088135,797.6096333,294.0644852,29.44866205,79.87546175,0.022735807,1.988596276,0.022592379,0.014133048,193.805632,27.63780933,26.05555667,3.385367153,36.54878058,1.247121034,3.412209693,2.13824612,-21.777005,14.32207735,1.540696948,187.8914013,2,0,1,0,25602,RECT-24220-20250331-19_34_23,10063.9,425.8796,624.32,0.317850461,-0.387208687,MPF-24923-20250430-10_59_12,10088,263.8222,314.3685818,0.160787002,0.5,1009.19512,6.847088135,81.13272891,14.028,0.0059,52.99811873,2155.881223,22.75688805,18.99779875,0.713219535,94.73532662,199.3291586,0.03435066,0.007168383,0.985949093,254.6266791,DARK-24924-20250430-10_59_19,198.24,198.24,0.369402633,0.435262198,0.727448879,-0.453285986,1.561937076,0.327062613,0.672937387,24923,290,304.21,205,10088,303.68,0.53,300,24,314.3685818,1.462915278,-10.78346178,1.302391748,0.710006994,-0.007356803,290,303.52,675,10073.2,303.66,-0.14,None,None,None,None,None,None,None,None,None,None,None,None,None,1200.014333,1009.19512,0.840985888,0.161502764,2,0.5,0: Broadleaf,2,1745999942,797.6096333,800.0234333,12.45333333,12.29077,797.4405333,12.32931667,599.9631667,100.0435667,0.099985287,26.18914667,26.05555667,999.9,0,0,5000.666667,0,738.3185,-2.413743667,807.6677667,809.9786333,0.1625547,800.0234333,12.29077,1.245873333,1.229612,10.16130333,9.964971333,1200.014333,0.9669992,0.033000697,0,263.8109,4.99998,3234.71,11896.79667,38.30806667,40.3372,38.55806667,39.77473333,39.55386667,1155.578333,39.436,0,81,0,263.8222,0.803692316,-15.70384612,3234.598,15,1745999928,10:58:48,1745999928,1745999923,39,0.175,-0.003,0.168,0.118,800,12,2.02,0.33,-2.3979985,-0.404816961,0.235378058,1,263.8309706,0.365026742,0.226191029,1,0.160397087,0.037429886,0.014346093,1,3,3,03-Mar,3.21598,2.7551,0.154299,0.155325,0.0800193,0.0802669,25746.2,28613.5,29714.1,32000.2,38652,39920.3,45605.8,46950.7,2.269,1.8742,0.256598,0,21.8426,999.9,33.5,29.3,13.7015,26.1902,31.891,1,-0.345366,0,20.308,5.24125,11.9321,4.9756,3.2844,9999,9999,9999,174,4.9711,1.8663,1.86929,1.86694,1.87195,1.87012,1.87408,1.87216,0,0,0,0,11111111,oooooooo,on,on,on,on,0,100,100,0.169,0.1242,0.042052856,0.000859946,-1.19E-06,3.87E-10,-0.007757155,-0.027663876,0.004005357,-7.26E-05,2,2149,0,22,0.4,0.5,1.8103,2.32422,1.59424,2.33521,1.49292,2.38892,33.1099,24.2539,18,591.035,479.905,24.5911,23.3235,30.0007,23.0957,23.0808,36.2746,-30,-30,-999.9,800,0,100.605,100.473
238,1746000034,4386.4,20250430 11:00:34,11:00:34,15,D,3,5616.66,1746000026,0.000454883,0.454882668,8.449801981,997.0332333,327.4624737,32.7918333,99.84211994,0.021016497,1.988786984,0.02089389,0.013069637,193.797677,27.60670003,26.04119333,3.382492107,36.81424648,1.252810608,3.403059218,2.129681498,-20.06032565,10.99178409,1.181972844,185.9111083,2,0,1,0,25550,RECT-24220-20250331-19_34_23,10063.9,425.8796,624.32,0.317850461,-0.387208687,MPF-24925-20250430-11_00_36,10096.8,264.55748,316.7969998,0.164899036,0.5,1009.1549,8.449801981,83.20433504,14.028,0.0059,54.40514491,2426.195903,17.75305884,18.99779875,0.713219535,136.663542,190.7989317,0.044286422,0.008756843,0.970725734,256.2174803,DARK-24926-20250430-11_00_43,198.45,198.45,0.373573613,0.441409752,0.722105338,-0.478898741,1.549699558,0.331110522,0.668889478,24925,290,307.83,155,10096.8,307.37,0.46,300,24,316.7969998,1.212601759,-9.520582142,1.080025111,0.735116503,-0.007359583,290,307.71,785,10073.9,307.35,0.36,None,None,None,None,None,None,None,None,None,None,None,None,None,1199.966667,1009.1549,0.840985777,0.16150255,2,0.5,0: Broadleaf,2,1746000026,997.0332333,1000.001,12.51069,12.36096,996.9036,12.38671,600.0023667,100.0392,0.100009607,26.14371,26.04119333,999.9,0,0,5001.666667,0,655.2435,-2.967440333,1009.665333,1012.515333,0.1497311,1000.001,12.36096,1.251559667,1.236580667,10.22941,10.04939667,1199.966667,0.967001,0.032999,0,264.5875333,4.99998,3227.408,11896.31,37.181,38.88306667,37.5226,38.17273333,38.4643,1155.536667,39.43,0,81.79999995,0,264.55748,1.222692334,-8.339230794,3227.4008,15,1746000011,11:00:11,1746000011,1746000005,40,0.027,-0.002,0.129,0.118,1000,12,2.25,0.33,-2.95174475,-0.019146754,0.158655589,1,264.5431176,0.740565328,0.209101546,1,0.1494417,0.010013629,0.002288538,1,3,3,03-Mar,3.21602,2.75552,0.178247,0.179395,0.0802541,0.0805525,25014.6,27796.6,29710.3,31997.4,38637.1,39903.7,45599.6,46945.9,2.2684,1.8734,0.258088,0,21.778,999.9,33.6,29.3,13.7446,26.1303,31.6386,1,-0.338455,0,20.308,5.24484,11.9321,4.976,3.284,9999,9999,9999,174,4.97107,1.86633,1.86935,1.86701,1.87195,1.87002,1.87396,1.87222,0,0,0,0,11111111,oooooooo,on,on,on,on,0,100,100,0.129,0.1239,0.068810659,0.000859946,-1.19E-06,3.87E-10,-0.009966597,-0.027663876,0.004005357,-7.26E-05,2,2149,0,22,0.4,0.5,2.17285,2.30957,1.59424,2.33521,1.49292,2.46094,33.1992,24.2539,18,591.466,480.068,24.6188,23.41,30.0006,23.1737,23.1547,43.5461,-30,-30,-999.9,1000,0,100.592,100.463
239,1746000113,4464.9,20250430 11:01:52,11:01:52,15,D,3,5616.75,1746000105,0.000430477,0.430476728,9.918545087,1196.506667,373.1908772,37.37124421,119.8178883,0.020027365,1.98830555,0.019915967,0.012457437,193.7995719,27.55252233,25.98479333,3.371223378,37.06938567,1.256753298,3.390272797,2.114470079,-18.98402371,10.20982631,1.097491739,186.1228663,1,0,1,0,25673,RECT-24220-20250331-19_34_23,10063.9,425.8796,624.32,0.317850461,-0.387208687,MPF-24927-20250430-11_01_55,10089.4,265.7086923,325.3857021,0.183403909,0.5,1009.16295,9.918545087,92.54221504,14.028,0.0059,60.73700907,2769.710472,18.20995058,18.99779875,0.713219535,152.0987363,221.0921409,0.044861591,0.01021218,0.91870754,261.8065205,DARK-24928-20250430-11_02_02,195.69,195.69,0.398590661,0.460130974,0.697418048,-0.593837148,1.506418541,0.338878753,0.661121247,24927,290,312.62,255,10089.4,312.08,0.54,300,24,325.3857021,1.116515772,-13.42583377,0.99454284,0.866816703,-0.007361159,290,312.16,735,10076.8,312.06,0.1,None,None,None,None,None,None,None,None,None,None,None,None,None,1199.976,1009.16295,0.840985945,0.161502873,2,0.5,0: Broadleaf,2,1746000105,1196.506667,1199.984667,12.54999333,12.40829667,1196.470333,12.42619667,599.9777667,100.0397333,0.100024893,26.08004,25.98479333,999.9,0,0,4999.666667,0,1046.357,-3.479248,1211.713,1215.062667,0.1416865,1199.984667,12.40829667,1.255497333,1.241323,10.27641333,10.10658333,1199.976,0.9669988,0.033001293,0,265.7119333,4.99998,3233.579,11896.39333,36.32683333,38.0331,36.71013333,37.3497,37.7393,1155.539,39.437,0,76.20000005,0,265.7086923,0.142153841,-4.687179481,3233.606154,15,1746000090,11:01:29,1746000090,1746000088,41,-0.026,-0.002,0.034,0.118,1200,12,1.47,0.42,-3.490996098,0.230799512,0.183045708,1,265.7277941,-0.365332318,0.186289904,1,0.141334341,0.005009059,0.00274742,1,3,3,03-Mar,3.21542,2.75535,0.199723,0.200908,0.080462,0.0807847,24359.7,27065.7,29707.7,31993.5,38625.1,39889.9,45595.6,46941.5,2.2676,1.8732,0.26232,0,21.6807,999.9,33.6,29.4,13.8226,26.4903,31.8389,1,-0.335732,0,20.3099,5.24125,11.9321,4.976,3.284,9999,9999,9999,174.1,4.9711,1.86633,1.86929,1.86694,1.87195,1.87002,1.87405,1.87225,0,0,0,0,11111111,oooooooo,on,on,on,on,0,100,100,0.03,0.124,0.043177657,0.000859946,-1.19E-06,3.87E-10,-0.011662886,-0.027663876,0.004005357,-7.26E-05,2,2149,0,22,0.4,0.4,2.52197,2.31079,1.59424,2.33521,1.49292,2.41089,33.244,24.2539,18,591.476,480.428,24.6242,23.4592,30.0001,23.2253,23.2073,50.537,-30,-30,-999.9,1200,0,100.583,100.453
240,1746000197,4549.4,20250430 11:03:17,11:03:17,15,D,3,5616.66,1746000189,0.000437015,0.437015491,11.69039058,1495.826452,545.0678153,54.58083963,149.7858824,0.020524069,1.988772217,0.020407122,0.012764903,193.8028026,27.48408276,25.89325161,3.35300312,37.25032242,1.257980118,3.377098604,2.095023002,-19.27238315,12.97000255,1.392766127,188.8931881,1,0,1,0,25557,RECT-24220-20250331-19_34_23,10063.9,425.8796,624.32,0.317850461,-0.387208687,MPF-24929-20250430-11_03_19,10082.6,267.12012,330.1396352,0.190887456,0.5,1009.179135,11.69039058,96.31981905,14.028,0.0059,63.29767528,3087.646806,13.68323482,18.99779875,0.713219535,225.6518175,319.4159978,0.036599264,0.011967746,0.891078602,264.8753942,DARK-24930-20250430-11_03_26,197.3,197.3,0.40237409,0.474402953,0.688914722,-0.658236248,1.482462063,0.350403042,0.649596958,24929,290,317.09,245,10082.6,316.85,0.24,300,24,330.1396352,1.037594702,-13.40409078,0.923515667,0.882679266,-0.007356815,290,316.85,765,10067.8,316.83,0.02,None,None,None,None,None,None,None,None,None,None,None,None,None,1199.995161,1009.179135,0.840986003,0.161502987,2,0.5,0: Broadleaf,2,1746000189,1495.826452,1499.940968,12.56273226,12.41889677,1495.64129,12.43566452,600.0263226,100.0358387,0.100030806,26.01421935,25.89325161,999.9,0,0,5001.774194,0,874.922,-4.114639677,1514.857097,1518.80129,0.143832484,1499.940968,12.41889677,1.256722903,1.242333226,10.29100968,10.11874839,1199.995161,0.966998742,0.033001603,0,267.090129,4.99998,3270.965806,11896.59032,37.89490323,40.51996774,38.37070968,39.90906452,39.87077419,1155.555806,39.44,0,82.19999981,0,267.12012,-0.587076922,6.905384618,3271.0168,15,1746000173,11:02:52,1746000173,1746000167,42,0.217,0.003,0.185,0.123,1500,12,1.38,0.42,-4.09645675,-0.458576623,0.182120623,1,267.1747353,-0.922154317,0.25093851,1,0.144428675,-0.019222795,0.003667152,1,3,3,03-Mar,3.21613,2.75546,0.228404,0.229702,0.0804763,0.0808394,23490.2,26092.9,29709.8,31993.9,38626.6,39888.2,45597.7,46941.9,2.2684,1.8734,0.263751,0,21.5235,999.9,33.6,29.4,13.8259,26.1703,31.5304,1,-0.334451,0,20.3102,5.24125,11.9309,4.9752,3.2848,9999,9999,9999,174.1,4.97107,1.86636,1.86932,1.86691,1.87195,1.87009,1.87402,1.87222,0,0,0,0,11111111,oooooooo,on,on,on,on,0,100,100,0.18,0.1271,0.259307461,0.000859946,-1.19E-06,3.87E-10,-0.008751117,-0.027663876,0.004005357,-7.26E-05,2,2149,0,22,0.4,0.5,3.02124,2.30103,1.59424,2.33521,1.49292,2.46094,33.2887,24.2539,18,592.387,480.874,24.612,23.4809,30.0003,23.2597,23.2405,60.521,-30,-30,-999.9,1500,0,100.589,100.454
,,,,,,,,,,,,,,,,,,,,,,,,,,,,,,,,,,,,,,,,,,,,,,,,,,,,,,,,,,,,,,,,,,,,,,,,,,,,,,,,,,,,,,,,,,,,,,,,,,,,,,,,,,,,,,,,,,,,,,,,,,,,,,,,,,,,,,,,,,,,,,,,,,,,,,,,,,,,,,,,,,,,,,,,,,,,,,,,,,,,,,,,,,,,,,,,,,,,,,,,,,,,,,,,,,,,,,,,,,,,,,,,,,,,,,,,,,,,,,,,,,,,,,,,,,,,,,,,,,,,,,,,,,,,,,,,,,,,,,,,,,,,,,,,,,,,,,
242,1746001297,5648.9,20250430 11:21:36,11:21:36,15,D,6,5616.57,1746001289,0.00166129,1.661289592,6.100811605,297.8099333,164.2645161,16.44330301,29.81154477,0.07916146,1.987974165,0.077451043,0.048557498,193.8023586,27.84588014,26.58258333,3.492346599,39.43866859,1.397635657,3.543820587,2.094710942,-73.262871,26.64136911,2.883680811,150.0645376,0,0,1,0,25540,RECT-24220-20250331-19_34_23,10063.9,425.8796,624.32,0.317850461,-0.387208687,MPF-24935-20250430-11_21_39,10110.1,269.3202692,316.4155058,0.14883985,0.5,1009.17954,6.100811605,75.1030659,14.028,0.0059,48.91012831,1964.797513,21.65400375,18.99779875,0.713219535,90.73599206,73.52852404,0.08297204,0.006429005,0.973101787,255.9678811,DARK-24936-20250430-11_21_46,194.83,194.83,0.384259,0.387342523,0.716907249,-0.430234561,1.55162202,0.280208927,0.719791073,24935,290,307.74,155,10110.1,307.41,0.33,300,24,316.4155058,1.356181854,-9.105684349,1.20951777,0.669328547,-0.007369452,290,307.94,745,10088.8,307.39,0.55,None,None,None,None,None,None,None,None,None,None,None,None,None,1199.996,1009.17954,0.840985753,0.161502504,2,0.5,0: Broadleaf,2,1746001289,297.8099333,300.0083667,13.96203333,13.41602333,297.7583333,13.79049667,600.0236667,100.0025567,0.100030353,26.83116,26.58258333,999.9,0,0,5000.166667,0,672.4728333,-2.198363667,302.0268667,304.0879333,0.5460111,300.0083667,13.41602333,1.396238667,1.341635,11.87684,11.27357,1199.996,0.9670066,0.032992977,0,269.3706,4.99998,3288.85,11896.64,36.61223333,38.41223333,36.95396667,37.88723333,38.1081,1155.566,39.43,0,136.2,0,269.3202692,-2.96899144,-40.23760687,3288.498846,15,1746001230,11:20:29,1746001229,1746001230,45,0.008,-0.002,0.052,0.15,300,13,1.38,0.5,-2.2076295,0.13826454,0.086585808,1,269.6217941,-3.727165762,0.439452251,0,0.5479466,-0.033773651,0.003739481,1,2,3,02-Mar,3.21593,2.75503,0.0747565,0.0756546,0.0866487,0.085246,28123.5,31275.1,29673,31967.3,38309,39659.3,45539.7,46905.7,2.2592,1.8556,0.213683,0,23.0657,999.9,34.6,30.1,14.8238,26.3909,31.7788,1,-0.275976,0,20.3078,5.24125,11.9321,4.9756,3.2842,9999,9999,9999,174.4,4.97107,1.86633,1.86932,1.86691,1.87195,1.86999,1.87402,1.87219,0,0,0,0,11111111,oooooooo,on,on,on,on,0,100,100,0.052,0.1712,-0.109395587,0.000859946,-1.19E-06,3.87E-10,-0.018365622,-0.027663876,0.004005357,-7.26E-05,2,2149,0,22,1.1,1.1,0.821533,2.33398,1.59424,2.33521,1.49292,2.45605,33.9187,24.2539,18,593.645,475.442,25.3268,24.2303,30.0002,23.9625,23.9399,16.5166,-30,-30,-999.9,300,0,100.462,100.374
243,1746001426,5778.5,20250430 11:23:46,11:23:46,15,D,6,5616.48,1746001418,0.001483296,1.483295513,3.02749325,198.9028387,123.3296998,12.34515967,19.90994308,0.070318093,1.988557375,0.068965351,0.043222716,193.8009892,27.81116239,26.51702258,3.478879893,39.12117177,1.378203105,3.522908548,2.100676788,-65.41333213,22.89217525,2.475079043,153.7549113,0,0,1,0,25574,RECT-24220-20250331-19_34_23,10063.9,425.8796,624.32,0.317850461,-0.387208687,MPF-24937-20250430-11_23_48,10092.8,262.74572,300.1742535,0.124689353,0.5,1009.172332,3.02749325,62.91652271,14.028,0.0059,40.6464852,1340.716215,25.68363406,18.99779875,0.713219535,52.20118819,71.12851161,0.042563709,0.003383666,1.079858591,245.2340547,DARK-24938-20250430-11_23_55,194.72,194.72,0.351310122,0.354926732,0.754529205,-0.297748143,1.633466504,0.263035048,0.736964952,24937,290,294.51,275,10092.8,294.41,0.1,300,24,300.1742535,1.209125057,-5.813954682,1.077498692,0.509756973,-0.007365735,290,295.23,785,10079.5,294.41,0.82,None,None,None,None,None,None,None,None,None,None,None,None,None,1199.987419,1009.172332,0.84098576,0.161502517,2,0.5,0: Broadleaf,2,1746001418,198.9028387,200.0103871,13.76842258,13.28078065,198.8785161,13.60716452,599.9782903,99.99887742,0.09996081,26.73055484,26.51702258,999.9,0,0,5002.741935,0,302.2438387,-1.10751129,201.6797097,202.7023548,0.487644645,200.0103871,13.28078065,1.376826452,1.328061935,11.66478065,11.12025161,1199.987419,0.967002839,0.032997174,0,262.7793226,4.99998,3222.78871,11896.54194,37.7236129,40.32229032,38.16709677,39.92512903,39.82029032,1155.557419,39.43,0,127.8,0,262.74572,-1.840461542,-8.609230753,3222.682,15,1746001360,11:22:39,1746001357,1746001360,46,0.007,-0.003,0.025,0.146,200,13,1.34,0.31,-1.0952954,-0.143737711,0.070681524,1,262.8739412,-1.778517949,0.258639761,0,0.489855325,-0.052368079,0.005554546,1,2,3,02-Mar,3.21618,2.75544,0.0531478,0.0537542,0.0857526,0.0845931,28786.5,32020.6,29678.9,31971.4,38356,39693,45549.4,46911.4,2.26,1.8552,0.233054,0,22.6861,999.9,34.3,30.2,14.783,26.2591,31.6627,1,-0.281098,0,20.3093,5.24125,11.9309,4.9756,3.284,9999,9999,9999,174.4,4.97107,1.86633,1.86929,1.86691,1.87189,1.87002,1.87399,1.87216,0,0,0,0,11111111,oooooooo,on,on,on,on,0,100,100,0.024,0.1607,-0.102759851,0.000859946,-1.19E-06,3.87E-10,-0.021071974,-0.027663876,0.004005357,-7.26E-05,2,2149,0,22,1.2,1.1,0.604248,2.35474,1.59424,2.33398,1.49292,2.4231,33.9187,24.2539,18,594.205,475.138,25.3206,24.1876,29.9994,23.9637,23.9359,12.1332,-30,-30,-999.9,200,0,100.483,100.386
244,1746001526,5878,20250430 11:25:25,11:25:25,15,D,6,5616.39,1746001518,0.001277197,1.277196795,1.75503268,149.3547667,97.13831741,9.723533338,14.95039333,0.059432792,1.988266722,0.058463194,0.036625293,193.8162135,28.01312932,26.62005667,3.500064347,38.50188328,1.366422673,3.548976198,2.133641674,-56.32437868,25.27859894,2.736622642,165.5070564,0,0,1,0,25417,RECT-24220-20250331-19_34_23,10063.9,425.8796,624.32,0.317850461,-0.387208687,MPF-24939-20250430-11_25_28,10093.7,259.2278462,294.5113647,0.119803589,0.5,1009.25109,1.75503268,60.45595144,14.028,0.0059,38.97470967,1115.564561,29.10170081,18.99779875,0.713219535,38.33331147,58.80500594,0.029844954,0.002122605,1.119850284,241.4412989,DARK-24940-20250430-11_25_35,191.84,191.84,0.348615969,0.343654909,0.762598583,-0.268584856,1.66200348,0.254319738,0.745680262,24939,290,288.57,245,10093.7,288.19,0.38,300,24,294.5113647,1.046247749,-6.38428616,0.932249163,0.626161672,-0.007363812,290,288.75,865,10075.7,288.18,0.57,None,None,None,None,None,None,None,None,None,None,None,None,None,1200.081,1009.25109,0.840985808,0.16150261,2,0.5,0: Broadleaf,2,1746001518,149.3547667,150.0033667,13.65059333,13.23067,149.4263,13.49253333,599.9963333,99.99988,0.099994053,26.85588333,26.62005667,999.9,0,0,5001.5,0,751.8924667,-0.648554433,151.4218333,152.0145333,0.419914567,150.0033667,13.23067,1.365057333,1.323066667,11.53493333,11.06346667,1200.081,0.967002767,0.032997497,0,259.2282667,4.99998,3198.65,11897.47333,39.03726667,41.0664,39.12886667,41.14133333,40.5498,1155.646333,39.435,0,97.20000005,0,259.2278462,-1.201162391,-30.44615388,3198.648077,15,1746001488,11:24:47,1746001485,1746001488,47,-0.072,0.001,-0.071,0.142,150,13,1.23,0.35,-0.647558098,0.060075972,0.072168908,1,259.2765294,-0.92235294,0.195132268,1,0.422073171,-0.039719164,0.004493017,1,3,3,03-Mar,3.21629,2.75522,0.0411428,0.0416021,0.0852741,0.0844006,29158.6,32438.3,29685.5,31977.2,38385.2,39707.7,45559.9,46918.9,2.2608,1.856,0.245661,0,22.604,999.9,34.1,30.2,14.6959,26.4991,31.6466,1,-0.289878,0,20.3077,5.24125,11.9321,4.976,3.284,9999,9999,9999,174.4,4.9711,1.8663,1.86932,1.86691,1.87195,1.86996,1.87396,1.87213,0,0,0,0,11111111,oooooooo,on,on,on,on,0,100,100,-0.072,0.1578,-0.174661372,0.000859946,-1.19E-06,3.87E-10,-0.019584944,-0.027663876,0.004005357,-7.26E-05,2,2149,0,22,0.7,0.6,0.491943,2.36938,1.59424,2.33398,1.49292,2.40723,33.8961,24.2451,18,594.055,475.139,25.3093,24.0923,29.9997,23.898,23.8777,9.892,-30,-30,-999.9,150,0,100.506,100.403
245,1746001608,5960.5,20250430 11:26:48,11:26:48,15,D,6,5616.48,1746001600,0.001148159,1.14815866,0.395342452,99.81856333,84.44828189,8.45297144,9.991481723,0.052824112,1.98899678,0.052056932,0.032603583,193.8042332,28.0497821,26.67033,3.510441683,38.24374841,1.356403371,3.546732283,2.154038312,-50.63379689,18.74358542,2.028808245,163.94283,0,0,1,0,25477,RECT-24220-20250331-19_34_23,10063.9,425.8796,624.32,0.317850461,-0.387208687,MPF-24941-20250430-11_26_50,10098.6,258.4927308,290.8875623,0.111365475,0.5,1009.18556,0.395342452,56.19421459,14.028,0.0059,36.0874166,854.0633781,31.65316865,18.99779875,0.713219535,26.9819236,57.46635829,0.006879546,0.000775428,1.146258833,239.0004129,DARK-24942-20250430-11_26_58,191.37,191.37,0.342116939,0.32551874,0.77014075,-0.239975869,1.680264894,0.240991386,0.759008614,24941,290,285.41,245,10098.6,285.32,0.09,300,24,290.8875623,1.291966365,-5.620302052,1.151799364,0.459567364,-0.007366738,290,285.7,895,10080.9,285.31,0.39,None,None,None,None,None,None,None,None,None,None,None,None,None,1200.002667,1009.18556,0.840986098,0.161503169,2,0.5,0: Broadleaf,2,1746001600,99.81856333,99.98854667,13.55096667,13.17343333,99.87551667,13.39433333,600,99.99642333,0.10000552,26.84512667,26.67033,999.9,0,0,5004.666667,0,787.6655667,-0.170001244,101.1898,101.3232333,0.377529567,99.98854667,13.17343333,1.355048667,1.317297,11.42372667,10.99766667,1200.002667,0.9669922,0.033007477,0,258.4891,4.99998,3172.583,11896.65667,37.75806667,39.1414,37.97683333,38.6518,39.08516667,1155.558667,39.444,0,80.4000001,0,258.4927308,-0.600717934,-1.028717954,3172.568077,15,1746001586,11:26:26,1746001586,1746001586,48,0.043,0.003,-0.057,0.142,100,13,1.26,0.31,-0.157249461,-0.240011606,0.072770314,1,258.4616765,-0.320198622,0.184589166,1,0.372097225,0.090032251,0.035706239,1,3,3,03-Mar,3.21553,2.75529,0.0282584,0.0285361,0.0848349,0.0841546,29556.6,32884.6,29691,31980.4,38411,39724.1,45568.4,46925.6,2.2608,1.857,0.252128,0,22.5356,999.9,33.9,30.2,14.6121,26.2492,31.9391,1,-0.296098,0,20.3079,5.24245,11.9321,4.9756,3.2842,9999,9999,9999,174.5,4.97107,1.86636,1.86923,1.86691,1.87195,1.87002,1.87396,1.87216,0,0,0,0,11111111,oooooooo,on,on,on,on,0,100,100,-0.057,0.1564,-0.131392895,0.000859946,-1.19E-06,3.87E-10,-0.017014215,-0.027663876,0.004005357,-7.26E-05,2,2149,0,22,0.4,0.4,0.378418,2.37793,1.59424,2.33398,1.49292,2.48535,33.8509,24.2539,18,593.467,475.311,25.3035,24.0176,29.9996,23.8429,23.8236,7.62546,-30,-30,-999.9,100,0,100.525,100.416
246,1746001693,6045.5,20250430 11:28:13,11:28:13,15,D,6,5616.39,1746001685,0.001003682,1.003682103,-0.639671842,50.18578387,70.66277165,7.072741043,5.023169133,0.045737523,1.988742207,0.045161093,0.028276868,193.8021733,28.08233239,26.73438387,3.523702484,38.2071689,1.353416584,3.542310574,2.1702859,-44.26238074,9.599040507,1.039357168,160.1781902,0,0,1,0,25595,RECT-24220-20250331-19_34_23,10063.9,425.8796,624.32,0.317850461,-0.387208687,MPF-24943-20250430-11_28_15,10099.4,258.0688846,289.4529685,0.108425504,0.5,1009.178565,-0.639671842,54.71034704,14.028,0.0059,35.08143849,677.6480625,34.78724772,18.99779875,0.713219535,19.47978374,51.18298791,-0.012497743,-0.000250167,1.156896173,238.031113,DARK-24944-20250430-11_28_23,190.91,190.91,0.340445527,0.31848121,0.772633376,-0.230043676,1.687494238,0.235600847,0.764399153,24943,290,282.85,295,10099.4,282.73,0.12,300,24,289.4529685,1.036588915,-6.786777675,0.924449967,0.658104974,-0.007369091,290,282.9,715,10089.4,282.73,0.17,None,None,None,None,None,None,None,None,None,None,None,None,None,1199.994839,1009.178565,0.840985754,0.161502506,2,0.5,0: Broadleaf,2,1746001685,50.18578387,49.98934516,13.52179677,13.19175161,50.23784839,13.36548387,599.984871,99.99146129,0.100013732,26.8239129,26.73438387,999.9,0,0,5003.870968,0,910.3253548,0.196424635,50.87369355,50.65761935,0.330048452,49.98934516,13.19175161,1.352064516,1.319062581,11.39043226,11.01782258,1199.994839,0.967006323,0.032993297,0,258.0837419,4.99998,3156.644516,11896.61613,36.77796774,38.2236129,37.05622581,37.61467742,38.20541935,1155.564839,39.43,0,83,0,258.0688846,0.345538465,-13.35999999,3156.507692,15,1746001671,11:27:50,1746001670,1746001671,49,0.039,0.001,-0.052,0.143,50,13,0.59,0.39,0.19871091,-0.025961631,0.070859362,1,258.0855294,-0.095401066,0.20649544,1,0.327467575,0.042640019,0.017510751,1,3,3,03-Mar,3.21619,2.75536,0.0145385,0.0145877,0.0847128,0.0842769,29978.5,33357.8,29694.8,31980.7,38420.1,39718.9,45573.4,46926.1,2.261,1.8572,0.252575,0,22.5926,999.9,33.9,30.2,14.6115,26.2892,31.7788,1,-0.300549,0,20.308,5.24245,11.9321,4.9756,3.284,9999,9999,9999,174.5,4.97107,1.86633,1.86926,1.86694,1.87195,1.87002,1.87393,1.87213,0,0,0,0,11111111,oooooooo,on,on,on,on,0,100,100,-0.052,0.1562,-0.092324028,0.000859946,-1.19E-06,3.87E-10,-0.016163995,-0.027663876,0.004005357,-7.26E-05,2,2149,0,22,0.4,0.4,0.264893,2.40601,1.59424,2.33398,1.49292,2.37793,33.8509,24.2539,18,593.092,475.06,25.306,23.9631,30,23.7948,23.7816,5.35413,-30,-30,-999.9,50,0,100.536,100.417
248,1746001879,6231.5,20250430 11:31:19,11:31:19,15,D,6,5616.57,1746001871,0.000808364,0.808364298,8.768499387,596.9293226,191.9123176,19.20807209,59.74531288,0.03620979,1.988736425,0.035847475,0.022436922,193.8176498,28.26235319,26.88735806,3.555549166,37.98035204,1.353914439,3.564775909,2.201634727,-35.64886554,4.727913173,0.512594257,163.4092917,0,0,1,0,25585,RECT-24220-20250331-19_34_23,10063.9,425.8796,624.32,0.317850461,-0.387208687,MPF-24947-20250430-11_31_21,10105.9,253.63456,300.5561362,0.156115849,0.5,1009.257184,8.768499387,78.78052083,14.028,0.0059,51.39977725,2417.536927,13.47290156,18.99779875,0.713219535,179.4369919,12.4753257,0.702867369,0.009071729,1.07721595,245.4888806,DARK-24948-20250430-11_31_29,186.47,186.47,0.379583454,0.411282017,0.739440136,-0.374403762,1.631542084,0.302371088,0.697628912,24947,290,291.02,105,10105.9,290.81,0.21,300,24,300.5561362,1.239524854,-9.846205897,1.104220317,0.739561153,-0.007362794,290,290.83,725,10077.6,290.79,0.04,None,None,None,None,None,None,None,None,None,None,None,None,None,1200.088065,1009.257184,0.840985936,0.161502856,2,0.5,0: Broadleaf,2,1746001871,596.9293226,600.013,13.52727419,13.26146452,596.8734516,13.36794516,600.0002258,99.98776452,0.099985606,26.93145484,26.88735806,999.9,0,0,5004.032258,0,882.6794516,-3.083620968,605.1149355,608.0769677,0.265810839,600.013,13.26146452,1.35256129,1.325983226,11.39599032,11.09664516,1200.088065,0.966997323,0.03300261,0,253.6494194,4.99998,3138.642581,11897.51935,39.38883871,41.75983871,39.55209677,41.80625806,41.17312903,1155.647742,39.44032258,0,88.80000019,0,253.63456,-1.032000008,-12.43538458,3138.542,15,1746001849,11:30:48,1746001849,1746001849,51,-0.002,0.001,0.055,0.149,600,13,1.55,0.49,-3.09715975,0.174391857,0.122718703,1,253.7027647,-0.871443854,0.180597059,1,0.266238525,-0.012040311,0.002459907,1,3,3,03-Mar,3.21619,2.75506,0.126452,0.12752,0.0847463,0.0845952,26570.8,29534.1,29692.1,31980.8,38417.4,39705.6,45570.3,46925.6,2.2624,1.8586,0.254065,0,22.7206,999.9,33.8,30.3,14.6508,26.2593,31.6386,1,-0.299878,0,20.3075,5.24005,11.9321,4.9756,3.2842,9999,9999,9999,174.5,4.97104,1.86636,1.86929,1.86691,1.87195,1.87002,1.87393,1.87219,0,0,0,0,11111111,oooooooo,on,on,on,on,0,100,100,0.056,0.1593,-0.11668109,0.000859946,-1.19E-06,3.87E-10,-0.013250255,-0.027663876,0.004005357,-7.26E-05,2,2149,0,22,0.5,0.5,1.43311,2.34619,1.59424,2.33398,1.49292,2.41821,33.8961,24.2539,18,593.763,475.773,25.3355,23.9531,30.0001,23.7687,23.7577,28.7323,-30,-30,-999.9,600,0,100.529,100.416
249,1746001965,6317,20250430 11:32:44,11:32:44,15,D,6,5616.66,1746001957,0.000755175,0.755175079,11.06529087,796.1025806,241.6135129,24.18315671,79.68210566,0.033323394,1.988136881,0.033016184,0.02066248,193.806974,28.41401945,27.05520645,3.590781238,37.80187271,1.358026115,3.5924837,2.232755123,-33.30322099,0.865427878,0.093997616,161.4631785,0,0,1,0,25573,RECT-24220-20250331-19_34_23,10063.9,425.8796,624.32,0.317850461,-0.387208687,MPF-24949-20250430-11_32_47,10098.9,254.6900769,306.5000623,0.169037438,0.5,1009.201084,11.06529087,85.29638305,14.028,0.0059,55.8211935,2850.605962,8.707151877,18.99779875,0.713219535,327.3867278,-85.7732149,-0.129006367,0.011348085,1.036932702,249.4399538,DARK-24950-20250430-11_32_54,185.95,185.95,0.393311706,0.429779831,0.72500385,-0.433993852,1.601588878,0.313783562,0.686216438,24949,290,296.42,215,10098.9,296.28,0.14,300,24,306.5000623,1.10300424,-10.32440669,0.983114003,0.797521844,-0.007365448,290,296.41,675,10084.9,296.26,0.15,None,None,None,None,None,None,None,None,None,None,None,None,None,1200.02129,1009.201084,0.840985983,0.161502946,2,0.5,0: Broadleaf,2,1746001957,796.1025806,799.9916129,13.56801613,13.31969355,796.017,13.40873226,599.9686774,99.99020323,0.100045948,27.06328065,27.05520645,999.9,0,0,5001.451613,0,823.7730323,-3.889015161,807.0526774,810.7910645,0.248321774,799.9916129,13.31969355,1.356668387,1.33183871,11.44178387,11.16303871,1200.02129,0.966994613,0.033004916,0,254.6893548,4.99998,3138.050968,11896.84516,38.23758065,39.7053871,38.42116129,39.31622581,39.53816129,1155.58129,39.44,0,83.4000001,0,254.6900769,-0.689230784,-8.898119639,3137.963462,15,1746001941,11:32:21,1746001941,1746001936,52,0.075,-0.002,0.084,0.149,800,13,1.53,0.44,-3.90563122,0.26776453,0.113060061,1,254.6836176,0.348372798,0.181065314,1,0.248818805,-0.002485944,0.002381061,1,3,3,03-Mar,3.2163,2.75503,0.153813,0.154998,0.0849565,0.084861,25736.5,28601.5,29689.2,31977.4,38406,39689.8,45567.1,46920.5,2.262,1.8582,0.25329,0,22.9166,999.9,33.9,30.4,14.78,26.3593,31.7708,1,-0.295122,0,20.3074,5.24125,11.9321,4.9744,3.2842,9999,9999,9999,174.6,4.97107,1.8663,1.86932,1.86691,1.87189,1.87006,1.87396,1.87222,0,0,0,0,11111111,oooooooo,on,on,on,on,0,100,100,0.086,0.1595,-0.041898876,0.000859946,-1.19E-06,3.87E-10,-0.014951136,-0.027663876,0.004005357,-7.26E-05,2,2149,0,22,0.4,0.5,1.81274,2.33398,1.59424,2.33521,1.49292,2.40723,33.9639,24.2539,18,593.833,475.782,25.3996,23.9982,30.0006,23.8008,23.7876,36.3326,-30,-30,-999.9,800,0,100.521,100.405
250,1746002050,6402.5,20250430 11:34:10,11:34:10,15,D,6,5616.48,1746002042,0.000711797,0.711796806,12.64770555,995.5221935,316.0694273,31.63644698,99.64514874,0.031112291,1.987820581,0.030844277,0.019301561,193.8016323,28.46924636,27.1753,3.61617603,37.87495407,1.363772181,3.600722996,2.252403849,-31.39023912,-7.822181866,-0.850410056,153.7388013,0,0,1,0,25513,RECT-24220-20250331-19_34_23,10063.9,425.8796,624.32,0.317850461,-0.387208687,MPF-24951-20250430-11_34_12,10104.4,257.097,314.4055238,0.182275817,0.5,1009.170223,12.64770555,91.97366353,14.028,0.0059,60.35100667,3177.161606,6.907306331,18.99779875,0.713219535,459.9711456,-143.9017183,-0.087891275,0.012916467,0.985715748,254.6509139,DARK-24952-20250430-11_34_20,188.83,188.83,0.399406226,0.45636699,0.711645448,-0.51409732,1.561750915,0.335187803,0.664812197,24951,290,302.81,185,10104.4,302.93,-0.12,300,24,314.4055238,1.419266157,-11.59991918,1.265397525,0.750076271,-0.007367456,290,303.42,865,10082.3,302.9,0.52,None,None,None,None,None,None,None,None,None,None,None,None,None,1199.984194,1009.170223,0.840986263,0.161503488,2,0.5,0: Broadleaf,2,1746002042,995.5221935,999.9742258,13.62500323,13.39097419,995.3639355,13.465,600.0098065,99.99329677,0.1000506,27.10230968,27.1753,999.9,0,0,5000,0,813.9922258,-4.451957097,1009.274194,1013.546129,0.234027097,999.9742258,13.39097419,1.362409032,1.339008065,11.50558387,11.24399677,1199.984194,0.966990323,0.033009306,0,257.119871,4.99998,3155.740323,11896.47097,37.34654839,38.87274194,37.6106129,38.33435484,38.72554839,1155.534194,39.45,0,83.60000014,0,257.097,-0.507076926,-13.51008543,3155.648077,15,1746002027,11:33:46,1746002027,1746002021,53,0.139,-0.002,0.157,0.15,1000,13,1.58,0.42,-4.4577665,0.418326979,0.140243684,1,257.1687941,-0.645393428,0.21322272,1,0.2344469,-0.004633621,0.002061916,1,3,3,03-Mar,3.21595,2.75529,0.177752,0.179067,0.0852166,0.0851854,25005.3,27784.6,29684.9,31974,38389.2,39670.4,45560,46914.3,2.2608,1.857,0.247657,0,23.126,999.9,33.9,30.5,14.8645,26.4093,31.8349,1,-0.289146,0,20.3076,5.24125,11.9321,4.9756,3.284,9999,9999,9999,174.6,4.9711,1.86636,1.86929,1.86694,1.87189,1.87006,1.87399,1.87216,0,0,0,0,11111111,oooooooo,on,on,on,on,0,100,100,0.158,0.1604,0.096734254,0.000859946,-1.19E-06,3.87E-10,-0.016518277,-0.027663876,0.004005357,-7.26E-05,2,2149,0,22,0.4,0.5,2.17651,2.32178,1.59424,2.33398,1.49292,2.41943,34.0545,24.2451,18,593.616,475.491,25.4721,24.0721,30.0005,23.857,23.8436,43.6156,-30,-30,-999.9,1000,0,100.505,100.393
251,1746002131,6483.5,20250430 11:35:31,11:35:31,15,D,6,5616.57,1746002123,0.000664391,0.664391293,14.3931605,1194.93,361.5734314,36.19160108,119.6062158,0.028824203,1.987634963,0.028593983,0.01789177,193.803382,28.51073115,27.27937333,3.638309857,38.0161014,1.370766862,3.605753383,2.267542995,-29.299656,-16.42436823,-1.786928695,146.2924291,0,0,1,0,25569,RECT-24220-20250331-19_34_23,10063.9,425.8796,624.32,0.317850461,-0.387208687,MPF-24953-20250430-11_35_33,10105.4,259.2796154,321.1964454,0.19276935,0.5,1009.18108,14.3931605,97.26959047,14.028,0.0059,63.94160821,3510.653546,3.516088071,18.99779875,0.713219535,998.4543832,-636.8809518,-0.022599452,0.014645904,0.943732594,259.0876103,DARK-24954-20250430-11_35_41,187.53,187.53,0.416151696,0.463218947,0.69398007,-0.591468898,1.527529447,0.335033855,0.664966145,24953,290,308.6,195,10105.4,308.51,0.09,300,24,321.1964454,1.064720213,-12.82166071,0.949488671,0.866889374,-0.007368965,290,308.08,855,10084.8,308.48,-0.4,None,None,None,None,None,None,None,None,None,None,None,None,None,1199.997333,1009.18108,0.840986102,0.161503177,2,0.5,0: Broadleaf,2,1746002123,1194.93,1199.992333,13.69469333,13.47626333,1194.91,13.53405,600.0024333,99.99474333,0.10000351,27.1261,27.27937333,999.9,0,0,4999.166667,0,834.6644667,-5.061702667,1211.521,1216.384333,0.218425233,1199.992333,13.47626333,1.369397,1.347556333,11.58294333,11.34000667,1199.997333,0.966993067,0.033006627,0,259.3031333,4.99998,3173.598667,11896.60333,36.75403333,38.3561,37.02686667,37.8519,38.2101,1155.553333,39.444,0,78.80000019,0,259.2796154,-1.158564106,-24.11350428,3173.567692,15,1746002104,11:35:04,1746002104,1746002104,54,-0.069,-0.002,0.019,0.151,1200,13,1.77,0.42,-5.0973025,0.479028743,0.149001972,1,259.3208235,-0.853995415,0.196163268,1,0.2193196,-0.019720863,0.003022327,1,3,3,03-Mar,3.21638,2.75515,0.199244,0.200574,0.085511,0.0855676,24348.9,27053.9,29680.8,31969.9,38370.9,39649.2,45552.8,46909,2.261,1.8562,0.242889,0,23.3215,999.9,34,30.5,14.9075,26.4093,31.5665,1,-0.281707,0,20.3074,5.24125,11.9321,4.9752,3.2846,9999,9999,9999,174.6,4.97104,1.8663,1.86932,1.86694,1.87192,1.87002,1.87402,1.87219,0,0,0,0,11111111,oooooooo,on,on,on,on,0,100,100,0.02,0.1608,0.027162303,0.000859946,-1.19E-06,3.87E-10,-0.018701063,-0.027663876,0.004005357,-7.26E-05,2,2149,0,22,0.5,0.5,2.52563,2.323,1.59424,2.33398,1.49292,2.40356,34.1678,24.2539,18,594.52,475.618,25.5432,24.1632,30.0004,23.9294,23.9158,50.6079,-30,-30,-999.9,1200,0,100.49,100.381
252,1746002261,6613,20250430 11:37:40,11:37:40,15,D,6,5616.57,1746002253,0.000588643,0.588643054,16.13125312,1494.354,433.6143083,43.40156707,149.5737205,0.025340669,1.987852489,0.025162566,0.015742501,193.8011095,28.56714018,27.38884,3.661718216,38.18484511,1.379154727,3.611785573,2.28256349,-25.95915868,-25.10436247,-2.732873882,140.0047145,0,0,1,0,25566,RECT-24220-20250331-19_34_23,10063.9,425.8796,624.32,0.317850461,-0.387208687,MPF-24955-20250430-11_37_43,10096.9,260.17072,323.3805879,0.19546587,0.5,1009.17031,16.13125312,98.62917624,14.028,0.0059,64.864284,3792.341826,-2.513606618,18.99779875,0.713219535,-1508.725271,1942.339579,0.008305063,0.016368359,0.930604444,260.5068708,DARK-24956-20250430-11_37_50,188.74,188.74,0.41635334,0.469471122,0.690893549,-0.616687582,1.516522906,0.340576294,0.659423706,24955,290,313.44,245,10096.9,312.41,1.03,300,24,323.3805879,1.164714993,-11.0736358,1.038147654,0.802509578,-0.007367061,290,312.83,815,10081,312.4,0.43,None,None,None,None,None,None,None,None,None,None,None,None,None,1199.984667,1009.17031,0.840986004,0.161502988,2,0.5,0: Broadleaf,2,1746002253,1494.354,1500.024667,13.77879333,13.58527,1494.137667,13.61525667,599.961,99.99258,0.099982063,27.15459,27.38884,999.9,0,0,5000.166667,0,883.8577667,-5.671963667,1515.231333,1520.684333,0.193534767,1500.024667,13.58527,1.377776333,1.358426,11.67523,11.46133333,1199.984667,0.9669982,0.033001897,0,260.1587,4.99998,3191.117,11896.49333,37.1456,39.5664,37.60806667,39.029,39.22886667,1155.545,39.43966667,0,127.2,0,260.17072,-2.440307701,-5.780769238,3191.074,15,1746002188,11:36:27,1746002188,1746002185,55,0.262,0,0.214,0.154,1500,14,1.28,0.49,-5.677975,0.223813058,0.202816677,1,260.2854412,-2.151520247,0.307555943,0,0.19445555,-0.01751552,0.002553966,1,2,3,02-Mar,3.21652,2.75543,0.227847,0.229292,0.0858459,0.0860053,23472.1,26077.5,29670.7,31962.8,38343.3,39620.9,45536,46898,2.2602,1.8536,0.237674,0,23.4929,999.9,34,30.7,15.0792,26.3794,31.6306,1,-0.267561,0,20.3091,5.24125,11.9321,4.9752,3.2842,9999,9999,9999,174.6,4.97107,1.86633,1.86929,1.86694,1.87192,1.86999,1.87393,1.87219,0,0,0,0,11111111,oooooooo,on,on,on,on,0,100,100,0.22,0.1637,0.288543118,0.000859946,-1.19E-06,3.87E-10,-0.019123925,-0.027663876,0.004005357,-7.26E-05,2,2149,0,22,1.2,1.3,3.0249,2.31079,1.59424,2.33398,1.49292,2.36816,34.3952,24.2451,18,595.497,475.156,25.6488,24.3291,30.0008,24.0729,24.0548,60.6022,-30,-30,-999.9,1500,0,100.454,100.358
,,,,,,,,,,,,,,,,,,,,,,,,,,,,,,,,,,,,,,,,,,,,,,,,,,,,,,,,,,,,,,,,,,,,,,,,,,,,,,,,,,,,,,,,,,,,,,,,,,,,,,,,,,,,,,,,,,,,,,,,,,,,,,,,,,,,,,,,,,,,,,,,,,,,,,,,,,,,,,,,,,,,,,,,,,,,,,,,,,,,,,,,,,,,,,,,,,,,,,,,,,,,,,,,,,,,,,,,,,,,,,,,,,,,,,,,,,,,,,,,,,,,,,,,,,,,,,,,,,,,,,,,,,,,,,,,,,,,,,,,,,,,,,,,,,,,,,
253,1746003551,7903.4,20250430 11:59:11,11:59:11,15,D,4,5616.39,1746003543,0.001634409,1.634409032,8.740821692,416.8592581,218.7404188,21.88616308,41.70902548,0.07614609,1.987830599,0.074561979,0.046740818,193.8036663,28.64511257,27.01544516,3.582407751,38.91000103,1.444271815,3.711826721,2.138135935,-72.07743832,64.90988261,7.069495726,193.7056063,0,0,1,0,25518,RECT-24220-20250331-19_34_23,10063.9,425.8796,624.32,0.317850461,-0.387208687,MPF-24959-20250430-11_59_13,10088.1,244.9164615,308.1957348,0.205321704,0.5,1009.186423,8.740821692,103.6039377,14.028,0.0059,68.23668229,2733.194538,30.42051738,18.99779875,0.713219535,89.84707603,128.8933428,0.067814377,0.00904494,1.025725633,250.561884,DARK-24960-20250430-11_59_21,183.41,183.41,0.40489118,0.507103423,0.716981391,-0.5377056,1.593043882,0.379753318,0.620246682,24959,290,294.62,295,10088.1,294.94,-0.32,300,24,308.1957348,1.152196777,-13.37285966,1.026400427,0.858408519,-0.007361,290,295.32,775,10076.2,294.92,0.4,None,None,None,None,None,None,None,None,None,None,None,None,None,1200.004194,1009.186423,0.840985747,0.161502491,2,0.5,0: Broadleaf,2,1746003543,416.8592581,420.0000645,14.43471935,13.89776452,416.8762258,14.25356774,599.9822258,99.95542581,0.099987806,27.62112903,27.01544516,999.9,0,0,5001.935484,0,737.1774839,-3.14083871,422.9647419,425.9195161,0.536949387,420.0000645,13.89776452,1.442828387,1.389157742,12.37539355,11.79979677,1200.004194,0.967004194,0.0329958,0,244.9600323,4.99998,2978.979677,11896.70323,36.68103226,38.264,36.95529032,37.925,38.20122581,1155.574194,39.43,0,1181,0,244.9164615,-4.802871798,-54.65470078,2978.476538,15,1746003483,11:58:02,1746003483,1746003476,57,-0.028,-0.007,-0.017,0.158,420,14,1.69,0.32,-3.14435675,0.289607392,0.110432635,1,245.1474118,-4.753644003,0.507132545,0,0.53762275,-0.019573463,0.002383981,1,2,3,02-Mar,3.21578,2.75534,0.097138,0.098225,0.0886094,0.0872562,27410.8,30482.7,29641.4,31940.2,38185.7,39539.1,45490.3,46868,2.2546,1.8326,0.191629,0,23.8635,999.9,32.9,31.8,15.5408,26.42,31.875,1,-0.220163,0,20.3063,5.24125,11.9321,4.9756,3.2842,9999,9999,9999,175,4.9711,1.8663,1.86923,1.86691,1.87183,1.86996,1.87393,1.87213,0,0,0,0,11111111,oooooooo,on,on,on,on,0,100,100,-0.017,0.1812,-0.197033221,0.000859946,-1.19E-06,3.87E-10,-0.028112503,-0.027663876,0.004005357,-7.26E-05,2,2149,0,22,1.1,1.2,1.07422,2.33276,1.59424,2.33398,1.49292,2.48901,35.3596,24.2539,18,597.894,466.493,26.2037,24.9409,30.0006,24.6619,24.6434,21.5773,-30,-30,-999.9,420,0,100.354,100.291
254,1746003681,8032.9,20250430 12:01:20,12:01:20,15,D,4,5616.3,1746003673,0.001374903,1.374902827,4.72238701,298.2864333,168.8652302,16.8965734,29.84639649,0.063295121,1.987855401,0.062196439,0.038969898,193.80065,28.68738929,27.06171333,3.592153173,38.80494266,1.435830057,3.700121579,2.156323117,-60.63321467,54.16334419,5.89875998,193.2295395,0,0,1,0,25524,RECT-24220-20250331-19_34_23,10063.9,425.8796,624.32,0.317850461,-0.387208687,MPF-24961-20250430-12_01_23,10096.8,236.60796,288.7100415,0.180465083,0.5,1009.1678,4.72238701,91.05977527,14.028,0.0059,59.73142275,1960.882022,37.98899657,18.99779875,0.713219535,51.61710493,117.2481253,0.040276866,0.005063177,1.162446435,237.5284746,DARK-24962-20250430-12_01_30,184.47,184.47,0.361054437,0.499827905,0.763010023,-0.379837058,1.691238067,0.389687877,0.610312123,24961,290,278.15,115,10096.8,278.45,-0.3,300,24,288.7100415,1.400234257,-10.35671959,1.246520723,0.711433027,-0.007358067,290,279,895,10066.7,278.42,0.58,None,None,None,None,None,None,None,None,None,None,None,None,None,1199.981667,1009.1678,0.840986015,0.161503009,2,0.5,0: Broadleaf,2,1746003673,298.2864333,299.9972,14.34976,13.89805333,298.2846333,14.17586333,600.0236,99.9595,0.100017153,27.56711333,27.06171333,999.9,0,0,5001.833333,0,452.527,-1.710848,302.6289333,304.2253667,0.451708433,299.9972,13.89805333,1.434395,1.389243,12.28620667,11.80073,1199.981667,0.966993667,0.03300607,0,236.6254667,4.99998,2893.858333,11896.45,37.53313333,39.93733333,37.94966667,39.60393333,39.6622,1155.541667,39.44,0,127.4000001,0,236.60796,-3.268846152,-13.74153846,2893.7424,15,1746003613,12:00:12,1746003613,1746003613,58,0.038,-0.004,0.002,0.156,300,14,1.47,0.33,-1.709298537,-0.034808153,0.071772457,1,236.7877059,-3.005867067,0.365520783,0,0.453562122,-0.03972023,0.004491557,1,2,3,02-Mar,3.21596,2.75512,0.0746657,0.075482,0.0881852,0.0871913,28081.9,31245.2,29630.6,31934.6,38190.8,39534.2,45473.5,46858.8,2.2524,1.8302,0.203818,0,23.7134,999.9,32.8,31.8,15.4935,26.2701,31.5224,1,-0.205915,0,20.3081,5.24005,11.9321,4.9756,3.2844,9999,9999,9999,175,4.97104,1.8663,1.86923,1.86691,1.87186,1.86996,1.87393,1.8721,0,0,0,0,11111111,oooooooo,on,on,on,on,0,100,100,0.002,0.1736,-0.159342531,0.000859946,-1.19E-06,3.87E-10,-0.032097825,-0.027663876,0.004005357,-7.26E-05,2,2149,0,22,1.1,1.1,0.822754,2.34619,1.59424,2.33398,1.49292,2.46948,35.4523,24.2539,18,598.205,466.398,26.2265,25.1224,30.0005,24.835,24.812,16.5376,-30,-30,-999.9,300,0,100.317,100.272
255,1746003780,8131.9,20250430 12:02:59,12:02:59,15,D,4,5616.39,1746003772,0.001131027,1.13102677,1.991349018,199.25,130.3411118,13.0422583,19.93745435,0.051183948,1.987248305,0.050462695,0.031603139,193.817304,28.87299043,27.14646774,3.61006495,38.26622916,1.423763254,3.720678221,2.186301696,-49.87828056,55.2192047,6.020983284,205.1792115,0,0,1,0,25516,RECT-24220-20250331-19_34_23,10063.9,425.8796,624.32,0.317850461,-0.387208687,MPF-24963-20250430-12_03_02,10079.2,233.0604,274.9433265,0.152332945,0.5,1009.256516,1.991349018,76.87150846,14.028,0.0059,50.1053704,1362.938536,39.28709619,18.99779875,0.713219535,34.6917606,95.6493512,0.020819263,0.002356742,1.270722508,228.1307075,DARK-24964-20250430-12_03_09,177.73,177.73,0.353575872,0.430835236,0.782320861,-0.277487482,1.760612625,0.328551511,0.671448489,24963,290,270.07,285,10079.2,269.15,0.92,300,24,274.9433265,0.999921322,-5.841010331,0.889936809,0.606067717,-0.007355437,290,270.26,825,10065,269.14,1.12,None,None,None,None,None,None,None,None,None,None,None,None,None,1200.087419,1009.256516,0.840985831,0.161502655,2,0.5,0: Broadleaf,2,1746003772,199.25,199.9889032,14.22873871,13.85709355,199.3027742,14.06089032,599.9990323,99.9625,0.100006126,27.66187742,27.14646774,999.9,0,0,4999.193548,0,616.1316129,-0.73884129,202.1260645,202.7990323,0.371632,199.9889032,13.85709355,1.422339677,1.38519,12.15791613,11.75648065,1200.087419,0.967001129,0.0329986,0,233.0788387,4.99998,2868.923871,11897.52581,39.07441935,41.19729032,39.16909677,41.41509677,40.74167742,1155.65129,39.43612903,0,96.79999995,0,233.0604,-0.512769228,-20.39153848,2868.7288,15,1746003745,12:02:25,1746003743,1746003745,59,-0.021,-0.001,-0.052,0.154,200,14,1.35,0.48,-0.744997725,0.23010564,0.067709461,1,233.1215294,-0.872268906,0.235925865,1,0.3733832,-0.045118019,0.004939875,1,3,3,03-Mar,3.21575,2.75539,0.0530824,0.05361,0.0876145,0.0870017,28733,31982.3,29626.8,31932.7,38210.7,39541.4,45467.4,46857.5,2.2512,1.8268,0.218868,0,23.584,999.9,32.7,31.9,15.5327,26.2701,31.7829,1,-0.199756,0,20.3062,5.24125,11.9321,4.976,3.2842,9999,9999,9999,175.1,4.97113,1.86636,1.86923,1.86691,1.87189,1.87006,1.87393,1.87213,0,0,0,0,11111111,oooooooo,on,on,on,on,0,100,100,-0.053,0.1673,-0.17994791,0.000859946,-1.19E-06,3.87E-10,-0.033323023,-0.027663876,0.004005357,-7.26E-05,2,2149,0,22,0.6,0.6,0.604248,2.3645,1.59424,2.33398,1.49292,2.44263,35.4986,24.2451,18,598.442,465.053,26.2341,25.213,30.0002,24.9365,24.9145,12.1456,-30,-30,-999.9,200,0,100.304,100.268
256,1746003863,8214.9,20250430 12:04:22,12:04:22,15,D,4,5616.3,1746003855,0.000897892,0.897891772,0.75764324,149.6967097,114.3713305,11.44424271,14.97897656,0.040065712,1.988934957,0.039622677,0.02480357,193.8025852,28.98095624,27.2044,3.622353012,37.89672888,1.411879056,3.725596106,2.210473957,-39.59702713,51.47782884,5.610526802,211.2939137,0,0,1,0,25396,RECT-24220-20250331-19_34_23,10063.9,425.8796,624.32,0.317850461,-0.387208687,MPF-24965-20250430-12_04_25,10084.7,232.2118846,272.2275167,0.146993341,0.5,1009.180732,0.75764324,74.17142352,14.028,0.0059,48.27830317,1140.726727,42.39485206,18.99779875,0.713219535,26.90719915,87.46413135,0.008662331,0.001134437,1.293375804,226.2578209,DARK-24966-20250430-12_04_32,177.75,177.75,0.347053515,0.423546612,0.788437386,-0.26043013,1.774298395,0.324209979,0.675790021,24965,290,266.59,265,10084.7,266.2,0.39,300,24,272.2275167,1.23017212,-6.082304817,1.095339755,0.524089763,-0.007357753,290,267.35,765,10071.3,266.19,1.16,None,None,None,None,None,None,None,None,None,None,None,None,None,1199.997419,1009.180732,0.840985752,0.161502502,2,0.5,0: Broadleaf,2,1746003855,149.6967097,149.9940645,14.11001935,13.81494194,149.824,13.94923226,599.9933871,99.96214839,0.100014552,27.68448065,27.2044,999.9,0,0,5006.129032,0,649.3474516,-0.297242194,151.8392581,152.0952903,0.295073774,149.9940645,13.81494194,1.41046871,1.38097129,12.03063548,11.71029355,1199.997419,0.96700671,0.032993213,0,232.2294516,4.99998,2846.641613,11896.65806,38.0763871,39.49970968,38.28403226,39.18722581,39.46351613,1155.567419,39.43,0,81,0,232.2118846,-0.486735042,-9.895042738,2846.577308,15,1746003840,12:04:00,1746003838,1746003840,60,-0.051,-0.002,-0.127,0.149,150,14,1.14,0.25,-0.2848976,-0.160998079,0.059822063,1,232.2307059,-0.370878528,0.180812957,1,0.296187525,-0.022572326,0.004036606,1,3,3,03-Mar,3.2156,2.75499,0.0411031,0.0414594,0.0870994,0.086782,29096.7,32392.5,29627,31932.3,38233.7,39550.1,45467.9,46856.2,2.2504,1.8258,0.228554,0,23.4692,999.9,32.6,31.9,15.484,26.3501,31.7188,1,-0.197317,0,20.3067,5.24005,11.9321,4.9756,3.2846,9999,9999,9999,175.1,4.9711,1.8663,1.8692,1.86691,1.8718,1.86999,1.87393,1.8721,0,0,0,0,11111111,oooooooo,on,on,on,on,0,100,100,-0.127,0.1604,-0.230649774,0.000859946,-1.19E-06,3.87E-10,-0.035707644,-0.027663876,0.004005357,-7.26E-05,2,2149,0,22,0.4,0.4,0.491943,2.36816,1.59424,2.33398,1.49292,2.46704,35.5218,24.2539,18,598.509,464.907,26.2452,25.2533,30.0002,24.9954,24.9732,9.89554,-30,-30,-999.9,150,0,100.305,100.266
257,1746003946,8298.4,20250430 12:05:46,12:05:46,15,D,4,5616.39,1746003938,0.000701477,0.701477068,-0.18890382,100.0214567,106.0927364,10.61551848,10.00803314,0.030958901,1.987725072,0.030693499,0.019207092,193.8014542,28.99437959,27.23444333,3.628739894,37.69493658,1.39942658,3.712505464,2.229313313,-30.93513871,41.77326767,4.55491837,209.1945016,0,0,1,0,25519,RECT-24220-20250331-19_34_23,10063.9,425.8796,624.32,0.317850461,-0.387208687,MPF-24967-20250430-12_05_48,10096.9,231.9756,268.6388141,0.136477725,0.5,1009.17478,-0.18890382,68.86493883,14.028,0.0059,44.68014542,928.5111663,42.58288256,18.99779875,0.713219535,21.80479832,84.28793808,-0.002241173,0.000196502,1.324012642,223.7732666,DARK-24968-20250430-12_05_56,182.7,182.7,0.319904681,0.426619968,0.805400992,-0.233166057,1.792382932,0.335998562,0.664001438,24967,290,264.72,155,10096.9,263.71,1.01,300,24,268.6388141,1.346119628,-4.976066966,1.198959807,0.380875557,-0.00735987,290,264.44,815,10073.3,263.7,0.74,None,None,None,None,None,None,None,None,None,None,None,None,None,1199.990333,1009.17478,0.840985758,0.161502513,2,0.5,0: Broadleaf,2,1746003938,100.0214567,99.98187667,13.98603333,13.75548,100.0859,13.82778333,600.0053667,99.95881,0.100052087,27.62425667,27.23444333,999.9,0,0,5001.333333,0,602.0370667,0.0396014,101.4403,101.3764,0.230555867,99.98187667,13.75548,1.398028333,1.374981,11.89626,11.64449333,1199.990333,0.967002,0.032998033,0,231.9859333,4.99998,2832.497667,11896.55667,37.23726667,38.6498,37.4914,38.21226667,38.68726667,1155.560333,39.43,0,81.20000005,0,231.9756,0.37692309,1.11076923,2832.544,15,1746003923,12:05:23,1746003923,1746003922,61,0.092,0.003,-0.064,0.15,100,14,0.92,0.43,0.044481402,-0.087956414,0.057978722,1,231.9573529,0.189152028,0.198235137,1,0.230393829,0.002195582,0.013898467,1,3,3,03-Mar,3.21626,2.7553,0.0281958,0.0283866,0.0865537,0.0864993,29489.7,32834.7,29628.2,31932.5,38259.4,39563.9,45470.5,46857.9,2.2498,1.8248,0.235736,0,23.3628,999.9,32.4,31.9,15.3916,26.4701,31.6386,1,-0.197988,0,20.3064,5.24005,11.9321,4.9748,3.2842,9999,9999,9999,175.1,4.97107,1.86633,1.86926,1.86691,1.87186,1.86996,1.87393,1.87213,0,0,0,0,11111111,oooooooo,on,on,on,on,0,100,100,-0.065,0.158,-0.138940614,0.000859946,-1.19E-06,3.87E-10,-0.033182836,-0.027663876,0.004005357,-7.26E-05,2,2149,0,22,0.4,0.4,0.378418,2.39136,1.59424,2.33398,1.49292,2.41089,35.5451,24.2451,18,598.402,464.523,26.2441,25.2618,30.0001,25.024,25.0047,7.62212,-30,-30,-999.9,100,0,100.31,100.269
258,1746004028,8380.4,20250430 12:07:08,12:07:08,15,D,4,5616.48,1746004020,0.000534414,0.534414162,-0.857992629,50.27072258,106.064822,10.612542,5.029944376,0.023538382,1.987812291,0.023384626,0.014629122,193.8030097,28.93561586,27.18052581,3.617284621,37.64825896,1.38784795,3.686353602,2.22943667,-23.56766455,34.60005531,3.769300579,208.604701,0,0,1,0,25528,RECT-24220-20250331-19_34_23,10063.9,425.8796,624.32,0.317850461,-0.387208687,MPF-24969-20250430-12_07_10,10089.2,231.8830769,267.9848949,0.134715869,0.5,1009.180219,-0.857992629,67.97629509,14.028,0.0059,44.07728623,815.3684523,44.6563786,18.99779875,0.713219535,18.25872312,87.80609888,-0.009771447,-0.000466501,1.329683545,223.3193464,DARK-24970-20250430-12_07_18,182.71,182.71,0.318207841,0.423358106,0.806899991,-0.228644893,1.795678224,0.333580874,0.666419126,24969,290,262.29,285,10089.2,262.25,0.04,300,24,267.9848949,1.352659262,-5.781695591,1.205121001,0.451163575,-0.007361628,290,262.99,725,10079,262.25,0.74,None,None,None,None,None,None,None,None,None,None,None,None,None,1199.996452,1009.180219,0.840986003,0.161502986,2,0.5,0: Broadleaf,2,1746004020,50.27072258,49.99367419,13.87055484,13.69488387,50.32888387,13.71613548,599.9870645,99.95714839,0.099984623,27.5033871,27.18052581,999.9,0,0,5001.774194,0,636.3267097,0.277046194,50.97781613,50.68784839,0.175666613,49.99367419,13.69488387,1.386461613,1.368902258,11.77036129,11.57746774,1199.996452,0.966998,0.0330021,0,231.8693226,4.99998,2824.130968,11896.6,36.53206452,38.01383871,36.81432258,37.56832258,38.05219355,1155.556452,39.44,0,79.80000019,0,231.8830769,0.115555562,-2.176068387,2824.121923,15,1746004006,12:06:45,1746004006,1746004006,62,0.04,0.001,-0.058,0.148,50,14,1.12,0.49,0.28391778,-0.044066801,0.0822447,1,231.8586176,0.213155082,0.170853225,1,0.174074112,0.023234279,0.017904696,1,3,3,03-Mar,3.21557,2.75535,0.0144919,0.0145286,0.0860394,0.0862342,29909.1,33306.1,29631.3,31935.1,38285.2,39578.3,45474.9,46861.1,2.2502,1.825,0.243038,0,23.1728,999.9,32.3,32,15.4306,26.4202,31.7388,1,-0.200793,0,20.3064,5.24125,11.9321,4.9748,3.2844,9999,9999,9999,175.1,4.97107,1.86633,1.86929,1.86691,1.87189,1.86999,1.87393,1.87216,0,0,0,0,11111111,oooooooo,on,on,on,on,0,100,100,-0.058,0.1542,-0.098479567,0.000859946,-1.19E-06,3.87E-10,-0.032396216,-0.027663876,0.004005357,-7.26E-05,2,2149,0,22,0.4,0.4,0.263672,2.40356,1.59424,2.33398,1.49292,2.50488,35.5683,24.2539,18,598.655,464.637,26.2078,25.2384,29.9998,25.0219,25.0026,5.34579,-30,-30,-999.9,50,0,100.32,100.276
259,1746004114,8466.4,20250430 12:08:34,12:08:34,15,D,4,5616.39,1746004106,0.000428387,0.428387172,2.720260215,419.0442258,176.3198439,17.64189241,41.92797011,0.018856833,1.987249897,0.018757989,0.011732581,193.7995088,28.92499578,27.12793548,3.606141745,37.491837,1.37801295,3.675501284,2.228128795,-18.89187429,34.82734918,3.793184196,213.5281679,0,0,1,0,25473,RECT-24220-20250331-19_34_23,10063.9,425.8796,624.32,0.317850461,-0.387208687,MPF-24971-20250430-12_08_36,10088.6,230.09192,272.2646164,0.154895987,0.5,1009.161794,2.720260215,78.15755583,14.028,0.0059,50.98237365,1490.381333,37.24845465,18.99779875,0.713219535,40.01189705,136.3079469,0.019956725,0.003079257,1.293063301,226.2834482,DARK-24972-20250430-12_08_44,181.22,181.22,0.334397534,0.463209117,0.794528061,-0.274535045,1.774111439,0.364822703,0.635177297,24971,290,263.41,185,10088.6,263.46,-0.05,300,24,272.2646164,1.620164383,-8.877779242,1.442194239,0.575069899,-0.007357694,290,263.96,855,10066.5,263.45,0.51,None,None,None,None,None,None,None,None,None,None,None,None,None,1199.974516,1009.161794,0.840986021,0.16150302,2,0.5,0: Broadleaf,2,1746004106,419.0442258,420.0108387,13.77239032,13.63155806,419.0472581,13.62062258,599.9864839,99.95618065,0.100012777,27.45300968,27.12793548,999.9,0,0,4999.516129,0,502.9226774,-0.966599581,424.8959677,425.8152581,0.140831806,420.0108387,13.63155806,1.376635161,1.362557742,11.66268065,11.50723548,1199.974516,0.966994806,0.033005135,0,230.0905806,4.99998,2816.990645,11896.3871,37.78003226,40.11464516,38.15896774,39.79612903,39.88083871,1155.534516,39.44,0,84,0,230.09192,-1.120923101,4.752307716,2817.058,15,1746004092,12:08:11,1746004092,1746004091,63,-0.085,0.001,-0.003,0.147,420,14,1.88,0.37,-0.996117951,0.38143039,0.123937368,1,230.1016176,-0.261405661,0.214560565,1,0.140090424,0.010792223,0.013127563,1,3,3,03-Mar,3.21613,2.75518,0.0974407,0.0981339,0.0855729,0.0859259,27396.1,30483,29636.7,31938.4,38312.8,39597.4,45482.6,46866.4,2.2506,1.8266,0.25019,0,23.0269,999.9,32.1,32,15.336,26.5302,31.6426,1,-0.205549,0,20.3081,5.24125,11.9321,4.9756,3.284,9999,9999,9999,175.2,4.97107,1.86633,1.86926,1.86691,1.87186,1.86996,1.87393,1.87213,0,0,0,0,11111111,oooooooo,on,on,on,on,0,100,100,-0.003,0.1513,-0.183424238,0.000859946,-1.19E-06,3.87E-10,-0.031124105,-0.027663876,0.004005357,-7.26E-05,2,2149,0,22,0.4,0.4,1.07544,2.3645,1.59424,2.33398,1.49292,2.39624,35.5683,24.2451,18,598.642,465.453,26.1629,25.1896,29.9999,24.9945,24.9752,21.5964,-30,-30,-999.9,420,0,100.338,100.287
260,1746004195,8547.4,20250430 12:09:55,12:09:55,15,D,4,5616.39,1746004187,0.000365796,0.365795945,3.527409594,598.7700645,230.5292084,23.06520627,59.90891629,0.016046952,1.987254092,0.015975311,0.009990979,193.8159049,28.99947916,27.11909677,3.604271937,37.16899384,1.370245976,3.686529643,2.234025961,-16.13160118,41.25908929,4.494632258,223.4380252,0,0,1,0,25409,RECT-24220-20250331-19_34_23,10063.9,425.8796,624.32,0.317850461,-0.387208687,MPF-24973-20250430-12_09_57,10084.9,228.3553462,272.2690941,0.161288038,0.5,1009.249684,3.527409594,81.38995057,14.028,0.0059,53.16955962,1654.605543,36.20704311,18.99779875,0.713219535,45.69844432,184.8307641,0.019084537,0.003878741,1.29302559,226.2865412,DARK-24974-20250430-12_10_05,177.79,177.79,0.347006312,0.464798571,0.788414901,-0.285877243,1.774088875,0.361876958,0.638123042,24973,290,263.13,195,10084.9,262.81,0.32,300,24,272.2690941,1.388835658,-9.540633277,1.235905447,0.680334077,-0.007354872,290,263.15,895,10062.4,262.79,0.36,None,None,None,None,None,None,None,None,None,None,None,None,None,1200.079355,1009.249684,0.84098579,0.161502574,2,0.5,0: Broadleaf,2,1746004187,598.7700645,600.0189355,13.69516129,13.57489355,598.7280645,13.54620968,599.971871,99.9533,0.099992303,27.50420323,27.11909677,999.9,0,0,4999.677419,0,662.8771935,-1.248878452,607.084129,608.2762581,0.120263581,600.0189355,13.57489355,1.368876129,1.356855806,11.5771871,11.44386452,1200.079355,0.967004516,0.0329957,0,228.3608387,4.99998,2815.677419,11897.45161,39.25977419,41.55006452,39.407,41.88687097,41.22967742,1155.645161,39.43419355,0,78.80000019,0,228.3553462,0.426358973,-5.611623923,2815.649231,15,1746004173,12:09:32,1746004173,1746004173,64,0.053,0,0.042,0.145,600,14,1.92,0.34,-1.24236978,-0.185482662,0.141569981,1,228.4150882,-0.351489686,0.178823009,1,0.118861351,0.020282111,0.01148103,1,3,3,03-Mar,3.21566,2.75515,0.126341,0.127124,0.0852771,0.0857035,26522,29506.6,29639.6,31941.6,38330.3,39611.9,45488.1,46871.5,2.252,1.8278,0.257492,0,22.9205,999.9,32,32,15.2875,26.4402,31.7228,1,-0.211951,0,20.3063,5.24125,11.9321,4.976,3.2842,9999,9999,9999,175.2,4.97107,1.86636,1.86923,1.86691,1.87186,1.87006,1.87393,1.87213,0,0,0,0,11111111,oooooooo,on,on,on,on,0,100,100,0.042,0.1488,-0.130356151,0.000859946,-1.19E-06,3.87E-10,-0.030895138,-0.027663876,0.004005357,-7.26E-05,2,2149,0,22,0.4,0.4,1.43555,2.34619,1.59424,2.33398,1.49292,2.47437,35.5218,24.2539,18,599.096,465.86,26.1226,25.1219,29.9996,24.9461,24.9312,28.7749,-30,-30,-999.9,600,0,100.349,100.297
261,1746004275,8626.9,20250430 12:11:14,12:11:14,15,D,4,5616.39,1746004267,0.000322196,0.322195889,4.390631912,798.4632,277.2855936,27.74182682,79.88452456,0.014058312,1.98580225,0.014003254,0.008756963,193.8068274,29.03689952,27.13577333,3.607800532,36.92902076,1.363021195,3.690921575,2.244779338,-14.20883872,41.6222312,4.538346024,225.7585659,0,0,1,0,25406,RECT-24220-20250331-19_34_23,10063.9,425.8796,624.32,0.317850461,-0.387208687,MPF-24975-20250430-12_11_17,10090.2,228.0859615,272.6998909,0.163600833,0.5,1009.20306,4.390631912,82.55323068,14.028,0.0059,53.96093516,1800.834528,33.54552937,18.99779875,0.713219535,53.68329436,223.6022992,0.019635898,0.004734271,1.28940319,226.5840345,DARK-24976-20250430-12_11_24,181.22,181.22,0.335459947,0.487691108,0.793545721,-0.291252213,1.771917962,0.38748278,0.61251722,24975,290,263.85,195,10090.2,263.98,-0.13,300,24,272.6998909,1.059031681,-8.794776609,0.942951816,0.756501113,-0.007357785,290,264.82,725,10072.6,263.97,0.85,None,None,None,None,None,None,None,None,None,None,None,None,None,1200.024,1009.20306,0.84098573,0.161502459,2,0.5,0: Broadleaf,2,1746004267,798.4632,800.0124667,13.62369333,13.51776,798.4508667,13.47595,600.0120667,99.94778667,0.10006095,27.52455333,27.13577333,999.9,0,0,4994,0,488.2579,-1.549404333,809.4915,810.9751,0.1059352,800.0124667,13.51776,1.361658,1.35107,11.49725333,11.37931667,1200.024,0.9670066,0.032993303,0,228.0729333,4.99998,2798.382,11896.92667,38.2019,39.4914,38.35176667,39.281,39.56856667,1155.594,39.43,0,77.4000001,0,228.0859615,0.286393168,-20.69504272,2798.281923,15,1746004253,12:10:52,1746004253,1746004251,65,0.016,0.002,0.012,0.144,800,14,2.1,0.34,-1.537457475,-0.269726668,0.177450098,1,228.0774412,0.388495038,0.248373792,1,0.10468645,0.023593801,0.010377059,1,3,3,03-Mar,3.21603,2.75509,0.153688,0.154591,0.0849536,0.0854547,25695.4,28580.5,29642.9,31943.4,38349.5,39625.7,45494.2,46874.5,2.2522,1.829,0.256479,0,22.9244,999.9,31.8,32,15.1915,26.5103,31.6466,1,-0.216504,0,20.3063,5.24005,11.9321,4.9744,3.284,9999,9999,9999,175.2,4.97107,1.8663,1.86923,1.86691,1.8718,1.86999,1.87393,1.87213,0,0,0,0,11111111,oooooooo,on,on,on,on,0,100,100,0.013,0.1476,-0.11448601,0.000859946,-1.19E-06,3.87E-10,-0.029231954,-0.027663876,0.004005357,-7.26E-05,2,2149,0,22,0.4,0.4,1.81519,2.34375,1.59424,2.33398,1.49292,2.37671,35.4986,24.2451,18,598.749,466.248,26.106,25.062,29.9999,24.8999,24.8852,36.3842,-30,-30,-999.9,800,0,100.361,100.303
262,1746004360,8712.4,20250430 12:12:40,12:12:40,15,D,4,5616.39,1746004352,0.000279659,0.279658802,4.91855833,998.2655161,331.9620204,33.21226577,99.87485795,0.012293706,1.986486355,0.012251595,0.007661018,193.8068244,28.91943862,27.01887742,3.583129891,37.01937119,1.355761869,3.662303883,2.227368022,-12.33295318,39.91378416,4.34513656,225.732792,0,0,1,0,25477,RECT-24220-20250331-19_34_23,10063.9,425.8796,624.32,0.317850461,-0.387208687,MPF-24977-20250430-12_12_42,10091.3,228.2250385,275.7316203,0.172292832,0.5,1009.201984,4.91855833,86.93913408,14.028,0.0059,56.93510077,1937.572646,34.40798931,18.99779875,0.713219535,56.31170798,275.6503124,0.017843471,0.005257389,1.264230701,228.6731545,DARK-24978-20250430-12_12_49,177.95,177.95,0.354626068,0.485843676,0.78094043,-0.316398409,1.756640179,0.378818567,0.621181433,24977,290,265.88,225,10091.3,265.69,0.19,300,24,275.7316203,1.040448822,-10.13264885,0.926770714,0.810216754,-0.007360322,290,266.04,795,10074.5,265.67,0.37,None,None,None,None,None,None,None,None,None,None,None,None,None,1200.022581,1009.201984,0.840985828,0.161502648,2,0.5,0: Broadleaf,2,1746004352,998.2655161,999.9980645,13.55106129,13.45910645,998.2065161,13.40660323,600.0100323,99.9484,0.099990271,27.39157097,27.01887742,999.9,0,0,4996.774194,0,343.5733548,-1.732070323,1011.978387,1013.64,0.091964971,999.9980645,13.45910645,1.354406774,1.345215484,11.41658387,11.31377419,1200.022581,0.96700071,0.032999371,0,228.2130968,4.99998,2787.729355,11896.88065,37.2013871,38.42109677,37.43532258,37.98758065,38.61464516,1155.589032,39.43387097,0,83.60000014,0,228.2250385,-0.015145301,-0.479316237,2787.713077,15,1746004338,12:12:17,1746004338,1746004330,66,0.113,0,0.058,0.141,1000,13,2.45,0.37,-1.759517439,0.175564599,0.229359535,1,228.2034412,0.143208558,0.215590187,1,0.09011829,0.024297849,0.007826599,1,3,3,03-Mar,3.21575,2.75513,0.177627,0.178608,0.0846504,0.0851991,24972.7,27771.6,29646.6,31945.6,38368.3,39640,45500.9,46877.6,2.2528,1.8308,0.256151,0,22.7992,999.9,31.7,32,15.145,26.4403,31.6987,1,-0.221341,0,20.3066,5.24125,11.9321,4.9752,3.284,9999,9999,9999,175.2,4.9711,1.8663,1.86923,1.86691,1.8718,1.86996,1.87393,1.87213,0,0,0,0,11111111,oooooooo,on,on,on,on,0,100,100,0.059,0.1444,-0.001458031,0.000859946,-1.19E-06,3.87E-10,-0.02968442,-0.027663876,0.004005357,-7.26E-05,2,2149,0,22,0.4,0.5,2.17896,2.33398,1.59424,2.33398,1.49292,2.42554,35.4291,24.2539,18,598.523,466.905,26.0452,24.9892,29.9999,24.8391,24.8246,43.6718,-30,-30,-999.9,1000,0,100.375,100.31
263,1746004438,8790.4,20250430 12:13:58,12:13:58,15,D,4,5616.48,1746004430,0.000264267,0.264267112,5.73407832,1197.992581,379.8393358,38.00126535,119.8539215,0.011653804,1.988811206,0.011616,0.007263386,193.7961068,28.81737076,26.96670645,3.572166929,37.1503257,1.352116356,3.639581432,2.220050573,-11.65417966,34.16365647,3.711872665,220.0174563,0,0,1,0,25546,RECT-24220-20250331-19_34_23,10063.9,425.8796,624.32,0.317850461,-0.387208687,MPF-24979-20250430-12_14_00,10089.8,228.3893077,278.4743568,0.179855157,0.5,1009.145129,5.73407832,90.74997778,14.028,0.0059,59.52272267,2110.676443,33.73353125,18.99779875,0.713219535,62.56909269,317.2702431,0.018073168,0.006065814,1.241929947,230.5563901,DARK-24980-20250430-12_14_08,179.35,179.35,0.355955062,0.505274897,0.777233618,-0.339777935,1.742818716,0.396783254,0.603216746,24979,290,267.13,245,10089.8,267.38,-0.25,300,24,278.4743568,1.350219286,-11.19497594,1.202680179,0.755768874,-0.007361186,290,267.42,705,10077.5,267.37,0.05,None,None,None,None,None,None,None,None,None,None,None,None,None,1199.954839,1009.145129,0.840985924,0.161502834,2,0.5,0: Broadleaf,2,1746004430,1197.992581,1200.009355,13.51499677,13.42810323,1198.040323,13.37048387,600.0342903,99.94557097,0.100058252,27.28533548,26.96670645,999.9,0,0,5006.451613,0,285.013871,-2.01599129,1214.405806,1216.341613,0.086891087,1200.009355,13.42810323,1.350763548,1.342079355,11.37590323,11.27854516,1199.954839,0.966999355,0.033000735,0,228.3743548,4.99998,2781.060968,11896.20968,36.50993548,37.8163871,36.79219355,37.34845161,38.04419355,1155.519355,39.43548387,0,75.79999995,0,228.3893077,-0.045743581,-0.408888889,2781.046923,15,1746004415,12:13:34,1746004415,1746004415,67,-0.039,0.002,-0.049,0.141,1200,13,1.98,0.52,-2.007815366,-0.252644111,0.152029714,1,228.374,0.362352944,0.185963785,1,0.086887739,-0.00280523,0.00209399,1,3,3,03-Mar,3.21551,2.75516,0.199095,0.200122,0.0844751,0.0850739,24323.6,27047.4,29648.6,31948,38377.4,39647.7,45502.8,46879.9,2.2544,1.832,0.256896,0,22.7281,999.9,31.7,32,15.1434,26.3503,31.6146,1,-0.227053,0,20.3085,5.24005,11.9321,4.9752,3.2842,9999,9999,9999,175.3,4.97107,1.86633,1.86926,1.86691,1.87186,1.86996,1.87393,1.87216,0,0,0,0,11111111,oooooooo,on,on,on,on,0,100,100,-0.05,0.1442,-0.039767586,0.000859946,-1.19E-06,3.87E-10,-0.028179631,-0.027663876,0.004005357,-7.26E-05,2,2149,0,22,0.4,0.4,2.52808,2.33032,1.59424,2.33276,1.49292,2.45483,35.3827,24.2539,18,598.939,467.129,25.9735,24.9158,29.9996,24.7744,24.76,50.6742,-30,-30,-999.9,1200,0,100.38,100.316
264,1746004520,8871.9,20250430 12:15:19,12:15:19,15,D,4,5616.39,1746004512,0.000245773,0.245773425,6.848123879,1497.597742,453.1852287,45.34056448,149.832613,0.010886589,1.988337621,0.010853582,0.006786446,193.8032157,28.75988667,26.90466774,3.559168528,37.21123094,1.349195568,3.625775159,2.20997296,-10.83860805,33.85606612,3.676996645,220.4976704,0,0,1,0,25492,RECT-24220-20250331-19_34_23,10063.9,425.8796,624.32,0.317850461,-0.387208687,MPF-24981-20250430-12_15_22,10081.3,227.836,274.5621234,0.170184156,0.5,1009.181303,6.848123879,85.87333442,14.028,0.0059,56.2135692,2217.125118,25.96819555,18.99779875,0.713219535,85.37848208,367.8067466,0.01861881,0.007169507,1.273875188,227.868201,DARK-24982-20250430-12_15_29,176.51,176.51,0.357121813,0.476543717,0.781040791,-0.308795285,1.76253362,0.369189819,0.630810181,24981,290,267.94,265,10081.3,267.56,0.38,300,24,274.5621234,1.071848851,-7.063855275,0.954015727,0.661934665,-0.00735714,290,268.3,665,10071.7,267.55,0.75,None,None,None,None,None,None,None,None,None,None,None,None,None,1199.997742,1009.181303,0.840986002,0.161502984,2,0.5,0: Broadleaf,2,1746004512,1497.597742,1500.003226,13.48539677,13.40457419,1497.453871,13.34037742,599.9785484,99.94864194,0.099995165,27.22050323,26.90466774,999.9,0,0,5004.354839,0,299.3128387,-2.405207419,1518.069677,1520.382581,0.080826132,1500.003226,13.40457419,1.347847097,1.339768387,11.34327742,11.25255806,1199.997742,0.96699729,0.033002794,0,227.8620323,4.99998,2793.198065,11896.64194,38.1066129,40.16509677,38.40296774,40.01787097,40.14090323,1155.557742,39.44,0,79.20000005,0,227.836,-0.122999997,-3.330769223,2793.216,15,1746004497,12:14:57,1746004497,1746004492,68,0.258,0.002,0.144,0.142,1500,13,2.3,0.4,-2.442441,0.447667992,0.182943214,1,227.8887059,-0.500656993,0.20612411,1,0.080345408,0.004418003,0.002456579,1,3,3,03-Mar,3.21593,2.75535,0.227758,0.228879,0.0843707,0.0849981,23457.7,26077.6,29652.3,31948.8,38386.4,39652.7,45508,46881.6,2.255,1.8334,0.256598,0,22.7014,999.9,31.6,32,15.0954,26.2903,31.6066,1,-0.23122,0,20.3089,5.24125,11.9321,4.9756,3.284,9999,9999,9999,175.3,4.9711,1.8663,1.86923,1.86694,1.87186,1.86999,1.87393,1.87213,0,0,0,0,11111111,oooooooo,on,on,on,on,0,100,100,0.14,0.1449,0.21835625,0.000859946,-1.19E-06,3.87E-10,-0.02644655,-0.027663876,0.004005357,-7.26E-05,2,2149,0,22,0.4,0.5,3.02856,2.323,1.59424,2.33276,1.49292,2.39258,35.2902,24.2451,18,598.671,467.487,25.8926,24.8468,29.9998,24.7097,24.6956,60.6835,-30,-30,-999.9,1500,0,100.392,100.319
,,,,,,,,,,,,,,,,,,,,,,,,,,,,,,,,,,,,,,,,,,,,,,,,,,,,,,,,,,,,,,,,,,,,,,,,,,,,,,,,,,,,,,,,,,,,,,,,,,,,,,,,,,,,,,,,,,,,,,,,,,,,,,,,,,,,,,,,,,,,,,,,,,,,,,,,,,,,,,,,,,,,,,,,,,,,,,,,,,,,,,,,,,,,,,,,,,,,,,,,,,,,,,,,,,,,,,,,,,,,,,,,,,,,,,,,,,,,,,,,,,,,,,,,,,,,,,,,,,,,,,,,,,,,,,,,,,,,,,,,,,,,,,,,,,,,,,
265,1746004931,9283,20250430 12:22:10,12:22:10,15,D,5,5616.39,1746004923,0.001460493,1.460493381,5.726827019,417.892,271.6655896,27.17635582,41.80427011,0.069302107,1.986690122,0.067986569,0.042607721,193.8006942,28.22664222,26.5051129,3.476438422,38.23681558,1.379614114,3.608077957,2.096824307,-64.40775808,67.68815918,7.339742667,204.4208379,8,1,1,0,25435,RECT-24220-20250331-19_34_23,10063.9,425.8796,624.32,0.317850461,-0.387208687,MPF-24985-20250430-12_22_13,10099.5,273.42544,329.4078189,0.169948543,0.5,1009.168026,5.726827019,85.75331793,14.028,0.0059,56.13294885,2045.176132,30.37276263,18.99779875,0.713219535,67.33586132,204.3297283,0.02802738,0.006058491,0.895279845,264.4041128,DARK-24986-20250430-12_22_20,198.85,198.85,0.396340983,0.428793766,0.693144478,-0.580297972,1.486149902,0.311842382,0.688157618,24985,290,318.35,95,10099.5,318,0.35,300,24,329.4078189,1.353953806,-11.52008742,1.205330602,0.765392021,-0.007358241,290,317.76,765,10069.8,317.97,-0.21,None,None,None,None,None,None,None,None,None,None,None,None,None,1199.981935,1009.168026,0.840986015,0.16150301,2,0.5,0: Broadleaf,2,1746004923,417.892,420.0044516,13.79116774,13.31103548,417.9240323,13.63478387,599.981129,99.93608065,0.099981568,27.13708387,26.5051129,999.9,0,0,4998.225806,0,392.2766774,-2.112501613,423.7357419,425.6705806,0.480135516,420.0044516,13.31103548,1.378234516,1.330252258,11.68026452,11.14508065,1199.981935,0.966992484,0.0330071,0,273.5864839,4.99998,3327.881613,11896.43226,37.64696774,39.70945161,38.06222581,39.30419355,39.68119355,1155.54129,39.44,0,320.6000001,0,273.42544,-11.61569231,-124.4876923,3326.0428,15,1746004858,12:20:58,1746004858,1746004856,70,0.003,-0.002,-0.032,0.139,420,13,1.48,0.29,-2.10586775,0.019537824,0.091180937,1,274.1387353,-12.65089382,1.259777789,0,0.4804589,-0.008726882,0.001972575,1,2,3,02-Mar,3.2162,2.75519,0.0973165,0.0981865,0.0857061,0.0845394,27416.7,30491.8,29653.1,31947.9,38327.5,39671,45509.1,46881,2.233,1.831,0.210941,0,23.0269,999.9,31.6,31.8,14.9308,26.3914,31.7188,1,-0.231098,0,20.3094,5.24125,11.9321,4.9752,3.2842,9999,9999,9999,175.4,4.97104,1.8663,1.8692,1.86691,1.87189,1.86996,1.87393,1.87213,0,0,0,0,11111111,oooooooo,on,on,on,on,0,100,100,-0.032,0.1559,-0.212322413,0.000859946,-1.19E-06,3.87E-10,-0.027093691,-0.027663876,0.004005357,-7.26E-05,2,2149,0,22,1.2,1.2,1.07544,2.33887,1.59424,2.33276,1.49292,2.47192,34.8985,24.2626,18,583.095,465.317,25.7716,24.8176,29.9999,24.6453,24.6293,21.5904,-30,-30,-999.9,420,0,100.395,100.317
266,1746005060,9412.5,20250430 12:24:20,12:24:20,15,D,5,5616.39,1746005052,0.001320489,1.320488857,2.855561115,298.9151667,215.6210358,21.56934528,29.90155583,0.062292744,1.986523775,0.06122757,0.038361416,193.8103418,28.31801194,26.44605333,3.464353366,37.57748556,1.358950921,3.61639663,2.105402444,-58.23355858,78.21185418,8.480749012,222.2693865,8,1,1,0,25431,RECT-24220-20250331-19_34_23,10063.9,425.8796,624.32,0.317850461,-0.387208687,MPF-24987-20250430-12_24_22,10089.1,258.5674,307.5400971,0.159240039,0.5,1009.21826,2.855561115,80.35397767,14.028,0.0059,52.46879008,1539.183327,38.19366748,18.99779875,0.713219535,40.29943781,175.321598,0.01628756,0.00321315,1.030044231,250.1283596,DARK-24988-20250430-12_24_30,193.51,193.51,0.370781235,0.429471678,0.735312325,-0.413832203,1.596347835,0.321413544,0.678586456,24987,290,298.44,175,10089.1,297.97,0.47,300,24,307.5400971,1.322975112,-9.656077966,1.177580366,0.706002396,-0.007355858,290,298.07,835,10065.8,297.95,0.12,None,None,None,None,None,None,None,None,None,None,None,None,None,1200.041667,1009.21826,0.840986016,0.16150301,2,0.5,0: Broadleaf,2,1746005052,298.9151667,299.9986,13.58494667,13.15076,298.8683667,13.43741333,599.9954333,99.93362,0.099965313,27.17634,26.44605333,999.9,0,0,4997.666667,0,289.6895333,-1.0832135,303.0318667,303.9963333,0.434196433,299.9986,13.15076,1.357593,1.314202333,11.45207667,10.96226667,1200.041667,0.9669948,0.033005003,0,258.5953,4.99998,3168.655333,11897.04,39.13313333,40.52686667,39.18306667,40.66223333,40.52056667,1155.599667,39.442,0,127.3999999,0,258.5674,-2.696461535,-37.95384622,3168.3288,15,1746004992,12:23:12,1746004992,1746004992,71,0.098,-0.001,0.047,0.134,300,13,1.77,0.43,-1.085981195,0.055549631,0.081488732,1,258.6721176,-1.813170357,0.26733695,0,0.435491073,-0.018492564,0.00257363,1,2,3,02-Mar,3.21614,2.75546,0.0748219,0.0754808,0.0847815,0.0838178,28107,31265.8,29660.1,31953.9,38376.9,39710.9,45520.7,46890.6,2.2342,1.8328,0.22471,0,22.7397,999.9,31.5,31.7,14.7993,26.4615,31.7829,1,-0.240061,0,20.3078,5.24005,11.9321,4.9752,3.2842,9999,9999,9999,175.4,4.97107,1.8663,1.86926,1.86691,1.87189,1.86999,1.87393,1.87213,0,0,0,0,11111111,oooooooo,on,on,on,on,0,100,100,0.047,0.147,-0.114402143,0.000859946,-1.19E-06,3.87E-10,-0.027867705,-0.027663876,0.004005357,-7.26E-05,2,2149,0,22,1.1,1.1,0.822754,2.34741,1.59424,2.33154,1.49292,2.47559,34.715,24.2626,18,583.115,465.796,25.7,24.726,29.9996,24.5686,24.5487,16.5465,-30,-30,-999.9,300,0,100.42,100.337
267,1746005148,9500.5,20250430 12:25:48,12:25:48,15,D,5,5616.57,1746005140,0.00120108,1.201080245,1.202034907,199.5013667,158.8403466,15.88937791,19.95684772,0.056521665,1.986726442,0.055643301,0.034854843,193.8025652,28.27203582,26.37921,3.450719827,37.33908325,1.343197688,3.59729691,2.107522139,-52.96763882,75.71278291,8.202478665,224.750188,9,2,1,0,25556,RECT-24220-20250331-19_34_23,10063.9,425.8796,624.32,0.317850461,-0.387208687,MPF-24989-20250430-12_25_50,10086.1,255.95708,301.7785107,0.151837951,0.5,1009.17788,1.202034907,76.61575065,14.028,0.0059,49.93599692,1239.758967,42.27497915,18.99779875,0.713219535,29.32606928,129.5142773,0.0092811,0.00157479,1.068802045,246.3037598,DARK-24990-20250430-12_25_58,193.17,193.17,0.35989478,0.421895396,0.748095766,-0.369226659,1.625382177,0.318403123,0.681596877,24989,290,292.65,295,10086.1,292.84,-0.19,300,24,301.7785107,1.23122414,-9.014481052,1.096582623,0.70704241,-0.007359416,290,293.19,885,10071.2,292.83,0.36,None,None,None,None,None,None,None,None,None,None,None,None,None,1199.993667,1009.17788,0.840986005,0.16150299,2,0.5,0: Broadleaf,2,1746005140,199.5013667,199.9819,13.42746,13.03249,199.5310333,13.28442,600.0216667,99.93357667,0.100062453,27.08609,26.37921,999.9,0,0,4998.5,0,305.2758667,-0.480442767,202.2166333,202.6225667,0.394967633,199.9819,13.03249,1.341854333,1.302384,11.27602,10.82639667,1199.993667,0.9669988,0.03300128,0,255.9551,4.99998,3118.086,11896.59333,37.6414,38.65606667,37.84763333,38.10596667,38.96023333,1155.553667,39.44,0,86,0,255.95708,-1.436307694,-20.58538464,3117.8528,15,1746005125,12:25:25,1746005119,1746005125,72,-0.043,0.002,-0.029,0.129,200,13,1.05,0.48,-0.46914555,-0.166870964,0.068211876,1,255.9486765,-0.350114595,0.207964324,1,0.39670395,-0.035458964,0.003999668,1,3,3,03-Mar,3.21556,2.75499,0.0531972,0.0536526,0.084093,0.0832996,28772.7,32010.4,29668.3,31959.7,38417.6,39740.5,45534.2,46898.7,2.2346,1.8338,0.234693,0,22.5165,999.9,31.4,31.7,14.7528,26.4115,31.887,1,-0.250467,0,20.3082,5.24125,11.9321,4.9752,3.284,9999,9999,9999,175.5,4.97107,1.86636,1.86935,1.86691,1.87186,1.87006,1.87393,1.87219,0,0,0,0,11111111,oooooooo,on,on,on,on,0,100,100,-0.029,0.1425,-0.157017002,0.000859946,-1.19E-06,3.87E-10,-0.026162872,-0.027663876,0.004005357,-7.26E-05,2,2149,0,22,0.5,0.4,0.605469,2.36572,1.59424,2.33154,1.49292,2.41821,34.5777,24.2539,18,582.347,465.563,25.6299,24.6057,29.9996,24.4674,24.4479,12.1531,-30,-30,-999.9,200,0,100.449,100.355
268,1746005234,9586.5,20250430 12:27:14,12:27:14,15,D,5,5616.66,1746005226,0.001050898,1.050898024,0.330355148,149.8255806,134.2165993,13.42636715,14.98781272,0.049746906,1.986913731,0.04906518,0.030726209,193.7898026,28.12194174,26.21869355,3.418171653,37.32051961,1.326390187,3.554050696,2.091781465,-46.34460288,70.85819207,7.661756244,225.965148,9,2,1,0,25458,RECT-24220-20250331-19_34_23,10063.9,425.8796,624.32,0.317850461,-0.387208687,MPF-24991-20250430-12_27_16,10091.1,254.8215385,297.5818828,0.143692701,0.5,1009.112303,0.330355148,72.50103601,14.028,0.0059,47.14891394,1054.330553,42.97461521,18.99779875,0.713219535,24.53379856,109.6828007,0.003011914,0.000711084,1.097977182,243.5010538,DARK-24992-20250430-12_27_24,192.05,192.05,0.35463141,0.40518887,0.755865818,-0.333289986,1.646530228,0.305376551,0.694623449,24991,290,289.83,215,10091.1,289.69,0.14,300,24,297.5818828,0.965012751,-7.965467871,0.859475384,0.75415433,-0.007360702,290,290.09,735,10075.5,289.68,0.41,None,None,None,None,None,None,None,None,None,None,None,None,None,1199.915806,1009.112303,0.840985924,0.161502833,2,0.5,0: Broadleaf,2,1746005226,149.8255806,149.9881935,13.25925161,12.91357419,149.8973226,13.12073871,599.9604516,99.93506774,0.100004055,26.8801871,26.21869355,999.9,0,0,4999.193548,0,365.7381613,-0.162494784,151.8389032,151.9503548,0.34567071,149.9881935,12.91357419,1.325063871,1.290519032,11.0861871,10.68888065,1199.915806,0.966998484,0.033001535,0,254.8703548,4.99998,3093.701613,11895.80323,36.60658065,37.86267742,36.97151613,37.17722581,38.20541935,1155.481613,39.43419355,0,84.20000005,0,254.8215385,-0.789811975,6.614017099,3093.75,15,1746005212,12:26:51,1746005209,1746005212,73,-0.018,0.002,-0.071,0.126,150,13,1.19,0.49,-0.157941785,-0.124553856,0.062110398,1,254.8842941,-0.657967919,0.211447884,1,0.3459089,-0.010074169,0.004452887,1,3,3,03-Mar,3.21578,2.75528,0.0411815,0.0415373,0.0833531,0.0827618,29148.5,32429.8,29678.2,31968.1,38462.5,39774.1,45550.2,46910.4,2.2362,1.8366,0.239313,0,22.2747,999.9,31.3,31.6,14.6209,26.3415,31.847,1,-0.264085,0,20.3099,5.24125,11.9321,4.976,3.2842,9999,9999,9999,175.5,4.97107,1.8663,1.86935,1.86691,1.87183,1.86999,1.87393,1.87222,0,0,0,0,11111111,oooooooo,on,on,on,on,0,100,100,-0.072,0.1379,-0.175112511,0.000859946,-1.19E-06,3.87E-10,-0.024129535,-0.027663876,0.004005357,-7.26E-05,2,2149,0,22,0.4,0.4,0.491943,2.37061,1.59424,2.33276,1.49292,2.45728,34.3952,24.2626,18,582.046,466.245,25.5264,24.4491,29.9994,24.3338,24.3168,9.90323,-30,-30,-999.9,150,0,100.483,100.381
269,1746005320,9672.5,20250430 12:28:40,12:28:40,15,D,5,5616.48,1746005312,0.000927072,0.927072465,-0.386122597,100.0789333,110.7314615,11.07739285,10.0117315,0.043771609,1.98706912,0.043242919,0.027073793,193.8034696,28.115584,26.15679667,3.405692537,37.01734188,1.311565144,3.543110006,2.094127394,-40.88389572,71.8771308,7.766876118,232.5635808,9,2,1,0,25580,RECT-24220-20250331-19_34_23,10063.9,425.8796,624.32,0.317850461,-0.387208687,MPF-24993-20250430-12_28_42,10079.5,252.64456,290.4532318,0.13017129,0.5,1009.18264,-0.386122597,65.6833029,14.028,0.0059,42.52225492,857.5422157,41.21386717,18.99779875,0.713219535,20.80712815,89.92433335,-0.004293861,1.08E-06,1.149468251,238.7071325,DARK-24994-20250430-12_28_50,192.39,192.39,0.337621417,0.385554005,0.77296499,-0.279182498,1.682453614,0.293601157,0.706398843,24993,290,285.74,295,10079.5,285.43,0.31,300,24,290.4532318,1.278154309,-5.059484706,1.137579905,0.413993294,-0.007356675,290,285.72,755,10067.6,285.43,0.29,None,None,None,None,None,None,None,None,None,None,None,None,None,1199.999333,1009.18264,0.840986001,0.161502981,2,0.5,0: Broadleaf,2,1746005312,100.0789333,99.98115667,13.11062333,12.80566333,100.0959667,12.97527,600.0249,99.93835,0.100001383,26.82775,26.15679667,999.9,0,0,4999.666667,0,902.4650333,0.097610947,101.4083333,101.2781333,0.304961767,99.98115667,12.80566333,1.310254667,1.279777333,10.91698667,10.56342333,1199.999333,0.9669985,0.03300181,0,252.6301667,4.99998,3093.168333,11896.64667,38.29973333,40.1914,38.58726667,39.95806667,40.26226667,1155.559333,39.44,0,84,0,252.64456,-1.314615401,0.433076923,3093.178,15,1746005295,12:28:15,1746005295,1746005294,74,0.083,0.003,-0.017,0.125,100,13,0.97,0.46,0.0937128,0.010399725,0.065193702,1,252.6880294,-0.964965628,0.198042106,1,0.30583175,-0.019880803,0.002932446,1,3,3,03-Mar,3.21544,2.75527,0.0282894,0.0284765,0.082738,0.0823158,29551.9,32880.6,29688.6,31975.7,38501.8,39803,45566,46921.3,2.2386,1.8398,0.243485,0,22.16,999.9,31.2,31.5,14.4922,26.4516,32.1114,1,-0.277663,0,20.3101,5.24125,11.9321,4.976,3.2842,9999,9999,9999,175.5,4.9711,1.86633,1.86932,1.86691,1.87189,1.87002,1.87396,1.87216,0,0,0,0,11111111,oooooooo,on,on,on,on,0,100,100,-0.017,0.1351,-0.091637069,0.000859946,-1.19E-06,3.87E-10,-0.021487917,-0.027663876,0.004005357,-7.26E-05,2,2149,0,22,0.4,0.4,0.378418,2.39868,1.59424,2.33154,1.49292,2.39502,34.236,24.2539,18,582.137,467.087,25.4218,24.2833,29.9994,24.1867,24.1747,7.63267,-30,-30,-999.9,100,0,100.518,100.404
270,1746005407,9759,20250430 12:30:06,12:30:06,15,D,5,5616.66,1746005399,0.000839667,0.839666676,-0.73855261,50.22294194,78.67836563,7.870803668,5.024188193,0.038842258,1.986945876,0.038425303,0.024052903,193.820514,28.3119467,26.31306452,3.437274767,36.4244939,1.303051219,3.577403774,2.134223547,-37.0293004,72.6897121,7.867771913,237.3486976,9,1,1,0,25448,RECT-24220-20250331-19_34_23,10063.9,425.8796,624.32,0.317850461,-0.387208687,MPF-24995-20250430-12_30_09,10080.5,250.5418077,288.778161,0.132407358,0.5,1009.274303,-0.73855261,66.81767194,14.028,0.0059,43.28737656,818.514687,43.38870886,18.99779875,0.713219535,18.86469334,59.81367229,-0.012347555,-0.000348115,1.161936338,237.574581,DARK-24996-20250430-12_30_16,194.44,194.44,0.326680386,0.405311625,0.780547685,-0.27889097,1.690894792,0.314553459,0.685446541,24995,290,283.07,245,10080.5,282.56,0.51,300,24,288.778161,0.878262937,-6.271824836,0.781533547,0.696972967,-0.007354499,290,283.24,875,10062.1,282.55,0.69,None,None,None,None,None,None,None,None,None,None,None,None,None,1200.10871,1009.274303,0.840985733,0.161502464,2,0.5,0: Broadleaf,2,1746005399,50.22294194,49.9908129,13.0256,12.74935484,50.2799871,12.89072258,599.9956774,99.93770323,0.100008606,26.99164516,26.31306452,999.9,0,0,4999.193548,0,966.1587419,0.232135042,50.88575161,50.63638387,0.276237323,49.9908129,12.74935484,1.301748387,1.274142581,10.81905806,10.49723226,1200.10871,0.96700471,0.032995394,0,250.5450645,4.99998,3085.255484,11897.74516,39.6953871,41.46545161,39.71954839,41.74574194,41.39093548,1155.676452,39.43290323,0,84.20000005,0,250.5418077,0.183829068,-14.32444445,3085.181154,15,1746005382,12:29:42,1746005380,1746005382,75,-0.006,0.003,-0.057,0.125,50,13,0.78,0.4,0.221729951,0.099380043,0.066347519,1,250.5800882,-0.696852558,0.251577303,1,0.277716707,-0.025383826,0.003553236,1,3,3,03-Mar,3.21602,2.75519,0.0145185,0.0145402,0.0823708,0.0820947,29977.9,33356.7,29694.8,31979.1,38525.4,39816.8,45575.6,46926.3,2.2406,1.8414,0.241965,0,22.3519,999.9,31.2,31.4,14.4067,26.4416,31.8189,1,-0.28622,0,20.3077,5.24125,11.9321,4.9752,3.285,9999,9999,9999,175.5,4.97104,1.8663,1.86932,1.86691,1.87186,1.86999,1.87393,1.87222,0,0,0,0,11111111,oooooooo,on,on,on,on,0,100,100,-0.057,0.1347,-0.097328899,0.000859946,-1.19E-06,3.87E-10,-0.018621425,-0.027663876,0.004005357,-7.26E-05,2,2149,0,22,0.5,0.4,0.264893,2.40234,1.59424,2.33154,1.49292,2.46704,34.1225,24.2626,18,582.361,467.246,25.4169,24.1791,29.9997,24.079,24.075,5.35526,-30,-30,-999.9,50,0,100.539,100.415
271,1746005493,9845,20250430 12:31:32,12:31:32,15,D,5,5616.66,1746005485,0.000787838,0.787838294,1.753037361,419.3522581,327.4311627,32.75433317,41.94959168,0.035940554,1.987336372,0.035583329,0.02227138,193.8050049,28.4060911,26.42470645,3.459994298,36.11865593,1.297840905,3.593270212,2.162153393,-34.74366877,68.81718878,7.454127636,235.3326526,8,1,1,0,25443,RECT-24220-20250331-19_34_23,10063.9,425.8796,624.32,0.317850461,-0.387208687,MPF-24997-20250430-12_31_35,10087.2,249.77428,294.7596231,0.152617046,0.5,1009.193468,1.753037361,77.01006319,14.028,0.0059,50.20258204,1328.566168,40.33755445,18.99779875,0.713219535,32.93621008,294.4949526,0.005952691,0.002120749,1.118064861,241.6081224,DARK-24998-20250430-12_31_42,190.97,190.97,0.352116148,0.433428138,0.760494697,-0.343085349,1.660752432,0.331386288,0.668613712,24997,290,284.6,235,10087.2,284.72,-0.12,300,24,294.7596231,1.420056816,-10.12668446,1.264447861,0.696116434,-0.007357985,290,284.6,855,10069.1,284.7,-0.1,None,None,None,None,None,None,None,None,None,None,None,None,None,1200.012581,1009.193468,0.84098574,0.161502478,2,0.5,0: Broadleaf,2,1746005485,419.3522581,420.0467419,12.97396452,12.71475484,419.2850645,12.84116129,599.9906452,99.93425484,0.100002458,27.06700968,26.42470645,999.9,0,0,5000.967742,0,582.368871,-0.694476742,424.8643871,425.4564194,0.259213161,420.0467419,12.71475484,1.296544516,1.270639032,10.75884516,10.45597742,1200.012581,0.967004,0.032996,0,249.7686452,4.99998,3055.758065,11896.79032,38.24570968,39.41103226,38.40703226,38.90096774,39.51583871,1155.582581,39.43,0,84,0,249.77428,-0.934,-13.77538462,3055.5464,15,1746005470,12:31:10,1746005470,1746005468,76,-0.016,0,0.067,0.123,420,13,1.15,0.36,-0.705692268,0.24735692,0.10798202,1,249.7628235,-0.040733388,0.230578106,1,0.256079683,0.054602822,0.023706058,1,3,3,03-Mar,3.21542,2.75551,0.0976775,0.0983274,0.0821362,0.0819296,27448.8,30520.7,29696.4,31980.4,38539.3,39826.4,45579,46927.7,2.242,1.844,0.23666,0,22.5317,999.9,31.1,31.3,14.2822,26.4316,31.9431,1,-0.288313,0,20.3082,5.24125,11.9309,4.9756,3.2842,9999,9999,9999,175.5,4.97107,1.8663,1.86929,1.86691,1.87192,1.86999,1.87402,1.87222,0,0,0,0,11111111,oooooooo,on,on,on,on,0,100,100,0.067,0.1325,-0.113218721,0.000859946,-1.19E-06,3.87E-10,-0.01875558,-0.027663876,0.004005357,-7.26E-05,2,2149,0,22,0.4,0.4,1.07666,2.35962,1.59424,2.33154,1.49292,2.41211,34.0318,24.2539,18,582.752,468.49,25.4524,24.1389,30.0002,24.0259,24.0225,21.6087,-30,-30,-999.9,420,0,100.546,100.418
272,1746005577,9929,20250430 12:32:56,12:32:56,15,D,5,5616.48,1746005569,0.000729611,0.72961096,2.57734347,599.0117742,455.3419496,45.54829074,59.91972071,0.03324888,1.987138631,0.032942883,0.020616559,193.8024434,28.320182,26.39151613,3.453226292,36.13661882,1.290294145,3.570600091,2.162932148,-32.17584334,60.82047086,6.583947997,229.0310189,9,2,1,0,25568,RECT-24220-20250331-19_34_23,10063.9,425.8796,624.32,0.317850461,-0.387208687,MPF-24999-20250430-12_32_59,10089,249.50084,295.0984717,0.154516665,0.5,1009.177239,2.57734347,77.96735061,14.028,0.0059,50.85257998,1466.19471,37.69032796,18.99779875,0.713219535,38.90108655,416.4408631,0.006188978,0.002937593,1.11563278,241.8357383,DARK-25000-20250430-12_33_06,192.36,192.36,0.348149792,0.443822367,0.762157441,-0.34865605,1.659044874,0.342177888,0.657822112,24999,290,285.5,265,10089,285.51,-0.01,300,24,295.0984717,1.262599199,-9.676149227,1.124706575,0.725533725,-0.007360661,290,285.61,785,10075.3,285.49,0.12,None,None,None,None,None,None,None,None,None,None,None,None,None,1199.992903,1009.177239,0.840986006,0.161502991,2,0.5,0: Broadleaf,2,1746005569,599.0117742,600.0165484,12.89894839,12.6588871,599.0017742,12.7679871,600.0132258,99.93093871,0.100017765,26.95923871,26.39151613,999.9,0,0,5000.322581,0,355.1316774,-1.004701774,606.8394194,607.7095484,0.240066065,600.0165484,12.6588871,1.289003871,1.265014839,10.67125161,10.3894871,1199.992903,0.966998194,0.033001903,0,249.4870645,4.99998,3037.66129,11896.57742,37.17522581,38.43119355,37.43125806,37.79209677,38.52590323,1155.552903,39.44,0,81.79999995,0,249.50084,0.318307682,-3.53461538,3037.6136,15,1746005553,12:32:33,1746005552,1746005553,77,-0.049,0.001,0.01,0.122,600,13,1.69,0.42,-1.028494293,0.344627122,0.103104449,1,249.4574706,0.507410235,0.212058848,1,0.24080322,-0.013642871,0.002606767,1,3,3,03-Mar,3.21547,2.75531,0.126592,0.127367,0.0817885,0.0816741,26567.3,29535.9,29693.9,31977.9,38552.6,39835.6,45576.4,46924.8,2.2414,1.8448,0.232518,0,22.5488,999.9,31.1,31.3,14.2842,26.3116,32.0673,1,-0.287561,0,20.3082,5.24125,11.9321,4.9752,3.2844,9999,9999,9999,175.6,4.9711,1.8663,1.86926,1.86691,1.87195,1.87002,1.87396,1.87216,0,0,0,0,11111111,oooooooo,on,on,on,on,0,100,100,0.011,0.1307,-0.162206474,0.000859946,-1.19E-06,3.87E-10,-0.017723855,-0.027663876,0.004005357,-7.26E-05,2,2149,0,22,0.4,0.4,1.43677,2.35352,1.59424,2.33154,1.49292,2.38159,33.9865,24.2539,18,582.058,468.728,25.4537,24.1284,30.0002,23.998,23.9902,28.7851,-30,-30,-999.9,600,0,100.539,100.411
273,1746005657,10009.5,20250430 12:34:17,12:34:17,15,D,5,5616.75,1746005649,0.000683408,0.683407825,2.723405954,798.9369667,633.0240774,63.32462428,79.92173607,0.031213498,1.987395138,0.030943688,0.019363852,193.7948096,28.22038309,26.33595667,3.441922753,36.23053844,1.284790417,3.546153252,2.157132336,-30.1382851,54.2572335,5.86763645,223.7813944,9,1,1,0,25461,RECT-24220-20250331-19_34_23,10063.9,425.8796,624.32,0.317850461,-0.387208687,MPF-25001-20250430-12_34_19,10092.4,249.2420385,293.9225188,0.152014485,0.5,1009.13953,2.723405954,76.701913,14.028,0.0059,49.99640205,1472.12814,36.2499001,18.99779875,0.713219535,40.61054336,592.413534,0.004597137,0.003082443,1.124097203,241.0454066,DARK-25002-20250430-12_34_27,192.45,192.45,0.345235606,0.440320994,0.765039204,-0.33859858,1.664970849,0.339989898,0.660010102,25001,290,285.74,185,10092.4,285.53,0.21,300,24,293.9225188,1.285905593,-8.466730104,1.145123226,0.661292587,-0.007360081,290,285.82,695,10075.6,285.52,0.3,None,None,None,None,None,None,None,None,None,None,None,None,None,1199.948333,1009.13953,0.840985818,0.161502628,2,0.5,0: Broadleaf,2,1746005649,798.9369667,800.0268,12.84339667,12.61851333,798.8477,12.71375,599.9827,99.93509667,0.099999223,26.84235,26.33595667,999.9,0,0,5001.166667,0,330.2702333,-1.0897629,809.3315667,810.2509333,0.224879867,800.0268,12.61851333,1.283507333,1.261032667,10.60709,10.34228,1199.948333,0.9670018,0.032997897,0,249.2526,4.99998,3031.281667,11896.15667,36.92266667,38.6248,37.36016667,37.92473333,38.7435,1155.517,39.431,0,78.5999999,0,249.2420385,-0.593470078,10.7723077,3031.356538,15,1746005635,12:33:55,1746005635,1746005632,78,0.125,0.001,0.089,0.122,800,13,2.2,0.35,-1.10747415,0.154228233,0.171602463,1,249.2297059,-0.091306337,0.218080871,1,0.220875508,0.070904964,0.021750005,1,3,3,03-Mar,3.21591,2.75519,0.154005,0.154872,0.0815509,0.0814965,25734.5,28604.7,29694.2,31976.9,38563.7,39841.9,45576.9,46922.5,2.2422,1.8462,0.23365,0,22.5014,999.9,31.1,31.2,14.201,26.2817,31.7748,1,-0.287602,0,20.31,5.24005,11.9321,4.9752,3.2844,9999,9999,9999,175.6,4.97107,1.8663,1.86926,1.86691,1.87189,1.86996,1.87399,1.87225,0,0,0,0,11111111,oooooooo,on,on,on,on,0,100,100,0.09,0.1295,-0.037278098,0.000859946,-1.19E-06,3.87E-10,-0.016920075,-0.027663876,0.004005357,-7.26E-05,2,2149,0,22,0.4,0.4,1.81641,2.33887,1.59424,2.33154,1.49292,2.45117,33.9187,24.2626,18,582.279,469.344,25.4078,24.1126,30,23.9677,23.956,36.39,-30,-30,-999.9,800,0,100.54,100.407
274,1746005737,10089,20250430 12:35:36,12:35:36,15,D,5,5616.66,1746005729,0.000642879,0.642878773,2.955288804,998.787871,804.3163006,80.44795067,99.89905378,0.029286771,1.986615599,0.029049014,0.018176834,193.8005058,28.23314404,26.33578387,3.441887649,36.11872876,1.280612058,3.545562377,2.161275591,-28.35095388,53.95094396,5.836714362,225.2372102,9,2,1,0,25576,RECT-24220-20250331-19_34_23,10063.9,425.8796,624.32,0.317850461,-0.387208687,MPF-25003-20250430-12_35_39,10079.5,247.7435385,293.3208525,0.155383818,0.5,1009.167685,2.955288804,78.40416406,14.028,0.0059,51.14929615,1529.272699,36.47526279,18.99779875,0.713219535,41.92629696,762.3900036,0.003876348,0.003312133,1.128454198,240.6405999,DARK-25004-20250430-12_35_46,187.79,187.79,0.359779578,0.431886154,0.75825063,-0.343827283,1.668002823,0.327370398,0.672629602,25003,290,284.08,275,10079.5,284.43,-0.35,300,24,293.3208525,0.937888737,-8.957265974,0.834681393,0.804417474,-0.007356362,290,284.22,765,10066.6,284.42,-0.2,None,None,None,None,None,None,None,None,None,None,None,None,None,1199.981613,1009.167685,0.840985957,0.161502896,2,0.5,0: Broadleaf,2,1746005729,998.787871,999.9870323,12.80352258,12.59196774,998.6339032,12.67676774,599.9840645,99.92029677,0.099994506,26.83951613,26.33578387,999.9,0,0,4998.709677,0,443.5266774,-1.199421419,1011.74129,1012.739355,0.211557129,999.9870323,12.59196774,1.279332903,1.258193548,10.55820645,10.30852258,1199.981613,0.966999387,0.033001006,0,247.7387742,4.99998,3034.806774,11896.47097,38.47354839,40.61067742,38.78809677,40.39693548,40.46548387,1155.546452,39.43774194,0,77.5999999,0,247.7435385,-0.23514531,13.52205129,3034.962308,15,1746005714,12:35:14,1746005712,1746005714,79,0.132,-0.001,0.153,0.119,1000,13,2.51,0.34,-1.216362366,-0.00843577,0.173970198,1,247.7868824,-0.754132932,0.234883671,1,0.208688212,0.047233735,0.020530201,1,3,3,03-Mar,3.21543,2.75525,0.177957,0.178866,0.0814011,0.08139,25005.5,27793.2,29692.7,31976.3,38567.9,39846.4,45573.8,46921.8,2.2424,1.8464,0.231981,0,22.528,999.9,31.1,31.2,14.2001,26.3517,32.0473,1,-0.287154,0,20.3098,5.24005,11.9309,4.9748,3.2842,9999,9999,9999,175.6,4.97107,1.8663,1.86926,1.86694,1.87189,1.87002,1.87396,1.87222,0,0,0,0,11111111,oooooooo,on,on,on,on,0,100,100,0.154,0.1267,0.093558976,0.000859946,-1.19E-06,3.87E-10,-0.018376585,-0.027663876,0.004005357,-7.26E-05,2,2149,0,22,0.4,0.4,2.17896,2.33276,1.59424,2.33154,1.49292,2.40967,33.8509,24.2626,18,582.199,469.259,25.3646,24.1045,30,23.9467,23.9319,43.6807,-30,-30,-999.9,1000,0,100.534,100.406
275,1746005815,10167.5,20250430 12:36:55,12:36:55,15,D,5,5616.66,1746005807,0.000648157,0.648156673,3.387146899,1198.640323,972.071015,97.22232021,119.8827981,0.029088511,1.986716463,0.02885396,0.018054641,193.8201962,28.43648291,26.49870323,3.475125064,35.72024771,1.281867109,3.588628833,2.193257955,-28.58370929,58.51198626,6.34151547,230.0899887,9,2,1,0,25437,RECT-24220-20250331-19_34_23,10063.9,425.8796,624.32,0.317850461,-0.387208687,MPF-25005-20250430-12_36_57,10084.6,246.36668,294.6639104,0.163906161,0.5,1009.271206,3.387146899,82.7128845,14.028,0.0059,54.06541009,1650.307271,37.66394436,18.99779875,0.713219535,43.81663416,928.2543808,0.003648943,0.003739684,1.11875285,241.5438118,DARK-25006-20250430-12_37_05,188.72,188.72,0.359541521,0.455875474,0.756786248,-0.368075118,1.661234757,0.349206392,0.650793608,25005,290,284.06,205,10084.6,283.89,0.17,300,24,294.6639104,1.201819171,-10.86273002,1.069539079,0.786509966,-0.007354925,290,283.84,785,10065.2,283.87,-0.03,None,None,None,None,None,None,None,None,None,None,None,None,None,1200.104839,1009.271206,0.840985865,0.16150272,2,0.5,0: Broadleaf,2,1746005807,1198.640323,1200.028387,12.81666452,12.60337419,1198.620968,12.69133548,599.9798387,99.91567097,0.099984997,27.04499355,26.49870323,999.9,0,0,4999.354839,0,875.4397742,-1.388108935,1214.201935,1215.345484,0.213296129,1200.028387,12.60337419,1.280585161,1.259273226,10.57291613,10.32137742,1200.104839,0.967000516,0.032999306,0,246.3563871,4.99998,3033.468387,11897.70323,39.56222581,41.29003226,39.57029032,41.47151613,41.06429032,1155.666774,39.43806452,0,76.39999986,0,246.36668,-0.308153848,-25.70846158,3033.1388,15,1746005793,12:36:32,1746005793,1746005791,80,-0.068,-0.002,0.018,0.117,1200,13,2.09,0.44,-1.386480325,-0.148717362,0.187509628,1,246.3908235,-0.635630252,0.248420241,1,0.2108278,0.041243842,0.012466983,1,3,3,03-Mar,3.21568,2.75539,0.199413,0.200405,0.0814705,0.0814484,24353.1,27064.1,29692,31975,38564.9,39841.4,45573.5,46918.6,2.2426,1.8474,0.228435,0,22.7772,999.9,31.2,31.1,14.1673,26.2117,31.9912,1,-0.284634,0,20.3081,5.24005,11.9321,4.9756,3.284,9999,9999,9999,175.6,4.97104,1.8663,1.86929,1.86691,1.87189,1.87009,1.87399,1.87222,0,0,0,0,11111111,oooooooo,on,on,on,on,0,100,100,0.02,0.1254,0.026315146,0.000859946,-1.19E-06,3.87E-10,-0.020360494,-0.027663876,0.004005357,-7.26E-05,2,2149,0,22,0.4,0.4,2.5293,2.32422,1.59424,2.33154,1.49292,2.39136,33.8057,24.2626,18,582.42,470.029,25.3925,24.1308,30.0005,23.9556,23.9439,50.6745,-30,-30,-999.9,1200,0,100.533,100.4
276,1746005894,10246.5,20250430 12:38:14,12:38:14,15,D,5,5616.57,1746005886,0.000641515,0.641514544,4.209596117,1498.27,1209.073438,120.9259861,149.8501014,0.028284545,1.986545835,0.028062708,0.017558978,193.8057145,28.58075469,26.69359333,3.515252745,35.47581942,1.28374924,3.618659868,2.231503505,-28.29079137,52.84390637,5.737362502,224.096192,9,1,1,0,25544,RECT-24220-20250331-19_34_23,10063.9,425.8796,624.32,0.317850461,-0.387208687,MPF-25007-20250430-12_38_16,10085.4,246.1994,293.4046055,0.160887746,0.5,1009.198192,4.209596117,81.18381094,14.028,0.0059,53.03259059,1755.683771,33.34132798,18.99779875,0.713219535,52.65788371,1156.415554,0.003640211,0.004554908,1.127846626,240.6969676,DARK-25008-20250430-12_38_24,187.69,187.69,0.360303157,0.446534377,0.757885153,-0.356332949,1.667580767,0.340415278,0.659584722,25007,290,284.99,245,10085.4,284.72,0.27,300,24,293.4046055,1.196449865,-8.755235499,1.065223035,0.706973642,-0.007357472,290,285.04,685,10073.3,284.71,0.33,None,None,None,None,None,None,None,None,None,None,None,None,None,1200.018333,1009.198192,0.840985645,0.161502295,2,0.5,0: Broadleaf,2,1746005886,1498.27,1499.993667,12.83551333,12.62441,1498.150667,12.70782333,599.9719333,99.91543667,0.099982023,27.18700667,26.69359333,999.9,0,0,4998.666667,0,563.6667,-1.722953667,1517.751,1519.171333,0.211105233,1499.993667,12.62441,1.282466,1.261373333,10.59493,10.34632,1200.018333,0.9670086,0.032991247,0,246.2220667,4.99998,3017.240333,11896.88,38.42066667,39.6122,38.57473333,39.14553333,39.66226667,1155.59,39.42633333,0,77,0,246.1994,0.162230778,-16.16846154,3017.0992,15,1746005872,12:37:52,1746005872,1746005870,81,0.169,0.002,0.12,0.12,1500,13,2.22,0.48,-1.691821125,-0.410149925,0.239462917,1,246.1810294,0.117234537,0.213174671,1,0.20794558,0.057147256,0.018826926,1,3,3,03-Mar,3.216,2.75505,0.228029,0.229092,0.0815387,0.0815247,23478.9,26090.9,29685.6,31970.3,38553.1,39832.8,45562.4,46912.1,2.2424,1.8472,0.221133,0,23.0843,999.9,31.3,31,14.1324,26.3418,31.6346,1,-0.277195,0,20.3079,5.24125,11.9321,4.9752,3.2842,9999,9999,9999,175.7,4.97104,1.8663,1.86923,1.86691,1.87186,1.87002,1.87396,1.87219,0,0,0,0,11111111,oooooooo,on,on,on,on,0,100,100,0.12,0.1278,0.194056053,0.000859946,-1.19E-06,3.87E-10,-0.018651636,-0.027663876,0.004005357,-7.26E-05,2,2149,0,22,0.4,0.4,3.02856,2.31323,1.59424,2.33154,1.49292,2.45972,33.8057,24.2626,18,582.872,470.406,25.4738,24.21,30.0006,24.0122,24.0003,60.6826,-30,-30,-999.9,1500,0,100.509,100.386
