obs,time,elapsed,date,hhmmss,averaging,Room,Plant,Oxygen,fanrpm,TIME,E,Emm,A,Ca,Ci,Pci,Pca,gsw,gbw,gtw,gtc,Rabs,TleafEB,TleafCnd,SVPleaf,RHcham,VPcham,SVPcham,VPDleaf,LatHFlux,SenHFlux,NetTherm,EBSum,Leak,LeakPct,CorrFact,CorrFactPct,Fan,DarkAdaptedID,Qmax_d,Fo,Fm,Fv/Fm,A_dark,LightAdaptedID,Qmax,Fs,Fm',PhiPS2,PS2/1,Qabs_fs,A_fs,ETR,PhiCO2,NPQ,alt._Fo',DarkPulseID,Fmin,Fo',Fv'/Fm',qP,qN,qP_Fo,qN_Fo,qL,1-qL,ID,P1_dur,P1_Fmax,T@P1_Fmax,Q@P1_Fmax,P1_PredF,P1_ΔF,P2_dur,P2_ramp,P2_int,P2_int_se,P2_slp,P2_slp_se,P2_R2,P2_dQdt,P3_dur,P3_Fmax,T@P3_Fmax,Q@P3_Fmax,P3_PredF,P3_ΔF,ID,Dur,DCo,InitSlope,Fo,F1,T@F1,T@HIR,F2,T@F2,DCmax,T@DCmax,PhiPS2_dc,Qin,Qabs,alpha,convert,S,K,Geometry,Custom,TIME,CO2_s,CO2_r,H2O_s,H2O_r,CO2_a,H2O_a,Flow,Pa,ΔPcham,Tair,Tleaf,Tleaf2,Offset,Offset2,Fan_speed,Qamb_in,Qamb_out,ΔCO2,CO2_s_d,CO2_r_d,ΔH2O,CO2_b,H2O_b,e_s,e_r,Td_s,Td_r,Q,f_red,f_blue,f_farred,F,Q_modavg,F_dc,Pc,Tled,TDigital,TPreamp,TPwrSpy,TDrive,Q_red,Q_blue,Q_farred,TSPF,state,F_avg,dF/dt,dF_dc/dt,F_dc_avg,period,time,hhmmss,co2_t,h2o_t,count,co2_adj,h2o_adj,co2_match,h2o_match,co2_at,h2o_at,co2_cv,h2o_cv,ΔCO2:MN,ΔCO2:SLP,ΔCO2:SD,ΔCO2:OK,F:MN,F:SLP,F:SD,F:OK,ΔH2O:MN,ΔH2O:SLP,ΔH2O:SD,ΔH2O:OK,Stable,Total,State,Vflow,VPchamber,abs_c_a,abs_c_b,abs_h_a,abs_h_b,Wc_s,Wc_r,Wco_s,Wco_r,Ww_s,Ww_r,Wwo_s,Wwo_r,Flow_s_v,Flow_r_v,Tleaf_mv,Tleaf2_mv,Tleaf_j,Tleaf2_j,Console_RH,Console_T,Console_H2O,Fan_%,Flow_%,Pump,Tchp_pwm,Txchg_pwm,diag_20v,diag_5_4v,diag_12v,diag_5va,diag_3_3vf,AccCO2_soda,AccH2O_des,AccH2O_hum,CO2_hrs,ADC_CH1,ADC_CH2,ADC_CH3,ADC_CH4,ADC_CH5,ADC_CH6,ADC_CH7,ADC_CH8,DAC_1,DAC_2,DAC_3,DAC_4,GPIO,GPIO_dir,excit_5v,power_12v,power_5v,ch1_pullup,AuxPower,MatchValveR,MatchValveS,MatchCO2,MatchH2O,cf_co2_a,cf_co2_b,cf_co2_c,cf_co2_d,cf_h2o_a,cf_h2o_b,cf_h2o_c,cf_h2o_d,co2_fit_low,co2_fit_high,h2o_fit_low,h2o_fit_high,co2_elapsed,h2o_elapsed,CO2_f,CO2_f_s,Pump_f,Pump_f_s,Pump_p,Pump_p_s,Tboard,V_system,DIAG,Flow_s,Flow_r,Txchg,Tirga,Tchopper,Ts,Tr,CO2_%,Desiccant_%,Humidifier_%,Txchg_sp,CO2_r_sp,H2O_r_sp,SS_s,SS_r
1,1745734705,0,20250427 09:18:25,9:18:25,15,A,4,21%,5556.78,1745734697,0.005556492,5.556491977,14.96532786,414.2320667,253.4345487,25.62035211,41.87578788,0.174283076,2.000287463,0.16626502,0.104605284,321.492524,31.72753329,31.10294,4.537925122,27.70416069,1.256282532,4.534634875,3.28164259,-245.0412962,-1.372796806,-0.154262243,74.9241688,2,0,1,0,25664,RECT-12807-20250324-17_57_43,10114.7,315.2007692,539.79,0.416067787,-0.222077465,MPF-14537-20250427-09_18_26,10103,318.0577308,391.4182529,0.187422333,0.5,1681.10327,14.96532786,157.5381484,0.009034189,0.379061901,258.0764598,DARK-14538-20250427-09_18_34,203.31,203.31,0.480581198,0.389990981,0.440952648,0.962515667,0.660636072,0.24929143,0.75070857,14537,290,371.73,75,10103,370.94,0.79,300,23.9,391.4182529,2.830792084,-20.68471629,2.554395456,0.70076733,-0.006687287,290,372.18,775,10081,370.9,1.28,None,None,None,None,None,None,None,None,None,None,None,None,None,2000,1681.10327,0.840598569,0.160755238,2,0.5,0: Broadleaf,2,1745734697,414.2320667,419.9873667,12.42705,10.59802,415.1270667,12.46205,600.0384,101.0273,0.065278887,31.09021,31.10294,999.9,0,0,4999.5,0,1050.556,-5.237624,420.0006667,424.4859333,1.904125,419.9873667,10.59802,1.263057,1.070687333,10.36617333,7.915465667,1999.888333,0.979997733,0.02000203,0,318.6132,4.99918,6644.059667,19218.76333,39.98096667,42.531,40.781,41.94563333,42.04973333,1954.986,39.90233333,0,1745734705,0,318.0577308,-79.42977783,-1522.748719,6634.936154,15,1745734722,9:18:42,1745734722,1745734722,1,-0.534,-0.043,-0.895,-0.035,420,11,1.83,0.22,-5.178120488,-0.923975122,0.140696154,0,325.4696176,-109.1548204,10.91219962,0,1.881181463,0.357807387,0.036194389,0,0,3,0/3,3.22102,2.67286,0.100929,0.102946,0.0702656,0.0627073,26549.7,24333.2,28053,24859,33449,24621.6,39977.4,27636.1,1.8998,1.579,0.00372529,0,31.2047,999.9,32.1,25.8,10.5942,30.07,17.5801,1,0.288821,0,20.2982,5.22328,11.9081,4.9604,3.292,9999,9999,9999,999.9,4.97183,1.85364,1.85562,1.85577,1.85547,1.85519,1.85022,1.85226,0,0,0,0,11111111,oooooooo,on,on,on,on,0,100,100,-0.895,-0.035,-1.261265332,0.00151024,1.49E-06,5.40E-12,-0.03981764,-0.011177753,0.001682567,-2.18E-05,3,2244,0,20,24143.7,24149.3,1.01807,2.46338,1.59424,2.13989,1.50269,2.37061,32.3328,15.4804,18,594.524,423.186,28.9579,30.8969,30.0036,30.5939,30.5154,20.4519,-30,-30,-999.9,420,0,99.9142,74.5283
2,1745734753,48,20250427 09:19:13,9:19:13,15,A,4,21%,5556.96,1745734745,0.005637382,5.637382015,14.98257071,414.3386129,252.510186,25.52599021,41.88505638,0.173570346,2.002104866,0.165622992,0.10419808,289.5640844,31.94302134,31.48506129,4.637662617,27.8000905,1.297868996,4.668578315,3.33979362,-248.6085469,12.6279885,1.42398965,55.00751565,1,0,1,0,25007,RECT-12807-20250324-17_57_43,10114.7,315.2007692,539.79,0.416067787,-0.222077465,MPF-14539-20250427-09_19_14,10085.2,282.8423077,361.2577263,0.21706226,0.5,1513.173203,14.98257071,164.2263978,0.010048188,0.494196416,244.6114734,DARK-14540-20250427-09_19_22,187.35,187.35,0.481395175,0.450902443,0.506560758,1.70257489,0.794928025,0.298670214,0.701329786,14539,290,342.21,275,10085.2,341.71,0.5,300,23.9,361.2577263,3.430183387,-19.71760487,3.084385556,0.593418221,-0.006850556,290,342.51,845,10075,341.69,0.82,None,None,None,None,None,None,None,None,None,None,None,None,None,1800,1513.173203,0.840658107,0.160870147,2,0.5,0: Broadleaf,2,1745734745,414.3386129,420.1110323,12.83888065,10.98399677,415.2497419,12.83427097,600.0380323,101.0233548,0.065597723,31.60205484,31.48506129,999.9,0,0,5007.096774,0,817.4951935,-5.772452903,419.7274194,424.7769032,1.854888065,420.1110323,10.98399677,1.297025806,1.109640323,10.7643871,8.441395161,1799.986452,0.978002355,0.0219974,0,283.0125161,4.99918,5356.495484,17281.74839,40.94725806,43.036,41.41709677,42.4613871,42.907,1755.50129,39.48612903,0,45.79999995,0,282.8423077,-32.67193157,-537.84376,5352.264231,15,1745734722,9:18:42,1745734722,1745734722,1,-0.534,-0.043,-0.895,-0.035,420,11,1.83,0.22,-5.771710488,0.153546272,0.106381532,1,285.3843235,-41.78131399,4.227135233,0,1.858776829,-0.062221045,0.007352306,1,2,3,02-Mar,3.21997,2.67369,0.100832,0.102866,0.0716674,0.0644078,26527.3,24319,28027.9,24843.9,33370.9,24562,39945,27619.3,1.8948,1.5706,0.00476837,0,31.4491,999.9,32.5,26,10.8544,30.1,17.6723,1,0.32502,0,20.3002,5.22448,11.9081,4.9592,3.292,9999,9999,9999,999.9,4.97186,1.85364,1.85562,1.8558,1.8555,1.85529,1.85028,1.85232,0,0,0,0,11111111,oooooooo,on,on,on,on,0,100,100,-0.911,0.0059,-1.795320267,0.00151024,1.49E-06,5.40E-12,-0.083089784,-0.011177753,0.001682567,-2.18E-05,3,2244,0,20,0.5,0.5,1.01562,2.46826,1.59424,2.13745,1.50269,2.49268,32.7091,15.4804,18,595.046,421.137,29.3427,31.3479,30.0036,31.0224,30.9305,20.4086,-30,-30,-999.9,420,0,99.8298,74.483
3,1745734793,87.5,20250427 09:19:52,9:19:52,15,A,4,21%,5557.08,1745734785,0.0053994,5.399399521,14.4326712,414.4569333,251.9669353,25.47171395,41.89807062,0.166126738,2.000019562,0.158823771,0.099894244,257.6678885,32.06267968,31.57079333,4.660299903,27.91286721,1.325320607,4.748063312,3.334979296,-238.1135189,35.4730053,4.011837309,59.03921223,2,0,1,0,25690,RECT-12807-20250324-17_57_43,10114.7,315.2007692,539.79,0.416067787,-0.222077465,MPF-14541-20250427-09_19_54,10086.6,265.84868,355.7320791,0.252671615,0.5,1345.19302,14.4326712,169.9460467,0.01089416,0.517406025,242.0655068,DARK-14542-20250427-09_20_01,173.49,173.49,0.512301504,0.493208811,0.502478627,2.217628777,0.819531374,0.321862785,0.678137215,14541,290,331.24,225,10086.6,330.9,0.34,300,24,355.7320791,3.258971979,-25.04805359,2.920821219,0.724253221,-0.007016419,290,331.23,685,10076.9,330.88,0.35,None,None,None,None,None,None,None,None,None,None,None,None,None,1600,1345.19302,0.840747564,0.161042799,2,0.5,0: Broadleaf,2,1745734785,414.4569333,420.0138333,13.11011,11.33388333,415.3677,13.09979,599.9924333,101.0254667,0.066027403,31.89978,31.57079333,999.9,0,0,4998.5,0,571.2453,-5.556958,419.9626333,424.8289667,1.776223,420.0138333,11.33388333,1.324455,1.145010333,11.07923,8.905111667,1599.996333,0.9750047,0.024995353,0,266.2503333,4.99918,4495.149,15341.41667,41.50386667,43.44146667,41.95393333,42.8664,43.48306667,1555.126667,39.87,0,37.20000005,0,265.84868,-41.01853841,-700.3661528,4490.3052,15,1745734722,9:18:42,1745734722,1745734722,1,-0.534,-0.043,-0.895,-0.035,420,11,1.83,0.22,-5.52090122,-0.79843108,0.157790224,0,270.2299412,-71.26841859,7.451464151,0,1.779595366,-0.043604111,0.00753862,1,1,3,01-Mar,3.22072,2.67458,0.100777,0.102727,0.0727412,0.065871,26507.9,24309.4,28006.9,24831.4,33310.4,24511.8,39919.3,27606.1,1.8894,1.5644,0.0012219,0,31.6159,999.9,33,26.2,11.1512,29.95,17.504,1,0.35315,0,20.3017,5.22807,11.9081,4.96,3.292,9999,9999,9999,999.9,4.97183,1.85376,1.85562,1.85593,1.85547,1.85529,1.85028,1.85236,0,0,0,0,11111111,oooooooo,on,on,on,on,0,100,100,-0.911,0.0116,-1.795320267,0.00151024,1.49E-06,5.40E-12,-0.083089784,-0.011177753,0.001682567,-2.18E-05,3,2244,0,20,1.2,1.2,1.01562,2.46948,1.59424,2.13623,1.50269,2.36938,32.9983,15.4717,18,594.422,419.769,29.6538,31.7039,30.0033,31.3653,31.2637,20.3981,-30,-30,-999.9,420,0,99.7612,74.4466
4,1745734832,127,20250427 09:20:32,9:20:32,15,A,4,21%,5557.26,1745734824,0.005181795,5.181795107,14.0229128,414.6167667,250.781084,25.35265537,41.9155856,0.159600657,2.000717058,0.152849906,0.096113925,225.7813054,32.11640125,31.62814667,4.675497536,28.05847426,1.35040638,4.81282898,3.325091156,-228.5171642,55.12141368,6.240920457,58.62647527,1,0,1,0,25699,RECT-12807-20250324-17_57_43,10114.7,315.2007692,539.79,0.416067787,-0.222077465,MPF-14543-20250427-09_20_33,10089.6,252.8744,348.1646995,0.273693168,0.5,1177.206801,14.0229128,161.0967292,0.012100669,0.550386931,238.5375167,DARK-14544-20250427-09_20_41,176.81,176.81,0.492165632,0.556099715,0.527922477,2.890744482,0.853225686,0.388825403,0.611174597,14543,290,327.98,175,10089.6,326.84,1.14,300,24,348.1646995,2.578216017,-21.51662804,2.303307742,0.75708337,-0.00718174,290,326.69,855,10072,326.8,-0.11,None,None,None,None,None,None,None,None,None,None,None,None,None,1400,1177.206801,0.840867006,0.161273321,2,0.5,0: Broadleaf,2,1745734824,414.6167667,420.0071,13.35782667,11.65367333,415.5270667,13.3422,600.0138,101.0289667,0.065800773,32.13918,31.62814667,999.9,0,0,5001.166667,0,824.4964667,-5.390359333,420.2301,424.9595,1.704151,420.0071,11.65367333,1.349528667,1.177359,11.36204667,9.318230333,1399.991667,0.9709955,0.029004707,0,253.0655667,4.99918,3791.427333,13400.26667,41.9039,43.82476667,42.4331,43.2227,43.9477,1354.531667,40.46,0,37.20000005,0,252.8744,-33.85369228,-506.2553837,3789.0288,15,1745734722,9:18:42,1745734722,1745734722,1,-0.534,-0.043,-0.895,-0.035,420,11,1.83,0.22,-5.35390439,-0.770829617,0.145265735,0,255.6837059,-52.11449959,5.404416427,0,1.709670244,-0.121698188,0.013069482,0,0,3,0/3,3.22053,2.67295,0.100749,0.102678,0.0736927,0.0673685,26490.5,24298.5,27988.8,24820.1,33255.8,24461.8,39895.2,27593.9,1.8856,1.5598,-0.00327826,0,31.7574,999.9,33.5,26.3,11.3883,29.96,17.4639,1,0.380427,0,20.3003,5.2101,11.9081,4.9556,3.2894,9999,9999,9999,999.9,4.97189,1.85379,1.85565,1.85593,1.85553,1.85532,1.85028,1.85242,0,0,0,0,11111111,oooooooo,on,on,on,on,0,100,100,-0.91,0.017,-1.795320267,0.00151024,1.49E-06,5.40E-12,-0.083089784,-0.011177753,0.001682567,-2.18E-05,3,2244,0,20,1.8,1.8,1.0144,2.4707,1.59424,2.13623,1.50269,2.45361,33.3111,15.4629,18,594.875,419.321,29.9525,32.0439,30.0033,31.7006,31.5945,20.3971,-30,-30,-999.9,420,0,99.6992,74.4132
5,1745734872,166.5,20250427 09:21:11,9:21:11,15,A,4,21%,5557.26,1745734864,0.004931095,4.931094879,13.14631585,414.9541333,254.0121971,25.67914034,41.94942427,0.152402591,2.001931015,0.146237958,0.091931814,193.80164,32.15465571,31.67345333,4.687533504,28.35174352,1.380987845,4.87090977,3.306545659,-217.4612842,73.17993199,8.291010115,57.81129796,2,0,1,0,25036,RECT-12807-20250324-17_57_43,10114.7,315.2007692,539.79,0.416067787,-0.222077465,MPF-14545-20250427-09_21_13,10090.7,243.50944,357.1532248,0.318193361,0.5,1009.172099,13.14631585,160.5559308,0.013246892,0.511368126,242.722717,DARK-14546-20250427-09_21_20,161.32,161.32,0.548317112,0.58030901,0.482566056,2.708870869,0.813203619,0.384442794,0.615557206,14545,290,332.74,145,10090.7,331.56,1.18,300,24,357.1532248,2.790324096,-25.83020371,2.48453284,0.794246526,-0.007346563,290,330.52,625,10076.8,331.52,-1,None,None,None,None,None,None,None,None,None,None,None,None,None,1200,1009.172099,0.840986094,0.161503161,2,0.5,0: Broadleaf,2,1745734864,414.9541333,420.0183667,13.66041667,12.03915,415.8635333,13.63817,599.9918667,101.0278333,0.066289847,32.35149667,31.67345333,999.9,0,0,5006.166667,0,857.6698667,-5.064396,420.701,425.1367,1.621256,420.0183667,12.03915,1.380082333,1.216290333,11.7005,9.802363667,1199.986667,0.9669914,0.03300836,0,243.6930667,4.99918,3166.262333,11464.12333,42.19756667,44.156,42.8393,43.55803333,44.31223333,1155.544667,39.44333333,0,37.20000005,0,243.50944,-26.62461532,-338.8923072,3164.646,15,1745734722,9:18:42,1745734722,1745734722,1,-0.534,-0.043,-0.895,-0.035,420,11,1.83,0.22,-5.01215225,-0.93742863,0.159315052,0,245.8862059,-43.48215428,4.576842283,0,1.626555,-0.139194597,0.014180646,0,0,3,0/3,3.22104,2.67464,0.10073,0.102634,0.0748534,0.0689896,26471.5,24288.3,27969.2,24809.7,33193.5,24408.2,39870.9,27581.4,1.8808,1.5538,-0.0104308,0,31.8813,999.9,34,26.5,11.6949,29.78,17.4679,1,0.406016,0,20.3046,5.22687,11.9081,4.96,3.292,9999,9999,9999,999.9,4.97189,1.85379,1.85574,1.85593,1.85556,1.85532,1.85037,1.85242,0,0,0,0,11111111,oooooooo,on,on,on,on,0,100,100,-0.909,0.0235,-1.795320267,0.00151024,1.49E-06,5.40E-12,-0.083089784,-0.011177753,0.001682567,-2.18E-05,3,2244,0,20,2.5,2.5,1.0144,2.47437,1.59424,2.13623,1.50269,2.41821,33.6029,15.4629,18,594.434,417.927,30.2426,32.3704,30.0031,32.0227,31.9116,20.3957,-30,-30,-999.9,420,0,99.6347,74.3806
6,1745734911,206,20250427 09:21:51,9:21:51,15,A,4,21%,5557.26,1745734903,0.004682395,4.682394721,12.38107399,415.2242333,256.4634573,25.92670075,41.97632892,0.145475753,2.000976412,0.139845061,0.0878909,161.9033486,32.16281181,31.70118,4.694912547,28.69736762,1.412280175,4.92128823,3.282632371,-206.4936072,89.8288784,10.19265922,55.43127906,1,0,1,0,25637,RECT-12807-20250324-17_57_43,10114.7,315.2007692,539.79,0.416067787,-0.222077465,MPF-14547-20250427-09_21_52,10093.3,237.96944,382.1837536,0.377342868,0.5,841.1883457,12.38107399,158.7082114,0.014982556,0.412383428,254.0294659,DARK-14548-20250427-09_22_00,168.07,168.07,0.560237717,0.673540635,0.423991839,2.152999227,0.701753356,0.47569963,0.52430037,14547,290,345.63,125,10093.3,345.57,0.06,300,24,382.1837536,3.252428306,-36.95904946,2.886904379,0.854090051,-0.007512766,290,343.11,715,10073.6,345.49,-2.38,None,None,None,None,None,None,None,None,None,None,None,None,None,1000,841.1883457,0.84119401,0.161904439,2,0.5,0: Broadleaf,2,1745734903,415.2242333,419.9994,13.97008667,12.43107333,416.133,13.94095,599.9923667,101.0267333,0.066424407,32.53388,31.70118,999.9,0,0,5002.333333,0,726.1711333,-4.775095667,421.1072,425.2861667,1.539020667,419.9994,12.43107333,1.411352667,1.255870333,12.04012333,10.28078667,999.9932667,0.9599985,0.040001857,0,238.0962333,4.99918,2591.39,9523.820667,42.3812,44.46223333,43.17266667,43.8435,44.5893,955.1926667,39.8,0,37.20000005,0,237.96944,-20.52423074,-130.583846,2590.436,15,1745734722,9:18:42,1745734722,1745734722,1,-0.534,-0.043,-0.895,-0.035,420,11,1.83,0.22,-4.74485125,-0.409766792,0.153289762,1,240.4196176,-39.54235296,4.198741667,0,1.546311,-0.142472195,0.014375865,0,1,3,01-Mar,3.2212,2.67435,0.10068,0.102516,0.0760774,0.0706121,26455.6,24279.6,27951.9,24798.6,33132,24355.8,39850.1,27570.1,1.8786,1.5476,-0.0154972,0,31.9991,999.9,34.6,26.7,12.0445,29.82,17.5641,1,0.430203,0,20.3062,5.22448,11.9081,4.9596,3.292,9999,9999,9999,999.9,4.97192,1.85379,1.85577,1.85593,1.85559,1.85532,1.85043,1.85242,0,0,0,0,11111111,oooooooo,on,on,on,on,0,100,100,-0.909,0.0306,-1.795320267,0.00151024,1.49E-06,5.40E-12,-0.083089784,-0.011177753,0.001682567,-2.18E-05,3,2244,0,20,3.2,3.1,1.01562,2.47803,1.59424,2.13501,1.50269,2.39502,33.8735,15.4542,18,595.764,416.392,30.5224,32.6793,30.0028,32.3334,32.2241,20.3947,-30,-30,-999.9,420,0,99.5789,74.3489
7,1745734951,245.5,20250427 09:22:30,9:22:30,15,A,4,21%,5557.26,1745734943,0.004429925,4.429925346,11.68352773,415.4831,258.2502109,26.10517897,41.99903901,0.138476977,2.002142343,0.133367652,0.083798129,129.9829516,32.14597829,31.71348,4.698189247,29.0563111,1.442551637,4.96467577,3.25563761,-195.3597078,105.3680194,11.95876874,51.95003198,1,0,1,0,25038,RECT-12807-20250324-17_57_43,10114.7,315.2007692,539.79,0.416067787,-0.222077465,MPF-14549-20250427-09_22_32,10096.1,235.6282,405.9728157,0.419596114,0.5,673.2000297,11.68352773,141.2360581,0.017685093,0.329621046,264.3245462,DARK-14550-20250427-09_22_39,172.27,172.27,0.575661243,0.728894152,0.364108577,1.876619756,0.595830815,0.532901391,0.467098609,14549,290,372.66,105,10096.1,371.45,1.21,300,24,405.9728157,3.065455071,-34.85785011,2.71234922,0.855043911,-0.007679213,290,368.99,625,10077.5,371.38,-2.39,None,None,None,None,None,None,None,None,None,None,None,None,None,800,673.2000297,0.841490605,0.162476868,2,0.5,0: Broadleaf,2,1745734943,415.4831,419.9909667,14.27070333,12.81518667,416.3911667,14.23472333,600.0216,101.0183,0.066531163,32.68965667,31.71348,999.9,0,0,5007.5,0,743.7885,-4.507763,421.4982667,425.4430667,1.455520333,419.9909667,12.81518667,1.441601667,1.294568,12.36241333,10.73587333,800.0089667,0.950001,0.049998987,0,235.7338,4.99918,2086.130667,7584.882667,42.5,44.7059,43.43296667,44.0767,44.78926667,755.2613333,39.75,0,37.20000005,0,235.6282,-16.09707692,-16.32846162,2085.5672,15,1745734722,9:18:42,1745734722,1745734722,1,-0.534,-0.043,-0.895,-0.035,420,11,1.83,0.22,-4.465852,-0.73996863,0.165003056,0,237.8592059,-35.66045834,3.853106476,0,1.46235825,-0.157073133,0.016109431,0,0,3,0/3,3.22043,2.67496,0.10069,0.102461,0.0771779,0.0722497,26439.5,24270.9,27936.2,24789.2,33074.3,24304,39828.6,27560,1.8732,1.5428,-0.022918,0,32.1072,999.9,35.1,26.9,12.3633,29.94,17.6683,1,0.453476,0,20.308,5.22687,11.9081,4.9596,3.292,9999,9999,9999,999.9,4.97198,1.85382,1.85577,1.85593,1.85562,1.85532,1.85043,1.85242,0,0,0,0,11111111,oooooooo,on,on,on,on,0,100,100,-0.907,0.0372,-1.795320267,0.00151024,1.49E-06,5.40E-12,-0.083089784,-0.011177753,0.001682567,-2.18E-05,3,2244,0,20,3.8,3.8,1.0144,2.48535,1.59424,2.13379,1.50269,2.4646,34.1452,15.4629,18,594.637,415.53,30.7875,32.9736,30.0028,32.6327,32.5215,20.3898,-30,-30,-999.9,420,0,99.5241,74.3212
8,1745734990,285,20250427 09:23:10,9:23:10,15,A,4,21%,5557.44,1745734982,0.00417625,4.176250405,10.43746877,415.9681333,267.1626042,27.00511828,42.04656065,0.131550055,1.997963479,0.126920633,0.079727758,98.0698787,32.10152171,31.70985333,4.697222902,29.4489602,1.472713079,5.000900095,3.224509823,-184.1726429,119.4503881,13.59379911,46.94142301,1,0,1,0,25524,RECT-12807-20250324-17_57_43,10114.7,315.2007692,539.79,0.416067787,-0.222077465,MPF-14551-20250427-09_23_11,10087.2,240.81596,473.2902016,0.491187523,0.5,505.2061937,10.43746877,124.0754893,0.021099397,0.140505335,291.3008211,DARK-14552-20250427-09_23_19,171.49,171.49,0.637664166,0.77029187,0.180558779,1.470523602,0.296095223,0.54854069,0.45145931,14551,290,426.79,225,10087.2,425.06,1.73,300,24,473.2902016,2.924845679,-48.65387499,2.579914295,0.927017046,-0.007846139,290,419.49,675,10076.3,425,-5.51,None,None,None,None,None,None,None,None,None,None,None,None,None,600,505.2061937,0.841992968,0.163446429,2,0.5,0: Broadleaf,2,1745734982,415.9681333,420.0262,14.56960333,13.19785333,416.8747667,14.52670333,600.0224667,101.0146333,0.066572853,32.81881,31.70985333,999.9,0,0,4990.666667,0,559.6424333,-4.058004667,422.1181667,425.6435333,1.371755667,420.0262,13.19785333,1.471743,1.333175667,12.67769667,11.17809,600.0123667,0.933005,0.0669953,0,240.8452333,4.99918,1611.45,5645.307,42.51653333,44.92666667,43.62496667,44.28513333,44.92666667,555.1503333,39.86,0,37.20000005,0,240.81596,-10.92738461,5.966923032,1611.2604,15,1745734722,9:18:42,1745734722,1745734722,1,-0.534,-0.043,-0.895,-0.035,420,11,1.83,0.22,-4.038606098,-0.562582997,0.142795096,0,242.3691176,-26.04137509,2.948930581,0,1.380590732,-0.187900348,0.019096529,0,0,3,0/3,3.22035,2.67545,0.100679,0.102351,0.0783511,0.0737883,26424.5,24263.6,27920.9,24779.7,33017.7,24254.5,39811.3,27549.4,1.8692,1.5388,-0.0293553,0,32.2033,999.9,35.6,27.1,12.6881,30.25,17.472,1,0.475203,0,20.3094,5.22328,11.9081,4.96,3.292,9999,9999,9999,999.9,4.97195,1.85388,1.8558,1.85608,1.85562,1.85538,1.85043,1.85248,0,0,0,0,11111111,oooooooo,on,on,on,on,0,100,100,-0.907,0.0443,-1.795320267,0.00151024,1.49E-06,5.40E-12,-0.083089784,-0.011177753,0.001682567,-2.18E-05,3,2244,0,20,4.5,4.5,1.0144,2.48169,1.59424,2.13501,1.50269,2.48535,34.3952,15.4542,18,594.414,415.085,31.0435,33.249,30.0027,32.9194,32.8106,20.387,-30,-30,-999.9,420,0,99.4764,74.2928
9,1745735030,324.5,20250427 09:23:49,9:23:49,15,A,4,21%,5557.71,1745735022,0.003966301,3.966300871,9.779372197,416.1945667,269.453317,27.23641837,42.06906587,0.125059753,2.000236442,0.120872628,0.07590991,82.09384732,32.18254391,31.78223667,4.716542613,29.80022976,1.501728247,5.039317679,3.214814366,-174.9138684,126.4558398,14.3894222,48.02524093,1,0,1,0,24722,RECT-12807-20250324-17_57_43,10114.7,315.2007692,539.79,0.416067787,-0.222077465,MPF-14553-20250427-09_23_51,10098.1,247.82868,524.5516118,0.527541858,0.5,421.1906424,9.779372197,111.097847,0.02374566,0.029050312,309.9430767,DARK-14554-20250427-09_23_58,176.62,176.62,0.66329338,0.795337136,0.041959381,1.321814273,0.06785004,0.566812707,0.433187293,14553,290,472.36,105,10098.1,469.4,2.96,300,24,524.5516118,2.753432169,-55.68785303,2.424866845,0.949586439,-0.007929609,290,461.92,715,10075.2,469.28,-7.36,None,None,None,None,None,None,None,None,None,None,None,None,None,500,421.1906424,0.842376567,0.164186775,2,0.5,0: Broadleaf,2,1745735022,416.1945667,420.0046333,14.85678667,13.55432,417.1006,14.80710667,599.9960667,101.013,0.067286093,32.95489667,31.78223667,999.9,0,0,5000,0,685.7966333,-3.810064333,422.471,425.7756333,1.302467667,420.0046333,13.55432,1.500728333,1.369162,12.97556333,11.58029667,500.0028,0.919988,0.0800124,0,247.9934333,4.99918,1408.884667,4676.388667,42.5372,45.083,43.77066667,44.4622,45,455.3976667,39.61,0,37.20000005,0,247.82868,-11.75853843,-89.07307683,1408.3608,15,1745734722,9:18:42,1745734722,1745734722,1,-0.534,-0.043,-0.895,-0.035,420,11,1.83,0.22,-3.76645122,-0.728314077,0.126619717,0,250.1332353,-36.07966387,3.985673986,0,1.311549512,-0.167547387,0.017182692,0,0,3,0/3,3.22162,2.67529,0.100637,0.10228,0.0793986,0.0751977,26411.6,24256.7,27906.9,24771.6,32964.5,24210.7,39792.6,27541.6,1.8676,1.5326,-0.0286698,0,32.2838,999.9,36.1,27.3,13.0176,30.07,17.4319,1,0.49687,0,20.3101,5.22448,11.9081,4.9592,3.2922,9999,9999,9999,999.9,4.97195,1.85394,1.8558,1.85608,1.85562,1.85547,1.85043,1.85257,0,0,0,0,11111111,oooooooo,on,on,on,on,0,100,100,-0.906,0.051,-1.795320267,0.00151024,1.49E-06,5.40E-12,-0.083089784,-0.011177753,0.001682567,-2.18E-05,3,2244,0,20,5.1,5.1,1.0144,2.48657,1.59424,2.13379,1.50269,2.39014,34.6463,15.4542,18,595.735,413.227,31.2869,33.5125,30.0024,33.1908,33.083,20.388,-30,-30,-999.9,420,0,99.4283,74.2701
10,1745735069,364,20250427 09:24:29,9:24:29,15,A,4,21%,5557.62,1745735061,0.003750802,3.750802492,8.856467195,416.5176667,275.144158,27.8140944,42.10542496,0.118135621,2.000016747,0.114391448,0.071821169,66.12772156,32.26494696,31.87688,4.741908049,30.13195831,1.530103527,5.078008907,3.211804522,-165.4103899,130.9170435,14.91559979,46.54997497,1,0,1,0,26057,RECT-12807-20250324-17_57_43,10114.7,315.2007692,539.79,0.416067787,-0.222077465,MPF-14555-20250427-09_24_30,10094.1,257.30592,597.2068233,0.569151071,0.5,337.1896646,8.856467195,95.95592943,0.026924149,-0.096142276,333.9488486,DARK-14556-20250427-09_24_38,180.99,180.99,0.696939163,0.816643836,-0.160024591,1.205296476,-0.255652611,0.574430499,0.425569501,14555,290,535.62,155,10094.1,531.44,4.18,300,24,597.2068233,3.316243092,-66.38863978,2.916016073,0.948749078,-0.008013355,290,520.94,615,10080.4,531.35,-10.41,None,None,None,None,None,None,None,None,None,None,None,None,None,400,337.1896646,0.842962149,0.165316948,2,0.5,0: Broadleaf,2,1745735061,416.5176667,419.9906,15.13617667,13.90482667,417.4228333,15.07980667,599.9967,101.0218667,0.067302723,33.09104333,31.87688,999.9,0,0,4998.666667,0,824.8838,-3.472882333,422.9191,425.9128667,1.231346667,419.9906,13.90482667,1.529084667,1.404691667,13.26211333,11.96832,400.0057,0.900011767,0.09998796,0,257.4377,4.99918,1197.059,3707.132667,42.52893333,45.2416,43.875,44.6124,45.062,355.5116667,39.496,0,37.20000005,0,257.30592,-13.6956154,-21.31384612,1196.836,15,1745734722,9:18:42,1745734722,1745734722,1,-0.534,-0.043,-0.895,-0.035,420,11,1.83,0.22,-3.447266829,-0.820678118,0.139357321,0,258.8315294,-26.21381206,2.842406615,0,1.239850976,-0.189531638,0.019024746,0,0,3,0/3,3.22104,2.67551,0.100652,0.102262,0.0804575,0.0766873,26397.3,24249,27893.1,24764.1,32912.5,24163.9,39775.8,27532.6,1.864,1.5288,-0.0289083,0,32.3634,999.9,36.6,27.4,13.2737,29.84,17.512,1,0.517317,0,20.3113,5.22328,11.9081,4.96,3.2922,9999,9999,9999,999.9,4.97195,1.85394,1.85583,1.85608,1.85562,1.85547,1.85046,1.85254,0,0,0,0,11111111,oooooooo,on,on,on,on,0,100,100,-0.905,0.0577,-1.795320267,0.00151024,1.49E-06,5.40E-12,-0.083089784,-0.011177753,0.001682567,-2.18E-05,3,2244,0,20,5.8,5.8,1.0144,2.49634,1.59424,2.13379,1.50269,2.35229,34.8755,15.4454,18,595.506,412.711,31.5203,33.7596,30.0023,33.4488,33.3474,20.3905,-30,-30,-999.9,420,0,99.3834,74.2467
11,1745735109,403.5,20250427 09:25:08,9:25:08,15,A,4,21%,5557.71,1745735101,0.003536193,3.536193087,7.41712769,417.0103667,289.4403157,29.26171516,42.15873847,0.111568566,2.001630417,0.108225358,0.067932878,49.58501584,32.32666341,31.94806333,4.761064127,30.53529708,1.561052097,5.112287243,3.200012029,-155.9461151,136.276182,15.52822155,45.44330426,0,0,1,0,24795,RECT-12807-20250324-17_57_43,10114.7,315.2007692,539.79,0.416067787,-0.222077465,MPF-14557-20250427-09_25_10,10089.4,264.54464,682.2186674,0.612228963,0.5,252.8691401,7.41712769,77.40690572,0.030210112,-0.20877275,358.9614486,DARK-14558-20250427-09_25_17,191.19,191.19,0.719752611,0.85061027,-0.408573343,1.138020869,-0.634174074,0.614747581,0.385252419,14557,290,611.35,115,10089.4,607.29,4.06,300,24,682.2186674,2.555947672,-75.59977443,2.241874641,0.975968791,-0.008089387,290,595.72,645,10070.1,607.15,-11.43,None,None,None,None,None,None,None,None,None,None,None,None,None,300,252.8691401,0.842950146,0.165293781,2,0.5,0: Broadleaf,2,1745735101,417.0103667,419.9742,15.44104333,14.28054667,417.9142,15.37725667,600.0173333,101.0300333,0.067545613,33.21091,31.94806333,999.9,0,0,5004.833333,0,738.4184333,-2.963745,423.5504667,426.0585333,1.160496667,419.9742,14.28054667,1.560009,1.442763333,13.56932667,12.37465667,299.9811333,0.900007333,0.09999283,0,264.6419667,4.99918,955.4144333,2768.398,42.4853,45.3624,43.937,44.7269,45.0935,265.486,29.5,0,37.20000005,0,264.54464,-10.52284613,124.6650767,956.00768,15,1745734722,9:18:42,1745734722,1745734722,1,-0.534,-0.043,-0.895,-0.035,420,11,1.83,0.22,-2.97127575,0.23375651,0.131575807,1,265.0852941,-10.88834223,1.233715754,0,1.16802,-0.181242326,0.017872265,0,1,3,01-Mar,3.22083,2.67581,0.100672,0.102236,0.081583,0.07815,26383.9,24242.2,27880.4,24757.2,32859,24118.8,39760.1,27524.7,1.8614,1.5244,-0.0305772,0,32.4438,999.9,37.1,27.6,13.6118,29.63,17.52,1,0.537154,0,20.3115,5.22448,11.9081,4.9596,3.292,9999,9999,9999,999.9,4.97202,1.85394,1.85593,1.85608,1.85568,1.85547,1.85056,1.85257,0,0,0,0,11111111,oooooooo,on,on,on,on,0,100,100,-0.904,0.065,-1.795320267,0.00151024,1.49E-06,5.40E-12,-0.083089784,-0.011177753,0.001682567,-2.18E-05,3,2244,0,20,6.5,6.4,1.0144,2.49268,1.59424,2.13135,1.50269,2.49634,35.1055,15.4542,18,595.906,411.742,31.7463,33.9951,30.0023,33.7005,33.5992,20.3949,-30,-30,-999.9,420,0,99.3416,74.2258
12,1745735148,443,20250427 09:25:48,9:25:48,15,A,4,21%,5557.71,1745735140,0.00334905,3.349050464,5.597625032,417.6538333,311.9847055,31.54111053,42.22407538,0.105851342,2.000130988,0.10283482,0.064535625,33.04867351,32.36615582,32.01874,4.780150473,30.93954944,1.591407239,5.143601856,3.188743233,-147.6931255,140.2950407,16.01225148,41.66284022,0,0,1,0,25574,RECT-12807-20250324-17_57_43,10114.7,315.2007692,539.79,0.416067787,-0.222077465,MPF-14559-20250427-09_25_49,10080.8,261.95324,734.5286144,0.643372314,0.5,168.5829117,5.597625032,54.230789,0.034521307,-0.265120528,372.9358731,DARK-14560-20250427-09_25_57,201.33,201.33,0.725905845,0.886302705,-0.575366703,1.126983051,-0.867087944,0.681187695,0.318812305,14559,290,676.82,115,10080.8,674.3,2.52,300,24,734.5286144,2.67825447,-60.71965546,2.343355747,0.959965757,-0.008164564,290,667.94,695,10059.5,674.17,-6.23,None,None,None,None,None,None,None,None,None,None,None,None,None,200,168.5829117,0.842925095,0.165245433,2,0.5,0: Broadleaf,2,1745735140,417.6538333,419.9859333,15.74119333,14.64242667,418.5559667,15.67000333,600.0059,101.0312667,0.066992243,33.31980333,32.01874,999.9,0,0,4998.666667,0,608.3112333,-2.332102333,424.3335,426.2269667,1.098778333,419.9859333,14.64242667,1.590353,1.479342333,13.86564333,12.75627333,199.9975,0.899983533,0.100016477,0,261.9158667,4.99918,668.2345333,1830.039333,42.42876667,45.437,44,44.812,45.1103,175.4943333,19.5,0,37.20000005,0,261.95324,2.580615381,-120.9573843,668.14932,15,1745734722,9:18:42,1745734722,1745734722,1,-0.534,-0.043,-0.895,-0.035,420,11,1.83,0.22,-2.32662675,-0.015035685,0.154561736,1,261.2337353,10.9896868,1.360594254,0,1.10695075,-0.171114259,0.017474259,0,1,3,01-Mar,3.22108,2.67608,0.100759,0.102158,0.0826602,0.0795474,26370.2,24236.8,27869.3,24750.4,32808.7,24076.1,39745.9,27517.7,1.8584,1.5198,-0.0301003,0,32.513,999.9,37.6,27.8,13.9583,29.79,17.516,1,0.555569,0,20.3126,5.22568,11.9081,4.9596,3.2922,9999,9999,9999,999.9,4.97195,1.85394,1.85593,1.85608,1.85562,1.85547,1.85056,1.85257,0,0,0,0,11111111,oooooooo,on,on,on,on,0,100,100,-0.902,0.0722,-1.795320267,0.00151024,1.49E-06,5.40E-12,-0.083089784,-0.011177753,0.001682567,-2.18E-05,3,2244,0,20,7.1,7.1,1.0144,2.49268,1.59424,2.13013,1.50269,2.4939,35.3133,15.4454,18,595.845,410.589,31.9612,34.2163,30.0026,33.9324,33.8395,20.3965,-30,-30,-999.9,420,0,99.3045,74.206
13,1745735188,482.5,20250427 09:26:27,9:26:27,15,A,4,21%,5557.71,1745735180,0.003135381,3.135381104,3.064712327,418.5322333,348.0929954,35.19257244,42.31405439,0.099196099,1.999177075,0.09654062,0.060570551,16.51686268,32.39879184,32.08123667,4.797083253,31.28995528,1.617759587,5.170220196,3.179323665,-138.2703067,143.4198447,16.38913572,38.05553641,0,0,1,0,25392,RECT-12807-20250324-17_57_43,10114.7,315.2007692,539.79,0.416067787,-0.222077465,MPF-14561-20250427-09_26_29,10069,248.51244,734.5060003,0.661660436,0.5,84.31817083,3.064712327,27.89499883,0.0389808,-0.265097903,372.9300435,DARK-14562-20250427-09_26_36,194.03,194.03,0.735836059,0.89919545,-0.563153633,1.15904483,-0.866987253,0.702061004,0.297938996,14561,290,693.86,145,10069,694.75,-0.89,300,24,734.5060003,3.038131818,-40.02704133,2.651534826,0.890575075,-0.008240338,290,697.11,865,10046.2,694.66,2.45,None,None,None,None,None,None,None,None,None,None,None,None,None,100,84.31817083,0.842851816,0.165104005,2,0.5,0: Broadleaf,2,1745735180,418.5322333,419.9911333,16.00141,14.97307,419.4317333,15.92370667,600.0370667,101.0336333,0.067431343,33.41191333,32.08123667,999.9,0,0,4994.666667,0,765.7041333,-1.458907333,425.3382333,426.3752667,1.028339667,419.9911333,14.97307,1.616681667,1.512785,14.11871667,13.09796,100.03914,0.899961233,0.100038733,0,248.5748333,4.99918,397.1886333,891.9340667,42.34143333,45.5,44,44.875,45.0746,85.53233333,9.51,0,37.20000005,0,248.51244,-13.51969228,-216.5717689,396.07032,15,1745734722,9:18:42,1745734722,1745734722,1,-0.534,-0.043,-0.895,-0.035,420,11,1.83,0.22,-1.49161475,0.67736454,0.118036463,0,249.105,-11.52580594,1.264216125,0,1.03606025,-0.17641272,0.017630609,0,0,3,0/3,3.22038,2.67671,0.100855,0.102051,0.0836333,0.0808271,26355.4,24232.2,27857.3,24743.4,32761.8,24036.3,39731.4,27510.3,1.8546,1.5166,-0.0303984,0,32.5713,999.9,38,28,14.273,30.21,17.488,1,0.572561,0,20.3132,5.22328,11.9081,4.96,3.2926,9999,9999,9999,999.9,4.97195,1.85394,1.85593,1.85611,1.85568,1.85547,1.85059,1.85257,0,0,0,0,11111111,oooooooo,on,on,on,on,0,100,100,-0.9,0.0788,-1.795320267,0.00151024,1.49E-06,5.40E-12,-0.083089784,-0.011177753,0.001682567,-2.18E-05,3,2244,0,20,7.8,7.8,1.01562,2.4939,1.59424,2.12769,1.50269,2.49146,35.5218,15.4454,18,595.093,410.139,32.1626,34.4221,30.0022,34.1557,34.0664,20.4025,-30,-30,-999.9,420,0,99.2654,74.1857
14,1745735227,522,20250427 09:27:07,9:27:07,15,A,4,21%,5557.71,1745735219,0.002920981,2.920980714,0.898223251,419.3021667,382.5704519,38.67972849,42.39348303,0.092109789,2.000610046,0.089817033,0.056336887,8.240535161,32.51035363,32.18995333,4.82666327,31.6143057,1.643800748,5.199547204,3.182862521,-128.8152495,142.6910686,16.31094634,38.42730064,0,0,1,0,25297,RECT-12807-20250324-17_57_43,10114.7,315.2007692,539.79,0.416067787,-0.222077465,MPF-14563-20250427-09_27_08,10061.2,237.83532,733.9665117,0.675958894,0.5,42.13222815,0.898223251,14.23982718,0.026590113,-0.264557727,372.7909191,DARK-14564-20250427-09_27_16,183.77,183.77,0.749620729,0.901734528,-0.545408999,1.184746366,-0.864585141,0.696749979,0.303250021,14563,290,701.86,185,10061.2,703.49,-1.63,300,24,733.9665117,2.714407894,-30.65812376,2.366024307,0.857070511,-0.008278834,290,708.55,795,10043.5,703.44,5.11,None,None,None,None,None,None,None,None,None,None,None,None,None,50,42.13222815,0.84270608,0.164822735,2,0.5,0: Broadleaf,2,1745735219,419.3021667,420.0098667,16.25837667,15.3005,420.1996667,16.17413667,599.9708333,101.037,0.067850867,33.51292,32.18995333,999.9,0,0,5000.333333,0,788.3595,-0.707668,426.2320667,426.5360667,0.957880933,420.0098667,15.3005,1.642693667,1.545912667,14.36522667,13.42994667,49.99635,0.899823033,0.100177117,0,237.8347,4.99918,265.3203,422.2713667,42.22893333,45.5,43.9664,44.87913333,45.04133333,40.48933333,4.51,0,37.20000005,0,237.83532,-18.66738468,50.69530769,265.5712,15,1745734722,9:18:42,1745734722,1745734722,1,-0.534,-0.043,-0.895,-0.035,420,11,1.83,0.22,-0.75934215,0.992212503,0.139621337,0,238.7244118,-16.34750195,1.723993093,0,0.968568175,-0.207201782,0.020537755,0,0,3,0/3,3.22202,2.6769,0.100979,0.102036,0.0845829,0.0821378,26341.4,24226.2,27847,24737.5,32716.9,23996.5,39718.1,27503.9,1.854,1.513,-0.0272691,0,32.6345,999.9,38.4,28.2,14.5923,30.07,17.4319,1,0.588659,0,20.3133,5.22328,11.9081,4.9596,3.2926,9999,9999,9999,999.9,4.97198,1.85394,1.85593,1.85611,1.85574,1.85547,1.85059,1.85257,0,0,0,0,11111111,oooooooo,on,on,on,on,0,100,100,-0.897,0.0855,-1.795320267,0.00151024,1.49E-06,5.40E-12,-0.083089784,-0.011177753,0.001682567,-2.18E-05,3,2244,0,20,8.4,8.4,1.01562,2.50122,1.59424,2.13013,1.50269,2.43774,35.7078,15.4367,18,596.574,409.407,32.3554,34.619,30.002,34.3674,34.284,20.4072,-30,-30,-999.9,420,0,99.2309,74.1682
15,1745736387,1682.1,20250427 09:46:27,9:46:27,15,A,4,2%,5558.61,1745736379,0.006631536,6.631535736,14.12955847,414.3172581,226.8407006,22.93929509,41.89788614,0.143452065,1.999857508,0.137970827,0.086706784,321.4978928,38.07279931,36.96983871,6.294506512,24.6211531,1.624257468,6.59699999,4.670249044,-292.450726,92.98287939,11.11438719,133.1444334,0,0,1,0,24429,RECT-12807-20250324-17_57_43,10114.7,315.2007692,539.79,0.416067787,-0.222077465,MPF-14567-20250427-09_46_29,10054.3,230.9444,274.4882427,0.158636459,0.5,1681.133942,14.12955847,133.3445675,0.008536878,0.966532317,201.4848594,DARK-14568-20250427-09_46_36,162.3,162.3,0.408717844,0.388131962,0.702804729,-1.069544106,1.181275506,0.272766161,0.727233839,14567,290,267.71,235,10054.3,267.7,0.01,300,24,274.4882427,3.404109298,-6.821909453,3.059762711,0.150766689,-0.006665984,290,269.96,855,10037.5,267.69,2.27,None,None,None,None,None,None,None,None,None,None,None,None,None,2000,1681.133942,0.840598426,0.160754962,2,0.5,0: Broadleaf,2,1745736379,414.3172581,419.942871,16.06185806,13.8868871,415.2285161,15.9826129,600.0099355,101.0568065,0.068322477,37.83225806,36.96983871,999.9,0,0,4996.290323,0,778.7948387,-5.625634839,421.0807097,425.8567742,2.174969032,419.942871,13.8868871,1.62316,1.403364839,14.18043226,11.9539871,1999.925161,0.980002,0.019997958,0,231.0370645,4.99918,4960.379355,19219.15484,46.70748387,48.25,47.21748387,47.683,48.84248387,1955.031935,39.89354839,0,1118.4,0,230.9444,-5.140538441,-49.13076936,4959.6348,15,1745734722,9:18:42,1745734722,1745734722,1,-0.534,-0.043,-0.895,-0.035,420,11,1.83,0.22,-5.64061825,-0.049153734,0.125828865,1,231.3584706,-7.220993116,0.821904862,0,2.15932975,0.313158011,0.031113646,0,1,3,01-Mar,3.22089,2.67679,0.0995414,0.101504,0.0850263,0.0772189,26183.7,24117,27648.7,24624.7,32496.1,24019.2,39471.6,27381.8,1.8166,1.4516,0.119805,0,35.1183,999.9,30.2,32.9,15.0133,30.0273,17.6362,1,0.880447,0,20.2901,5.22328,11.9141,4.958,3.2928,9999,9999,9999,999.9,4.97211,1.8544,1.85638,1.85654,1.85593,1.85577,1.85089,1.85287,0,0,0,0,11111111,oooooooo,on,on,on,on,0,100,100,-0.911,0.0782,-1.795320267,0.00151024,1.49E-06,5.40E-12,-0.083089784,-0.011177753,0.001682567,-2.18E-05,3,2244,0,20,27.8,27.8,1.03516,2.54883,1.59424,2.12524,1.50269,2.37183,39.6669,15.209,18,603.062,397.015,36.5542,38.3204,30.0006,38.2537,38.2395,20.7915,-30,-30,-999.9,420,0,98.5776,73.8347
16,1745736427,1721.6,20250427 09:47:06,9:47:06,15,A,4,2%,5558.7,1745736419,0.006754764,6.7547644,14.4329805,414.259,225.8802375,22.84261047,41.892806,0.145824606,2.000312328,0.140165642,0.088093664,289.5635541,37.91302671,36.91923333,6.277137042,23.95720824,1.593335463,6.650755994,4.683801579,-297.8851101,114.600302,13.70180647,119.9805525,0,0,1,0,25110,RECT-12807-20250324-17_57_43,10114.7,315.2007692,539.79,0.416067787,-0.222077465,MPF-14569-20250427-09_47_08,10050.6,224.5108077,275.5384993,0.185192602,0.5,1513.16779,14.4329805,140.1137401,0.009685018,0.959036582,202.0501751,DARK-14570-20250427-09_47_15,170.83,170.83,0.380014044,0.487330942,0.716206366,-1.286554999,1.176599162,0.37080952,0.62919048,14569,290,266.44,295,10050.6,264.49,1.95,300,24,275.5384993,3.339686629,-11.10802968,2.992391769,0.329816745,-0.006830757,290,264.88,675,10041.8,264.48,0.4,None,None,None,None,None,None,None,None,None,None,None,None,None,1800,1513.16779,0.840658269,0.160870458,2,0.5,0: Broadleaf,2,1745736419,414.259,420.0033667,15.75577333,13.53941667,415.1704333,15.68422333,599.9339333,101.0596667,0.067420483,37.98191333,36.91923333,999.9,0,0,4998,0,844.5691,-5.744372333,420.8905333,425.7680667,2.216357667,420.0033667,13.53941667,1.592273667,1.368289,13.88420667,11.57062333,1799.979667,0.977995667,0.022004323,0,224.4679,4.99918,4368.716,17281.66333,47.01643333,48.312,47.3812,47.7269,49.0893,1755.484667,39.49566667,0,37.20000005,0,224.5108077,-4.644341903,-41.52854695,4368.943462,15,1745734722,9:18:42,1745734722,1745734722,1,-0.534,-0.043,-0.895,-0.035,420,11,1.83,0.22,-5.6984905,-0.667796848,0.129496775,0,225.5433529,-16.16281132,1.924114783,0,2.20816975,0.153922514,0.015786913,0,0,3,0/3,3.22025,2.67676,0.0994941,0.101485,0.0837324,0.0756615,26180.7,24115.9,27644.3,24623.3,32537.8,24058.2,39466.6,27380.1,1.8146,1.4494,0.110984,0,35.1569,999.9,29.4,33.1,14.7802,29.9073,17.6122,1,0.885061,0,20.2925,5.22208,11.9129,4.9576,3.2926,9999,9999,9999,999.9,4.97205,1.85428,1.85629,1.85654,1.85596,1.85577,1.85089,1.8529,0,0,0,0,11111111,oooooooo,on,on,on,on,0,100,100,-0.912,0.0699,-1.795320267,0.00151024,1.49E-06,5.40E-12,-0.083089784,-0.011177753,0.001682567,-2.18E-05,3,2244,0,20,28.4,28.4,1.03516,2.54517,1.59424,2.12402,1.50269,2.45117,39.7673,15.209,18,602.107,396.083,36.64,38.3793,30.0006,38.3178,38.3016,20.7943,-30,-30,-999.9,420,0,98.5639,73.8303
17,1745736466,1761.1,20250427 09:47:46,9:47:46,15,A,4,2%,5558.79,1745736458,0.006770349,6.77034916,14.79515601,414.0732333,222.618687,22.51316703,41.87474103,0.146581133,2.000205276,0.140864244,0.088535214,257.6661334,37.7304918,36.76716333,6.225191664,23.21866744,1.551529275,6.68224944,4.673662389,-298.572398,140.3947869,16.78150012,116.2700225,0,0,1,0,25105,RECT-12807-20250324-17_57_43,10114.7,315.2007692,539.79,0.416067787,-0.222077465,MPF-14571-20250427-09_47_48,10058.2,219.5291538,277.6070015,0.209208872,0.5,1345.183781,14.79515601,140.7121906,0.011163704,0.944439431,203.1602216,DARK-14572-20250427-09_47_55,162.25,162.25,0.415540677,0.503461835,0.694450915,-1.544879672,1.167389005,0.372099474,0.627900526,14571,290,265.08,195,10058.2,264.45,0.63,300,24,277.6070015,3.380175118,-13.23067072,3.01944985,0.406783468,-0.006997525,290,265.61,845,10037.3,264.43,1.18,None,None,None,None,None,None,None,None,None,None,None,None,None,1600,1345.183781,0.84074757,0.16104281,2,0.5,0: Broadleaf,2,1745736458,414.0732333,419.9390667,15.34210667,13.12008333,414.985,15.28074333,600.0367,101.0609667,0.067861893,38.06910333,36.76716333,999.9,0,0,4997.5,0,904.3031,-5.865934667,420.5249,425.5219333,2.222017333,419.9390667,13.12008333,1.550487333,1.325927333,13.47528667,11.09596,1599.985333,0.9750024,0.024997633,0,219.5171,4.99918,3824.445,15341.28,47.18286667,48.437,47.55786667,47.833,49.29133333,1555.115333,39.87,0,37.20000005,0,219.5291538,-3.132034201,-48.03794868,3824.657308,15,1745734722,9:18:42,1745734722,1745734722,1,-0.534,-0.043,-0.895,-0.035,420,11,1.83,0.22,-5.86741625,-0.175261351,0.127867281,1,220.2557059,-12.05750955,1.480050765,0,2.220781,0.016328105,0.005268945,1,2,3,02-Mar,3.22087,2.6757,0.0994692,0.101456,0.0820999,0.0739791,26179.7,24115.6,27642.7,24622.4,32593.8,24101.7,39464.7,27379.8,1.8148,1.4482,0.0980496,0,35.2053,999.9,28.5,33.2,14.4087,29.8273,17.476,1,0.889797,0,20.294,5.22208,11.9141,4.958,3.2924,9999,9999,9999,999.9,4.97208,1.85431,1.85638,1.85654,1.85605,1.85577,1.85089,1.85293,0,0,0,0,11111111,oooooooo,on,on,on,on,0,100,100,-0.912,0.0598,-1.795320267,0.00151024,1.49E-06,5.40E-12,-0.083089784,-0.011177753,0.001682567,-2.18E-05,3,2244,0,20,29.1,29.1,1.03516,2.54517,1.59424,2.12402,1.50269,2.37427,39.868,15.2003,18,602.775,395.751,36.7294,38.4347,30.0008,38.3777,38.366,20.8017,-30,-30,-999.9,420,0,98.5586,73.8286
18,1745736506,1800.6,20250427 09:48:25,9:48:25,15,A,4,2%,5558.79,1745736498,0.006648256,6.648256225,14.50424329,414.1950667,223.5181151,22.60463699,41.88801037,0.144267947,2.000480132,0.138727132,0.087184547,225.7822489,37.5701175,36.63536667,6.180473762,22.65083265,1.51841902,6.703590301,4.662054742,-293.1880995,160.9785357,19.23249668,112.8051817,0,0,1,0,25186,RECT-12807-20250324-17_57_43,10114.7,315.2007692,539.79,0.416067787,-0.222077465,MPF-14573-20250427-09_48_27,10055.9,214.484,281.6911272,0.238584466,0.5,1177.212591,14.50424329,140.4323187,0.012509483,0.91624779,205.3389624,DARK-14574-20250427-09_48_34,162.4,162.4,0.423482019,0.563387477,0.683904907,-2.005605643,1.149204136,0.426577863,0.573422137,14573,290,266.3,245,10055.9,266.17,0.13,300,24,281.6911272,3.157439026,-15.60318971,2.81207136,0.523708087,-0.00716369,290,266.29,775,10040.4,266.15,0.14,None,None,None,None,None,None,None,None,None,None,None,None,None,1400,1177.212591,0.840866937,0.161273189,2,0.5,0: Broadleaf,2,1745736498,414.1950667,419.9477,15.01436,12.83155,415.1065667,14.96092333,600.0006333,101.0633667,0.06775184,38.12798333,36.63536667,999.9,0,0,4998.5,0,1090.513333,-5.752577667,420.5087,425.4062333,2.182808333,419.9477,12.83155,1.517402333,1.2968,13.14462333,10.76179,1399.998667,0.970997333,0.029002523,0,214.5364667,4.99918,3310.733667,13400.33667,47.25,48.55373333,47.6996,47.9454,49.43286667,1354.541667,40.457,0,37.20000005,0,214.484,-3.861461537,-58.93230762,3310.3452,15,1745734722,9:18:42,1745734722,1745734722,1,-0.534,-0.043,-0.895,-0.035,420,11,1.83,0.22,-5.7280125,-0.317507392,0.130481689,1,215.0924706,-9.757188686,1.142619391,0,2.18316625,-0.006617448,0.005442774,1,2,3,02-Mar,3.22085,2.67553,0.0994929,0.101456,0.0808345,0.0727573,26176.6,24113.3,27640.4,24620.3,32635.8,24131.7,39461.4,27377.8,1.8144,1.4468,0.0851452,0,35.2642,999.9,27.7,33.3,14.0828,29.8273,17.5441,1,0.893902,0,20.2962,5.22328,11.9141,4.9572,3.2926,9999,9999,9999,999.9,4.97208,1.8544,1.85638,1.85657,1.85602,1.85577,1.85092,1.85293,0,0,0,0,11111111,oooooooo,on,on,on,on,0,100,100,-0.912,0.0521,-1.795320267,0.00151024,1.49E-06,5.40E-12,-0.083089784,-0.011177753,0.001682567,-2.18E-05,3,2244,0,20,29.7,29.7,1.03516,2.54639,1.59424,2.12402,1.50269,2.48657,39.9689,15.2003,18,602.987,395.282,36.82,38.4939,30.0004,38.4385,38.4284,20.8081,-30,-30,-999.9,420,0,98.5504,73.8229
19,1745736545,1840.1,20250427 09:49:05,9:49:05,15,A,4,2%,5559.09,1745736537,0.006382673,6.382673244,13.63795972,414.5491333,227.1251948,22.96917324,41.92335804,0.138297963,2.000707177,0.133198068,0.083691329,193.8024666,37.43437268,36.50622333,6.136926959,21.93906545,1.473246818,6.715175818,4.663680141,-281.47589,178.3669226,21.29752694,111.9910261,0,0,1,0,24321,RECT-12807-20250324-17_57_43,10114.7,315.2007692,539.79,0.416067787,-0.222077465,MPF-14575-20250427-09_49_06,10053.5,209.7393462,291.1729185,0.279674266,0.5,1009.180101,13.63795972,141.1208521,0.013733958,0.853846858,210.3317423,DARK-14576-20250427-09_49_14,164.21,164.21,0.436039585,0.641396506,0.66195506,-3.3891326,1.106985765,0.502164816,0.497835184,14575,290,271.27,285,10053.5,270.99,0.28,300,24,291.1729185,2.984377294,-20.29417718,2.649633926,0.67691287,-0.007329533,290,269.51,735,10042,270.96,-1.45,None,None,None,None,None,None,None,None,None,None,None,None,None,1200,1009.180101,0.840985753,0.161502504,2,0.5,0: Broadleaf,2,1745736537,414.5491333,419.9777,14.56785,12.47105333,415.1511333,14.59085,599.9333667,101.0618333,0.068176773,38.15988,36.50622333,999.9,0,0,4999.5,0,838.6951,-5.737981667,420.3923,425.2813333,2.164245667,419.9777,12.47105333,1.479069,1.260348667,12.75341333,10.33405,1199.996667,0.967000733,0.032999153,0,209.7062667,4.99918,2782.151,11464.26,47.25,48.66013333,47.8141,48.0851,49.5,1155.566667,39.43,0,37.20000005,0,209.7393462,-5.008717972,-106.3661537,2782.321154,15,1745736568,9:49:28,1745736561,1745736568,2,0.294,-0.015,-0.602,-0.023,420,12,2.47,0.19,-5.710079268,-0.724213171,0.135781515,0,210.4721176,-11.87309398,1.325388906,0,2.16729122,-0.061100488,0.007608059,1,1,3,01-Mar,3.22062,2.6775,0.0994929,0.101416,0.0791544,0.0710353,26172.8,24112.4,27636.7,24618.5,32691.1,24174.7,39456.5,27375.8,1.8138,1.4432,0.0736117,0,35.3349,999.9,27,33.5,13.8806,30.0773,17.6562,1,0.899004,0,20.2972,5.22208,11.9141,4.958,3.2924,9999,9999,9999,999.9,4.97211,1.8544,1.85635,1.85654,1.85599,1.85577,1.85095,1.85303,0,0,0,0,11111111,oooooooo,on,on,on,on,0,100,100,-0.602,-0.023,-1.795320267,0.00151024,1.49E-06,5.40E-12,-0.083089784,-0.011177753,0.001682567,-2.18E-05,3,2244,0,20,30.4,30.4,1.03516,2.54761,1.59424,2.12402,1.50269,2.39746,40.07,15.2003,18,603.056,393.566,36.9134,38.5533,30.0006,38.4987,38.4931,20.8091,-30,-30,-999.9,420,0,98.5378,73.8174
20,1745736599,1894.1,20250427 09:49:59,9:49:59,15,A,4,2%,5559.09,1745736591,0.006349595,6.349594803,13.2979734,414.6783548,229.9364749,23.25424381,41.93780725,0.137219719,2.000525195,0.132197045,0.083059103,161.9087589,37.21712487,36.39450323,6.099470427,21.14444179,1.422551681,6.727780732,4.676918746,-280.0171308,194.1369491,23.17401786,99.20259496,0,0,1,0,24578,RECT-12807-20250324-17_57_43,10114.7,315.2007692,539.79,0.416067787,-0.222077465,MPF-14577-20250427-09_50_00,10055.6,204.7197692,302.8878189,0.324106958,0.5,841.2182833,13.2979734,136.3223495,0.016071989,0.78214496,216.377099,DARK-14578-20250427-09_50_08,164.01,164.01,0.458512394,0.706866298,0.63042786,-7.97274799,1.054824313,0.566301642,0.433698358,14577,290,280.38,285,10055.6,279.39,0.99,300,24,302.8878189,1.851693251,-23.63122868,1.639117098,0.881281105,-0.007496243,290,278.29,665,10046.7,279.37,-1.08,None,None,None,None,None,None,None,None,None,None,None,None,None,1000,841.2182833,0.841193807,0.161904048,2,0.5,0: Broadleaf,2,1745736591,414.6783548,419.9890645,14.0661,11.97919355,415.2952258,14.04967419,599.9579677,101.0660968,0.067243716,38.19452903,36.39450323,999.9,0,0,4998.548387,0,1065.266355,-5.310683548,420.5942903,425.0811935,2.086917097,419.9890645,11.97919355,1.421606129,1.21069,12.15003226,9.733609032,1000.029097,0.960006065,0.03999379,0,204.6576129,4.99918,2307.921935,9524.193226,47.155,48.77,47.921,48.25,49.562,955.2377419,39.79483871,0,52.20000005,0,204.7197692,2.363418803,26.17504271,2308.389231,15,1745736568,9:49:28,1745736561,1745736568,2,0.294,-0.015,-0.602,-0.023,420,12,2.47,0.19,-5.304676829,-0.079832822,0.129840441,1,204.3839412,5.822643238,0.721850846,0,2.093019756,-0.13233324,0.013873939,0,1,3,01-Mar,3.22058,2.67578,0.0994358,0.101367,0.0770442,0.0689852,26170.5,24111.6,27632.8,24616.7,32763,24226.3,39453.4,27374,1.8122,1.4418,0.0602007,0,35.4131,999.9,25.9,33.7,13.4659,30.0473,17.5441,1,0.905732,0,20.2992,5.22328,11.9141,4.9576,3.2926,9999,9999,9999,999.9,4.97211,1.8544,1.85638,1.85654,1.85602,1.85577,1.85098,1.85303,0,0,0,0,11111111,oooooooo,on,on,on,on,0,100,100,-0.618,0.0152,-1.501243767,0.00151024,1.49E-06,5.40E-12,-0.098316307,-0.011177753,0.001682567,-2.18E-05,3,2244,0,20,0.6,0.5,1.03638,2.54761,1.59424,2.12402,1.50269,2.44751,40.222,15.1915,18,602.609,393.239,37.0368,38.635,30.0009,38.5871,38.5807,20.8191,-30,-30,-999.9,420,0,98.5275,73.8123
21,1745736639,1933.6,20250427 09:50:38,9:50:38,15,A,4,2%,5559.09,1745736631,0.006248727,6.248727039,12.69195164,414.8988667,235.4742117,23.81523603,41.96176883,0.13552212,1.99940668,0.130617929,0.082062042,129.9842396,36.99081708,36.23472333,6.046245921,20.59381226,1.385631826,6.728389129,4.660614096,-275.5688624,211.4315183,25.23332365,91.08021911,0,0,1,0,25097,RECT-12807-20250324-17_57_43,10114.7,315.2007692,539.79,0.416067787,-0.222077465,MPF-14579-20250427-09_50_40,10076,201.97952,325.7996758,0.380049966,0.5,673.2067807,12.69195164,127.9261072,0.019182857,0.656815645,227.8226312,DARK-14580-20250427-09_50_47,162.98,162.98,0.499753953,0.760474158,0.567899801,11.68235182,0.952807592,0.613636859,0.386363141,14579,290,296.76,95,10076,295.15,1.61,300,24,325.7996758,2.191277599,-30.88654986,1.933908674,0.901086075,-0.007663196,290,292.16,755,10045.2,295.05,-2.89,None,None,None,None,None,None,None,None,None,None,None,None,None,800,673.2067807,0.841490594,0.162476847,2,0.5,0: Broadleaf,2,1745736631,414.8988667,419.9937333,13.70049667,11.64611667,415.5151333,13.69225667,599.9977,101.0694,0.06794263,38.1962,36.23472333,999.9,0,0,4993.833333,0,1166.354667,-5.094839333,420.6620667,424.9426667,2.054383333,419.9937333,11.64611667,1.384701667,1.177066,11.75105333,9.314531333,800.017,0.949999433,0.050000523,0,202.0003667,4.99918,1864.036333,7584.954,47.0496,48.8624,47.937,48.3414,49.50413333,755.2673333,39.75,0,37.20000005,0,201.97952,-2.119769245,-13.50384605,1864.088,15,1745736568,9:49:28,1745736561,1745736568,2,0.294,-0.015,-0.602,-0.023,420,12,2.47,0.19,-5.05125878,-0.348914843,0.143701813,1,202.7528824,-11.18047365,1.381342522,0,2.060554146,-0.10503115,0.012091359,0,1,3,01-Mar,3.21915,2.6773,0.0994963,0.101386,0.0754465,0.0673957,26165.8,24109.7,27629.9,24615.6,32815.5,24266.2,39448.7,27372.5,1.8112,1.4398,0.0475645,0,35.4725,999.9,25.1,33.8,13.1211,30.2273,17.6122,1,0.910915,0,20.3012,5.22328,11.9141,4.958,3.2928,9999,9999,9999,999.9,4.97214,1.8544,1.85638,1.85663,1.85599,1.85577,1.85101,1.85303,0,0,0,0,11111111,oooooooo,on,on,on,on,0,100,100,-0.616,0.0065,-1.501243767,0.00151024,1.49E-06,5.40E-12,-0.098316307,-0.011177753,0.001682567,-2.18E-05,3,2244,0,20,1.3,1.2,1.03638,2.55127,1.59424,2.12402,1.50269,2.45361,40.3491,15.2003,18,602.376,392.428,37.1261,38.6985,30.0008,38.6485,38.6429,20.8248,-30,-30,-999.9,420,0,98.5164,73.8085
22,1745736678,1973.1,20250427 09:51:18,9:51:18,15,A,4,2%,5559.09,1745736670,0.006075092,6.07509203,11.80776069,415.1906333,242.2405009,24.50048162,41.99285605,0.13170004,2.000674634,0.127066306,0.079819182,98.07392115,36.81093643,36.11262333,6.005845379,19.98293944,1.3459931,6.735711253,4.659852278,-267.9115585,226.9033455,27.04934428,84.11505241,0,0,1,0,24665,RECT-12807-20250324-17_57_43,10114.7,315.2007692,539.79,0.416067787,-0.222077465,MPF-14581-20250427-09_51_20,10071.6,202.7002,372.228201,0.455441045,0.5,505.2247218,11.80776069,115.0500377,0.023810866,0.450158797,249.5923654,DARK-14582-20250427-09_51_27,159.5,159.5,0.57149942,0.796923023,0.440615843,2.972744796,0.746081183,0.627079905,0.372920095,14581,290,329.46,155,10071.6,327.24,2.22,300,24,372.228201,2.543205155,-45.31521142,2.23785218,0.93607876,-0.007830687,290,322.03,635,10052.9,327.15,-5.12,None,None,None,None,None,None,None,None,None,None,None,None,None,600,505.2247218,0.841993396,0.163447255,2,0.5,0: Broadleaf,2,1745736670,415.1906333,419.9673,13.30806667,11.30999667,415.8061333,13.30841333,600.0034333,101.0726333,0.068511667,38.2163,36.11262333,999.9,0,0,4998.833333,0,1200.545333,-4.776634333,420.7905667,424.7715333,1.998066667,419.9673,11.30999667,1.345079667,1.143130667,11.31218,8.880787,600.0340667,0.932990333,0.067009833,0,202.7239,4.99918,1439.421667,5645.488333,46.879,48.88326667,47.937,48.375,49.4622,555.162,39.87,0,37.20000005,0,202.7002,-0.88276923,-1.616153875,1439.3596,15,1745736568,9:49:28,1745736561,1745736568,2,0.294,-0.015,-0.602,-0.023,420,12,2.47,0.19,-4.766725122,-0.27402878,0.100888199,1,203.2997941,-8.685576773,1.143765242,0,2.006549268,-0.17662892,0.01807667,0,1,3,01-Mar,3.21932,2.67734,0.0995477,0.101378,0.0738158,0.0659645,26160.2,24107.7,27625.8,24613.5,32868.2,24301.3,39442.8,27370.1,1.811,1.4374,0.0333786,0,35.5537,999.9,24.3,34,12.8456,30.0273,17.6763,1,0.916179,0,20.303,5.22328,11.9141,4.958,3.2924,9999,9999,9999,999.9,4.97214,1.8544,1.85638,1.85666,1.85608,1.85577,1.85095,1.85303,0,0,0,0,11111111,oooooooo,on,on,on,on,0,100,100,-0.615,-0.0019,-1.501243767,0.00151024,1.49E-06,5.40E-12,-0.098316307,-0.011177753,0.001682567,-2.18E-05,3,2244,0,20,1.9,1.8,1.03638,2.55005,1.59424,2.12036,1.50269,2.52808,40.451,15.2003,18,602.778,391.408,37.2157,38.7621,30.001,38.7129,38.709,20.8282,-30,-30,-999.9,420,0,98.5016,73.8022
23,1745736718,2012.6,20250427 09:51:57,9:51:57,15,A,4,2%,5559.09,1745736710,0.00596019,5.960189677,10.97210668,415.5011333,249.6943598,25.25465063,42.02472162,0.128825846,2.001594061,0.124390453,0.078129814,82.09438186,36.71887907,36.04337667,5.983037353,19.4740818,1.311549719,6.734847539,4.671487635,-262.8443648,234.2242778,27.89960862,81.3739035,0,0,1,0,24553,RECT-12807-20250324-17_57_43,10114.7,315.2007692,539.79,0.416067787,-0.222077465,MPF-14583-20250427-09_51_59,10076.5,206.6028846,414.5985426,0.501679665,0.5,421.192232,10.97210668,105.6517889,0.026577376,0.301958267,267.9542325,DARK-14584-20250427-09_52_06,169.03,169.03,0.592304404,0.846996345,0.337661715,2.092558525,0.557424134,0.692961245,0.307038755,14583,290,361.75,125,10076.5,358.24,3.51,300,24,414.5985426,2.129809208,-56.78692647,1.8713463,0.970490561,-0.007915006,290,349.26,615,10055.7,358.13,-8.87,None,None,None,None,None,None,None,None,None,None,None,None,None,500,421.192232,0.842376826,0.164187275,2,0.5,0: Broadleaf,2,1745736710,415.5011333,419.9842333,12.96737667,11.00630333,416.1158667,12.97499333,599.9675333,101.0741667,0.068088423,38.21393,36.04337667,999.9,0,0,5002.5,0,790.7001,-4.483092333,420.9598333,424.6581,1.961079667,419.9842333,11.00630333,1.310666333,1.112452333,10.92167333,8.478775667,500.0045333,0.919970367,0.080029383,0,206.613,4.99918,1217.64,4676.377667,46.7039,48.937,47.89773333,48.437,49.37706667,455.3896667,39.614,0,37.20000005,0,206.6028846,-6.584923077,143.9757262,1217.751923,15,1745736568,9:49:28,1745736561,1745736568,2,0.294,-0.015,-0.602,-0.023,420,12,2.47,0.19,-4.467694,-0.286182889,0.125588237,1,208.0857941,-21.71640949,2.545572659,0,1.96918025,-0.138182026,0.014492036,0,1,3,01-Mar,3.22053,2.67559,0.0995727,0.101348,0.0724229,0.064515,26155.7,24106.8,27622.1,24612.1,32914.7,24337.5,39439.6,27368.5,1.8108,1.436,0.0271201,0,35.6161,999.9,23.6,34.1,12.5447,29.6973,17.6042,1,0.921463,0,20.3039,5.22328,11.9141,4.9576,3.2922,9999,9999,9999,999.9,4.97217,1.85443,1.85638,1.85669,1.85608,1.8558,1.85104,1.85303,0,0,0,0,11111111,oooooooo,on,on,on,on,0,100,100,-0.614,-0.009,-1.501243767,0.00151024,1.49E-06,5.40E-12,-0.098316307,-0.011177753,0.001682567,-2.18E-05,3,2244,0,20,2.6,2.5,1.03638,2.54883,1.59424,2.1228,1.50269,2.51099,40.5531,15.1915,18,603.164,390.942,37.3033,38.8281,30.0008,38.7761,38.7723,20.8353,-30,-30,-999.9,420,0,98.4915,73.7979
24,1745736757,2052.1,20250427 09:52:37,9:52:37,15,A,4,2%,5559.09,1745736749,0.005789115,5.789114928,10.00639891,415.8378,257.8135385,26.076302,42.05951369,0.124636249,2.001240166,0.120478938,0.075661302,66.13220289,36.63598773,35.99403333,5.966830904,19.03243383,1.280904263,6.730112788,4.68592664,-255.2999683,238.1043386,28.35825673,77.29482989,0,0,1,0,25101,RECT-12807-20250324-17_57_43,10114.7,315.2007692,539.79,0.416067787,-0.222077465,MPF-14585-20250427-09_52_39,10081,214.2490385,470.0946569,0.54424277,0.5,337.2101366,10.00639891,91.76208949,0.030332648,0.148258105,290.0871465,DARK-14586-20250427-09_52_46,168.1,168.1,0.642412443,0.847185911,0.187509331,1.651747672,0.31032362,0.664702874,0.335297126,14585,290,409.04,105,10081,402.97,6.07,300,24,470.0946569,2.978964181,-67.66334596,2.613697508,0.959896157,-0.007999273,290,391.79,635,10056.4,402.81,-11.02,None,None,None,None,None,None,None,None,None,None,None,None,None,400,337.2101366,0.842962822,0.165318246,2,0.5,0: Broadleaf,2,1745736749,415.8378,419.9756667,12.66416,10.75891333,416.4516,12.67808333,600.0063667,101.0753667,0.068669997,38.20093333,35.99403333,999.9,0,0,5001,0,619.1684667,-4.137866667,421.1717,424.5433333,1.905239,419.9756667,10.75891333,1.280034,1.087462333,10.56639333,8.144005,400.0296667,0.899995567,0.100004663,0,214.3013667,4.99918,1020.888,3707.337,46.5268,48.937,47.8435,48.437,49.2562,355.5273333,39.50766667,0,37.20000005,0,214.2490385,-6.676068348,115.7569228,1021.198846,15,1745736568,9:49:28,1745736561,1745736568,2,0.294,-0.015,-0.602,-0.023,420,12,2.47,0.19,-4.132255,-0.123847655,0.122393843,1,215.2937353,-16.40068753,1.962168898,0,1.911302,-0.111645704,0.011871373,0,1,3,01-Mar,3.21934,2.67691,0.0996068,0.101313,0.0711452,0.0634078,26151.7,24105.2,27619.1,24609.7,32955.6,24364.5,39434.6,27366.5,1.8106,1.4344,0.0211596,0,35.6655,999.9,23,34.2,12.2933,29.7073,17.8486,1,0.926789,0,20.3047,5.22208,11.9141,4.9576,3.2928,9999,9999,9999,999.9,4.97214,1.85446,1.85638,1.85669,1.85608,1.85587,1.85104,1.85303,0,0,0,0,11111111,oooooooo,on,on,on,on,0,100,100,-0.614,-0.0152,-1.501243767,0.00151024,1.49E-06,5.40E-12,-0.098316307,-0.011177753,0.001682567,-2.18E-05,3,2244,0,20,3.3,3.1,1.0376,2.54639,1.59424,2.12158,1.50269,2.51587,40.681,15.1915,18,603.552,390.384,37.3836,38.8935,30.0006,38.8394,38.838,20.843,-30,-30,-999.9,420,0,98.4799,73.7917
25,1745736797,2091.6,20250427 09:53:16,9:53:16,15,A,4,2%,5559.09,1745736789,0.005638963,5.638962716,8.485554764,416.3872667,274.6813085,27.78245626,42.11521012,0.121195658,2.00174687,0.117261767,0.073631412,49.59002307,36.53453961,35.92717333,5.944932085,18.65453509,1.254132347,6.722935422,4.690799738,-248.6782558,243.252248,28.95192768,73.11594298,0,0,1,0,24584,RECT-12807-20250324-17_57_43,10114.7,315.2007692,539.79,0.416067787,-0.222077465,MPF-14587-20250427-09_53_18,10065.2,224.48964,547.5057219,0.589977545,0.5,252.8953624,8.485554764,74.60129258,0.034431759,-0.014092495,317.8160976,DARK-14588-20250427-09_53_25,171.38,171.38,0.68698044,0.858798171,-0.020943302,1.390482976,-0.034354817,0.655624155,0.344375845,14587,290,472.37,175,10065.2,466.84,5.53,300,24,547.5057219,2.746663064,-81.19618443,2.404103627,0.976041402,-0.008075856,290,452.12,615,10049.9,466.71,-14.59,None,None,None,None,None,None,None,None,None,None,None,None,None,300,252.8953624,0.842949887,0.165293282,2,0.5,0: Broadleaf,2,1745736789,416.3872667,419.9984667,12.39943333,10.54307667,416.9994333,12.41874333,599.9970667,101.0766333,0.067694283,38.18121667,35.92717333,999.9,0,0,5003,0,542.5621333,-3.61112,421.6149667,424.4736,1.856345,419.9984667,10.54307667,1.253294333,1.065659333,10.25006333,7.846371333,300.0123333,0.8999995,0.100000357,0,224.4163667,4.99918,827.6086,2768.683333,46.32883333,48.937,47.75,48.437,49.13533333,265.5123333,29.5,0,37.20000005,0,224.48964,-7.237384593,-5.094846182,827.35516,15,1745736568,9:49:28,1745736561,1745736568,2,0.294,-0.015,-0.602,-0.023,420,12,2.47,0.19,-3.612281463,0.437181533,0.134152788,1,224.9422059,-7.932421679,0.92830791,0,1.86567,-0.156881185,0.016389708,0,1,3,01-Mar,3.21976,2.67489,0.0996971,0.101282,0.0700035,0.0624578,26144.6,24104.1,27614.7,24607.9,32991,24387.8,39428.9,27365,1.8094,1.4326,0.013262,0,35.6918,999.9,22.5,34.4,12.1624,29.6773,17.6643,1,0.932764,0,20.3054,5.21849,11.9141,4.956,3.2926,9999,9999,9999,999.9,4.97214,1.8544,1.85638,1.85669,1.85608,1.85577,1.85104,1.85303,0,0,0,0,11111111,oooooooo,on,on,on,on,0,100,100,-0.613,-0.0205,-1.501243767,0.00151024,1.49E-06,5.40E-12,-0.098316307,-0.011177753,0.001682567,-2.18E-05,3,2244,0,20,3.9,3.8,1.0376,2.55859,1.59424,2.12158,1.50269,2.44019,40.7837,15.1827,18,603.188,389.671,37.4572,38.9577,30.0009,38.9029,38.8979,20.8482,-30,-30,-999.9,420,0,98.4648,73.787
26,1745736836,2131.1,20250427 09:53:56,9:53:56,15,A,4,2%,5559.09,1745736828,0.005461847,5.461847217,6.300087361,417.118,301.1856797,30.46339155,42.18935299,0.117191937,2.000389546,0.113507002,0.071263301,33.04859613,36.43952138,35.86198,5.923646416,18.29826996,1.22873506,6.715034057,4.694911356,-240.8674623,247.7749687,29.49784051,69.4539431,0,0,1,0,24845,RECT-12807-20250324-17_57_43,10114.7,315.2007692,539.79,0.416067787,-0.222077465,MPF-14589-20250427-09_53_58,10055,230.24124,617.5079947,0.62714452,0.5,168.5850173,6.300087361,52.86358484,0.03868769,-0.125857471,340.2030507,DARK-14590-20250427-09_54_05,179.51,179.51,0.70929931,0.884174721,-0.21571554,1.281037045,-0.346045064,0.689356104,0.310643896,14589,290,545.75,205,10055,542.62,3.13,300,24,617.5079947,2.427493734,-75.29855162,2.119743336,0.978291998,-0.008151843,290,531.52,685,10038.9,542.5,-10.98,None,None,None,None,None,None,None,None,None,None,None,None,None,200,168.5850173,0.842923681,0.165242705,2,0.5,0: Broadleaf,2,1745736828,417.118,419.9775333,12.14826667,10.34971,417.7282667,12.17257,599.9805667,101.0761333,0.068753703,38.15949,35.86198,999.9,0,0,4997.5,0,572.3980333,-2.859446667,422.2476,424.3694333,1.798556667,419.9775333,10.34971,1.227899667,1.046107,9.944130333,7.574865667,200.0003333,0.900033133,0.099966927,0,230.2006667,4.99918,625.0074333,1830.098667,46.1331,48.89153333,47.64773333,48.4308,48.9937,175.5076667,19.491,0,37.20000005,0,230.24124,6.107846125,13.62738466,625.0828,15,1745736568,9:49:28,1745736561,1745736568,2,0.294,-0.015,-0.602,-0.023,420,12,2.47,0.19,-2.926398049,1.290010244,0.194209497,0,229.3027059,15.08562262,1.727056056,0,1.810653171,-0.196814007,0.020416856,0,0,3,0/3,3.21945,2.67699,0.0998649,0.101306,0.068923,0.0615734,26137.1,24101.4,27612.1,24606.1,33025.9,24408.6,39425,27362.5,1.81,1.4302,0.0077486,0,35.7084,999.9,21.9,34.5,11.902,29.9573,17.9647,1,0.937602,0,20.3066,5.21969,11.9141,4.9572,3.2928,9999,9999,9999,999.9,4.97214,1.85443,1.85641,1.85669,1.85608,1.85583,1.85104,1.85303,0,0,0,0,11111111,oooooooo,on,on,on,on,0,100,100,-0.609,-0.0255,-1.501243767,0.00151024,1.49E-06,5.40E-12,-0.098316307,-0.011177753,0.001682567,-2.18E-05,3,2244,0,20,4.6,4.5,1.0376,2.55371,1.59424,2.12158,1.50269,2.40967,40.8865,15.1827,18,604.179,388.635,37.5243,39.0182,30.0004,38.9665,38.9602,20.8517,-30,-30,-999.9,420,0,98.4554,73.781
27,1745736876,2170.6,20250427 09:54:35,9:54:35,15,A,4,2%,5559.09,1745736868,0.005282338,5.282337794,3.308386942,418.1553,340.8310855,34.47343953,42.29441522,0.112881003,2.001015962,0.109458959,0.068710665,16.51375831,36.36750409,35.83537333,5.914978363,17.95587501,1.205665674,6.714602733,4.709312689,-232.9510967,250.5948371,29.82020769,63.97770635,0,0,1,0,24758,RECT-12807-20250324-17_57_43,10114.7,315.2007692,539.79,0.416067787,-0.222077465,MPF-14591-20250427-09_54_37,10047.2,224.4392692,623.6996903,0.6401485,0.5,84.30371087,3.308386942,26.98344702,0.041877924,-0.134535405,342.0739468,DARK-14592-20250427-09_54_44,180.08,180.08,0.711271301,0.900006086,-0.233270385,1.294203622,-0.373614042,0.722124504,0.277875496,14591,290,579.66,205,10047.2,579.27,0.39,300,24,623.6996903,2.874913284,-44.6419328,2.504392722,0.919015868,-0.008228225,290,578.26,685,10031.2,579.2,-0.94,None,None,None,None,None,None,None,None,None,None,None,None,None,100,84.30371087,0.842850249,0.16510098,2,0.5,0: Broadleaf,2,1745736868,418.1553,419.9942333,11.92014333,10.18048667,418.7627333,11.94890667,600.0461667,101.0771333,0.068099587,38.15830333,35.83537333,999.9,0,0,5000,0,543.9241,-1.838859667,423.2,424.3139667,1.739661,419.9942333,10.18048667,1.204854333,1.029013667,9.661614667,7.333774667,100.02217,0.9000008,0.099999137,0,224.4027,4.99918,366.369,891.7868,45.90386667,48.8687,47.53306667,48.3519,48.8477,85.52066667,9.503,0,37.20000005,0,224.4392692,-3.969948725,-146.9999313,365.6628462,15,1745736568,9:49:28,1745736561,1745736568,2,0.294,-0.015,-0.602,-0.023,420,12,2.47,0.19,-1.92838375,1.950481689,0.22547921,0,224.3075294,0.046417108,0.639382387,1,1.7484105,-0.202641276,0.020178916,0,1,3,01-Mar,3.22013,2.67592,0.100023,0.101264,0.067968,0.0607983,26127.8,24100.7,27607.4,24604.4,33055.8,24427,39420.4,27360.6,1.8088,1.4288,0.0051558,0,35.7454,999.9,21.5,34.6,11.751,29.8673,17.6763,1,0.942906,0,20.3073,5.22328,11.9141,4.958,3.2926,9999,9999,9999,999.9,4.97217,1.8544,1.85648,1.85669,1.85608,1.85587,1.85104,1.85303,0,0,0,0,11111111,oooooooo,on,on,on,on,0,100,100,-0.607,-0.0297,-1.501243767,0.00151024,1.49E-06,5.40E-12,-0.098316307,-0.011177753,0.001682567,-2.18E-05,3,2244,0,20,5.2,5.1,1.0376,2.55859,1.59424,2.12158,1.50269,2.42676,41.0154,15.1827,18,603.765,388.153,37.5902,39.0826,30.0009,39.0251,39.0197,20.8541,-30,-30,-999.9,420,0,98.4418,73.7758
28,1745736915,2210.1,20250427 09:55:15,9:55:15,15,A,4,2%,5559.09,1745736907,0.005083515,5.083514744,0.809727866,419.004,375.9304014,38.02385778,42.38058015,0.107820582,2.001551082,0.104694714,0.065707494,8.244559072,36.37437595,35.85694667,5.922005786,17.62060873,1.18330204,6.715443596,4.738703745,-224.1830002,248.5835514,29.57637215,62.22148239,0,0,1,0,25277,RECT-12807-20250324-17_57_43,10114.7,315.2007692,539.79,0.416067787,-0.222077465,MPF-14593-20250427-09_55_17,10044.6,219.6882,635.1448984,0.654113257,0.5,42.15511121,0.809727866,13.78710856,0.024476399,-0.150130937,345.4884608,DARK-14594-20250427-09_55_24,179.44,179.44,0.71748179,0.911679247,-0.264617451,1.298528901,-0.42457467,0.744654123,0.255345877,14593,290,595.12,195,10044.6,596.13,-1.01,300,24,635.1448984,2.577855946,-39.19324795,2.242984857,0.915999222,-0.008267252,290,595.51,665,10028.8,596.06,-0.55,None,None,None,None,None,None,None,None,None,None,None,None,None,50,42.15511121,0.842700874,0.164812687,2,0.5,0: Broadleaf,2,1745736907,419.004,419.9839333,11.69895,10.02423533,419.6091,11.73195,599.9879333,101.0773667,0.068637073,38.16061667,35.85694667,999.9,0,0,5002.166667,0,577.9905667,-0.9798184,423.9639,424.2365,1.674721,419.9839333,10.02423533,1.182499667,1.013224,9.383000667,7.107919,50.02381333,0.8999046,0.100095447,0,219.6997333,4.99918,243.5173333,422.5406333,45.67896667,48.80993333,47.3936,48.28513333,48.6705,40.51833333,4.503333333,0,37.20000005,0,219.6882,-10.0234615,-113.3661536,243.1136,15,1745736568,9:49:28,1745736561,1745736568,2,0.294,-0.015,-0.602,-0.023,420,12,2.47,0.19,-1.100984049,2.075488181,0.241476747,0,220.0527647,-6.065546205,0.845221658,0,1.689621707,-0.239058188,0.023964826,0,0,3,0/3,3.21979,2.67698,0.100147,0.101213,0.0670493,0.060068,26120.9,24099.2,27604.1,24601.8,33085.5,24443.7,39417.2,27358.1,1.808,1.4276,0.00372529,0,35.7943,999.9,21,34.8,11.6066,29.6073,17.8966,1,0.947561,0,20.3079,5.22328,11.9141,4.958,3.293,9999,9999,9999,999.9,4.97214,1.85443,1.85641,1.85669,1.85608,1.8559,1.85104,1.85303,0,0,0,0,11111111,oooooooo,on,on,on,on,0,100,100,-0.604,-0.0337,-1.501243767,0.00151024,1.49E-06,5.40E-12,-0.098316307,-0.011177753,0.001682567,-2.18E-05,3,2244,0,20,5.9,5.8,1.0376,2.55859,1.59424,2.12158,1.50269,2.3999,41.1187,15.174,18,603.659,387.766,37.6528,39.1396,30.0006,39.0831,39.0757,20.8625,-30,-30,-999.9,420,0,98.4323,73.7685
29,1745737343,2638.1,20250427 10:02:23,10:02:23,15,A,3,21%,5559.18,1745737335,0.012125861,12.12586138,16.57599212,412.7897,282.4272935,28.57139327,41.75933817,0.271575181,2.000622402,0.252631604,0.159486505,321.4967262,37.38855458,36.52339,6.142700116,20.74660189,1.469715507,7.084126426,4.672984609,-534.7504868,283.4618782,34.01327894,104.2213965,0,0,1,0,25710,RECT-12807-20250324-17_57_43,10114.7,315.2007692,539.79,0.416067787,-0.222077465,MPF-14597-20250427-10_02_25,10056,246.03976,326.2042213,0.245749307,0.5,1681.1264,16.57599212,206.5678239,0.009992151,0.654760928,228.0203726,DARK-14598-20250427-10_02_32,167.55,167.55,0.486364709,0.505277834,0.573785135,7.285391941,0.951006324,0.344087887,0.655912113,14597,290,305.88,175,10056,303.52,2.36,300,24,326.2042213,3.069178045,-22.81371384,2.757720159,0.709655306,-0.006664047,290,304.32,895,10033,303.47,0.85,None,None,None,None,None,None,None,None,None,None,None,None,None,2000,1681.1264,0.840598505,0.160755115,2,0.5,0: Broadleaf,2,1745737335,412.7897,419.9836667,14.52809,10.54477,413.4119,14.50103,599.9867333,101.0953,0.068411617,39.15150333,36.52339,999.9,0,0,4997.5,0,538.2466667,-7.193909333,418.8752,424.4594667,3.983320667,419.9836667,10.54477,1.468722,1.066026667,12.64631,7.851427,1999.916,0.979999867,0.0200003,0,246.2856,4.99918,5354.524667,19219.05333,47.35603333,48.937,47.8645,48.3141,49.5893,1955.018333,39.89866667,0,386.4000001,0,246.03976,-27.64884614,-517.9907693,5350.0512,15,1745736568,9:49:28,1745736561,1745736568,2,0.294,-0.015,-0.602,-0.023,420,12,2.47,0.19,-7.144791951,-0.499073519,0.120669114,1,248.3512353,-34.7062796,3.494942515,0,3.958839024,0.380833589,0.038929144,0,1,3,01-Mar,3.2195,2.67658,0.0985006,0.100678,0.0770634,0.0610138,26135,24092.7,27570.4,24582.5,32695,24401.3,39373.5,27338.1,1.7948,1.3918,0.0318885,0,36.081,999.9,19.2,36.3,11.5241,29.5373,18.5577,1,0.997927,0,20.2872,5.22088,11.9141,4.9576,3.2928,9999,9999,9999,999.9,4.97214,1.85455,1.85654,1.85672,1.85608,1.85593,1.85104,1.85306,0,0,0,0,11111111,oooooooo,on,on,on,on,0,100,100,-0.621,0.0287,-1.501243767,0.00151024,1.49E-06,5.40E-12,-0.098316307,-0.011177753,0.001682567,-2.18E-05,3,2244,0,20,13,12.9,1.03149,2.56104,1.59424,2.1106,1.50269,2.51709,42.1121,15.0602,18,598.76,370.711,38.2412,39.7369,30.0007,39.682,39.6766,20.7249,-30,-30,-999.9,420,0,98.3186,73.7128
30,1745737383,2677.6,20250427 10:03:02,10:03:02,15,A,3,21%,5559.45,1745737375,0.011990874,11.99087418,16.36762493,412.8552667,282.7596548,28.6053783,41.76649987,0.268643476,2.001123604,0.250096017,0.157869586,289.5598752,37.31892044,36.56556667,6.156904178,20.86831108,1.489852458,7.13930539,4.667051721,-528.7975515,294.564809,35.36857456,90.69570731,0,0,1,0,24411,RECT-12807-20250324-17_57_43,10114.7,315.2007692,539.79,0.416067787,-0.222077465,MPF-14599-20250427-10_03_04,10049.7,230.84892,319.2392165,0.27687794,0.5,1513.149981,16.36762493,209.4789244,0.010963687,0.690863691,224.5951435,DARK-14600-20250427-10_03_11,163.36,163.36,0.48828342,0.5670435,0.585901186,21.88719842,0.982018518,0.401267748,0.598732252,14599,290,293.52,245,10049.7,292.64,0.88,300,24,319.2392165,2.634013484,-26.73165058,2.359205969,0.820956573,-0.006828775,290,293.32,815,10033.3,292.6,0.72,None,None,None,None,None,None,None,None,None,None,None,None,None,1800,1513.149981,0.840658182,0.160870291,2,0.5,0: Broadleaf,2,1745737375,412.8552667,419.9614,14.72695667,10.78881,413.4772333,14.69522333,599.9921333,101.0961,0.06889229,39.29593667,36.56556667,999.9,0,0,4999.5,0,779.4259,-7.106146333,419.0262333,424.5416667,3.938141333,419.9614,10.78881,1.488836667,1.090706667,12.85398667,8.187863,1799.958667,0.9779985,0.022001597,0,231.0735,4.99918,4575.452667,17281.47,47.66013333,49.062,48.02273333,48.437,49.8435,1755.468667,39.49,0,37.4000001,0,230.84892,-20.84169231,-369.5561539,4571.896,15,1745736568,9:49:28,1745736561,1745736568,2,0.294,-0.015,-0.602,-0.023,420,12,2.47,0.19,-7.05593075,-1.091392458,0.16866541,0,233.1262353,-37.12268909,3.95242487,0,3.935369,0.020004878,0.008624767,1,1,3,01-Mar,3.21984,2.67651,0.098456,0.100637,0.0777509,0.062084,26133.9,24091.9,27568.1,24580.8,32669.1,24372.5,39371.5,27336.8,1.794,1.3906,0.0314116,0,36.1045,999.9,19.4,36.4,11.7074,29.9573,18.5497,1,1.00102,0,20.2897,5.21729,11.9141,4.958,3.2928,9999,9999,9999,999.9,4.97214,1.85455,1.85654,1.85669,1.85608,1.85593,1.85117,1.85315,0,0,0,0,11111111,oooooooo,on,on,on,on,0,100,100,-0.621,0.033,-1.501243767,0.00151024,1.49E-06,5.40E-12,-0.098316307,-0.011177753,0.001682567,-2.18E-05,3,2244,0,20,13.7,13.6,1.03149,2.56836,1.59424,2.11182,1.50269,2.41211,42.1915,15.0514,18,598.578,370.294,38.2936,39.7838,30.0004,39.7323,39.7264,20.7306,-30,-30,-999.9,420,0,98.3121,73.7085
31,1745737422,2717.1,20250427 10:03:42,10:03:42,15,A,3,21%,5559.54,1745737414,0.011619732,11.61973189,15.61079435,413.1911333,284.9190252,28.82446411,41.80139599,0.260424881,2.001445924,0.242957955,0.153320321,257.6680533,37.2623779,36.57384333,6.159694901,20.9935003,1.504536556,7.166677947,4.655158345,-512.4301764,301.4115161,36.19875818,82.84815123,0,0,1,0,25095,RECT-12807-20250324-17_57_43,10114.7,315.2007692,539.79,0.416067787,-0.222077465,MPF-14601-20250427-10_03_44,10054.7,221.9181538,311.9246858,0.288552128,0.5,1345.193611,15.61079435,194.0792397,0.011769958,0.730513885,220.9499982,DARK-14602-20250427-10_03_51,161.07,161.07,0.483625351,0.596643926,0.601672249,-27.47382171,1.014587001,0.433049011,0.566950989,14601,290,290.15,195,10054.7,289.47,0.68,300,24,311.9246858,2.972933093,-22.57791446,2.654629985,0.720940042,-0.006995339,290,289.34,825,10033.5,289.42,-0.08,None,None,None,None,None,None,None,None,None,None,None,None,None,1600,1345.193611,0.840747583,0.161042835,2,0.5,0: Broadleaf,2,1745737414,413.1911333,419.9952667,14.87178,11.05605667,413.8120667,14.83661,599.9872,101.0990333,0.068181097,39.36722667,36.57384333,999.9,0,0,5000.666667,0,1043.894667,-6.804252,419.4288,424.6907667,3.81572,419.9952667,11.05605667,1.503519667,1.117755,13.00398333,8.548957,1599.997,0.975002933,0.02499744,0,221.9742667,4.99918,3947.265333,15341.4,47.82463333,49.2017,48.1975,48.5683,50.04753333,1555.126,39.871,0,37.4000001,0,221.9181538,-16.80622224,-206.0547009,3946.767692,15,1745736568,9:49:28,1745736561,1745736568,2,0.294,-0.015,-0.602,-0.023,420,12,2.47,0.19,-6.738719756,-0.74022439,0.188073281,0,223.9610588,-30.99459129,3.338800251,0,3.821921951,-0.108518676,0.012299153,0,0,3,0/3,3.21909,2.67763,0.0984943,0.100677,0.0782921,0.0633002,26130.1,24089.8,27565.3,24579.8,32647.9,24339.5,39368.9,27335.2,1.7936,1.3892,0.0283122,0,36.1414,999.9,19.6,36.5,11.8948,29.7873,18.6138,1,1.00472,0,20.2912,5.21729,11.9141,4.9576,3.2928,9999,9999,9999,999.9,4.97214,1.85455,1.85654,1.85669,1.85611,1.85593,1.8512,1.85318,0,0,0,0,11111111,oooooooo,on,on,on,on,0,100,100,-0.621,0.0364,-1.501243767,0.00151024,1.49E-06,5.40E-12,-0.098316307,-0.011177753,0.001682567,-2.18E-05,3,2244,0,20,14.3,14.2,1.03149,2.56226,1.59424,2.1106,1.50269,2.51343,42.2975,15.0514,18,598.695,369.787,38.3488,39.8307,30.0004,39.7827,39.7802,20.7303,-30,-30,-999.9,420,0,98.3043,73.7049
32,1745737462,2756.6,20250427 10:04:21,10:04:21,15,A,3,21%,5560.47,1745737454,0.011195168,11.19516844,15.326818,413.38,283.671938,28.69802804,41.8201071,0.251295775,2.001309293,0.234989833,0.148245411,225.7832738,37.19264249,36.55843667,6.154500968,21.13124681,1.517584897,7.18171015,4.636916072,-493.706928,307.2665194,36.90868677,76.25155195,0,0,1,0,24664,RECT-12807-20250324-17_57_43,10114.7,315.2007692,539.79,0.416067787,-0.222077465,MPF-14603-20250427-10_04_23,10054.7,215.5705769,319.9317574,0.326198253,0.5,1177.217161,15.326818,192.0030909,0.013208179,0.68720356,224.9377018,DARK-14604-20250427-10_04_30,165.27,165.27,0.483421085,0.67477043,0.587040058,22.05906595,0.978934929,0.517321568,0.482678432,14603,290,294.73,215,10054.7,292.83,1.9,300,24,319.9317574,3.016761433,-27.24803243,2.685751011,0.78614404,-0.007161583,290,291.61,705,10038.7,292.79,-1.18,None,None,None,None,None,None,None,None,None,None,None,None,None,1400,1177.217161,0.840866998,0.161273306,2,0.5,0: Broadleaf,2,1745737454,413.38,420.0317333,15.0009,11.32506,414.0004667,14.96265667,599.9842667,101.0979,0.068356473,39.40627667,36.55843667,999.9,0,0,5000.166667,0,1260.197,-6.651665333,419.6756333,424.8431,3.675828667,420.0317333,11.32506,1.516561,1.144942,13.13613667,8.904232667,1400.004,0.970996333,0.029003603,0,215.5993,4.99918,3407.128667,13400.39333,47.88326667,49.3729,48.375,48.74363333,50.1912,1354.544,40.46,0,37.4000001,0,215.5705769,-9.769128198,-136.3449573,3406.785769,15,1745736568,9:49:28,1745736561,1745736568,2,0.294,-0.015,-0.602,-0.023,420,12,2.47,0.19,-6.56656525,-1.551979925,0.206817702,0,217.4445294,-28.07752479,3.152074986,0,3.68504,-0.148555047,0.016148565,0,0,3,0/3,3.21981,2.67787,0.0985208,0.100631,0.0787432,0.0644458,26126.8,24089.5,27562.8,24578.5,32629.1,24308.6,39365.4,27333.8,1.7932,1.3884,0.0253022,0,36.1818,999.9,19.8,36.7,12.1475,29.8173,18.5737,1,1.0102,0,20.2545,5.21729,11.9141,4.956,3.293,9999,9999,9999,999.9,4.97269,1.85498,1.85699,1.85715,1.85651,1.85629,1.8515,1.85349,0,0,0,0,11111111,oooooooo,on,on,on,on,0,100,100,-0.62,0.0391,-1.501243767,0.00151024,1.49E-06,5.40E-12,-0.098316307,-0.011177753,0.001682567,-2.18E-05,3,2244,0,20,15,14.9,1.03149,2.56958,1.59424,2.10815,1.50269,2.49512,42.4571,23.9474,18,598.781,369.592,38.4052,39.8738,30.0004,39.8293,39.8302,20.7338,-30,-30,-999.9,420,0,98.2956,73.7009
33,1745737501,2796.1,20250427 10:05:01,10:05:01,15,A,3,21%,5560.92,1745737493,0.010709958,10.70995807,14.77039746,413.6008333,283.5546074,28.68558791,41.84161624,0.240619061,2.001407032,0.225625597,0.142285177,193.8046726,37.12020424,36.55113333,6.15204018,21.3201855,1.532373943,7.187432507,4.619666237,-472.3091508,309.6715074,37.19712159,68.36415079,0,0,1,0,24920,RECT-12807-20250324-17_57_43,10114.7,315.2007692,539.79,0.416067787,-0.222077465,MPF-14605-20250427-10_05_03,10063.3,211.9888077,331.3830792,0.36029079,0.5,1009.19437,14.77039746,181.8017187,0.014855884,0.628900309,230.5388137,DARK-14606-20250427-10_05_10,155.97,155.97,0.529336258,0.680646347,0.542980878,7.378073439,0.927947079,0.500783092,0.499216908,14605,290,304.52,135,10063.3,301.86,2.66,300,24,331.3830792,2.742781029,-29.71365736,2.434203895,0.841811604,-0.007327222,290,300.49,635,10042.2,301.79,-1.3,None,None,None,None,None,None,None,None,None,None,None,None,None,1200,1009.19437,0.840985497,0.16150201,2,0.5,0: Broadleaf,2,1745737493,413.6008333,420.0010667,15.14738667,11.63135667,414.2209,15.1056,599.9795333,101.0958333,0.068412157,39.42112333,36.55113333,999.9,0,0,5000.666667,0,1376.281333,-6.400144333,419.9621667,424.9437,3.516031667,420.0010667,11.63135667,1.531339667,1.175882333,13.28469333,9.299589667,1200.014,0.967009567,0.03299055,0,211.9903667,4.99918,2904.775333,11464.45,47.875,49.5,48.4958,48.8936,50.2686,1155.594,39.42033333,0,37.4000001,0,211.9888077,-7.932546984,-81.89982898,2904.878846,15,1745736568,9:49:28,1745736561,1745736568,2,0.294,-0.015,-0.602,-0.023,420,12,2.47,0.19,-6.339100244,-0.861995749,0.160715973,0,213.7364118,-26.02967148,2.961326512,0,3.531653659,-0.247271498,0.025279762,0,0,3,0/3,3.21973,2.67825,0.0985675,0.100653,0.0793332,0.0658774,26123.2,24087,27560.5,24576.7,32606.2,24269.4,39362.9,27331.4,1.7932,1.387,0.0214577,0,36.2256,999.9,20,36.8,12.337,29.7073,18.5938,1,1.01378,0,20.2556,5.21969,11.9141,4.9564,3.293,9999,9999,9999,999.9,4.97269,1.85501,1.85702,1.8573,1.85669,1.85644,1.85165,1.85364,0,0,0,0,11111111,oooooooo,on,on,on,on,0,100,100,-0.619,0.0429,-1.501243767,0.00151024,1.49E-06,5.40E-12,-0.098316307,-0.011177753,0.001682567,-2.18E-05,3,2244,0,20,15.7,15.6,1.03271,2.56836,1.59424,2.1106,1.50269,2.3999,42.6974,23.9387,18,599.167,369.066,38.4631,39.9171,30.0003,39.876,39.8803,20.7392,-30,-30,-999.9,420,0,98.2884,73.695
34,1745737541,2835.6,20250427 10:05:40,10:05:40,15,A,3,21%,5561.28,1745737533,0.010188989,10.18898927,13.78648841,414.0087333,286.4884372,28.98241436,41.88292126,0.229587145,2.00164098,0.215896532,0.136097296,161.9048403,37.05286365,36.53352,6.146109051,21.60645073,1.553460083,7.189797633,4.592648968,-449.3344266,312.2702669,37.50283197,62.3435126,0,0,1,0,24577,RECT-12807-20250324-17_57_43,10114.7,315.2007692,539.79,0.416067787,-0.222077465,MPF-14607-20250427-10_05_42,10063.4,211.84724,359.6929017,0.411033026,0.5,841.1970451,13.78648841,172.8798833,0.016653133,0.500696837,243.8930295,DARK-14608-20250427-10_05_49,155.45,155.45,0.567825778,0.723871726,0.468587965,3.322961914,0.801895521,0.531165097,0.468834903,14607,290,322.75,155,10063.4,320.33,2.42,300,24,359.6929017,2.551879367,-39.61033481,2.258101838,0.916592632,-0.007494197,290,317.37,635,10044.5,320.26,-2.89,None,None,None,None,None,None,None,None,None,None,None,None,None,1000,841.1970451,0.841193905,0.161904236,2,0.5,0: Broadleaf,2,1745737533,414.0087333,420.0104,15.35580667,12.01159667,414.6276,15.30896333,599.9939667,101.0948667,0.069475733,39.42725667,36.53352,999.9,0,0,5001.666667,0,1408.986667,-6.001649667,420.4653333,425.1167333,3.344206333,420.0104,12.01159667,1.552391667,1.214309667,13.49417667,9.778061,1000.003733,0.960005433,0.039994573,0,211.9549333,4.99918,2449.634,9523.949667,47.80583333,49.6208,48.562,49,50.312,955.2083333,39.797,0,37.4000001,0,211.84724,-4.915384612,28.09692309,2448.8088,15,1745736568,9:49:28,1745736561,1745736568,2,0.294,-0.015,-0.602,-0.023,420,12,2.47,0.19,-5.978580732,-0.573619652,0.157903974,0,213.5999706,-24.8676394,2.903373894,0,3.36001122,-0.299076376,0.030056675,0,0,3,0/3,3.22019,2.67839,0.0985941,0.100648,0.0801261,0.0675365,26119.5,24085.6,27557.6,24575.2,32575.3,24225.1,39359.4,27329.9,1.7938,1.383,0.0173748,0,36.2661,999.9,20.3,36.9,12.5911,29.9473,18.6979,1,1.01726,0,20.2569,5.22208,11.9141,4.9576,3.2928,9999,9999,9999,999.9,4.97275,1.85516,1.85715,1.85736,1.85678,1.85654,1.85181,1.85376,0,0,0,0,11111111,oooooooo,on,on,on,on,0,100,100,-0.619,0.048,-1.501243767,0.00151024,1.49E-06,5.40E-12,-0.098316307,-0.011177753,0.001682567,-2.18E-05,3,2244,0,20,16.3,16.2,1.03149,2.56714,1.59424,2.1106,1.50269,2.52563,42.9929,23.9474,18,600.012,367.104,38.5221,39.9579,30.0005,39.9243,39.9306,20.7379,-30,-30,-999.9,420,0,98.279,73.6908
35,1745737580,2875.1,20250427 10:06:20,10:06:20,15,A,3,21%,5561.37,1745737572,0.009667966,9.667966191,12.75236995,414.4183667,290.1947344,29.35643642,41.92304337,0.218916223,1.999608488,0.206419629,0.130075554,129.9829795,36.97710249,36.5049,6.136482117,21.96317026,1.579136861,7.189931335,4.557345256,-426.357309,315.0758741,37.87309117,56.57463579,0,0,1,0,25347,RECT-12807-20250324-17_57_43,10114.7,315.2007692,539.79,0.416067787,-0.222077465,MPF-14609-20250427-10_06_22,10058.2,214.5995,406.0540107,0.47150011,0.5,673.2028462,12.75236995,158.707608,0.019272716,0.329355174,264.3589637,DARK-14610-20250427-10_06_29,160.86,160.86,0.603845804,0.78082866,0.352930592,2.107294221,0.595469288,0.585295391,0.414704609,14609,290,354.81,235,10058.2,353.63,1.18,300,24,406.0540107,2.887525566,-52.72817121,2.54748728,0.938651886,-0.007661217,290,347.49,625,10047.2,353.57,-6.08,None,None,None,None,None,None,None,None,None,None,None,None,None,800,673.2028462,0.841490234,0.162476152,2,0.5,0: Broadleaf,2,1745737572,414.4183667,420.0042333,15.61011,12.43801667,415.0360333,15.55702,600.0484333,101.0927667,0.068394947,39.42760333,36.5049,999.9,0,0,4993.5,0,1285.374,-5.585957667,420.9901,425.2941,3.172094,420.0042333,12.43801667,1.578069333,1.257394,13.74628333,10.29890333,800.0126667,0.950008067,0.04999185,0,214.5745,4.99918,2024.457333,7584.937,47.66223333,49.63946667,48.562,49.062,50.25,755.2693333,39.74,0,37.4000001,0,214.5995,-1.790940162,-23.60136748,2024.525385,15,1745736568,9:49:28,1745736561,1745736568,2,0.294,-0.015,-0.602,-0.023,420,12,2.47,0.19,-5.53136,-0.482715197,0.162246459,1,216.1619118,-22.63100075,2.811020145,0,3.187925,-0.315820413,0.031046356,0,1,3,01-Mar,3.21991,2.67689,0.0986823,0.100625,0.0811491,0.069416,26114.8,24084.6,27555.5,24573.7,32537.3,24175.1,39357,27328.4,1.7926,1.3828,0.013411,0,36.3067,999.9,20.7,37.1,12.9805,29.8073,18.6418,1,1.02083,0,20.2581,5.22208,11.9141,4.9572,3.293,9999,9999,9999,999.9,4.97275,1.85526,1.85721,1.85745,1.85678,1.85657,1.85181,1.85379,0,0,0,0,11111111,oooooooo,on,on,on,on,0,100,100,-0.618,0.0547,-1.501243767,0.00151024,1.49E-06,5.40E-12,-0.098316307,-0.011177753,0.001682567,-2.18E-05,3,2244,0,20,17,16.9,1.03271,2.56836,1.59424,2.11182,1.50269,2.49756,43.2904,23.9387,18,599.523,367.238,38.5821,40.0037,30.0005,39.9735,39.9809,20.7431,-30,-30,-999.9,420,0,98.2724,73.6864
36,1745737620,2914.6,20250427 10:06:59,10:06:59,15,A,3,21%,5561.37,1745737612,0.009150486,9.150485585,11.43810911,414.8826,296.3409308,29.97771615,41.96933844,0.20807795,2.000811448,0.19676016,0.123940632,98.06931179,36.89427772,36.49828,6.134257208,22.4007735,1.609825142,7.186471224,4.524432066,-403.5364143,315.0115744,37.83974847,47.38422033,0,0,1,0,24576,RECT-12807-20250324-17_57_43,10114.7,315.2007692,539.79,0.416067787,-0.222077465,MPF-14611-20250427-10_07_01,10074.8,224.3434231,476.4006199,0.529086626,0.5,505.2012047,11.43810911,133.6476005,0.023080283,0.133058979,292.4761275,DARK-14612-20250427-10_07_08,162.41,162.41,0.659089444,0.802753907,0.167972283,1.563631702,0.282245858,0.581141449,0.418858551,14611,290,416.09,105,10074.8,410.93,5.16,300,24,476.4006199,2.39363326,-65.95780324,2.105546712,0.972258051,-0.007828818,290,398.39,685,10046.8,410.75,-12.36,None,None,None,None,None,None,None,None,None,None,None,None,None,600,505.2012047,0.841993354,0.163447173,2,0.5,0: Broadleaf,2,1745737612,414.8826,419.9609667,15.91372333,12.91198,415.4989667,15.85306,599.9758333,101.0906333,0.068919843,39.41863,36.49828,999.9,0,0,4998.5,0,978.2309667,-5.078467,421.5916,425.4544333,3.001740667,419.9609667,12.91198,1.608728667,1.305280333,14.04263333,10.85967,600.0061667,0.9330003,0.066999933,0,224.2923667,4.99918,1624.489667,5645.241333,47.4831,49.67873333,48.562,49.12706667,50.1912,555.142,39.86766667,0,37.4000001,0,224.3434231,-1.851452993,-7.601367516,1624.583077,15,1745736568,9:49:28,1745736561,1745736568,2,0.294,-0.015,-0.602,-0.023,420,12,2.47,0.19,-5.0613225,-0.154311895,0.120520621,1,225.3342353,-15.54132927,1.960421369,0,3.01622625,-0.323831257,0.031912691,0,1,3,01-Mar,3.22025,2.67825,0.0987497,0.100601,0.082301,0.0714195,26109.9,24082.7,27552.4,24571.2,32493.9,24121.1,39353.5,27326.1,1.7924,1.381,0.0089705,0,36.3712,999.9,21.1,37.2,13.3023,29.8673,18.9423,1,1.02508,0,20.2598,5.22088,11.9141,4.9572,3.2928,9999,9999,9999,999.9,4.97272,1.85532,1.8573,1.85748,1.85684,1.8566,1.8519,1.85379,0,0,0,0,11111111,oooooooo,on,on,on,on,0,100,100,-0.617,0.0623,-1.501243767,0.00151024,1.49E-06,5.40E-12,-0.098316307,-0.011177753,0.001682567,-2.18E-05,3,2244,0,20,17.6,17.5,1.03271,2.56958,1.59424,2.1106,1.50269,2.48901,43.59,23.9387,18,599.736,366.478,38.646,40.0471,30.0007,40.0182,40.0275,20.7477,-30,-30,-999.9,420,0,98.2628,73.6796
37,1745737659,2954.1,20250427 10:07:39,10:07:39,15,A,3,21%,5561.55,1745737651,0.008681433,8.681433242,10.23983885,415.3723333,302.4585227,30.59612484,42.01826964,0.198135248,2.000721437,0.187844065,0.118282601,82.0924463,36.90855728,36.51439333,6.139673945,22.91207805,1.644409975,7.17704423,4.49526397,-382.851206,310.6203265,37.31241644,47.17398329,0,0,1,0,24577,RECT-12807-20250324-17_57_43,10114.7,315.2007692,539.79,0.416067787,-0.222077465,MPF-14613-20250427-10_07_40,10070.5,230.5932692,537.7234915,0.571167574,0.5,421.1861804,10.23983885,120.2839445,0.024839173,0.003843069,314.4950135,DARK-14614-20250427-10_07_48,163.71,163.71,0.695549846,0.82117418,0.005494864,1.380219598,0.009201281,0.582993708,0.417006292,14613,290,460.42,155,10070.5,456.03,4.39,300,24,537.7234915,3.31969171,-82.27280343,2.915913409,0.966023218,-0.007913018,290,440.62,705,10047.6,455.84,-15.22,None,None,None,None,None,None,None,None,None,None,None,None,None,500,421.1861804,0.842375955,0.164185593,2,0.5,0: Broadleaf,2,1745737651,415.3723333,419.9872333,16.25584333,13.40931333,415.9872667,16.18652,600.0505333,101.0899667,0.06811795,39.39416333,36.51439333,999.9,0,0,4998.166667,0,686.4064,-4.615010333,422.2360333,425.6956333,2.846526667,419.9872333,13.40931333,1.643303,1.355547333,14.37093667,11.42919,499.9978667,0.9199997,0.080000053,0,230.5623,4.99918,1424.427667,4676.359333,47.30796667,49.62706667,48.5,49.187,50.0851,455.3986667,39.599,0,37.4000001,0,230.5932692,-6.57897437,-14.41743587,1424.381923,15,1745736568,9:49:28,1745736561,1745736568,2,0.294,-0.015,-0.602,-0.023,420,12,2.47,0.19,-4.593766098,-0.313543902,0.130923521,1,232.0173529,-22.76311691,2.62267313,0,2.86159122,-0.306626341,0.030947959,0,1,3,01-Mar,3.22038,2.67674,0.0988436,0.100606,0.0835801,0.0735151,26105.3,24081.5,27550.6,24570.2,32445.9,24066.2,39350,27325.4,1.7918,1.3802,0.0064075,0,36.4085,999.9,21.5,37.4,13.7061,29.9673,18.8502,1,1.02841,0,20.2598,5.22088,11.9141,4.9576,3.2926,9999,9999,9999,999.9,4.97269,1.85535,1.8573,1.85748,1.85684,1.85669,1.85196,1.85385,0,0,0,0,11111111,oooooooo,on,on,on,on,0,100,100,-0.615,0.071,-1.501243767,0.00151024,1.49E-06,5.40E-12,-0.098316307,-0.011177753,0.001682567,-2.18E-05,3,2244,0,20,18.3,18.2,1.03271,2.5708,1.59424,2.11304,1.50269,2.41821,43.8641,23.9474,18,599.667,366.265,38.7084,40.0946,30.0007,40.0637,40.0741,20.7483,-30,-30,-999.9,420,0,98.2549,73.6772
38,1745737699,2993.6,20250427 10:08:18,10:08:18,15,A,3,21%,5561.82,1745737691,0.008229132,8.229131543,8.946577264,415.8686667,309.9640775,31.35426412,42.06699086,0.188326516,2.001244949,0.179005605,0.112677495,66.12659667,36.92342308,36.54241667,6.149104301,23.41488178,1.678823962,7.169901507,4.47028034,-362.904701,305.6760357,36.71054282,45.60847412,0,0,1,0,24492,RECT-12807-20250324-17_57_43,10114.7,315.2007692,539.79,0.416067787,-0.222077465,MPF-14615-20250427-10_08_20,10074.8,236.536,599.2569439,0.605284507,0.5,337.1809533,8.946577264,102.0452036,0.02719209,-0.099234468,334.5889269,DARK-14616-20250427-10_08_27,167.95,167.95,0.719736247,0.840980997,-0.159926162,1.276933847,-0.264780923,0.597130071,0.402869929,14615,290,516.54,135,10074.8,510.3,6.24,300,24,599.2569439,2.84909086,-89.62413475,2.498994182,0.978694789,-0.007997475,290,495.41,635,10053.2,510.11,-14.7,None,None,None,None,None,None,None,None,None,None,None,None,None,400,337.1809533,0.842962991,0.165318572,2,0.5,0: Broadleaf,2,1745737691,415.8686667,419.9919333,16.59663,13.89889667,416.4823,16.51853667,599.9522333,101.0858667,0.06864251,39.37560667,36.54241667,999.9,0,0,5000.5,0,503.5493333,-4.123397,422.8870667,425.9117333,2.697739,419.9919333,13.89889667,1.677686,1.404982333,14.69146667,11.97141333,399.9949667,0.899984233,0.10001603,0,236.5898667,4.99918,1204.064,3706.998333,47.1081,49.5641,48.43493333,49.187,49.9727,355.4893333,39.506,0,37.4000001,0,236.536,-9.272384612,-38.8076924,1203.82,15,1745736568,9:49:28,1745736561,1745736568,2,0.294,-0.015,-0.602,-0.023,420,12,2.47,0.19,-4.119385,-0.00940863,0.108831466,1,237.7288235,-18.44110006,1.961349333,0,2.71845625,-0.348422702,0.034281382,0,1,3,01-Mar,3.21974,2.67784,0.0988896,0.100606,0.0848396,0.0754925,26100.7,24080.2,27547.3,24569,32398.9,24013.2,39346.6,27323.3,1.7902,1.3784,0.00682473,0,36.4357,999.9,22,37.5,14.1008,30.1173,18.9984,1,1.03183,0,20.2608,5.22208,11.9141,4.9576,3.293,9999,9999,9999,999.9,4.97275,1.85532,1.8573,1.8576,1.85693,1.85669,1.85196,1.85394,0,0,0,0,11111111,oooooooo,on,on,on,on,0,100,100,-0.614,0.0798,-1.501243767,0.00151024,1.49E-06,5.40E-12,-0.098316307,-0.011177753,0.001682567,-2.18E-05,3,2244,0,20,19,18.8,1.03271,2.57812,1.59424,2.11304,1.50269,2.38281,44.1124,23.9387,18,598.853,365.483,38.769,40.1422,30.0005,40.1108,40.1169,20.748,-30,-30,-999.9,420,0,98.2452,73.6726
39,1745737738,3033.1,20250427 10:08:58,10:08:58,15,A,3,21%,5561.82,1745737730,0.007827759,7.827759082,7.469526025,416.4239333,320.225082,32.3916852,42.12247484,0.179506208,2.002499147,0.171021849,0.107617517,49.58241167,36.92253152,36.57960667,6.161638828,23.89283202,1.712009918,7.165370418,4.44962891,-345.2041755,300.5808664,36.08041936,41.0395219,0,0,1,0,24321,RECT-12807-20250324-17_57_43,10114.7,315.2007692,539.79,0.416067787,-0.222077465,MPF-14617-20250427-10_09_00,10062.7,238.3295,654.4134717,0.635812051,0.5,252.8553205,7.469526025,80.38422996,0.03041899,-0.175154511,351.1119212,DARK-14618-20250427-10_09_07,174.01,174.01,0.734097772,0.866113582,-0.313367247,1.226616718,-0.510369403,0.632369994,0.367630006,14617,290,573.85,175,10062.7,568.42,5.43,300,24,654.4134717,3.230826581,-86.52769401,2.827047859,0.97097825,-0.00807401,290,554.78,625,10046.2,568.28,-13.5,None,None,None,None,None,None,None,None,None,None,None,None,None,300,252.8553205,0.842950349,0.165294174,2,0.5,0: Broadleaf,2,1745737730,416.4239333,420.0003333,16.92497667,14.35988333,417.0359333,16.83832,599.9995667,101.0846333,0.06823389,39.36382667,36.57960667,999.9,0,0,5005.666667,0,439.9581333,-3.576442,423.5932,426.1194333,2.565097333,420.0003333,14.35988333,1.710856667,1.451563667,14.99526333,12.46721667,299.9646667,0.899991767,0.100008033,0,238.3454,4.99918,970.6792667,2768.228,46.91643333,49.5,48.3225,49.13326667,49.8393,265.4653333,29.5,0,37.4000001,0,238.3295,-7.175145314,-56.2713163,970.4406154,15,1745736568,9:49:28,1745736561,1745736568,2,0.294,-0.015,-0.602,-0.023,420,12,2.47,0.19,-3.57641,0.53637115,0.137207979,0,238.6178235,-5.660687557,0.733689166,0,2.58096561,-0.307363902,0.031169985,0,0,3,0/3,3.22148,2.67529,0.0990175,0.10055,0.0860116,0.0772961,26096.1,24078.7,27546.5,24566.1,32356.2,23965.1,39344.9,27321.8,1.791,1.3768,0.00819564,0,36.4664,999.9,22.4,37.7,14.5147,29.9773,18.758,1,1.03549,0,20.2615,5.22208,11.9141,4.9568,3.2928,9999,9999,9999,999.9,4.97275,1.85535,1.85739,1.8576,1.85696,1.85669,1.85196,1.85394,0,0,0,0,11111111,oooooooo,on,on,on,on,0,100,100,-0.612,0.0881,-1.501243767,0.00151024,1.49E-06,5.40E-12,-0.098316307,-0.011177753,0.001682567,-2.18E-05,3,2244,0,20,19.6,19.5,1.03271,2.57324,1.59424,2.11182,1.50269,2.41699,44.3621,23.9474,18,599.812,364.812,38.8306,40.1898,30.0005,40.1541,40.1599,20.7538,-30,-30,-999.9,420,0,98.2414,73.6663
40,1745737778,3072.6,20250427 10:09:37,10:09:37,15,A,3,21%,5561.82,1745737770,0.007427055,7.427054817,5.128267623,417.2449333,339.7512574,34.36516003,42.20349033,0.170546848,2.001544178,0.162865329,0.10245215,33.04829355,36.92127184,36.61373333,6.173160403,24.3101877,1.741018709,7.161683529,4.432141694,-327.5331174,295.7201775,35.51808077,36.75343444,0,0,1,0,24233,RECT-12807-20250324-17_57_43,10114.7,315.2007692,539.79,0.416067787,-0.222077465,MPF-14619-20250427-10_09_39,10054.9,231.7509231,685.9834686,0.662162525,0.5,168.5835731,5.128267623,55.81486219,0.031737049,-0.213115148,360.0010248,DARK-14620-20250427-10_09_46,175.93,175.93,0.743536094,0.890558684,-0.401784941,1.225064023,-0.650937127,0.676053356,0.323946644,14619,290,613.54,175,10054.9,612.59,0.95,300,24,685.9834686,2.631149297,-73.79536885,2.296810242,0.973592501,-0.008149536,290,602.94,645,10037.3,612.46,-9.52,None,None,None,None,None,None,None,None,None,None,None,None,None,200,168.5835731,0.842923625,0.165242597,2,0.5,0: Broadleaf,2,1745737770,417.2449333,419.9874333,17.21258667,14.77941667,417.8547333,17.11832,599.9758333,101.0801667,0.067832897,39.35423667,36.61373333,999.9,0,0,5002,0,435.8223333,-2.742590333,424.5525333,426.2878,2.433178667,419.9874333,14.77941667,1.739850667,1.493905333,15.25662333,12.90583333,199.9986333,0.900033467,0.099966613,0,231.7499,4.99918,715.553,1830.081,46.69143333,49.39773333,48.2059,49.0641,49.6829,175.5053333,19.49033333,0,37.4000001,0,231.7509231,-6.277948723,69.22912821,715.7368462,15,1745736568,9:49:28,1745736561,1745736568,2,0.294,-0.015,-0.602,-0.023,420,12,2.47,0.19,-2.74982975,0.781701726,0.153461972,0,231.8201471,-2.584858673,0.64868297,0,2.45100925,-0.402167842,0.039269341,0,0,3,0/3,3.22022,2.67761,0.0991683,0.100585,0.0870621,0.0790295,26088.5,24076.4,27543.3,24564.9,32316.4,23917.9,39341.4,27319.2,1.789,1.3754,0.00664592,0,36.4971,999.9,22.8,37.9,14.9356,29.9473,18.8782,1,1.03882,0,20.2623,5.22208,11.9141,4.9576,3.2928,9999,9999,9999,999.9,4.97275,1.85544,1.85733,1.8576,1.85696,1.85672,1.85196,1.85394,0,0,0,0,11111111,oooooooo,on,on,on,on,0,100,100,-0.61,0.0958,-1.501243767,0.00151024,1.49E-06,5.40E-12,-0.098316307,-0.011177753,0.001682567,-2.18E-05,3,2244,0,20,20.3,20.2,1.03271,2.57324,1.59424,2.11182,1.50269,2.49146,44.5852,23.9387,18,598.639,364.252,38.89,40.2336,30.0004,40.1951,40.2029,20.757,-30,-30,-999.9,420,0,98.2316,73.6609
41,1745737817,3112.1,20250427 10:10:17,10:10:17,15,A,3,21%,5561.82,1745737809,0.00698653,6.986529743,1.962999472,418.3582333,369.6429161,37.38867029,42.31613096,0.160789221,1.999367489,0.153935457,0.096801098,16.5075307,36.92587151,36.63686,6.180978876,24.74717145,1.770710381,7.155203107,4.410268495,-308.1059617,291.0877031,35.00078738,34.49005952,0,0,1,0,25066,RECT-12807-20250324-17_57_43,10114.7,315.2007692,539.79,0.416067787,-0.222077465,MPF-14621-20250427-10_10_18,10039.9,220.57676,677.624415,0.674485224,0.5,84.27197157,1.962999472,28.42009979,0.025928869,-0.203408277,357.6854468,DARK-14622-20250427-10_10_26,171.07,171.07,0.747544516,0.902267637,-0.373818656,1.261086743,-0.613717828,0.699760594,0.300239406,14621,290,626.61,255,10039.9,628.94,-2.33,300,24,677.624415,2.392138325,-48.87994711,2.083114151,0.951607234,-0.008225705,290,627.04,625,10030.7,628.89,-1.85,None,None,None,None,None,None,None,None,None,None,None,None,None,100,84.27197157,0.842850189,0.165100865,2,0.5,0: Broadleaf,2,1745737809,418.3582333,419.9867,17.50612,15.21826667,418.9650667,17.40401,600.0579333,101.0796667,0.068410723,39.33737,36.63686,999.9,0,0,4993.166667,0,472.1683333,-1.628461333,425.8127,426.4769667,2.287843667,419.9867,15.21826667,1.769514333,1.538258667,15.52005,13.35377333,99.98452,0.899986633,0.100013213,0,220.7002333,4.99918,457.1293333,891.4293667,46.47263333,49.30166667,48.0725,49.00413333,49.52686667,85.48466667,9.499,0,37.4000001,0,220.57676,-16.3450769,-21.45930771,456.96528,15,1745736568,9:49:28,1745736561,1745736568,2,0.294,-0.015,-0.602,-0.023,420,12,2.47,0.19,-1.707866341,1.62554446,0.200975116,0,221.4766765,-17.09572192,1.817972865,0,2.304333171,-0.337866481,0.033984356,0,0,3,0/3,3.22129,2.67604,0.0993822,0.100582,0.0881102,0.0807612,26080.2,24075,27541.2,24563.5,32277.2,23872.6,39338.5,27318.6,1.7886,1.374,0.00700355,0,36.5244,999.9,23.1,38,15.2149,29.8673,18.7099,1,1.04293,0,20.263,5.22088,11.9141,4.9572,3.2928,9999,9999,9999,999.9,4.97275,1.85544,1.85742,1.8576,1.85699,1.85669,1.85196,1.85394,0,0,0,0,11111111,oooooooo,on,on,on,on,0,100,100,-0.606,0.1035,-1.501243767,0.00151024,1.49E-06,5.40E-12,-0.098316307,-0.011177753,0.001682567,-2.18E-05,3,2244,0,20,20.9,20.8,1.03271,2.57568,1.59424,2.1106,1.50269,2.51831,44.8096,23.9474,18,598.69,363.689,38.9493,40.2775,30.0009,40.237,40.246,20.7581,-30,-30,-999.9,420,0,98.2242,73.6581
42,1745737857,3151.6,20250427 10:10:56,10:10:56,15,A,3,21%,5561.82,1745737849,0.006613023,6.613023172,-0.213619066,419.1436333,392.2290454,39.67226189,42.3945554,0.152078941,2.000985141,0.145937121,0.09174185,8.245206602,36.98910893,36.69938333,6.202159312,25.16694102,1.800134318,7.15277362,4.402024993,-291.6343219,283.8958778,34.11764951,34.62441202,0,0,1,0,24579,RECT-12807-20250324-17_57_43,10114.7,315.2007692,539.79,0.416067787,-0.222077465,RECT-14623-20250427-10_10_58,10022.5,213.06956,635.11,0.664515501,0.5,42.15562342,-0.213619066,14.00653262,0.000200647,-0.150084237,345.4781347,DARK-14624-20250427-10_11_05,175.25,175.25,0.724063548,0.917758535,-0.261480222,1.319250586,-0.424419282,0.754857631,0.245142369,14621,290,626.61,255,10039.9,628.94,-2.33,300,24,677.624415,2.392138325,-48.87994711,2.083114151,0.951607234,-0.008225705,290,627.04,625,10030.7,628.89,-1.85,None,None,None,None,None,None,None,None,None,None,None,None,None,50,42.15562342,0.842707183,0.164824862,2,0.5,0: Broadleaf,2,1745737849,419.1436333,419.9963667,17.79744667,15.63232667,419.7484,17.68747667,599.9970667,101.0779667,0.067683713,39.33104333,36.69938333,999.9,0,0,4999.833333,0,498.0557,-0.8527426,426.7382667,426.6661,2.165127,419.9963667,15.63232667,1.79893,1.580083667,15.77748,13.76588,50.02404667,0.899794367,0.10020564,0,213.2489667,4.99918,331.2749,422.5274667,46.23716667,49.18713333,47.92253333,48.937,49.3519,40.51266667,4.514333333,0,37.4000001,0,213.06956,-19.05584614,7.504461535,331.29352,15,1745736568,9:49:28,1745736561,1745736568,2,0.294,-0.015,-0.602,-0.023,420,12,2.47,0.19,-0.930209275,1.775289962,0.220984631,0,213.9595882,-16.27697479,1.678978438,0,2.1795465,-0.330613959,0.032528353,0,0,3,0/3,3.22117,2.67621,0.0995277,0.100529,0.0891373,0.0823571,26073.8,24074.9,27539,24562,32238.3,23830,39335.2,27317.2,1.7882,1.372,0.00837445,0,36.5586,999.9,23.5,38.2,15.6471,29.5973,18.742,1,1.04569,0,20.2639,5.22328,11.9141,4.958,3.2928,9999,9999,9999,999.9,4.97275,1.85541,1.85745,1.8576,1.85699,1.85669,1.85196,1.85394,0,0,0,0,11111111,oooooooo,on,on,on,on,0,100,100,-0.604,0.1112,-1.501243767,0.00151024,1.49E-06,5.40E-12,-0.098316307,-0.011177753,0.001682567,-2.18E-05,3,2244,0,20,21.6,21.5,1.03271,2.5769,1.59424,2.11182,1.50269,2.50977,45.0069,23.9474,18,598.746,362.785,39.0078,40.3231,30.0006,40.2806,40.2852,20.7637,-30,-30,-999.9,420,0,98.2161,73.654
43,1745743557,8852.1,20250427 11:45:57,11:45:57,15,A,3,2%,5562.3,1745743549,0.009263459,9.263459315,16.52021923,413.2130968,194.1358267,19.62915965,41.78015971,0.146085638,2.002120406,0.140411735,0.08824875,321.5013351,42.44525519,41.27076129,7.932006066,17.97716213,1.574997387,8.761101312,6.357008679,-408.5185558,204.0413685,25.51335953,142.5375073,0,0,1,0,23930,RECT-12807-20250324-17_57_43,10114.7,315.2007692,539.79,0.416067787,-0.222077465,MPF-14627-20250427-11_45_59,10044.2,213.2761923,243.0960096,0.122666832,0.5,1681.149406,16.52021923,103.1106357,0.009958839,1.22048071,184.0397138,DARK-14628-20250427-11_46_06,164.95,164.95,0.321461507,0.381591043,0.79152169,-0.413562398,1.321051724,0.295126436,0.704873564,14627,290,237.93,165,10044.2,239.37,-1.44,300,24.1,243.0960096,4.022444654,-3.737917669,3.608740082,0.036902884,-0.006657291,290,240.39,765,10019,239.37,1.02,None,None,None,None,None,None,None,None,None,None,None,None,None,2000,1681.149406,0.840598565,0.160755231,2,0.5,0: Broadleaf,2,1745743549,413.2130968,419.9955161,15.577,12.53739032,413.6770968,15.593,600.0219355,101.0441613,0.066282784,43.1611129,41.27076129,999.9,0,0,5006.129032,0,795.7507419,-6.939840323,419.6214194,425.3280645,3.10961129,419.9955161,12.53739032,1.581036452,1.266829032,13.77519355,10.41086452,1999.943226,0.979997645,0.020002242,0,213.3002903,4.99918,4700.493226,19219.29355,51.12667742,53.06606452,51.72967742,52.25,53.44722581,1955.04129,39.90322581,0,5659.2,0,213.2761923,1.348273519,-221.7364099,4698.830385,15,1745743582,11:46:22,1745743578,1745743582,3,0.139,0.007,-0.464,-0.016,420,12,1.57,0.13,-6.916898,-0.458254784,0.131774808,1,213.3725,-1.41012986,0.55753255,0,3.08645575,0.475917861,0.046545085,0,1,3,01-Mar,3.22111,2.67374,0.0981467,0.100334,0.0825471,0.070545,25968.3,23988.3,27394.1,24477.5,32317.6,24057,39152.5,27227.1,1.7776,1.3038,0.107288,0,39.6132,999.9,11.9,49.2,14.0518,29.8418,19.347,1,1.26618,0,20.2359,5.21609,11.9141,4.9552,3.293,9999,9999,9999,999.9,4.97278,1.85577,1.85776,1.85797,1.85715,1.85684,1.85242,1.8541,0,0,0,0,11111111,oooooooo,on,on,on,on,0,100,100,-0.464,-0.016,-1.501243767,0.00151024,1.49E-06,5.40E-12,-0.098316307,-0.011177753,0.001682567,-2.18E-05,3,2244,0,20,116.6,116.5,1.06934,2.64526,1.59424,2.09351,1.50269,2.4353,52.6856,23.9737,18,610.697,337.185,42.2155,42.8225,30.0003,42.7353,42.7258,21.474,-30,-30,-999.9,420,0,97.735,73.406
44,1745743613,8908.1,20250427 11:46:53,11:46:53,15,A,3,2%,5562.39,1745743605,0.009678559,9.678559073,16.64471449,413.1117419,199.7221494,20.19303027,41.76791576,0.152352099,2.000082539,0.146186016,0.091899463,289.5689433,42.10936557,41.20449355,7.904219391,17.30539934,1.522358625,8.797015284,6.381860767,-426.8244551,219.4253301,27.46654301,109.6363613,0,0,1,0,25367,RECT-12807-20250324-17_57_43,10114.7,315.2007692,539.79,0.416067787,-0.222077465,MPF-14629-20250427-11_46_55,10039.2,209.2769615,242.0452952,0.135380998,0.5,1513.197707,16.64471449,102.429108,0.011146456,1.230119778,183.436865,DARK-14630-20250427-11_47_02,165.17,165.17,0.317607063,0.42625311,0.794791268,-0.447927296,1.325730106,0.336416516,0.663583484,14629,290,237.23,205,10039.2,236.73,0.5,300,24.1,242.0452952,3.143057891,-5.338611369,2.810745254,0.114136004,-0.00682146,290,237.75,695,10020.3,236.72,1.03,None,None,None,None,None,None,None,None,None,None,None,None,None,1800,1513.197707,0.840658161,0.160870251,2,0.5,0: Broadleaf,2,1745743605,413.1117419,419.9935806,15.0571129,11.87912258,413.5942581,15.01047419,599.9280645,101.0394516,0.066161029,43.23944194,41.20449355,999.9,0,0,4998.064516,0,774.522,-6.881803548,419.4270968,425.0426774,3.17797871,419.9935806,11.87912258,1.521360645,1.200259677,13.18444194,9.604638387,1800.015484,0.978001,0.0219993,0,209.3430645,4.99918,4181.168387,17282.0129,51.48780645,53,51.86280645,52.187,53.72967742,1755.525484,39.49,0,54.20000005,0,209.2769615,-1.37733334,24.85162394,4181.621154,15,1745743582,11:46:22,1745743578,1745743582,3,0.139,0.007,-0.464,-0.016,420,12,1.57,0.13,-6.87205561,-0.076201254,0.140077634,1,209.3160294,-0.299480528,0.528217618,1,3.180321951,-0.036343484,0.005482945,1,3,3,03-Mar,3.21925,2.67574,0.0981366,0.100354,0.0799889,0.0676244,25967.6,23987.9,27393.2,24477.7,32406.3,24131.7,39151.8,27226.4,1.7766,1.3044,0.102669,0,39.5471,999.9,11.4,49.2,13.4625,29.5018,19.6474,1,1.26711,0,20.2378,5.21849,11.9141,4.9556,3.293,9999,9999,9999,999.9,4.97278,1.85577,1.85776,1.85797,1.85715,1.85687,1.85239,1.85413,0,0,0,0,11111111,oooooooo,on,on,on,on,0,100,100,-0.483,0.0441,-1.3621969,0.00151024,1.49E-06,5.40E-12,-0.091108003,-0.011177753,0.001682567,-2.18E-05,3,2244,0,20,0.6,0.5,1.06812,2.64038,1.59302,2.09351,1.50269,2.49512,52.6511,23.9737,18,610.031,337.528,42.2135,42.8314,30,42.7485,42.731,21.4709,-30,-30,-999.9,420,0,97.7327,73.4053
45,1745743653,8947.6,20250427 11:47:32,11:47:32,15,A,3,2%,5562.39,1745743645,0.009369025,9.369024733,16.03395543,413.3793,201.5602481,20.37871976,41.79465439,0.1478862,1.999817564,0.142068152,0.089296252,257.6713079,41.90754718,41.01617,7.825713367,16.69174522,1.464442158,8.773451417,6.361271209,-413.1739907,234.162662,29.28179058,107.9417697,0,0,1,0,24185,RECT-12807-20250324-17_57_43,10114.7,315.2007692,539.79,0.416067787,-0.222077465,MPF-14631-20250427-11_47_34,10035.3,205.7532,245.7398962,0.162719594,0.5,1345.210191,16.03395543,109.4460283,0.012084381,1.196590819,185.5510612,DARK-14632-20250427-11_47_42,159.53,159.53,0.350817664,0.463829537,0.773286971,-0.575672239,1.309279625,0.359628555,0.640371445,14631,290,236.89,265,10035.3,236.56,0.33,300,24.1,245.7398962,3.956372406,-9.212789541,3.527473726,0.19588996,-0.006988226,290,237.26,815,10017,236.54,0.72,None,None,None,None,None,None,None,None,None,None,None,None,None,1600,1345.210191,0.840747611,0.16104289,2,0.5,0: Broadleaf,2,1745743645,413.3793,420.0152333,14.48439,11.40648,413.8612333,14.45130667,599.9733667,101.0391667,0.06568883,43.18808,41.01617,999.9,0,0,4997,0,438.5357333,-6.635977667,419.4549,424.8615333,3.077903667,420.0152333,11.40648,1.463489333,1.152501,12.59185333,9.001607667,1600.016667,0.975000933,0.024999197,0,205.7377667,4.99918,3645.505,15341.59,51.55993333,52.9391,51.937,52.17666667,53.8141,1555.143667,39.873,0,37.20000005,0,205.7532,-1.706846158,57.27538463,3645.5972,15,1745743582,11:46:22,1745743578,1745743582,3,0.139,0.007,-0.464,-0.016,420,12,1.57,0.13,-6.6344035,-0.176043377,0.111645532,1,206.2694706,-7.710741029,1.143285391,0,3.0841065,-0.114044353,0.011681511,0,1,3,01-Mar,3.21888,2.6753,0.0981322,0.100347,0.077709,0.0655551,25968.1,23988.2,27393.6,24477.8,32486.1,24186,39152,27227.4,1.7764,1.304,0.0962913,0,39.4775,999.9,11.1,49.2,13.1085,29.7418,19.6474,1,1.26622,0,20.2399,5.21609,11.9141,4.9552,3.293,9999,9999,9999,999.9,4.97278,1.85577,1.85776,1.858,1.85715,1.8569,1.85236,1.85413,0,0,0,0,11111111,oooooooo,on,on,on,on,0,100,100,-0.483,0.0306,-1.3621969,0.00151024,1.49E-06,5.40E-12,-0.091108003,-0.011177753,0.001682567,-2.18E-05,3,2244,0,20,1.2,1.2,1.06812,2.64526,1.59424,2.09351,1.50269,2.50122,52.6511,23.9737,18,609.841,337.291,42.2036,42.827,30.0002,42.7441,42.7258,21.4703,-30,-30,-999.9,420,0,97.7335,73.4069
46,1745743692,8987.1,20250427 11:48:12,11:48:12,15,A,3,2%,5562.48,1745743684,0.008995846,8.99584635,15.79127642,413.5099,197.3745694,19.95652328,41.80994528,0.141853271,2.002086762,0.136496803,0.085774907,225.7819655,41.72524179,40.87428,7.767011033,16.06853858,1.405606259,8.747567504,6.361404774,-396.716824,243.6389485,30.40354806,103.107638,0,0,1,0,24022,RECT-12807-20250324-17_57_43,10114.7,315.2007692,539.79,0.416067787,-0.222077465,MPF-14633-20250427-11_48_14,10055.3,201.7716538,251.598641,0.198041559,0.5,1177.20992,15.79127642,116.568244,0.013602802,1.145440841,188.8719282,DARK-14634-20250427-11_48_21,153.69,153.69,0.389146144,0.508913071,0.746416366,-0.78341698,1.283193134,0.387640426,0.612359574,14633,290,235.16,105,10055.3,236.63,-1.47,300,24.1,251.598641,3.536524027,-15.05022268,3.143914425,0.450077827,-0.007154303,290,235.9,615,10027.9,236.59,-0.69,None,None,None,None,None,None,None,None,None,None,None,None,None,1400,1177.20992,0.840867031,0.16127337,2,0.5,0: Broadleaf,2,1745743684,413.5099,420.0135,13.90176667,10.94489,413.9913667,13.88200667,600.0107,101.044,0.065901563,43.13152333,40.87428,999.9,0,0,5006,0,657.5116333,-6.503676,419.3394,424.6614667,2.956877333,420.0135,10.94489,1.404690667,1.105915333,11.96823667,8.391770667,1399.995333,0.9709935,0.029006693,0,201.7997,4.99918,3174.122,13400.26667,51.5,52.9246,52,52.125,53.8414,1354.535333,40.46133333,0,37.20000005,0,201.7716538,0.062598289,-17.4888889,3174.155,15,1745743582,11:46:22,1745743578,1745743582,3,0.139,0.007,-0.464,-0.016,420,12,1.57,0.13,-6.490631463,-0.114240418,0.130194878,1,202.2647941,-7.0299618,1.045529778,0,2.966948293,-0.147919024,0.015256249,0,1,3,01-Mar,3.21971,2.67414,0.0981812,0.100348,0.0753307,0.063464,25967.3,23989.9,27394.2,24479.5,32570.7,24240.4,39153.8,27228,1.7766,1.304,0.0919402,0,39.4087,999.9,10.7,49.2,12.6364,29.9318,19.3069,1,1.26463,0,20.2419,5.21489,11.9141,4.956,3.2928,9999,9999,9999,999.9,4.97278,1.85577,1.85776,1.85806,1.85715,1.85687,1.85236,1.85416,0,0,0,0,11111111,oooooooo,on,on,on,on,0,100,100,-0.482,0.0172,-1.3621969,0.00151024,1.49E-06,5.40E-12,-0.091108003,-0.011177753,0.001682567,-2.18E-05,3,2244,0,20,1.9,1.8,1.06812,2.64404,1.59424,2.09229,1.50269,2.50122,52.6511,23.9737,18,609.889,337.235,42.1858,42.8092,29.9999,42.7309,42.7128,21.4698,-30,-30,-999.9,420,0,97.7371,73.4102
47,1745743732,9026.6,20250427 11:48:51,11:48:51,15,A,3,2%,5562.39,1745743724,0.008575846,8.575846259,14.934432,413.8420667,199.277734,20.14918757,41.84401968,0.135167248,2.001363052,0.130292793,0.081856301,193.8003386,41.51184777,40.72119667,7.704106006,15.47929153,1.346860634,8.701048308,6.357245373,-378.19482,249.0615626,31.05373795,95.72081906,0,0,1,0,24539,RECT-12807-20250324-17_57_43,10114.7,315.2007692,539.79,0.416067787,-0.222077465,MPF-14635-20250427-11_48_53,10052.4,197.6688846,250.4864496,0.210859969,0.5,1009.168901,14.934432,106.3966615,0.015018804,1.154966869,188.2444817,DARK-14636-20250427-11_49_01,157.51,157.51,0.37118355,0.56807466,0.756784426,-0.816165035,1.288145248,0.45266325,0.54733675,14635,290,237.13,135,10052.4,236.98,0.15,300,24.1,250.4864496,3.430820658,-13.57546845,3.040586964,0.415863668,-0.007320188,290,236.75,795,10020.3,236.94,-0.19,None,None,None,None,None,None,None,None,None,None,None,None,None,1200,1009.168901,0.840985764,0.161502525,2,0.5,0: Broadleaf,2,1745743724,413.8420667,420.0027667,13.32060333,10.50027667,414.3226333,13.31362,600.0447333,101.0450667,0.066016653,43.02951333,40.72119667,999.9,0,0,5003,0,686.6276333,-6.160663667,419.4291333,424.4597333,2.820313333,420.0027667,10.50027667,1.345981,1.061003,11.32222,7.782008667,1199.983333,0.9670024,0.032997253,0,197.6812667,4.99918,2698.470667,11464.13,51.375,52.875,52,52.062,53.80786667,1155.553333,39.43,0,37.20000005,0,197.6688846,-1.215965819,-18.32581199,2698.640385,15,1745743582,11:46:22,1745743578,1745743582,3,0.139,0.007,-0.464,-0.016,420,12,1.57,0.13,-6.1456015,-0.37217606,0.145132568,1,198.0559118,-6.359679139,0.839509709,0,2.83184725,-0.213536173,0.02126851,0,1,3,01-Mar,3.21985,2.67406,0.0982646,0.10035,0.0729729,0.0614513,25967.2,23990.7,27396.5,24480.4,32655.2,24293.7,39156.3,27229.6,1.7766,1.3052,0.0856817,0,39.3425,999.9,10.4,49.2,12.2807,29.5718,19.3069,1,1.26262,0,20.2442,5.21729,11.9141,4.956,3.293,9999,9999,9999,999.9,4.97278,1.85577,1.85776,1.85803,1.85715,1.85684,1.85239,1.85413,0,0,0,0,11111111,oooooooo,on,on,on,on,0,100,100,-0.48,0.0047,-1.3621969,0.00151024,1.49E-06,5.40E-12,-0.091108003,-0.011177753,0.001682567,-2.18E-05,3,2244,0,20,2.6,2.5,1.06812,2.64404,1.59424,2.09351,1.50269,2.5061,52.6511,23.9737,18,609.747,337.794,42.1618,42.787,29.9998,42.7134,42.6954,21.4691,-30,-30,-999.9,420,0,97.7442,73.4138
48,1745743771,9066.1,20250427 11:49:31,11:49:31,15,A,3,2%,5562.3,1745743763,0.008133631,8.133630662,14.40669625,414.0928667,196.7034379,19.88956039,41.8707734,0.128094619,2.000255696,0.123705685,0.077697854,161.9031019,41.31667085,40.57316333,7.643696418,14.88709119,1.289101074,8.659187059,6.354595344,-358.6931122,254.9446996,31.76849963,89.92318893,0,0,1,0,24971,RECT-12807-20250324-17_57_43,10114.7,315.2007692,539.79,0.416067787,-0.222077465,MPF-14637-20250427-11_49_33,10039.7,192.6068846,251.8770074,0.235313749,0.5,841.1870819,14.40669625,98.97144279,0.01739063,1.143069768,189.0287532,DARK-14638-20250427-11_49_40,153.41,153.41,0.390932894,0.601928751,0.745155009,-0.9359855,1.281953688,0.479431926,0.520568074,14637,290,239.03,285,10039.7,238.64,0.39,300,24.1,251.8770074,2.723559968,-13.28774715,2.406785133,0.521211362,-0.007487059,290,239.21,695,10027,238.63,0.58,None,None,None,None,None,None,None,None,None,None,None,None,None,1000,841.1870819,0.841194008,0.161904435,2,0.5,0: Broadleaf,2,1745743763,414.0928667,420.0183667,12.74893,10.072025,414.5728,12.75403,599.9417667,101.0482667,0.066185603,42.93731333,40.57316333,999.9,0,0,4998.333333,0,818.8658667,-5.925459,419.4402667,424.2917667,2.676902,420.0183667,10.072025,1.288256667,1.017760333,10.66237667,7.173001,999.9917667,0.960002133,0.039997677,0,192.6208,4.99918,2240.080333,9523.821333,51.1747,52.812,51.937,52.02686667,53.6912,955.1943333,39.8,0,37.20000005,0,192.6068846,-2.340205119,-111.7035898,2239.935769,15,1745743582,11:46:22,1745743578,1745743582,3,0.139,0.007,-0.464,-0.016,420,12,1.57,0.13,-5.88727561,-0.870637631,0.135909101,0,192.8337059,-4.407303273,0.567481201,0,2.687510488,-0.231231847,0.023152437,0,0,3,0/3,3.21956,2.67541,0.098308,0.100353,0.0705415,0.0594764,25967.8,23993.3,27398.5,24483.1,32742.7,24346.4,39159.3,27231.7,1.777,1.3048,0.0801682,0,39.281,999.9,10.1,49.2,11.926,29.5818,19.4151,1,1.25959,0,20.2463,5.22088,11.9141,4.9564,3.293,9999,9999,9999,999.9,4.97281,1.85574,1.85776,1.85803,1.85715,1.85684,1.85232,1.8541,0,0,0,0,11111111,oooooooo,on,on,on,on,0,100,100,-0.48,-0.0075,-1.3621969,0.00151024,1.49E-06,5.40E-12,-0.091108003,-0.011177753,0.001682567,-2.18E-05,3,2244,0,20,3.2,3.1,1.06812,2.64526,1.59424,2.09351,1.50269,2.47925,52.6511,23.9912,18,609.878,337.49,42.1338,42.7605,29.9997,42.6915,42.6737,21.4657,-30,-30,-999.9,420,0,97.7516,73.4205
49,1745743811,9105.6,20250427 11:50:10,11:50:10,15,A,3,2%,5562.39,1745743803,0.007683743,7.683742742,13.40278781,414.4650333,200.1967932,20.24148016,41.90569497,0.121099117,1.999851583,0.117167789,0.07357245,129.9794151,41.10571262,40.40466333,7.575434649,14.33061346,1.233729889,8.609051472,6.34170476,-338.8530549,261.0998007,32.4987644,84.72492521,0,0,1,0,24386,RECT-12807-20250324-17_57_43,10114.7,315.2007692,539.79,0.416067787,-0.222077465,MPF-14639-20250427-11_50_12,10054.2,186.84652,260.0600575,0.281525499,0.5,673.1786841,13.40278781,94.75848257,0.020239597,1.075635932,193.6005561,DARK-14640-20250427-11_50_20,157.27,157.27,0.395255075,0.712262833,0.731281874,-1.327758299,1.245518058,0.599516521,0.400483479,14639,290,243.75,165,10054.2,243.08,0.67,300,24,260.0600575,2.968247631,-17.0762996,2.615321298,0.603580064,-0.007654131,290,241.57,655,10031.8,243.04,-1.47,None,None,None,None,None,None,None,None,None,None,None,None,None,800,673.1786841,0.841491026,0.162477681,2,0.5,0: Broadleaf,2,1745743803,414.4650333,419.9945667,12.20211,9.671936667,414.9437333,12.21828667,599.9577,101.0419667,0.06594738,42.82638,40.40466333,999.9,0,0,4997,0,1166.547,-5.529574333,419.5847333,424.0963333,2.530173,419.9945667,9.671936667,1.232923333,0.9772708,10.00499667,6.581723,799.9832,0.9499895,0.050010447,0,186.8456667,4.99918,1818.454333,7584.609,50.9123,52.7686,51.8687,51.9433,53.531,755.2266667,39.76,0,37.20000005,0,186.84652,-1.107769232,-26.72769231,1818.2872,15,1745743582,11:46:22,1745743578,1745743582,3,0.139,0.007,-0.464,-0.016,420,12,1.57,0.13,-5.54154675,0.057913058,0.130396428,1,187.1409118,-4.818747135,0.747413673,0,2.54108375,-0.253867205,0.0250824,0,1,3,01-Mar,3.21849,2.67392,0.0983895,0.100369,0.0682656,0.0575993,25967.9,23994.1,27401,24484.2,32824.6,24396,39162.1,27233,1.7772,1.3056,0.0734627,0,39.2274,999.9,9.8,49.2,11.5719,29.8518,19.5994,1,1.25663,0,20.2484,5.21609,11.9141,4.9556,3.293,9999,9999,9999,999.9,4.97272,1.85574,1.85776,1.85794,1.85715,1.85684,1.85242,1.85413,0,0,0,0,11111111,oooooooo,on,on,on,on,0,100,100,-0.479,-0.0183,-1.3621969,0.00151024,1.49E-06,5.40E-12,-0.091108003,-0.011177753,0.001682567,-2.18E-05,3,2244,0,20,3.9,3.8,1.06812,2.64282,1.59424,2.09229,1.50269,2.54395,52.6166,23.9824,18,609.82,337.802,42.1027,42.7296,29.9998,42.6652,42.6477,21.4677,-30,-30,-999.9,420,0,97.7593,73.4239
50,1745743850,9145.1,20250427 11:50:50,11:50:50,15,A,3,2%,5562.39,1745743842,0.007289306,7.289306285,12.48685506,414.8044,204.0866882,20.6341959,41.93882181,0.114995966,2.000297938,0.111445426,0.069963262,98.07080542,40.86674682,40.24465,7.511100615,13.82106952,1.182435418,8.555310539,6.328665198,-321.4584072,265.5234423,32.99799281,75.13383338,0,0,1,0,24308,RECT-12807-20250324-17_57_43,10114.7,315.2007692,539.79,0.416067787,-0.222077465,MPF-14641-20250427-11_50_52,10050,181.21328,274.6118182,0.340111139,0.5,505.2116468,12.48685506,85.91405428,0.02515566,0.965647376,201.5514354,DARK-14642-20250427-11_50_59,148.02,148.02,0.460984597,0.737792849,0.676872098,-2.301082831,1.180725277,0.602649527,0.397350473,14641,290,255.65,235,10050,253.6,2.05,300,24,274.6118182,2.951002856,-21.11951653,2.592598569,0.703259776,-0.007821746,290,252.05,705,10032.4,253.56,-1.51,None,None,None,None,None,None,None,None,None,None,None,None,None,600,505.2116468,0.841992842,0.163446185,2,0.5,0: Broadleaf,2,1745743842,414.8044,419.9745667,11.69511667,9.293763,415.2823667,11.72111667,599.9996667,101.0382667,0.066788657,42.70684667,40.24465,999.9,0,0,4999,0,1283.681333,-5.170173667,419.7129667,423.9143333,2.401352667,419.9745667,9.293763,1.181654667,0.939025533,9.372249667,6.003018667,600.0189333,0.933012433,0.066987727,0,181.2499,4.99918,1395.109333,5645.386,50.6289,52.7353,51.7458,51.88946667,53.3477,555.1603333,39.858,0,37.20000005,0,181.21328,-2.641615389,-4.19461536,1395.196,15,1745743582,11:46:22,1745743578,1745743582,3,0.139,0.007,-0.464,-0.016,420,12,1.57,0.13,-5.19905439,0.664578188,0.131183252,0,181.5228235,-5.684278085,0.813263052,0,2.413468049,-0.258007735,0.025877066,0,0,3,0/3,3.21938,2.6737,0.0984175,0.100329,0.0661123,0.0558293,25969.4,23997.2,27403.4,24486.1,32902.6,24444.7,39165.3,27236.5,1.7768,1.3064,0.064373,0,39.1931,999.9,9.4,49.2,11.1002,29.8918,19.4551,1,1.25358,0,20.2506,5.21849,11.9141,4.9564,3.293,9999,9999,9999,999.9,4.97278,1.85577,1.85776,1.85797,1.85715,1.85684,1.85236,1.85413,0,0,0,0,11111111,oooooooo,on,on,on,on,0,100,100,-0.478,-0.0279,-1.3621969,0.00151024,1.49E-06,5.40E-12,-0.091108003,-0.011177753,0.001682567,-2.18E-05,3,2244,0,20,4.5,4.5,1.06812,2.64648,1.59424,2.09351,1.50269,2.47314,52.6166,23.9824,18,609.299,338.131,42.0738,42.6986,29.9998,42.639,42.626,21.4696,-30,-30,-999.9,420,0,97.7674,73.4317
51,1745743890,9184.6,20250427 11:51:29,11:51:29,15,A,3,2%,5562.48,1745743882,0.006983658,6.983657531,11.57450955,415.1803667,209.6417093,21.19519843,41.97557005,0.109876225,2.000927793,0.106630981,0.066927951,82.09586665,40.75304388,40.15832333,7.476589656,13.35665124,1.137116562,8.513485463,6.339473094,-307.9792971,264.8353916,32.87391184,71.82587293,0,0,1,0,24231,RECT-12807-20250324-17_57_43,10114.7,315.2007692,539.79,0.416067787,-0.222077465,MPF-14643-20250427-11_51_31,10055,179.2771923,296.319258,0.394986362,0.5,421.2024677,11.57450955,83.18461516,0.028006928,0.82165008,213.0040114,DARK-14644-20250427-11_51_39,145.97,145.97,0.507389425,0.778467864,0.618228485,-6.198765767,1.084071312,0.633839434,0.366160566,14643,290,265.86,205,10055,265.44,0.42,300,24,296.319258,2.846011714,-31.04543438,2.49682265,0.846662534,-0.007905916,290,262.34,675,10036,265.39,-3.05,None,None,None,None,None,None,None,None,None,None,None,None,None,500,421.2024677,0.842376238,0.16418614,2,0.5,0: Broadleaf,2,1745743882,415.1803667,420.0056,11.24722,8.945244,415.6573,11.28152667,599.929,101.0362,0.06581113,42.61336667,40.15832333,999.9,0,0,5001.666667,0,1090.547833,-4.825226333,419.9031667,423.7966333,2.301975333,420.0056,8.945244,1.136377333,0.903793867,8.793034333,5.451184667,500.0170333,0.9199921,0.0800077,0,179.2395,4.99918,1167.420333,4676.527667,50.33723333,52.6746,51.5851,51.812,53.13316667,455.4126667,39.60533333,0,37.20000005,0,179.2771923,-5.507931613,144.2123078,1167.481154,15,1745743582,11:46:22,1745743578,1745743582,3,0.139,0.007,-0.464,-0.016,420,12,1.57,0.13,-4.820197073,0.204945993,0.147333343,1,180.0349118,-12.55494271,1.434561265,0,2.312618537,-0.196709895,0.019844161,0,1,3,01-Mar,3.21909,2.67527,0.0985184,0.10034,0.0642253,0.0541698,25968.8,23998.1,27405.7,24487.3,32970.5,24488.8,39167.5,27238,1.7776,1.3062,0.0613928,0,39.1778,999.9,9.2,49.2,10.8642,29.7418,19.4792,1,1.25049,0,20.2522,5.21969,11.9141,4.9576,3.293,9999,9999,9999,999.9,4.97278,1.85577,1.85776,1.85803,1.85715,1.85687,1.85239,1.85416,0,0,0,0,11111111,oooooooo,on,on,on,on,0,100,100,-0.477,-0.0358,-1.3621969,0.00151024,1.49E-06,5.40E-12,-0.091108003,-0.011177753,0.001682567,-2.18E-05,3,2244,0,20,5.2,5.1,1.06812,2.64648,1.59424,2.09229,1.50269,2.42554,52.6166,23.9824,18,609.703,337.933,42.0449,42.6712,29.9998,42.6128,42.6044,21.4679,-30,-30,-999.9,420,0,97.7741,73.4356
52,1745743929,9224.1,20250427 11:52:09,11:52:09,15,A,3,2%,5562.57,1745743921,0.006721429,6.721429322,10.59335797,415.5205,217.9004979,22.0304997,42.0105706,0.105583798,2.000281734,0.102582493,0.064376607,66.13038479,40.61920408,40.06624667,7.439931553,12.92775523,1.095024547,8.470337867,6.344907006,-296.4150331,264.2347698,32.78038212,66.73050358,0,0,1,0,24294,RECT-12807-20250324-17_57_43,10114.7,315.2007692,539.79,0.416067787,-0.222077465,MPF-14645-20250427-11_52_11,10069.9,178.9578462,320.5995531,0.441802571,0.5,337.2015963,10.59335797,74.48826618,0.032074093,0.683689184,225.2676034,DARK-14646-20250427-11_52_18,146.47,146.47,0.54313723,0.813427155,0.557282739,26.23585409,0.975961519,0.665758322,0.334241678,14645,290,288.1,105,10069.9,285.66,2.44,300,24,320.5995531,2.125307536,-35.17881881,1.861965343,0.927265134,-0.007990467,290,280.53,665,10039,285.56,-5.03,None,None,None,None,None,None,None,None,None,None,None,None,None,400,337.2015963,0.842962615,0.165317848,2,0.5,0: Broadleaf,2,1745743921,415.5205,419.9821333,10.83073,8.614743,415.9965333,10.87243,600.0605,101.0369333,0.066551567,42.51651333,40.06624667,999.9,0,0,4999,0,1343.012333,-4.461535667,420.0702333,423.6316333,2.215985,419.9821333,8.614743,1.094304333,0.870407633,8.236258,4.910445333,400.0196333,0.8999938,0.100006597,0,178.8885,4.99918,996.9230333,3707.241,50.0581,52.6019,51.4184,51.75206667,52.92463333,355.5156667,39.50333333,0,37.20000005,0,178.9578462,-6.813470102,-0.351692347,996.7482692,15,1745743582,11:46:22,1745743578,1745743582,3,0.139,0.007,-0.464,-0.016,420,12,1.57,0.13,-4.491356341,0.519210941,0.132927969,0,179.6568235,-13.129534,1.541389012,0,2.226639756,-0.220463415,0.022150783,0,0,3,0/3,3.21835,2.67406,0.0985828,0.100329,0.0624228,0.0525775,25968.5,23999.3,27407.3,24488.2,33036.4,24531.3,39170.8,27239.6,1.7782,1.3064,0.0560284,0,39.1663,999.9,8.9,49.2,10.5112,29.8418,19.6154,1,1.24801,0,20.2532,5.21969,11.9141,4.9564,3.293,9999,9999,9999,999.9,4.97278,1.85577,1.85776,1.85806,1.85715,1.85684,1.85239,1.85419,0,0,0,0,11111111,oooooooo,on,on,on,on,0,100,100,-0.476,-0.043,-1.3621969,0.00151024,1.49E-06,5.40E-12,-0.091108003,-0.011177753,0.001682567,-2.18E-05,3,2244,0,20,5.8,5.8,1.06812,2.63916,1.59302,2.09351,1.50269,2.54517,52.5822,23.9912,18,609.99,337.965,42.0164,42.6413,29.9997,42.5909,42.5871,21.4692,-30,-30,-999.9,420,0,97.7813,73.4391
53,1745743969,9263.6,20250427 11:52:48,11:52:48,15,A,3,2%,5562.39,1745743961,0.006473779,6.473779387,9.614154423,415.8789667,227.1512193,22.96526141,42.0458636,0.101544076,1.999236245,0.098763376,0.061970602,49.58821543,40.48748412,39.97972333,7.405626451,12.52148293,1.055926907,8.432922147,6.349699544,-285.4936709,264.3327063,32.78293477,61.21018555,0,0,1,0,25180,RECT-12807-20250324-17_57_43,10114.7,315.2007692,539.79,0.416067787,-0.222077465,MPF-14647-20250427-11_52_50,10056.9,183.57428,365.6291635,0.497922217,0.5,252.885944,9.614154423,62.95876488,0.038895922,0.476331906,246.6078849,DARK-14648-20250427-11_52_58,147.68,147.68,0.596093488,0.835308934,0.44416321,3.610166178,0.775463881,0.671980974,0.328019026,14647,290,326.58,145,10056.9,321.57,5.01,300,24,365.6291635,2.905446185,-44.31194383,2.539407505,0.915787611,-0.008067225,290,315.37,655,10032.2,321.46,-6.09,None,None,None,None,None,None,None,None,None,None,None,None,None,300,252.885944,0.842949962,0.165293427,2,0.5,0: Broadleaf,2,1745743961,415.8789667,419.9812667,10.44425667,8.308792333,416.3539333,10.49254333,599.9787,101.0351333,0.066069097,42.43218,39.97972333,999.9,0,0,4994.833333,0,1359.847667,-4.102197667,420.2683,423.5,2.13547,419.9812667,8.308792333,1.055237667,0.839480133,7.702095,4.392914,300.0011333,0.9000078,0.099991957,0,183.6039667,4.99918,823.7122667,2768.586,49.78513333,52.52273333,51.24366667,51.687,52.7143,265.5046667,29.5,0,37.20000005,0,183.57428,-8.266230758,57.18684617,823.4998,15,1745743582,11:46:22,1745743578,1745743582,3,0.139,0.007,-0.464,-0.016,420,12,1.57,0.13,-4.12570675,0.545969719,0.123639137,0,184.2653529,-12.69011459,1.373633072,0,2.143449,-0.19837576,0.019484541,0,0,3,0/3,3.21806,2.67616,0.0986513,0.100366,0.060647,0.0510865,25968,23999.9,27408.8,24489.7,33098.8,24570.4,39171,27240.3,1.7774,1.307,0.0498295,0,39.1625,999.9,8.7,49.2,10.2734,29.9918,19.4431,1,1.24565,0,20.2543,5.21969,11.9141,4.9572,3.293,9999,9999,9999,999.9,4.97281,1.85577,1.8577,1.858,1.85715,1.85684,1.85232,1.85413,0,0,0,0,11111111,oooooooo,on,on,on,on,0,100,100,-0.475,-0.0497,-1.3621969,0.00151024,1.49E-06,5.40E-12,-0.091108003,-0.011177753,0.001682567,-2.18E-05,3,2244,0,20,6.5,6.4,1.06812,2.63916,1.59424,2.09106,1.50269,2.53662,52.5822,23.9912,18,609.197,338.189,41.9893,42.6193,29.9998,42.5691,42.5655,21.4678,-30,-30,-999.9,420,0,97.7838,73.4423
54,1745744008,9303.1,20250427 11:53:28,11:53:28,15,A,3,2%,5562.3,1745744000,0.006215366,6.215365878,7.924536163,416.4865333,248.4423743,25.11847782,42.10838742,0.097324077,2.000540328,0.094768183,0.05945416,33.04930894,40.35455381,39.90022,7.374225621,12.13651648,1.018556135,8.392491668,6.355669486,-274.0976352,263.2119691,32.5960317,54.75967449,0,0,1,0,24423,RECT-12807-20250324-17_57_43,10114.7,315.2007692,539.79,0.416067787,-0.222077465,MPF-14649-20250427-11_53_30,10053.8,195.2462692,455.3471412,0.571214461,0.5,168.5869769,7.924536163,48.14965961,0.048322912,0.185447214,284.4031497,DARK-14650-20250427-11_53_37,168.47,168.47,0.63001854,0.906662939,0.227412633,1.855922978,0.375988014,0.782322274,0.217677726,14649,290,400.99,115,10053.8,393.46,7.53,300,24,455.3471412,2.512819727,-62.21969532,2.191148413,0.966440089,-0.008143469,290,381.98,725,10021.8,393.26,-11.28,None,None,None,None,None,None,None,None,None,None,None,None,None,200,168.5869769,0.842924629,0.165244534,2,0.5,0: Broadleaf,2,1745744000,416.4865333,419.991,10.07435667,8.023391667,416.9598667,10.12866333,599.9858667,101.038,0.06583903,42.34068667,39.90022,999.9,0,0,5000,0,1637.602333,-3.504495667,420.7250333,423.3880667,2.050954333,419.991,8.023391667,1.017892,0.810667233,7.174901667,3.895386333,200.0024333,0.9000247,0.099975343,0,195.2421,4.99918,679.2544667,1830.111667,49.5039,52.437,51.06623333,51.6061,52.49983333,175.5076667,19.498,0,37.20000005,0,195.2462692,1.946427355,12.74728206,679.2178462,15,1745743582,11:46:22,1745743578,1745743582,3,0.139,0.007,-0.464,-0.016,420,12,1.57,0.13,-3.547884634,0.719985157,0.132439071,0,195.0042941,4.234346832,0.647305162,0,2.061277805,-0.20811554,0.021093343,0,0,3,0/3,3.21877,2.67415,0.0987918,0.100364,0.059003,0.0496769,25964.9,24001.6,27409.8,24491.4,33158.8,24608.2,39173.9,27242,1.7788,1.3072,0.0439584,0,39.1701,999.9,8.4,49.2,9.91889,29.9418,19.4912,1,1.24386,0,20.2553,5.22088,11.9141,4.9576,3.293,9999,9999,9999,999.9,4.97284,1.85577,1.85776,1.85797,1.85715,1.85684,1.85242,1.8541,0,0,0,0,11111111,oooooooo,on,on,on,on,0,100,100,-0.473,-0.0556,-1.3621969,0.00151024,1.49E-06,5.40E-12,-0.091108003,-0.011177753,0.001682567,-2.18E-05,3,2244,0,20,7.2,7.1,1.06812,2.64648,1.59424,2.09229,1.50269,2.46948,52.5479,23.9912,18,610.135,338.239,41.965,42.5973,29.9999,42.5517,42.5526,21.4681,-30,-30,-999.9,420,0,97.7895,73.447
55,1745744048,9342.6,20250427 11:54:07,11:54:07,15,A,3,2%,5562.3,1745744040,0.005963433,5.963432951,5.050729098,417.4937667,291.8644138,29.50921941,42.21109044,0.093282576,2.001916148,0.090933358,0.057039489,16.51071843,40.22602805,39.81597333,7.341077359,11.77105875,0.983488908,8.355143991,6.357588451,-262.9873931,263.3271506,32.56157635,49.41205225,0,0,1,0,24601,RECT-12807-20250324-17_57_43,10114.7,315.2007692,539.79,0.416067787,-0.222077465,MPF-14651-20250427-11_54_09,10040.4,200.0734615,540.3033388,0.629701601,0.5,84.28720679,5.050729098,26.53789451,0.062557614,-0.000950094,315.3757367,DARK-14652-20250427-11_54_17,173.12,173.12,0.679587396,0.926593996,-0.001400002,1.511443774,-0.002285679,0.801765269,0.198234731,14651,290,478.11,165,10040.4,470.95,7.16,300,24,540.3033388,3.311303769,-69.6369015,2.880711321,0.954275154,-0.00822056,290,461.2,635,10019.7,470.8,-9.6,None,None,None,None,None,None,None,None,None,None,None,None,None,100,84.28720679,0.842851362,0.165103128,2,0.5,0: Broadleaf,2,1745744040,417.4937667,420.0073333,9.727313,7.758766333,417.9643667,9.787046,599.9781333,101.0400667,0.06585109,42.25583,39.81597333,999.9,0,0,5005.5,0,1562.667667,-2.513539333,421.5947333,423.2915667,1.968546667,420.0073333,7.758766333,0.9828475,0.783945467,6.664444667,3.419791667,100.0024567,0.899981133,0.100018707,0,200.0405,4.99918,464.0715333,891.5958667,49.2143,52.3393,50.88946667,51.531,52.28513333,85.50066667,9.505,0,37.20000005,0,200.0734615,11.12642737,27.90711117,464.2733462,15,1745743582,11:46:22,1745743578,1745743582,3,0.139,0.007,-0.464,-0.016,420,12,1.57,0.13,-2.64358,2.315393519,0.25672771,0,199.3240882,13.4639725,1.451465352,0,1.980807317,-0.219226202,0.022211494,0,0,3,0/3,3.21818,2.67532,0.0989781,0.100333,0.0574432,0.0483615,25960.4,24003.4,27410.8,24492.3,33214.8,24643.1,39175.4,27243.1,1.7794,1.3064,0.0377893,0,39.1701,999.9,8.2,49.2,9.68373,29.5518,19.5713,1,1.24207,0,20.2566,5.21729,11.9141,4.9556,3.293,9999,9999,9999,999.9,4.97281,1.85577,1.85773,1.85797,1.85715,1.85684,1.85229,1.8541,0,0,0,0,11111111,oooooooo,on,on,on,on,0,100,100,-0.47,-0.0608,-1.3621969,0.00151024,1.49E-06,5.40E-12,-0.091108003,-0.011177753,0.001682567,-2.18E-05,3,2244,0,20,7.8,7.8,1.06812,2.64282,1.59424,2.09351,1.50269,2.57202,52.5479,23.9999,18,610.457,337.761,41.9424,42.5797,29.9999,42.5343,42.5396,21.4654,-30,-30,-999.9,420,0,97.7931,73.4498
56,1745744087,9382.1,20250427 11:54:47,11:54:47,15,A,3,2%,5562.39,1745744079,0.005742317,5.742316797,1.861393084,418.5649333,344.5967635,34.84126508,42.31999061,0.089523428,2.000457218,0.087355828,0.054787772,8.240113142,40.17019131,39.77564667,7.325255922,11.42219219,0.951005003,8.325941177,6.374250919,-253.2361708,260.30386,32.1947516,47.50255402,0,0,1,0,24008,RECT-12807-20250324-17_57_43,10114.7,315.2007692,539.79,0.416067787,-0.222077465,RECT-14653-20250427-11_54_49,10038.7,199.7898846,501.92,0.601948748,0.5,42.13456918,1.861393084,12.68142557,0.049448009,0.075450271,301.8997186,DARK-14654-20250427-11_54_56,163.19,163.19,0.674868505,0.891949681,0.100557621,1.618098544,0.168618949,0.728551742,0.271448258,14651,290,478.11,165,10040.4,470.95,7.16,300,24,540.3033388,3.311303769,-69.6369015,2.880711321,0.954275154,-0.00822056,290,461.2,635,10019.7,470.8,-9.6,None,None,None,None,None,None,None,None,None,None,None,None,None,50,42.13456918,0.842695934,0.164803153,2,0.5,0: Broadleaf,2,1745744079,418.5649333,419.9864667,9.405894,7.509937,419.0324,9.470432667,600.0458,101.0412667,0.066081887,42.18925,39.77564667,999.9,0,0,4999.5,0,1684.245667,-1.421608,422.5392667,423.1643667,1.895959333,419.9864667,7.509937,0.9503841,0.7588139,6.177034,2.959237667,49.99973,0.900095267,0.099904397,0,199.8016333,4.99918,364.7553667,422.3413667,48.96016667,52.2227,50.7101,51.4433,52.07883333,40.50533333,4.493,0,37.20000005,0,199.7898846,-0.093367533,-0.227316243,364.7477308,15,1745743582,11:46:22,1745743578,1745743582,3,0.139,0.007,-0.464,-0.016,420,12,1.57,0.13,-1.598800488,2.595078815,0.279655707,0,199.6287647,1.959236056,0.578110363,0,1.909629512,-0.208576934,0.021026967,0,0,3,0/3,3.21825,2.67521,0.0991859,0.100352,0.0559475,0.0470837,25954.8,24003.1,27411.2,24492.5,33267.8,24676.2,39176,27243.3,1.7788,1.3074,0.0357628,0,39.1778,999.9,8,49.2,9.44703,29.9218,19.4271,1,1.24098,0,20.2574,5.21729,11.9141,4.9572,3.293,9999,9999,9999,999.9,4.97278,1.85577,1.85776,1.85806,1.85715,1.85684,1.85239,1.85413,0,0,0,0,11111111,oooooooo,on,on,on,on,0,100,100,-0.467,-0.0656,-1.3621969,0.00151024,1.49E-06,5.40E-12,-0.091108003,-0.011177753,0.001682567,-2.18E-05,3,2244,0,20,8.5,8.4,1.06812,2.64282,1.59424,2.09229,1.50269,2.43652,52.5479,23.9912,18,609.923,338.245,41.9243,42.5709,30,42.5256,42.5284,21.4678,-30,-30,-999.9,420,0,97.7947,73.4503
57,1745744537,9831.6,20250427 12:02:16,12:02:16,15,A,2,21%,5562.3,1745744529,0.008727008,8.727007688,10.94533473,415.1539355,243.3348274,24.60434005,41.97750364,0.132731673,2.000841928,0.128026835,0.080425589,321.4983687,41.58856214,40.14865806,7.472734323,10.42582501,0.864467897,8.291601831,6.608266426,-384.8610391,211.6442668,26.208133,174.4897294,0,0,1,0,24692,RECT-12807-20250324-17_57_43,10114.7,315.2007692,539.79,0.416067787,-0.222077465,MPF-14657-20250427-12_02_18,10074.3,200.69436,252.8364619,0.20622857,0.5,1681.135655,10.94533473,173.3491008,0.006642779,1.134937326,189.5686248,DARK-14658-20250427-12_02_26,156.24,156.24,0.382051154,0.539793082,0.748151579,-0.836088849,1.277681646,0.42022741,0.57977259,14657,290,239.03,115,10074.3,237.51,1.52,300,24,252.8364619,2.913101211,-15.44513404,2.620156088,0.553770196,-0.006672747,290,236.99,745,10045.9,237.46,-0.47,None,None,None,None,None,None,None,None,None,None,None,None,None,2000,1681.135655,0.840598468,0.160755044,2,0.5,0: Broadleaf,2,1745744529,415.1539355,420.0104194,8.549513871,5.665170968,415.631,8.62581129,599.956129,101.0465161,0.066589271,42.1107,40.14865806,999.9,0,0,5000.806452,0,1666.265806,-4.856455484,418.734,422.4035484,2.88434129,420.0104194,5.665170968,0.863898806,0.572446,4.802989355,-0.953216226,1999.927097,0.980000806,0.019999252,0,200.7705484,4.99918,4559.194194,19219.14839,49.24774194,51.312,49.875,50.274,51.671,1955.031935,39.89645161,0,408,0,200.69436,-3.457923039,-45.77692304,4558.4012,15,1745743582,11:46:22,1745743578,1745743582,3,0.139,0.007,-0.464,-0.016,420,12,1.57,0.13,-4.82515175,-0.572017373,0.149188199,0,201.0697059,-6.032727253,0.866987127,0,2.87445775,0.22939666,0.022825688,0,0,3,0/3,3.21737,2.67657,0.0981676,0.100025,0.050724,0.0362558,26033,24049.5,27460.6,24528.9,33506.5,24992.3,39240.3,27283.8,1.787,1.2708,0.147402,0,37.8557,999.9,6.2,49.2,7.3202,29.6418,21.0136,1,1.17053,0,20.2388,5.21729,11.9141,4.958,3.293,9999,9999,9999,999.9,4.97275,1.85565,1.8577,1.85794,1.85715,1.85684,1.85232,1.8541,0,0,0,0,11111111,oooooooo,on,on,on,on,0,100,100,-0.477,-0.0764,-1.3621969,0.00151024,1.49E-06,5.40E-12,-0.091108003,-0.011177753,0.001682567,-2.18E-05,3,2244,0,20,16,15.9,1.05103,2.63672,1.59302,2.08008,1.50269,2.54761,52.3081,23.9737,18,611.754,317.197,41.5832,41.9501,29.9988,41.9751,42.0064,21.1328,-30,-30,-999.9,420,0,97.9617,73.5597
58,1745744576,9871.1,20250427 12:02:56,12:02:56,15,A,2,21%,5562.3,1745744568,0.008621749,8.62174947,10.66630618,415.2502667,244.8839561,24.76059537,41.9865964,0.130840646,1.998869886,0.126262083,0.07931182,289.5658851,41.43593424,40.14386333,7.470822415,10.21905319,0.850577591,8.323448117,6.620244825,-380.2191516,219.8036221,27.25424496,156.4046005,0,0,1,0,24433,RECT-12807-20250324-17_57_43,10114.7,315.2007692,539.79,0.416067787,-0.222077465,MPF-14659-20250427-12_02_58,10070,197.4556,263.2447697,0.249916341,0.5,1513.18061,10.66630618,189.0842808,0.007195693,1.050525071,195.3600147,DARK-14660-20250427-12_03_05,156.51,156.51,0.405458273,0.616379928,0.721522726,-1.266247792,1.231337893,0.488563619,0.511436381,14659,290,238.83,155,10070,238.64,0.19,300,24,263.2447697,3.254193883,-24.77859301,2.917882611,0.72031794,-0.006837789,290,236.98,615,10051.5,238.59,-1.61,None,None,None,None,None,None,None,None,None,None,None,None,None,1800,1513.18061,0.84065823,0.160870383,2,0.5,0: Broadleaf,2,1745744568,415.2502667,419.9990333,8.412269667,5.562567333,415.7270333,8.490306333,600.008,101.0454333,0.066112573,42.18355667,40.14386333,999.9,0,0,4992.833333,0,1605.343667,-4.748699667,418.7732,422.3484667,2.849702,419.9990333,5.562567333,0.850021067,0.562071867,4.571248667,-1.202764,1799.995,0.9779971,0.022002777,0,197.5870667,4.99918,4066.615,17281.8,49.42253333,51.312,49.937,50.25,51.79753333,1755.502333,39.49366667,0,37.4000001,0,197.4556,-2.754999981,15.40769225,4066.6308,15,1745743582,11:46:22,1745743578,1745743582,3,0.139,0.007,-0.464,-0.016,420,12,1.57,0.13,-4.702687317,-0.889244321,0.156969542,0,197.9512353,-6.824507244,0.963478626,0,2.850675122,-0.021994704,0.004779423,1,1,3,01-Mar,3.21751,2.67508,0.0982049,0.100031,0.0499996,0.0357207,26038.3,24053.5,27467,24532.8,33539.1,25010.2,39248.5,27288.2,1.7878,1.2734,0.14022,0,37.9208,999.9,6.1,49.2,7.20288,29.9218,20.8934,1,1.16104,0,20.2411,5.21729,11.9141,4.9572,3.293,9999,9999,9999,999.9,4.97278,1.85568,1.85773,1.85791,1.85715,1.85684,1.85239,1.8541,0,0,0,0,11111111,oooooooo,on,on,on,on,0,100,100,-0.477,-0.0783,-1.3621969,0.00151024,1.49E-06,5.40E-12,-0.091108003,-0.011177753,0.001682567,-2.18E-05,3,2244,0,20,16.6,16.6,1.05103,2.63794,1.59302,2.08008,1.50269,2.57935,52.2399,23.9824,18,611.603,318.145,41.5443,41.8442,29.9989,41.8818,41.9155,21.1317,-30,-30,-999.9,420,0,97.9831,73.5714
59,1745744616,9910.6,20250427 12:03:35,12:03:35,15,A,2,21%,5562.3,1745744608,0.008316119,8.31611867,10.15983377,415.4642333,246.8585594,24.96030462,42.00832188,0.12621489,2.001199324,0.121953453,0.076591795,257.6664582,41.28975963,40.07582,7.443735674,9.980843906,0.830960582,8.325554331,6.612775092,-366.7408334,227.9198248,28.21920653,147.0646561,0,0,1,0,24602,RECT-12807-20250324-17_57_43,10114.7,315.2007692,539.79,0.416067787,-0.222077465,MPF-14661-20250427-12_03_37,10071.5,195.0212692,256.0563728,0.238365884,0.5,1345.185968,10.15983377,160.3232211,0.007717826,1.108090473,191.3729531,DARK-14662-20250427-12_03_45,152.31,152.31,0.405170048,0.588310723,0.732253606,-1.031967647,1.263344757,0.459465814,0.540534186,14661,290,241.01,155,10071.5,239.49,1.52,300,24,256.0563728,3.048227524,-16.6872355,2.72499885,0.572521831,-0.007004849,290,238.32,715,10047.9,239.45,-1.13,None,None,None,None,None,None,None,None,None,None,None,None,None,1600,1345.185968,0.840747536,0.161042744,2,0.5,0: Broadleaf,2,1745744608,415.4642333,420.0024333,8.218238333,5.469037333,415.9403,8.298666,600.0125,101.0450667,0.066698213,42.18836667,40.07582,999.9,0,0,5002.333333,0,1677.825667,-4.538303667,418.9068333,422.3120667,2.749200667,420.0024333,5.469037333,0.830412033,0.552618967,4.238045667,-1.433729,1599.988,0.9750056,0.02499438,0,195.0281333,4.99918,3608.724667,15341.34,49.5,51.3708,50,50.25,51.88326667,1555.122667,39.86833333,0,37.4000001,0,195.0212692,0.129470101,-3.146324767,3608.812692,15,1745743582,11:46:22,1745743578,1745743582,3,0.139,0.007,-0.464,-0.016,420,12,1.57,0.13,-4.55383,0.27917606,0.124903169,1,195.2755588,-3.619174946,0.723892793,0,2.75445425,-0.118267655,0.012048998,0,1,3,01-Mar,3.21751,2.6744,0.0982663,0.100045,0.0490721,0.03525,26042.7,24056.8,27473.3,24536.2,33578.5,25026.5,39256.3,27292.8,1.7888,1.2744,0.133157,0,37.9861,999.9,6,49.2,7.0848,29.8918,20.8413,1,1.15301,0,20.2428,5.21729,11.9141,4.9564,3.293,9999,9999,9999,999.9,4.97275,1.85565,1.85773,1.85791,1.85715,1.85684,1.85229,1.8541,0,0,0,0,11111111,oooooooo,on,on,on,on,0,100,100,-0.477,-0.0808,-1.3621969,0.00151024,1.49E-06,5.40E-12,-0.091108003,-0.011177753,0.001682567,-2.18E-05,3,2244,0,20,17.3,17.2,1.05103,2.63916,1.59302,2.08008,1.50269,2.57568,52.2059,23.9824,18,611.643,318.3,41.5099,41.754,29.9991,41.793,41.8299,21.1319,-30,-30,-999.9,420,0,98.0037,73.5827
60,1745744655,9950.1,20250427 12:04:15,12:04:15,15,A,2,21%,5562.3,1745744647,0.007950769,7.95076892,9.921804769,415.6230667,244.4170185,24.71244777,42.02270116,0.120598467,2.001566065,0.116702238,0.073278474,225.777378,41.13919481,40.01176667,7.418315095,9.74308395,0.810281659,8.316480319,6.608033435,-350.6289094,232.6365464,28.78627213,136.5712871,0,0,1,0,24264,RECT-12807-20250324-17_57_43,10114.7,315.2007692,539.79,0.416067787,-0.222077465,MPF-14663-20250427-12_04_17,10069.5,192.4618462,267.5835595,0.280741139,0.5,1177.185581,9.921804769,165.2422106,0.008617063,1.017276401,197.7394752,DARK-14664-20250427-12_04_24,150.22,150.22,0.438605271,0.640076985,0.698735633,-1.577616872,1.212019114,0.499591824,0.500408176,14663,290,244.68,195,10069.5,243.04,1.64,300,24,267.5835595,2.918868364,-24.71856034,2.601705811,0.763247968,-0.007171511,290,240.29,635,10053.6,243,-2.71,None,None,None,None,None,None,None,None,None,None,None,None,None,1400,1177.185581,0.840867064,0.161273434,2,0.5,0: Broadleaf,2,1745744647,415.6230667,420.0314333,8.014043333,5.385270333,416.0988333,8.096895667,600.0557,101.0415667,0.066154553,42.16763667,40.01176667,999.9,0,0,5004,0,1706.913667,-4.4083,418.9808,422.3056333,2.628774,420.0314333,5.385270333,0.8097524,0.544136833,3.879387333,-1.643987,1399.966333,0.970994667,0.02900517,0,192.4870333,4.99918,3164.614,13400.02333,49.4412,51.39566667,50.062,50.30786667,51.937,1354.504333,40.462,0,37.4000001,0,192.4618462,-1.428034188,-1.996239286,3164.707308,15,1745743582,11:46:22,1745743578,1745743582,3,0.139,0.007,-0.464,-0.016,420,12,1.57,0.13,-4.37232325,-0.290901276,0.111592133,1,192.9135,-6.889427043,0.993072394,0,2.6370655,-0.16212788,0.015992972,0,1,3,01-Mar,3.21821,2.67472,0.0982916,0.100057,0.048087,0.0347847,26045.6,24059.6,27476.8,24539.1,33618,25040.9,39261.7,27295.3,1.7898,1.2754,0.121593,0,38.0735,999.9,5.9,49.2,6.96717,29.8718,20.6931,1,1.14569,0,20.2449,5.22088,11.9141,4.9564,3.293,9999,9999,9999,999.9,4.97272,1.85565,1.85773,1.85791,1.85712,1.85684,1.85226,1.8541,0,0,0,0,11111111,oooooooo,on,on,on,on,0,100,100,-0.477,-0.0832,-1.3621969,0.00151024,1.49E-06,5.40E-12,-0.091108003,-0.011177753,0.001682567,-2.18E-05,3,2244,0,20,17.9,17.9,1.05103,2.64282,1.59424,2.0813,1.50269,2.54028,52.1719,23.9824,18,611.755,318.493,41.4866,41.6702,29.9991,41.7129,41.7521,21.1294,-30,-30,-999.9,420,0,98.017,73.5904
61,1745744695,9989.6,20250427 12:04:54,12:04:54,15,A,2,21%,5562.3,1745744687,0.007583167,7.583166633,9.339434642,415.8336,246.3707652,24.91073029,42.04524286,0.114935305,2.001276325,0.111390125,0.069928239,193.806829,40.98713443,39.95275333,7.39496135,9.512691251,0.790203012,8.306829169,6.604758339,-334.4176485,236.5887907,29.26823383,125.246205,0,0,1,0,24267,RECT-12807-20250324-17_57_43,10114.7,315.2007692,539.79,0.416067787,-0.222077465,MPF-14665-20250427-12_04_56,10076,190.5236538,274.7139655,0.30646535,0.5,1009.203061,9.339434642,154.6428848,0.009474319,0.964916487,201.606455,DARK-14666-20250427-12_05_04,152.27,152.27,0.445714383,0.687582367,0.684031881,-2.079450686,1.180270459,0.549528444,0.450471556,14665,290,250.09,145,10076,248.06,2.03,300,24,274.7139655,3.660260164,-26.85726731,3.252510263,0.708893105,-0.007337625,290,245.77,695,10051.4,247.99,-2.22,None,None,None,None,None,None,None,None,None,None,None,None,None,1200,1009.203061,0.840985731,0.161502461,2,0.5,0: Broadleaf,2,1745744687,415.8336,419.9975,7.815223333,5.307470667,416.3086667,7.900348333,600.0514,101.0446667,0.066072963,42.14556667,39.95275333,999.9,0,0,5002.666667,0,1683.958,-4.163950333,419.1089667,422.2386,2.507751333,419.9975,5.307470667,0.789686767,0.536291833,3.523214,-1.841045667,1200.024,0.9670023,0.0329977,0,190.5552333,4.99918,2735.074333,11464.51667,49.375,51.4643,50.0809,50.3204,51.937,1155.594,39.43,0,37.4000001,0,190.5236538,-0.520717953,-10.1962393,2735.074615,15,1745743582,11:46:22,1745743578,1745743582,3,0.139,0.007,-0.464,-0.016,420,12,1.57,0.13,-4.13204775,-0.46968349,0.112798992,1,191.0136471,-7.058517951,0.971987499,0,2.51877525,-0.188328068,0.018499155,0,1,3,01-Mar,3.21801,2.67461,0.0983595,0.100092,0.0471386,0.0343858,26047.4,24061.4,27480.6,24541.7,33655.5,25054,39266.5,27298.3,1.7906,1.2762,0.110716,0,38.1867,999.9,5.8,49.2,6.84944,29.7518,20.7292,1,1.13982,0,20.2476,5.21969,11.9141,4.9572,3.293,9999,9999,9999,999.9,4.97278,1.85565,1.85773,1.85797,1.85715,1.85684,1.85226,1.8541,0,0,0,0,11111111,oooooooo,on,on,on,on,0,100,100,-0.476,-0.0855,-1.3621969,0.00151024,1.49E-06,5.40E-12,-0.091108003,-0.011177753,0.001682567,-2.18E-05,3,2244,0,20,18.6,18.5,1.05103,2.63794,1.59302,2.08008,1.50269,2.57324,52.1379,23.9824,18,611.782,318.599,41.4645,41.6018,29.9995,41.6415,41.6796,21.1313,-30,-30,-999.9,420,0,98.0296,73.5984
62,1745744734,10029.1,20250427 12:05:34,12:05:34,15,A,2,21%,5562.3,1745744726,0.007204723,7.204723008,9.068742759,416.0020667,244.0584897,24.67600556,42.06069342,0.109277042,1.999961459,0.106065037,0.06657137,161.9030564,40.79950908,39.86931,7.362048527,9.303395634,0.770322068,8.280009772,6.591726459,-317.7282846,238.8050715,29.54138505,112.5212283,0,0,1,0,24101,RECT-12807-20250324-17_57_43,10114.7,315.2007692,539.79,0.416067787,-0.222077465,MPF-14667-20250427-12_05_36,10082.3,189.7995769,295.9432088,0.358662165,0.5,841.1868311,9.068742759,150.8509449,0.011044895,0.823964815,212.8096296,DARK-14668-20250427-12_05_43,153.59,153.59,0.481015291,0.745635682,0.631400288,-5.511790147,1.085745698,0.603384824,0.396615176,14667,290,259.97,115,10082.3,257.89,2.08,300,24,295.9432088,2.208695316,-38.36794799,1.956875741,0.932108726,-0.007504768,290,252.76,635,10056.7,257.79,-5.03,None,None,None,None,None,None,None,None,None,None,None,None,None,1000,841.1868311,0.841194009,0.161904438,2,0.5,0: Broadleaf,2,1745744726,416.0020667,420.0239333,7.618884667,5.235671333,416.4766667,7.706168,600.0160333,101.0409,0.0660338,42.08412,39.86931,999.9,0,0,4997.5,0,1653.943333,-4.021816667,419.1959333,422.2345667,2.383214,420.0239333,5.235671333,0.769819067,0.5290169,3.162578,-2.026085,999.9914667,0.9600015,0.039998617,0,189.7720667,4.99918,2320.544,9523.815,49.2437,51.5,50.0935,50.375,51.87913333,955.193,39.8,0,37.4000001,0,189.7995769,-0.436341879,-16.46427351,2320.565385,15,1745743582,11:46:22,1745743578,1745743582,3,0.139,0.007,-0.464,-0.016,420,12,1.57,0.13,-3.962450732,-0.691413031,0.186932047,0,190.3589412,-8.385026738,1.094398651,0,2.396594146,-0.215620348,0.021646151,0,0,3,0/3,3.21837,2.675,0.0984344,0.100064,0.0461926,0.0339913,26049.5,24064.5,27484.9,24543.9,33693.5,25066.4,39271.9,27300.8,1.7918,1.2762,0.0990927,0,38.2778,999.9,5.7,49.2,6.73074,30.0618,20.7732,1,1.13494,0,20.2492,5.21969,11.9141,4.9568,3.293,9999,9999,9999,999.9,4.97278,1.85568,1.85766,1.85791,1.85702,1.85684,1.85226,1.8541,0,0,0,0,11111111,oooooooo,on,on,on,on,0,100,100,-0.475,-0.0876,-1.3621969,0.00151024,1.49E-06,5.40E-12,-0.091108003,-0.011177753,0.001682567,-2.18E-05,3,2244,0,20,19.3,19.2,1.05103,2.63916,1.59424,2.08008,1.50269,2.55371,52.1039,23.9912,18,612.187,318.356,41.4456,41.5394,29.9996,41.5788,41.6189,21.13,-30,-30,-999.9,420,0,98.0437,73.605
63,1745744774,10068.6,20250427 12:06:13,12:06:13,15,A,2,21%,5562.3,1745744766,0.006838381,6.83838109,8.325895341,416.2954,249.0161494,25.17742309,42.0906252,0.10389443,2.000421545,0.100987172,0.063371412,129.9835112,40.59614212,39.77357333,7.324443287,9.10931182,0.751335028,8.2479889,6.573108259,-301.5726061,241.2484535,29.81265762,99.47201618,0,0,1,0,24703,RECT-12807-20250324-17_57_43,10114.7,315.2007692,539.79,0.416067787,-0.222077465,MPF-14669-20250427-12_06_15,10084.8,191.4628,314.0346863,0.39031321,0.5,673.2002691,8.325895341,131.3794788,0.012697518,0.718886555,222.0066091,DARK-14670-20250427-12_06_23,151.34,151.34,0.518078714,0.753385922,0.581169555,-105.1142113,1.00519207,0.595506937,0.404493063,14669,290,278.32,115,10084.8,273.87,4.45,300,24,314.0346863,3.188736321,-40.5065367,2.816787789,0.880747502,-0.007672267,290,264.95,635,10059,273.77,-8.82,None,None,None,None,None,None,None,None,None,None,None,None,None,800,673.2002691,0.841490975,0.162477581,2,0.5,0: Broadleaf,2,1745744766,416.2954,420.0196,7.431044667,5.168539667,416.7691667,7.520309,600.0044,101.0417,0.065891397,42.01053,39.77357333,999.9,0,0,4999.333333,0,1650.917,-3.724212,419.412,422.2018,2.262505667,420.0196,5.168539667,0.750845433,0.522238067,2.810397667,-2.200555,800.0089,0.9499935,0.050006623,0,191.5178333,4.99918,1932.739667,7584.863667,49.05376667,51.562,50.0662,50.3874,51.781,755.2543333,39.76,0,37.4000001,0,191.4628,-0.972538469,-20.73153841,1932.5456,15,1745743582,11:46:22,1745743578,1745743582,3,0.139,0.007,-0.464,-0.016,420,12,1.57,0.13,-3.679519,-0.552861163,0.187925004,0,192.0509118,-8.23729564,1.0828983,0,2.273766,-0.20351122,0.020168485,0,0,3,0/3,3.21691,2.67451,0.0985042,0.100115,0.0452197,0.0336327,26049.2,24063.8,27486.5,24544.5,33728.6,25076.7,39272.8,27301.9,1.7914,1.2768,0.089556,0,38.3521,999.9,5.7,49.2,6.73066,29.8218,20.9816,1,1.13073,0,20.2517,5.22328,11.9141,4.958,3.293,9999,9999,9999,999.9,4.97278,1.85568,1.85776,1.85791,1.85715,1.85684,1.85226,1.8541,0,0,0,0,11111111,oooooooo,on,on,on,on,0,100,100,-0.473,-0.0897,-1.3621969,0.00151024,1.49E-06,5.40E-12,-0.091108003,-0.011177753,0.001682567,-2.18E-05,3,2244,0,20,19.9,19.9,1.05103,2.6416,1.59424,2.07886,1.50269,2.52075,52.1039,23.9912,18,611.431,318.446,41.4297,41.4932,29.9995,41.5245,41.5674,21.1282,-30,-30,-999.9,420,0,98.0474,73.6073
64,1745744814,10108.5,20250427 12:06:53,12:06:53,15,A,2,21%,5562.3,1745744806,0.006446128,6.446128326,7.548340896,416.5873548,254.5609692,25.73786396,42.11984539,0.09813341,2.001125903,0.09553618,0.059937738,98.07027526,40.39320548,39.66804516,7.283184994,8.908517989,0.73157487,8.212082755,6.551610124,-284.2742592,243.7839238,30.08828993,87.6682298,0,0,1,0,24708,RECT-12807-20250324-17_57_43,10114.7,315.2007692,539.79,0.416067787,-0.222077465,MPF-14671-20250427-12_06_55,10087.8,197.75496,361.694082,0.453253537,0.5,505.205242,7.548340896,114.4930315,0.015380716,0.492393785,244.8114553,DARK-14672-20250427-12_07_03,161.75,161.75,0.552798876,0.819924853,0.47110337,3.526079605,0.792985119,0.670642319,0.329357681,14671,290,310.98,115,10087.8,305.08,5.9,300,24,361.694082,3.752577596,-57.10712644,3.30514995,0.914251698,-0.007839961,290,293.25,625,10062.5,304.94,-11.69,None,None,None,None,None,None,None,None,None,None,None,None,None,600,505.205242,0.841993527,0.163447506,2,0.5,0: Broadleaf,2,1745744806,416.5873548,419.9982581,7.235659032,5.102706774,417.0603548,7.326894839,600.0590323,101.0405484,0.066326087,41.92771613,39.66804516,999.9,0,0,5002.258065,0,1660.23871,-3.410928387,419.6236452,422.1523548,2.132951935,419.9982581,5.102706774,0.731095355,0.515580613,2.435367742,-2.373856774,600.0108387,0.932990419,0.067009174,0,197.8564839,4.99918,1563.060323,5645.267419,48.84654839,51.562,50.026,50.431,51.671,555.1409677,39.87129032,0,38,0,197.75496,-2.177384613,-5.237692294,1562.9152,15,1745743582,11:46:22,1745743578,1745743582,3,0.139,0.007,-0.464,-0.016,420,12,1.57,0.13,-3.431255854,0.129302967,0.095325782,1,198.1312353,-5.563330789,0.768273123,0,2.145562439,-0.248015745,0.024633047,0,1,3,01-Mar,3.21797,2.67481,0.0985726,0.100116,0.0442622,0.0332479,26048.8,24064.7,27488.1,24545.2,33763.3,25087.2,39273.9,27302.4,1.7916,1.2778,0.0784397,0,38.426,999.9,5.6,49.2,6.61379,29.9218,20.7372,1,1.12854,0,20.2536,5.22088,11.9141,4.958,3.293,9999,9999,9999,999.9,4.97278,1.85568,1.8577,1.85791,1.85715,1.85684,1.85229,1.8541,0,0,0,0,11111111,oooooooo,on,on,on,on,0,100,100,-0.473,-0.0916,-1.3621969,0.00151024,1.49E-06,5.40E-12,-0.091108003,-0.011177753,0.001682567,-2.18E-05,3,2244,0,20,20.6,20.5,1.05103,2.64282,1.59424,2.08008,1.50269,2.55615,52.1039,23.9999,18,611.24,318.765,41.412,41.4545,29.9998,41.4828,41.5219,21.1266,-30,-30,-999.9,420,0,98.0515,73.6092
65,1745744853,10148,20250427 12:07:33,12:07:33,15,A,2,21%,5562.3,1745744845,0.006105986,6.105985977,6.89074878,416.8622667,259.0327041,26.19062486,42.14866722,0.092772799,2.000604749,0.09044736,0.056733677,82.09550465,40.3048745,39.63462,7.270158861,8.729853912,0.713893054,8.177605958,6.556265808,-269.2739816,238.7172223,29.45465797,80.9934033,0,0,1,0,24886,RECT-12807-20250324-17_57_43,10114.7,315.2007692,539.79,0.416067787,-0.222077465,MPF-14673-20250427-12_07_35,10089.6,201.657,390.0514567,0.482998983,0.5,421.2020277,6.89074878,101.7200754,0.016886971,0.383894332,257.4815716,DARK-14674-20250427-12_07_42,156.7,156.7,0.598258134,0.807342107,0.390870404,2.516936891,0.666721831,0.627354905,0.372645095,14673,290,333.8,115,10089.6,326.44,7.36,300,24,390.0514567,3.073183687,-64.1792082,2.702840595,0.952689082,-0.007924359,290,312.12,615,10065,326.29,-14.17,None,None,None,None,None,None,None,None,None,None,None,None,None,500,421.2020277,0.84237592,0.164185525,2,0.5,0: Broadleaf,2,1745744845,416.8622667,420.0077,7.060604667,5.039604667,417.3345667,7.153534,599.9875333,101.0433,0.066036563,41.84790333,39.63462,999.9,0,0,5000,0,1127.792867,-3.145495667,419.8264333,422.1351333,2.021,420.0077,5.039604667,0.713426667,0.509218233,2.092186667,-2.541347333,500.0167,0.920003,0.0799971,0,201.6663,4.99918,1298.301667,4676.542,48.62893333,51.54546667,49.937,50.43286667,51.52066667,455.4176667,39.6,0,37.4000001,0,201.657,-3.320478632,85.3808552,1299.748077,15,1745743582,11:46:22,1745743578,1745743582,3,0.139,0.007,-0.464,-0.016,420,12,1.57,0.13,-3.11638175,-0.838076735,0.148632971,0,202.3641176,-10.14988542,1.211932675,0,2.034543,-0.231034897,0.022615921,0,0,3,0/3,3.2182,2.67417,0.0986301,0.100137,0.0433858,0.0329248,26047.3,24064.3,27488.3,24545.3,33795.3,25095.3,39275.2,27302.3,1.7926,1.2778,0.0725687,0,38.4778,999.9,5.5,49.2,6.49462,29.7818,20.7212,1,1.12622,0,20.2546,5.21849,11.9141,4.9576,3.293,9999,9999,9999,999.9,4.97278,1.85571,1.85773,1.85791,1.85715,1.85687,1.85226,1.8541,0,0,0,0,11111111,oooooooo,on,on,on,on,0,100,100,-0.472,-0.0933,-1.3621969,0.00151024,1.49E-06,5.40E-12,-0.091108003,-0.011177753,0.001682567,-2.18E-05,3,2244,0,20,21.2,21.2,1.05103,2.6416,1.59424,2.08008,1.50269,2.44873,52.1039,23.9912,18,611.699,318.607,41.3939,41.4261,29.9999,41.4453,41.4823,21.1266,-30,-30,-999.9,420,0,98.0536,73.609
66,1745744893,10187.5,20250427 12:08:12,12:08:12,15,A,2,21%,5562.3,1745744885,0.005749133,5.749133254,6.126882882,417.1262333,265.4397891,26.83841061,42.175309,0.087087029,2.000481931,0.085034375,0.053326877,66.13011585,40.22838101,39.61690667,7.263263983,8.549329618,0.696392262,8.145577407,6.566871721,-253.5367765,232.5881924,28.68751942,73.86905118,0,0,1,0,24297,RECT-12807-20250324-17_57_43,10114.7,315.2007692,539.79,0.416067787,-0.222077465,MPF-14675-20250427-12_08_14,10087.7,205.77232,433.0441031,0.524823641,0.5,337.2017094,6.126882882,88.48571451,0.018828375,0.246501214,275.5395995,DARK-14676-20250427-12_08_22,162.79,162.79,0.62407986,0.840955902,0.283145615,1.928592612,0.475293925,0.66529459,0.33470541,14675,290,361.82,145,10087.7,356.09,5.73,300,24,433.0441031,3.497136598,-77.63399014,3.071297986,0.958017197,-0.008008861,290,339.02,635,10065.6,355.92,-16.9,None,None,None,None,None,None,None,None,None,None,None,None,None,400,337.2017094,0.842962196,0.165317038,2,0.5,0: Broadleaf,2,1745744885,417.1262333,419.9677,6.887524667,4.984479333,417.5977667,6.982057333,600.0420333,101.0433,0.065922183,41.77349667,39.61690667,999.9,0,0,4999.5,0,1208.0183,-2.841439667,420.0191,422.0715333,1.903045667,419.9677,4.984479333,0.695938233,0.503648167,1.745016,-2.689503333,400.0199667,0.900013867,0.099986393,0,205.8158333,4.99918,1116.991333,3707.269333,48.4081,51.4517,49.8309,50.375,51.37276667,355.5236667,39.498,0,37.4000001,0,205.77232,-2.513384634,661.8692297,1121.2996,15,1745743582,11:46:22,1745743578,1745743582,3,0.139,0.007,-0.464,-0.016,420,12,1.57,0.13,-2.84610275,0.591479662,0.146064136,0,205.9655,-2.705225374,0.598503391,0,1.91569,-0.249604728,0.024477759,0,0,3,0/3,3.21831,2.67399,0.0986787,0.100133,0.0425478,0.0326408,26046.7,24065.3,27489,24546.1,33826.3,25103.4,39276.8,27303.1,1.793,1.2784,0.0673831,0,38.5187,999.9,5.5,49.2,6.4944,29.8118,20.7091,1,1.125,0,20.256,5.21729,11.9141,4.9568,3.293,9999,9999,9999,999.9,4.97275,1.85565,1.8577,1.85791,1.85705,1.85684,1.85226,1.8541,0,0,0,0,11111111,oooooooo,on,on,on,on,0,100,100,-0.471,-0.0949,-1.3621969,0.00151024,1.49E-06,5.40E-12,-0.091108003,-0.011177753,0.001682567,-2.18E-05,3,2244,0,20,21.9,21.8,1.05103,2.63794,1.59424,2.08008,1.50269,2.54517,52.1039,23.9999,18,611.731,318.765,41.3717,41.401,29.9999,41.4121,41.4477,21.129,-30,-30,-999.9,420,0,98.057,73.6114
67,1745744932,10227,20250427 12:08:52,12:08:52,15,A,2,21%,5562.3,1745744924,0.005362237,5.36223693,4.867328045,417.6221,281.677046,28.47995374,42.22515912,0.08087567,2.001156364,0.07910275,0.049595272,49.58789813,40.17742887,39.61831,7.263810021,8.360995876,0.679055915,8.121710915,6.584754106,-236.4746486,226.5156461,27.9218575,67.55075313,0,0,1,0,24641,RECT-12807-20250324-17_57_43,10114.7,315.2007692,539.79,0.416067787,-0.222077465,MPF-14677-20250427-12_08_54,10083.6,207.846,459.9529119,0.548114612,0.5,252.884265,4.867328045,69.30478041,0.020125434,0.173576655,286.1930955,DARK-14678-20250427-12_09_01,171.36,171.36,0.627440124,0.873572778,0.216695405,1.741645458,0.355480482,0.720222816,0.279777184,14677,290,393.07,115,10083.6,386.52,6.55,300,24,459.9529119,2.555976189,-74.04219613,2.239338384,0.975027851,-0.008085354,290,370.19,615,10059.1,386.35,-16.16,None,None,None,None,None,None,None,None,None,None,None,None,None,300,252.884265,0.842949985,0.165293471,2,0.5,0: Broadleaf,2,1745744924,417.6221,419.9910333,6.716108667,4.94068,418.0923,6.812158667,599.9929667,101.0415333,0.067002637,41.71788667,39.61831,999.9,0,0,5002.333333,0,1645.704,-2.368954333,420.4458667,422.0764667,1.775428667,419.9910333,4.94068,0.678605733,0.499213733,1.393239667,-2.808497,299.9991333,0.900006,0.09999405,0,207.8533333,4.99918,969.7904667,2768.567,48.19983333,51.375,49.7101,50.3393,51.2101,265.5023333,29.5,0,37.4000001,0,207.846,0.895316238,-3.322119669,969.7483846,15,1745743582,11:46:22,1745743578,1745743582,3,0.139,0.007,-0.464,-0.016,420,12,1.57,0.13,-2.3917085,0.456585141,0.147026377,1,207.5193824,4.81113828,0.774731263,0,1.790757,-0.262965704,0.025612917,0,1,3,01-Mar,3.21805,2.67375,0.0987297,0.100173,0.0416801,0.032376,26045.7,24064.7,27489.4,24546.6,33856.8,25110.4,39276.7,27303.2,1.7932,1.2784,0.064373,0,38.5804,999.9,5.4,49.2,6.37599,29.8518,20.7532,1,1.12394,0,20.2568,5.22088,11.9141,4.9564,3.293,9999,9999,9999,999.9,4.97278,1.85565,1.8577,1.85791,1.85709,1.85684,1.85226,1.8541,0,0,0,0,11111111,oooooooo,on,on,on,on,0,100,100,-0.471,-0.0964,-1.3621969,0.00151024,1.49E-06,5.40E-12,-0.091108003,-0.011177753,0.001682567,-2.18E-05,3,2244,0,20,22.6,22.5,1.05103,2.64038,1.59424,2.08008,1.50269,2.55493,52.1039,23.9999,18,611.659,318.631,41.348,41.3801,30.0001,41.3838,41.4147,21.1266,-30,-30,-999.9,420,0,98.0575,73.6122
68,1745744972,10266.5,20250427 12:09:31,12:09:31,15,A,2,21%,5562.3,1745744964,0.005016986,5.016985604,3.473859666,418.1371333,303.9659311,30.73191114,42.27497858,0.075393489,2.00081472,0.07385005,0.046292322,33.04800568,40.11123636,39.61813333,7.263741278,8.20717228,0.66462925,8.098151555,6.599112028,-221.2490651,220.5596999,27.18513509,59.54377552,0,0,1,0,24303,RECT-12807-20250324-17_57_43,10114.7,315.2007692,539.79,0.416067787,-0.222077465,MPF-14679-20250427-12_09_33,10066.3,206.0555769,483.5673316,0.573884414,0.5,168.5794102,3.473859666,48.37254801,0.021924013,0.116266474,295.1617263,DARK-14680-20250427-12_09_41,172.78,172.78,0.642697121,0.89293136,0.153191108,1.648259315,0.250335549,0.74873334,0.25126666,14679,290,416.17,195,10066.3,413.41,2.76,300,24,483.5673316,2.601183841,-70.62671864,2.273484865,0.971804297,-0.008160897,290,399.03,625,10050.7,413.3,-14.27,None,None,None,None,None,None,None,None,None,None,None,None,None,200,168.5794102,0.842925149,0.165245537,2,0.5,0: Broadleaf,2,1745744964,418.1371333,419.9943,6.573774333,4.912483333,418.6059333,6.671028333,600.0159,101.037,0.066143473,41.66285333,39.61813333,999.9,0,0,5001.166667,0,1612.864,-1.857180667,420.904,422.0677667,1.661292333,419.9943,4.912483333,0.664194133,0.496342367,1.094649333,-2.88605,199.9933333,0.899978,0.100022,0,205.9941667,4.99918,749.1280333,1829.998,47.9643,51.312,49.5725,50.30166667,51.05166667,175.4906667,19.5,0,37.4000001,0,206.0555769,1.2753162,3.775760701,749.0795769,15,1745743582,11:46:22,1745743578,1745743582,3,0.139,0.007,-0.464,-0.016,420,12,1.57,0.13,-1.90438825,0.851351707,0.128711579,0,205.6954412,5.753720384,0.871840183,0,1.67434825,-0.250498874,0.024428527,0,0,3,0/3,3.21757,2.67397,0.0988523,0.100185,0.0409885,0.0322503,26042.8,24064.7,27490.1,24546.9,33881.3,25113.9,39276.9,27303.5,1.7932,1.2778,0.0591576,0,38.6565,999.9,5.4,49.2,6.37757,29.9718,20.9014,1,1.12333,0,20.2578,5.22208,11.9141,4.9568,3.293,9999,9999,9999,999.9,4.97275,1.85574,1.85763,1.85791,1.85712,1.85684,1.85226,1.8541,0,0,0,0,11111111,oooooooo,on,on,on,on,0,100,100,-0.469,-0.0975,-1.3621969,0.00151024,1.49E-06,5.40E-12,-0.091108003,-0.011177753,0.001682567,-2.18E-05,3,2244,0,20,23.2,23.2,1.05103,2.6416,1.59302,2.08008,1.50269,2.55005,52.1039,24.0087,18,611.508,318.246,41.3284,41.3675,30.0001,41.3664,41.3941,21.1259,-30,-30,-999.9,420,0,98.0588,73.613
69,1745745011,10306,20250427 12:10:11,12:10:11,15,A,2,21%,5562.3,1745745003,0.004656023,4.656023156,1.790184692,418.7710333,336.0666739,33.97936677,42.3415222,0.069766236,2.000392353,0.068442145,0.042893212,16.51342547,40.05170216,39.61272333,7.261636457,8.080774012,0.652527417,8.075060827,6.60910904,-205.3306212,215.2650357,26.5305801,52.97842011,0,0,1,0,25161,RECT-12807-20250324-17_57_43,10114.7,315.2007692,539.79,0.416067787,-0.222077465,MPF-14681-20250427-12_10_13,10060.4,201.9208462,485.1503977,0.583797422,0.5,84.30285936,1.790184692,24.60789599,0.023869441,0.112624049,295.7507756,DARK-14682-20250427-12_10_20,161.2,161.2,0.667731902,0.874299132,0.144323945,1.666549989,0.243286831,0.697981525,0.302018475,14681,290,427.14,175,10060.4,425.97,1.17,300,24,485.1503977,2.437677371,-59.54228103,2.125392986,0.965552212,-0.00823742,290,413.29,635,10042.2,425.86,-12.57,None,None,None,None,None,None,None,None,None,None,None,None,None,100,84.30285936,0.842849291,0.165099133,2,0.5,0: Broadleaf,2,1745745003,418.7710333,420.0176,6.453702333,4.911831333,419.2379667,6.551936333,600.0469,101.0426667,0.066337607,41.60878,39.61272333,999.9,0,0,4999.166667,0,1597.672333,-1.246642833,421.4912,422.0909333,1.541869,420.0176,4.911831333,0.6520989,0.496304367,0.839592467,-2.887078,100.0212733,0.899993633,0.10000643,0,201.9852667,4.99918,527.6942333,891.7761333,47.7497,51.2479,49.4517,50.2416,50.88526667,85.51933333,9.499333333,0,37.4000001,0,201.9208462,-8.769709399,-4.384444456,527.6921923,15,1745743582,11:46:22,1745743578,1745743582,3,0.139,0.007,-0.464,-0.016,420,12,1.57,0.13,-1.2921731,0.980695835,0.165510031,0,202.1945294,-5.542582131,0.788907146,0,1.5569095,-0.254841501,0.024740888,0,0,3,0/3,3.2171,2.67394,0.0989998,0.100184,0.0404043,0.0323004,26037.1,24064,27488.6,24546.1,33901.3,25111.7,39276.2,27302.5,1.793,1.2786,0.0554323,0,38.7276,999.9,5.3,49.1,6.22776,29.5618,21.0016,1,1.12256,0,20.2589,5.22088,11.9141,4.9568,3.293,9999,9999,9999,999.9,4.97281,1.85565,1.8577,1.85791,1.85715,1.85684,1.85226,1.8541,0,0,0,0,11111111,oooooooo,on,on,on,on,0,100,100,-0.467,-0.0984,-1.3621969,0.00151024,1.49E-06,5.40E-12,-0.091108003,-0.011177753,0.001682567,-2.18E-05,3,2244,0,20,23.9,23.8,1.05103,2.64038,1.59424,2.08008,1.50269,2.52563,52.1039,24.0087,18,611.216,318.564,41.3133,41.3634,29.9999,41.3498,41.3736,21.1257,-30,-30,-999.9,420,0,98.0556,73.6106
70,1745745051,10345.5,20250427 12:10:50,12:10:50,15,A,2,21%,5562.3,1745745043,0.004301398,4.301398091,0.064672132,419.3453667,374.4302395,37.85260603,42.39325055,0.06407768,2.002264021,0.062959872,0.039448727,8.236374011,40.07479168,39.66033667,7.28017912,7.99367615,0.644172467,8.058525948,6.636006653,-189.6916558,206.1381101,25.38302107,50.0658493,0,0,1,0,24138,RECT-12807-20250324-17_57_43,10114.7,315.2007692,539.79,0.416067787,-0.222077465,RECT-14683-20250427-12_10_52,10053.9,199.5090769,435.48,0.541863973,0.5,42.11304535,0.064672132,11.40977104,0.006809044,0.239528796,276.5237807,DARK-14684-20250427-12_11_00,168.52,168.52,0.613024708,0.883918651,0.280954561,1.961859263,0.464447915,0.746622526,0.253377474,14681,290,427.14,175,10060.4,425.97,1.17,300,24,485.1503977,2.437677371,-59.54228103,2.125392986,0.965552212,-0.00823742,290,413.29,635,10042.2,425.86,-12.57,None,None,None,None,None,None,None,None,None,None,None,None,None,50,42.11304535,0.842701359,0.164813623,2,0.5,0: Broadleaf,2,1745745043,419.3453667,419.9681667,6.372022333,4.947392333,419.8109,6.470904,600.0139667,101.0283,0.06558089,41.56997667,39.66033667,999.9,0,0,5007.5,0,1608.810333,-0.622752967,422.0346,422.0562,1.424632333,419.9681667,4.947392333,0.643754367,0.4998264,0.661180567,-2.79201,49.97386667,0.8999596,0.1000401,0,199.5936667,4.99918,416.1922,422.0798333,47.51853333,51.17666667,49.30996667,50.187,50.7311,40.47566667,4.5,0,37.4000001,0,199.5090769,-13.77811963,-7.388854706,416.2652308,15,1745743582,11:46:22,1745743578,1745743582,3,0.139,0.007,-0.464,-0.016,420,12,1.57,0.13,-0.701550146,1.223986871,0.170342508,0,199.8586176,-8.931321592,1.199739727,0,1.435608537,-0.239908014,0.02392758,0,0,3,0/3,3.21717,2.67432,0.0991315,0.100167,0.0399994,0.0325685,26034,24063.7,27489.3,24545.3,33915.6,25104.3,39276.2,27302,1.7928,1.2782,0.0531971,0,38.8064,999.9,5.3,49.1,6.22827,29.5918,20.9816,1,1.12348,0,20.2598,5.22088,11.9141,4.9572,3.293,9999,9999,9999,999.9,4.97272,1.85565,1.85776,1.85791,1.85715,1.85684,1.85226,1.8541,0,0,0,0,11111111,oooooooo,on,on,on,on,0,100,100,-0.465,-0.0991,-1.3621969,0.00151024,1.49E-06,5.40E-12,-0.091108003,-0.011177753,0.001682567,-2.18E-05,3,2244,0,20,24.5,24.5,1.05103,2.64526,1.59424,2.0813,1.50269,2.49878,52.07,23.9999,18,610.961,318.313,41.2996,41.3592,30.0001,41.3374,41.3612,21.1257,-30,-30,-999.9,420,0,98.0566,73.6086
71,1745749694,14988.5,20250427 13:28:13,13:28:13,15,A,2,2%,5561.1,1745749686,0.008486437,8.486436835,17.12459782,413.1225667,186.7479887,18.86646526,41.73625968,0.143768871,1.999381873,0.13826264,0.086891292,321.4992267,40.67743314,39.95125,7.394367259,18.62920029,1.465362436,7.865943861,5.929004823,-374.2518644,125.2128824,15.42807884,87.88832358,0,0,1,0,24408,RECT-12807-20250324-17_57_43,10114.7,315.2007692,539.79,0.416067787,-0.222077465,MPF-14687-20250427-13_28_15,10067.2,214.6859231,249.3826682,0.139130539,0.5,1681.13754,17.12459782,116.9487863,0.010318415,1.164504871,187.6204094,DARK-14688-20250427-13_28_23,159.41,159.41,0.360781561,0.385636503,0.763466354,-0.527161139,1.293059916,0.286345346,0.713654654,14687,290,241.41,275,10067.2,240.96,0.45,300,24,249.3826682,3.593087827,-8.480138508,3.234461054,0.197106866,-0.006677427,290,241.35,815,10052.7,240.95,0.4,None,None,None,None,None,None,None,None,None,None,None,None,None,2000,1681.13754,0.840598611,0.16075532,2,0.5,0: Broadleaf,2,1745749686,413.1225667,419.9995,14.50475667,11.71694,413.4385667,14.53075667,599.9923333,100.9629,0.063437093,41.11288,39.95125,999.9,0,0,4999,0,740.8968667,-7.043942667,419.0595,424.9788667,2.848801,419.9995,11.71694,1.470600333,1.182977333,12.66582333,9.388882,1999.929,0.979996633,0.020003663,0,214.6776333,4.99918,4755.926333,19219.14667,48.1748,49.7374,48.687,48.937,50.52893333,1955.023,39.906,0,4601.4,0,214.6859231,-0.781675188,292.0054702,4756.913846,15,1745749721,13:28:40,1745749710,1745749721,4,0.148,0.007,-0.316,-0.026,420,11,1.56,0.16,-7.035934878,-0.205004948,0.119911464,1,214.8934118,-2.778334598,0.611218268,0,2.827704634,0.374753937,0.037642155,0,1,3,01-Mar,3.21906,2.6725,0.0986754,0.100921,0.0786219,0.0672928,26121.9,24083.2,27562.9,24580.5,32635,24242.3,39367.6,27342.1,1.8182,1.3478,0.118017,0,38.1026,999.9,11.8,47.5,12.8019,29.8791,19.5873,1,1.01126,0,20.2444,5.21969,11.9141,4.956,3.2926,9999,9999,9999,999.9,4.9725,1.85532,1.8573,1.85757,1.85681,1.85651,1.8519,1.8537,0,0,0,0,11111111,oooooooo,on,on,on,on,0,100,100,-0.316,-0.026,-1.3621969,0.00151024,1.49E-06,5.40E-12,-0.091108003,-0.011177753,0.001682567,-2.18E-05,3,2244,0,20,101.9,101.9,1.06567,2.63306,1.59424,2.09839,1.50269,2.57935,49.4526,24.0875,18,619.306,348.499,39.9352,40.0313,30.0002,40.0088,40.0275,21.4053,-30,-30,-999.9,420,0,98.2988,73.7156
72,1745749752,15046.6,20250427 13:29:11,13:29:11,15,A,2,2%,5561.28,1745749744,0.008759515,8.759514563,16.75195498,413.2286452,194.7862684,19.67749591,41.74475461,0.147170767,1.999871611,0.141407844,0.088878875,289.5682613,40.45416973,39.93473871,7.38784501,17.69694888,1.402352117,7.924259295,5.985492893,-386.2945922,142.0563044,17.50946078,62.83943427,0,0,1,0,24486,RECT-12807-20250324-17_57_43,10114.7,315.2007692,539.79,0.416067787,-0.222077465,MPF-14689-20250427-13_29_13,10080.9,211.21516,243.3396215,0.132014923,0.5,1513.196865,16.75195498,99.88228408,0.011217333,1.218257745,184.1793057,DARK-14690-20250427-13_29_21,159.63,159.63,0.344003253,0.383760683,0.779804236,-0.447035185,1.319967024,0.290034663,0.709965337,14689,290,238.78,115,10080.9,238.76,0.02,300,24,243.3396215,4.04046877,-4.621312123,3.625396243,0.054848295,-0.006841819,290,240.25,715,10054,238.74,1.51,None,None,None,None,None,None,None,None,None,None,None,None,None,1800,1513.196865,0.840657995,0.16086993,2,0.5,0: Broadleaf,2,1745749744,413.2286452,420.0194516,13.88179355,11.00237742,413.5635161,13.85546774,599.9769677,100.9569355,0.064024939,41.25230645,39.93473871,999.9,0,0,5001.290323,0,786.6611935,-6.790742581,419.0458387,424.6919677,2.87943,420.0194516,11.00237742,1.401464194,1.110766129,11.93338387,8.456307097,1800.014839,0.978003161,0.021996626,0,211.1944516,4.99918,4298.014194,17282.03548,48.60874194,49.812,48.891,49.016,50.891,1755.534839,39.48,0,55.80000019,0,211.21516,-0.416384637,80.52230756,4298.5676,15,1745749721,13:28:40,1745749710,1745749721,4,0.148,0.007,-0.316,-0.026,420,11,1.56,0.16,-6.797472683,0.117330408,0.125594447,1,211.0883529,2.244369734,0.653871317,0,2.882206585,-0.045552249,0.00643595,1,2,3,02-Mar,3.21947,2.67099,0.0986898,0.100943,0.0756749,0.0640842,26118.9,24081.1,27560.4,24579.1,32736.3,24323.8,39364.6,27340.2,1.818,1.3466,0.110716,0,38.1611,999.9,11.2,47.4,12.0873,29.9709,19.5312,1,1.01419,0,20.2466,5.22088,11.9141,4.9572,3.2926,9999,9999,9999,999.9,4.97259,1.85526,1.85727,1.85748,1.85672,1.85651,1.85187,1.85376,0,0,0,0,11111111,oooooooo,on,on,on,on,0,100,100,-0.335,0.0239,-1.21451556,0.00151024,1.49E-06,5.40E-12,-0.083940687,-0.011177753,0.001682567,-2.18E-05,3,2244,0,20,0.7,0.5,1.06567,2.63306,1.59424,2.0874,1.50269,2.57568,49.421,24.0963,18,619.32,347.934,39.9346,40.059,30.0001,40.0283,40.043,21.4041,-30,-30,-999.9,420,0,98.2907,73.711
73,1745749791,15086.1,20250427 13:29:51,13:29:51,15,A,2,2%,5561.19,1745749783,0.008529174,8.529173933,16.62750077,413.3014667,191.6922485,19.3661442,41.75471811,0.143393108,2.000379213,0.137917652,0.08667306,257.6710506,40.2837455,39.78326,7.32824061,17.01283875,1.348764544,7.927921753,5.979476066,-376.1365705,159.3696437,19.62508565,60.52920949,0,0,1,0,24142,RECT-12807-20250324-17_57_43,10114.7,315.2007692,539.79,0.416067787,-0.222077465,MPF-14691-20250427-13_29_53,10067,207.6556154,245.1282475,0.152869498,0.5,1345.205009,16.62750077,102.8204072,0.012525658,1.202071795,185.2021279,DARK-14692-20250427-13_30_00,166.37,166.37,0.32129405,0.475793118,0.78908937,-0.534769283,1.312003035,0.381197016,0.618802984,14691,290,239.2,275,10067,239.34,-0.14,300,24,245.1282475,2.524340074,-5.8238099,2.258163226,0.191948502,-0.007008933,290,239.92,775,10052.8,239.34,0.58,None,None,None,None,None,None,None,None,None,None,None,None,None,1600,1345.205009,0.840747876,0.1610434,2,0.5,0: Broadleaf,2,1745749783,413.3014667,420.0190667,13.3505,10.54537333,413.6362333,13.33586667,599.9946667,100.9641667,0.06310152,41.26103333,39.78326,999.9,0,0,5003,0,688.8847667,-6.717679667,418.8938667,424.4956667,2.805131667,420.0190667,10.54537333,1.347922333,1.064704,11.34401,7.833101,1600.01,0.974993333,0.025006533,0,207.6555333,4.99918,3807.938,15341.48667,48.7416,49.937,49.0704,49.1166,51.05373333,1555.125667,39.887,0,37.20000005,0,207.6556154,-1.89818804,-22.33094015,3807.987692,15,1745749721,13:28:40,1745749710,1745749721,4,0.148,0.007,-0.316,-0.026,420,11,1.56,0.16,-6.68937122,-0.591357073,0.132549286,0,208.0351176,-6.527211612,0.929678748,0,2.807307073,-0.036874495,0.006072505,1,1,3,01-Mar,3.21921,2.67127,0.0986788,0.10094,0.0735418,0.0619994,26117.2,24080.4,27558.3,24578.4,32809.9,24376.8,39362.8,27339.1,1.818,1.347,0.0992715,0,38.2123,999.9,10.8,47.4,11.6583,29.9809,19.5473,1,1.01691,0,20.2486,5.21729,11.9141,4.9572,3.2928,9999,9999,9999,999.9,4.97247,1.85526,1.85727,1.85757,1.85681,1.85651,1.85181,1.85373,0,0,0,0,11111111,oooooooo,on,on,on,on,0,100,100,-0.335,0.0127,-1.21451556,0.00151024,1.49E-06,5.40E-12,-0.083940687,-0.011177753,0.001682567,-2.18E-05,3,2244,0,20,1.4,1.2,1.06567,2.63672,1.59424,2.08618,1.50269,2.47925,49.3894,24.0875,18,619.455,348.217,39.9424,40.0788,30.0004,40.044,40.0586,21.3995,-30,-30,-999.9,420,0,98.285,73.7083
74,1745749831,15125.6,20250427 13:30:30,13:30:30,15,A,2,2%,5561.37,1745749823,0.00826028,8.260279736,16.14681206,413.4747667,191.2705403,19.32302759,41.77111807,0.138666071,2.000711285,0.133539542,0.083907021,225.7821034,40.10448937,39.66124667,7.280533912,16.36958142,1.296794719,7.921978491,5.983739193,-364.2783364,171.0290538,21.04365382,53.57647467,0,0,1,0,24486,RECT-12807-20250324-17_57_43,10114.7,315.2007692,539.79,0.416067787,-0.222077465,MPF-14693-20250427-13_30_32,10081.9,203.9474615,249.5491233,0.182736213,0.5,1177.211001,16.14681206,107.55954,0.013904805,1.163061096,187.7146098,DARK-14694-20250427-13_30_40,154.6,154.6,0.380482696,0.4802747,0.75350055,-0.694600433,1.292318762,0.364066648,0.635933352,14693,290,240.57,135,10081.9,240.04,0.53,300,24,249.5491233,3.056351675,-9.588516699,2.725966907,0.306460678,-0.007175313,290,239.81,645,10059.5,240.02,-0.21,None,None,None,None,None,None,None,None,None,None,None,None,None,1400,1177.211001,0.840867003,0.161273315,2,0.5,0: Broadleaf,2,1745749823,413.4747667,419.9954,12.83642667,10.11839,413.8091,12.83269333,600.0101,100.9612,0.06338828,41.24687,39.66124667,999.9,0,0,5004.5,0,755.1262667,-6.520586667,418.8512333,424.2885333,2.718037667,419.9954,10.11839,1.295979667,1.021564333,10.75222,7.227487,1399.996667,0.9709975,0.029002717,0,203.9636667,4.99918,3315.572333,13400.32333,48.75,50.062,49.1912,49.1954,51.13946667,1354.536667,40.46,0,37.20000005,0,203.9474615,-1.746393175,-17.79076921,3315.673846,15,1745749721,13:28:40,1745749710,1745749721,4,0.148,0.007,-0.316,-0.026,420,11,1.56,0.16,-6.47385975,-0.634489644,0.123553802,0,204.396,-7.180106956,0.991669685,0,2.7235105,-0.095761801,0.010143393,1,1,3,01-Mar,3.21867,2.67286,0.0987147,0.100905,0.0714023,0.0600219,26114.1,24079.8,27556.3,24576.9,32883.6,24427,39360.8,27337.9,1.8172,1.3462,0.0886619,0,38.2601,999.9,10.4,47.4,11.2256,29.4109,19.6314,1,1.01949,0,20.2503,5.21729,11.9141,4.9572,3.293,9999,9999,9999,999.9,4.97256,1.85532,1.85727,1.85751,1.85675,1.85654,1.85187,1.85379,0,0,0,0,11111111,oooooooo,on,on,on,on,0,100,100,-0.334,0.002,-1.21451556,0.00151024,1.49E-06,5.40E-12,-0.083940687,-0.011177753,0.001682567,-2.18E-05,3,2244,0,20,2,1.8,1.06567,2.6355,1.59424,2.0874,1.50269,2.43042,49.3894,24.0963,18,619.006,347.865,39.9539,40.1065,30.0006,40.0637,40.0741,21.4005,-30,-30,-999.9,420,0,98.2792,73.7046
75,1745749870,15165.1,20250427 13:31:10,13:31:10,15,A,2,2%,5561.28,1745749862,0.007945632,7.945632118,15.79486878,413.6335,188.4713244,19.03885871,41.78412704,0.133324589,1.999766272,0.128575976,0.080772539,193.7995015,39.91102183,39.52199333,7.226415648,15.7597127,1.245607256,7.903743423,5.980808392,-350.4023764,181.2701336,22.29477772,46.96203634,0,0,1,0,24489,RECT-12807-20250324-17_57_43,10114.7,315.2007692,539.79,0.416067787,-0.222077465,MPF-14695-20250427-13_31_12,10070,199.6858846,252.4968593,0.209154977,0.5,1009.163671,15.79486878,105.535802,0.015871505,1.137808769,189.3776524,DARK-14696-20250427-13_31_19,157.71,157.71,0.375398172,0.557155022,0.751918815,-0.842227778,1.279193752,0.440035703,0.559964297,14695,290,241.94,265,10070,240.77,1.17,300,24,252.4968593,2.671048722,-11.80428667,2.374897208,0.468743975,-0.007341407,290,241.3,665,10058.9,240.76,0.54,None,None,None,None,None,None,None,None,None,None,None,None,None,1200,1009.163671,0.840985845,0.16150268,2,0.5,0: Broadleaf,2,1745749862,413.6335,419.9938333,12.33063667,9.714812333,413.9674,12.33724333,600.0141,100.9541333,0.063136893,41.20335667,39.52199333,999.9,0,0,5001,0,934.4896,-6.360327667,418.7976,424.1139333,2.615831667,419.9938333,9.714812333,1.244828333,0.980749767,10.14863667,6.633371667,1199.977,0.967000267,0.03299964,0,199.7004,4.99918,2835.268667,11464.07,48.7269,50.1684,49.312,49.28926667,51.187,1155.544,39.433,0,37.20000005,0,199.6858846,-0.43894015,-19.54871793,2835.360769,15,1745749721,13:28:40,1745749710,1745749721,4,0.148,0.007,-0.316,-0.026,420,11,1.56,0.16,-6.347399,0.046803377,0.117043855,1,200.0921471,-6.322154313,0.857932917,0,2.623011,-0.142787617,0.014589975,0,1,3,01-Mar,3.21912,2.6713,0.0987272,0.100873,0.0692651,0.0581346,26111,24078.4,27553.6,24574.7,32956.2,24473.9,39357.7,27335.7,1.8168,1.347,0.0781417,0,38.2873,999.9,10.1,47.4,10.9017,29.8409,19.5112,1,1.02226,0,20.2519,5.22328,11.9141,4.958,3.293,9999,9999,9999,999.9,4.97256,1.85529,1.8573,1.85757,1.85678,1.85654,1.8519,1.85376,0,0,0,0,11111111,oooooooo,on,on,on,on,0,100,100,-0.334,-0.0082,-1.21451556,0.00151024,1.49E-06,5.40E-12,-0.083940687,-0.011177753,0.001682567,-2.18E-05,3,2244,0,20,2.7,2.5,1.06445,2.63428,1.59424,2.08862,1.50269,2.56104,49.3894,24.105,18,618.866,348.38,39.9658,40.1303,30.0006,40.0833,40.0936,21.3993,-30,-30,-999.9,420,0,98.2706,73.6983
76,1745749910,15204.6,20250427 13:31:49,13:31:49,15,A,2,2%,5561.28,1745749902,0.007599039,7.599038902,14.73029552,414.0291,193.3152505,19.52883054,41.82548511,0.127240879,1.999753327,0.122908141,0.077194577,161.9065149,39.72922019,39.40999667,7.18314358,15.17278058,1.196383075,7.885061464,5.986760505,-335.1176156,188.5274954,23.17015436,38.48654908,0,0,1,0,24834,RECT-12807-20250324-17_57_43,10114.7,315.2007692,539.79,0.416067787,-0.222077465,MPF-14697-20250427-13_31_51,10076.4,195.0688846,263.6159305,0.260026189,0.5,841.2061674,14.73029552,109.3678171,0.017774921,1.047638013,195.564356,DARK-14698-20250427-13_31_59,155.98,155.98,0.408305865,0.636841671,0.719559338,-1.328821559,1.229685273,0.509228133,0.490771867,14697,290,244.17,215,10076.4,244.81,-0.64,300,24,263.6159305,2.521071829,-18.94790967,2.234910157,0.719660997,-0.007508531,290,243.08,635,10062.6,244.79,-1.71,None,None,None,None,None,None,None,None,None,None,None,None,None,1000,841.2061674,0.841193858,0.161904146,2,0.5,0: Broadleaf,2,1745749902,414.0291,419.9883667,11.84295667,9.339762667,414.3619667,11.85910333,599.957,100.9564333,0.06420775,41.15868667,39.40999667,999.9,0,0,5000.833333,0,1022.476,-5.95909,418.9913333,423.9477667,2.503196,419.9883667,9.339762667,1.195623,0.942909467,9.547042333,6.062727333,1000.014633,0.960008133,0.039991903,0,195.0955,4.99918,2363.709,9524.049667,48.62706667,50.25,49.375,49.375,51.187,955.2233333,39.796,0,37.20000005,0,195.0688846,-0.477709387,-19.88068376,2363.772692,15,1745749721,13:28:40,1745749710,1745749721,4,0.148,0.007,-0.316,-0.026,420,11,1.56,0.16,-5.976444878,0.391037352,0.128256513,1,195.5229706,-6.566646296,0.914289518,0,2.513600244,-0.183452613,0.018610444,0,1,3,01-Mar,3.21859,2.67297,0.0987693,0.100845,0.0671478,0.0563475,26107.6,24078.6,27551.3,24574.3,33028.2,24519,39354.7,27334.4,1.8172,1.3454,0.0664592,0,38.3374,999.9,9.8,47.3,10.525,29.6609,19.6595,1,1.02459,0,20.2539,5.22208,11.9141,4.9564,3.293,9999,9999,9999,999.9,4.97256,1.85526,1.85727,1.85751,1.85675,1.85654,1.85187,1.85376,0,0,0,0,11111111,oooooooo,on,on,on,on,0,100,100,-0.333,-0.0178,-1.21451556,0.00151024,1.49E-06,5.40E-12,-0.083940687,-0.011177753,0.001682567,-2.18E-05,3,2244,0,20,3.3,3.2,1.06445,2.63428,1.59424,2.08618,1.50269,2.53418,49.3894,24.0963,18,619.377,347.637,39.9761,40.1581,30.0001,40.1068,40.1169,21.3991,-30,-30,-999.9,420,0,98.2629,73.6959
77,1745749949,15244.1,20250427 13:32:29,13:32:29,15,A,2,2%,5561.28,1745749941,0.007228091,7.228091356,13.89722467,414.3742667,195.2033767,19.71850463,41.85809198,0.120911396,1.998187824,0.116988885,0.073459875,129.9772922,39.53775067,39.28182,7.133895911,14.61449854,1.148595148,7.859285383,5.985300763,-318.7588288,195.5322153,24.02801375,30.77869243,0,0,1,0,25178,RECT-12807-20250324-17_57_43,10114.7,315.2007692,539.79,0.416067787,-0.222077465,MPF-14699-20250427-13_32_31,10087.2,189.6867692,269.2466523,0.295490705,0.5,673.1729393,13.89722467,99.45817319,0.020974257,1.004816013,198.6462102,DARK-14700-20250427-13_32_38,151.2,151.2,0.438433129,0.673969838,0.696217987,-1.731289566,1.204614071,0.53722376,0.46277624,14699,290,250.79,135,10087.2,249.88,0.91,300,24,269.2466523,3.26502169,-19.53254874,2.885783937,0.620663828,-0.007675733,290,247.62,755,10059.3,249.83,-2.21,None,None,None,None,None,None,None,None,None,None,None,None,None,800,673.1729393,0.841490297,0.162476273,2,0.5,0: Broadleaf,2,1745749941,414.3742667,420.0046,11.37052,8.988743667,414.7061,11.39552667,600.0483,100.9522,0.062982043,41.09690333,39.28182,999.9,0,0,4994.666667,0,1000.421333,-5.630272333,419.1401,423.8139667,2.381773333,420.0046,8.988743667,1.14788,0.907434433,8.942095,5.509075,799.9770667,0.9500075,0.04999288,0,189.6458667,4.99918,1909.337667,7584.593333,48.4685,50.312,49.375,49.43286667,51.125,755.2356667,39.74,0,37.20000005,0,189.6867692,-1.987897446,-31.65914526,1909.386538,15,1745749721,13:28:40,1745749710,1745749721,4,0.148,0.007,-0.316,-0.026,420,11,1.56,0.16,-5.638576341,0.559975819,0.141533588,0,190.0823529,-6.638044309,0.912006124,0,2.392765854,-0.218341254,0.022217733,0,0,3,0/3,3.21844,2.67179,0.0988574,0.10084,0.0650354,0.0546755,26104.3,24077.6,27550.7,24573.4,33100.6,24562.5,39352.2,27334.7,1.8156,1.3466,0.0559986,0,38.3787,999.9,9.5,47.3,10.2032,29.6709,19.5353,1,1.02732,0,20.2558,5.22208,11.9141,4.9576,3.2926,9999,9999,9999,999.9,4.97253,1.85529,1.8573,1.85748,1.85681,1.85654,1.85184,1.85376,0,0,0,0,11111111,oooooooo,on,on,on,on,0,100,100,-0.331,-0.0268,-1.21451556,0.00151024,1.49E-06,5.40E-12,-0.083940687,-0.011177753,0.001682567,-2.18E-05,3,2244,0,20,4,3.8,1.06445,2.63428,1.59424,2.0874,1.50269,2.50366,49.3579,24.105,18,618.359,348.365,39.9868,40.1898,30.0004,40.1329,40.1373,21.398,-30,-30,-999.9,420,0,98.2584,73.6949
78,1745749989,15283.6,20250427 13:33:08,13:33:08,15,A,2,2%,5561.28,1745749981,0.006810542,6.810542389,12.74862824,414.8096667,200.4949287,20.25310777,41.90223134,0.113814895,1.998788323,0.110333184,0.069262186,98.07122268,39.33707094,39.15146333,7.084111195,14.08005595,1.101350442,7.822060126,5.982760753,-300.3449194,199.9896861,24.54253162,22.25852106,0,0,1,0,25017,RECT-12807-20250324-17_57_43,10114.7,315.2007692,539.79,0.416067787,-0.222077465,MPF-14701-20250427-13_33_10,10091.4,186.0403077,286.7014956,0.351101021,0.5,505.2106009,12.74862824,88.68997898,0.025673859,0.882759624,207.9885441,DARK-14702-20250427-13_33_18,152.04,152.04,0.469692337,0.747512772,0.652710521,-3.532061533,1.126895103,0.610899021,0.389100979,14701,290,264.81,125,10091.4,263.44,1.37,300,24,286.7014956,2.219543997,-23.47640834,1.955974624,0.83726402,-0.00784349,290,261.6,685,10065,263.38,-1.78,None,None,None,None,None,None,None,None,None,None,None,None,None,600,505.2106009,0.841993437,0.163447334,2,0.5,0: Broadleaf,2,1745749981,414.8096667,420.0009667,10.90278,8.657322667,415.1401667,10.93618333,599.9925667,100.9511,0.064461367,41.00736667,39.15146333,999.9,0,0,4997.166667,0,934.8794,-5.191367333,419.3820333,423.6688,2.245458667,420.0009667,8.657322667,1.100648667,0.873967033,8.321383667,4.968951,600.0172667,0.9329969,0.067002993,0,186.0480667,4.99918,1484.812,5645.340667,48.24136667,50.3162,49.312,49.43493333,51.01446667,555.1496667,39.87,0,37.20000005,0,186.0403077,-6.179965802,-38.408547,1484.892692,15,1745749721,13:28:40,1745749710,1745749721,4,0.148,0.007,-0.316,-0.026,420,11,1.56,0.16,-5.21149825,0.376616398,0.107230562,1,186.7017059,-12.13326201,1.374591501,0,2.257607,-0.280372908,0.027317128,0,1,3,01-Mar,3.21857,2.67312,0.0989293,0.100848,0.0629605,0.0530607,26100.7,24076.9,27549.2,24572.9,33172.3,24603.6,39350.7,27333.8,1.8164,1.345,0.0470877,0,38.3743,999.9,9.2,47.3,9.87936,29.8509,19.6234,1,1.02959,0,20.2577,5.21849,11.9141,4.958,3.293,9999,9999,9999,999.9,4.97256,1.85529,1.8573,1.85751,1.85681,1.85654,1.85181,1.85376,0,0,0,0,11111111,oooooooo,on,on,on,on,0,100,100,-0.33,-0.035,-1.21451556,0.00151024,1.49E-06,5.40E-12,-0.083940687,-0.011177753,0.001682567,-2.18E-05,3,2244,0,20,4.6,4.5,1.06445,2.6355,1.59424,2.08862,1.50269,2.50488,49.3579,24.105,18,619.163,347.623,39.9931,40.2137,30.0003,40.1541,40.1599,21.3989,-30,-30,-999.9,420,0,98.2539,73.693
79,1745750028,15323.1,20250427 13:33:48,13:33:48,15,A,2,2%,5561.19,1745750020,0.006380614,6.380614361,11.68887382,415.2259667,203.996045,20.60619805,41.94310975,0.106111003,1.999577875,0.103079079,0.064689615,82.09457455,39.27899585,39.08215333,7.057763796,13.56233045,1.056184087,7.787629792,6.00157971,-281.3850933,198.5774346,24.34180761,23.62872348,0,0,1,0,24339,RECT-12807-20250324-17_57_43,10114.7,315.2007692,539.79,0.416067787,-0.222077465,MPF-14703-20250427-13_33_50,10077.7,187.1485385,309.529859,0.395378077,0.5,421.1938465,11.68887382,83.26540661,0.028279025,0.743902839,219.745694,DARK-14704-20250427-13_33_57,159.45,159.45,0.484863914,0.815441335,0.60540606,-21.58054273,1.025250143,0.6947536,0.3052464,14703,290,280.1,295,10077.7,278.12,1.98,300,24,309.529859,2.176768197,-31.65821455,1.91553216,0.907021668,-0.007927892,290,275.16,665,10067.9,278.09,-2.93,None,None,None,None,None,None,None,None,None,None,None,None,None,500,421.1938465,0.842376686,0.164187004,2,0.5,0: Broadleaf,2,1745750020,415.2259667,420.0054667,10.45595,8.351283333,415.5554,10.49699333,599.9904,100.9487333,0.063999783,40.92422333,39.08215333,999.9,0,0,5000.5,0,797.4193667,-4.77944,419.6133667,423.5425333,2.104669333,420.0054667,8.351283333,1.055515333,0.8430521,7.705940333,4.45354,500.0065333,0.919978567,0.08002142,0,187.1044667,4.99918,1289.376,4676.409,47.9685,50.29753333,49.187,49.375,50.8435,455.396,39.612,0,37.20000005,0,187.1485385,-10.20670084,-63.73299142,1289.426538,15,1745749721,13:28:40,1745749710,1745749721,4,0.148,0.007,-0.316,-0.026,420,11,1.56,0.16,-4.770216098,0.240524111,0.126260776,1,188.0763529,-17.5320397,1.922740414,0,2.118578537,-0.283281951,0.028515154,0,1,3,01-Mar,3.21909,2.67363,0.0989746,0.100865,0.0609825,0.0515516,26098.4,24076.3,27548.3,24572.9,33241.2,24642.2,39349.8,27333.3,1.816,1.3454,0.0455081,0,38.3227,999.9,8.9,47.3,9.55898,29.9509,19.4151,1,1.02992,0,20.2587,5.21729,11.9141,4.9568,3.2928,9999,9999,9999,999.9,4.9725,1.85529,1.8573,1.85751,1.85672,1.85654,1.85187,1.85373,0,0,0,0,11111111,oooooooo,on,on,on,on,0,100,100,-0.33,-0.0424,-1.21451556,0.00151024,1.49E-06,5.40E-12,-0.083940687,-0.011177753,0.001682567,-2.18E-05,3,2244,0,20,5.3,5.1,1.06445,2.63428,1.59424,2.0874,1.50269,2.4353,49.3579,24.105,18,618.99,347.889,39.9938,40.2336,30,40.1699,40.1716,21.397,-30,-30,-999.9,420,0,98.2512,73.6923
80,1745750068,15362.6,20250427 13:34:27,13:34:27,15,A,2,2%,5561.28,1745750060,0.005941008,5.941008222,10.32857356,415.7174667,212.6606066,21.48146068,41.99281926,0.098336678,1.99945676,0.095726716,0.060057923,66.12948675,39.19899136,39.01327667,7.031665349,13.07221417,1.012195978,7.743110424,6.019469371,-261.9984626,194.3502741,23.80488569,22.28618401,0,0,1,0,24776,RECT-12807-20250324-17_57_43,10114.7,315.2007692,539.79,0.416067787,-0.222077465,MPF-14705-20250427-13_34_29,10101,190.7105769,336.3790215,0.433048541,0.5,337.192422,10.32857356,73.01034323,0.031289704,0.604707682,232.9457076,DARK-14706-20250427-13_34_37,153.97,153.97,0.542272288,0.798581361,0.5272173,6.878208965,0.905702281,0.64473389,0.35526611,14705,290,305.86,85,10101,303.02,2.84,300,24,336.3790215,3.182888425,-33.69518519,2.797032031,0.838266706,-0.008012507,290,298.48,635,10072,302.92,-4.44,None,None,None,None,None,None,None,None,None,None,None,None,None,400,337.192422,0.842963915,0.165320355,2,0.5,0: Broadleaf,2,1745750060,415.7174667,419.9839667,10.02046433,8.059796667,416.0456667,10.06857967,599.9463,100.9488667,0.064014973,40.81624333,39.01327667,999.9,0,0,5000,0,624.2911333,-4.266514667,419.9254,423.3965667,1.960666333,419.9839667,8.059796667,1.011554667,0.8136272,7.083694667,3.947208667,400.0081333,0.899959,0.100041,0,190.6915667,4.99918,1103.396667,3707.09,47.67686667,50.1912,49.02686667,49.2458,50.62896667,355.4923333,39.52,0,37.20000005,0,190.7105769,-14.21350427,-45.92957263,1103.443846,15,1745749721,13:28:40,1745749710,1745749721,4,0.148,0.007,-0.316,-0.026,420,11,1.56,0.16,-4.285940244,0.253471568,0.117911074,1,191.5913235,-17.01116884,1.760332116,0,1.976735366,-0.299812892,0.029882444,0,1,3,01-Mar,3.21889,2.67294,0.0990716,0.10084,0.058998,0.0500865,26097.7,24079.1,27550.5,24575.1,33313.3,24682.8,39352.4,27336.3,1.8168,1.3456,0.0479817,0,38.2123,999.9,8.7,47.2,9.29717,29.9509,19.4111,1,1.02896,0,20.2597,5.21969,11.9141,4.9556,3.2926,9999,9999,9999,999.9,4.97259,1.85532,1.8573,1.85757,1.85675,1.85654,1.85181,1.85376,0,0,0,0,11111111,oooooooo,on,on,on,on,0,100,100,-0.328,-0.0494,-1.21451556,0.00151024,1.49E-06,5.40E-12,-0.083940687,-0.011177753,0.001682567,-2.18E-05,3,2244,0,20,6,5.8,1.06445,2.6355,1.59424,2.0874,1.50269,2.42798,49.3579,24.105,18,619.642,347.995,39.9861,40.2376,29.9998,40.1738,40.1716,21.396,-30,-30,-999.9,420,0,98.2583,73.6996
81,1745750107,15402.1,20250427 13:35:07,13:35:07,15,A,2,2%,5561.28,1745750099,0.005442764,5.442764074,9.182364114,416.1970333,218.0843232,22.03063275,42.04375565,0.089981724,1.999814074,0.087791481,0.05506202,49.59168924,39.11069855,38.88732333,6.984156068,12.58812649,0.96783789,7.688498287,6.016318179,-240.0258957,193.604073,23.67980815,26.8496747,0,0,1,0,24616,RECT-12807-20250324-17_57_43,10114.7,315.2007692,539.79,0.416067787,-0.222077465,MPF-14707-20250427-13_35_09,10089.4,197.8930769,394.8620017,0.498829778,0.5,252.9044551,9.182364114,63.07813664,0.037185749,0.367034553,259.5690699,DARK-14708-20250427-13_35_16,165.37,165.37,0.581195457,0.858282308,0.387073335,2.47258194,0.645302528,0.717226431,0.282773569,14707,290,347.62,115,10089.4,344.1,3.52,300,24,394.8620017,2.298268497,-51.22000895,2.014923668,0.958468852,-0.0080895,290,335.71,625,10065.4,343.97,-8.26,None,None,None,None,None,None,None,None,None,None,None,None,None,300,252.9044551,0.842949662,0.165292848,2,0.5,0: Broadleaf,2,1745750099,416.1970333,420.0129667,9.580763,7.783863,416.5238667,9.63565,599.9909,100.9547,0.064173943,40.68304667,38.88732333,999.9,0,0,5001.166667,0,513.19,-3.815795,420.2232,423.3078,1.796901,420.0129667,7.783863,0.967221933,0.7858166,6.43157,3.453549667,300.0232,0.9000156,0.099984303,0,197.8704,4.99918,929.1249333,2768.800667,47.31436667,50.03513333,48.77686667,49.07043333,50.37056667,265.526,29.499,0,37.20000005,0,197.8930769,-6.249777752,-22.79165812,929.1355385,15,1745749721,13:28:40,1745749710,1745749721,4,0.148,0.007,-0.316,-0.026,420,11,1.56,0.16,-3.842134878,0.404590035,0.123986591,1,198.0551765,-4.992452239,0.7262,0,1.812045366,-0.320992474,0.031985693,0,1,3,01-Mar,3.2186,2.67146,0.0991539,0.100837,0.0569447,0.0487413,26096.9,24081.7,27552.2,24577.6,33388.8,24719.7,39356,27338.6,1.8154,1.3466,0.0527501,0,38.0254,999.9,8.4,47.2,8.9756,29.8109,19.3349,1,1.02494,0,20.2608,5.22088,11.9141,4.9568,3.293,9999,9999,9999,999.9,4.97259,1.85529,1.8573,1.85754,1.85675,1.85654,1.85184,1.85376,0,0,0,0,11111111,oooooooo,on,on,on,on,0,100,100,-0.327,-0.0562,-1.21451556,0.00151024,1.49E-06,5.40E-12,-0.083940687,-0.011177753,0.001682567,-2.18E-05,3,2244,0,20,6.6,6.4,1.06445,2.63428,1.59424,2.0874,1.50269,2.41211,49.3264,24.105,18,618.414,348.456,39.9634,40.2153,29.9994,40.1557,40.156,21.3929,-30,-30,-999.9,420,0,98.2661,73.7065
82,1745750147,15441.6,20250427 13:35:46,13:35:46,15,A,2,2%,5561.28,1745750139,0.004933799,4.933798867,7.306898382,416.8813,237.7864246,24.01967376,42.11070015,0.081244669,1.999715605,0.079454469,0.0498166,33.04830271,39.02722459,38.803,6.952505322,12.10959304,0.924535478,7.634736156,6.027969844,-217.58053,188.4624882,23.0281657,26.95842656,0,0,1,0,24541,RECT-12807-20250324-17_57_43,10114.7,315.2007692,539.79,0.416067787,-0.222077465,MPF-14709-20250427-13_35_48,10076.5,206.0705385,460.1781771,0.552194022,0.5,168.581937,7.306898382,46.54496895,0.044660632,0.173002169,286.2802933,DARK-14710-20250427-13_35_56,165.05,165.05,0.641334578,0.861007719,0.21244549,1.752739564,0.354477473,0.68961495,0.31038505,14709,290,409.24,165,10076.5,403.66,5.58,300,24,460.1781771,2.902149691,-56.94975395,2.538504857,0.947299167,-0.008165804,290,394.75,635,10058.1,403.56,-8.81,None,None,None,None,None,None,None,None,None,None,None,None,None,200,168.581937,0.842924577,0.165244433,2,0.5,0: Broadleaf,2,1745750139,416.8813,420.0021667,9.15258,7.523225333,417.2062333,9.213686667,600.0709333,100.9499667,0.06367954,40.55112,38.803,999.9,0,0,5001,0,558.0288667,-3.121014667,420.7320333,423.1860667,1.629354667,420.0021667,7.523225333,0.9239526,0.759469233,5.769116,2.971409333,199.9964667,0.9000267,0.099973317,0,206.0859667,4.99918,739.8059,1830.057667,46.93526667,49.8351,48.51643333,48.8603,50.07896667,175.502,19.497,0,37.20000005,0,206.0705385,13.85326497,14.19476922,739.7976538,15,1745749721,13:28:40,1745749710,1745749721,4,0.148,0.007,-0.316,-0.026,420,11,1.56,0.16,-3.19943625,1.737510056,0.220757587,0,205.3264706,16.57408709,1.718517662,0,1.6428985,-0.328626417,0.031977774,0,0,3,0/3,3.21834,2.6708,0.0992754,0.100849,0.0549134,0.0473904,26097.6,24084.6,27556.6,24580.8,33464.3,24758.2,39360.5,27342.4,1.8158,1.3478,0.0567734,0,37.8484,999.9,8.2,47.2,8.7627,29.5409,19.379,1,1.01909,0,20.2619,5.22208,11.9141,4.958,3.293,9999,9999,9999,999.9,4.97253,1.85526,1.85727,1.85757,1.85678,1.85654,1.85184,1.85376,0,0,0,0,11111111,oooooooo,on,on,on,on,0,100,100,-0.325,-0.0624,-1.21451556,0.00151024,1.49E-06,5.40E-12,-0.083940687,-0.011177753,0.001682567,-2.18E-05,3,2244,0,20,7.3,7.1,1.06445,2.6355,1.59424,2.0874,1.50269,2.42798,49.2635,24.105,18,618.431,348.931,39.9284,40.174,29.9991,40.1226,40.1208,21.3922,-30,-30,-999.9,420,0,98.2791,73.7164
83,1745750186,15481.1,20250427 13:36:26,13:36:26,15,A,2,2%,5561.1,1745750178,0.00443382,4.433819647,4.393790413,417.9324667,284.9285378,28.78142389,42.21652058,0.07283891,2.000598493,0.071397063,0.044750331,16.51102968,38.93891484,38.69868333,6.913522288,11.64340057,0.882614255,7.580382123,6.030908032,-195.5314464,185.3225909,22.60861435,28.91078851,0,0,1,0,24122,RECT-12807-20250324-17_57_43,10114.7,315.2007692,539.79,0.416067787,-0.222077465,MPF-14711-20250427-13_36_28,10069.4,207.3332308,501.390914,0.586483869,0.5,84.28721912,4.393790413,24.7165472,0.054763556,0.076585125,301.7082202,DARK-14712-20250427-13_36_35,178.66,178.66,0.643671245,0.911154372,0.106330368,1.579340752,0.170974743,0.785145919,0.214854081,14711,290,453.65,165,10069.4,449.96,3.69,300,24,501.390914,2.392564194,-51.78311621,2.087909167,0.956461605,-0.008243007,290,445.25,655,10050.3,449.87,-4.62,None,None,None,None,None,None,None,None,None,None,None,None,None,100,84.28721912,0.842853143,0.165106565,2,0.5,0: Broadleaf,2,1745750178,417.9324667,420.0146333,8.737649333,7.2727,418.2545,8.804421,600.0314667,100.9485667,0.06421397,40.41692,38.69868333,999.9,0,0,5004.666667,0,735.986,-2.082320333,421.6164333,423.0918,1.464947667,420.0146333,7.2727,0.882053567,0.734169033,5.101034333,2.494303667,100.00226,0.899915967,0.10008404,0,207.3381667,4.99918,522.9501,891.5745667,46.51846667,49.58723333,48.2081,48.61236667,49.74143333,85.49533333,9.511,0,37.20000005,0,207.3332308,8.608820519,3.470017088,522.9613077,15,1745749721,13:28:40,1745749710,1745749721,4,0.148,0.007,-0.316,-0.026,420,11,1.56,0.16,-2.20170625,2.66436394,0.282361786,0,206.8732647,9.705775414,1.064933146,0,1.48128,-0.319439325,0.03104179,0,0,3,0/3,3.21872,2.67279,0.0995249,0.100893,0.0529641,0.0461276,26096.2,24088.6,27562.6,24585.8,33540.4,24795.2,39368.9,27347.1,1.8178,1.3472,0.0636876,0,37.675,999.9,8,47.2,8.54887,30.0309,19.2989,1,1.01203,0,20.2636,5.22208,11.9141,4.9576,3.293,9999,9999,9999,999.9,4.97256,1.85532,1.8573,1.85754,1.85684,1.85654,1.85184,1.8537,0,0,0,0,11111111,oooooooo,on,on,on,on,0,100,100,-0.322,-0.0679,-1.21451556,0.00151024,1.49E-06,5.40E-12,-0.083940687,-0.011177753,0.001682567,-2.18E-05,3,2244,0,20,7.9,7.8,1.06445,2.63428,1.59424,2.0874,1.50269,2.44751,49.232,24.1138,18,619.557,348.414,39.8876,40.1104,29.9993,40.0731,40.078,21.3899,-30,-30,-999.9,420,0,98.3003,73.7303
84,1745750226,15520.6,20250427 13:37:05,13:37:05,15,A,2,2%,5561.19,1745750218,0.003964169,3.964168898,1.544854074,418.9400667,342.4052111,34.587802,42.31891223,0.064826451,2.000338536,0.063681537,0.039902142,8.236483617,38.90426937,38.63731333,6.890677073,11.205872,0.843270138,7.525252274,6.047406935,-174.8198484,177.145636,21.59328637,32.15555756,0,0,1,0,24477,RECT-12807-20250324-17_57_43,10114.7,315.2007692,539.79,0.416067787,-0.222077465,RECT-14713-20250427-13_37_08,10065.6,208.1448077,473.99,0.560866669,0.5,42.11362973,1.544854074,11.81006561,0.041956287,0.138821494,291.5657654,DARK-14714-20250427-13_37_15,178.81,178.81,0.622755754,0.900620612,0.182281567,1.674201651,0.29297932,0.773691996,0.226308004,14711,290,453.65,165,10069.4,449.96,3.69,300,24,501.390914,2.392564194,-51.78311621,2.087909167,0.956461605,-0.008243007,290,445.25,655,10050.3,449.87,-4.62,None,None,None,None,None,None,None,None,None,None,None,None,None,50,42.11362973,0.842701305,0.164813518,2,0.5,0: Broadleaf,2,1745750218,418.9400667,420.0085,8.348032333,7.037797667,419.2593333,8.419788667,600.0567667,100.9507333,0.063506177,40.27995,38.63731333,999.9,0,0,5003.5,0,925.8304,-1.068438933,422.4668333,422.9853667,1.310233667,420.0085,7.037797667,0.842740067,0.710471,4.448161333,2.034025333,49.97456333,0.899958867,0.100040843,0,208.0738,4.99918,409.1451333,422.0861667,46.13513333,49.3393,47.91013333,48.3936,49.41643333,40.47666667,4.5,0,37.20000005,0,208.1448077,-3.119487193,-5.352170938,409.1807308,15,1745749721,13:28:40,1745749710,1745749721,4,0.148,0.007,-0.316,-0.026,420,11,1.56,0.16,-1.15895795,1.826308931,0.204471216,0,208.1541471,-1.462536286,0.710419931,0,1.32201175,-0.283511032,0.027653158,0,0,3,0/3,3.21811,2.67135,0.0997532,0.100881,0.051096,0.0449131,26095.1,24092.3,27568.2,24589.1,33612.1,24830.2,39375.6,27351.1,1.8168,1.3502,0.0664592,0,37.5256,999.9,7.8,47.1,8.29221,29.5209,19.4912,1,1.00478,0,20.2645,5.21849,11.9141,4.9572,3.2928,9999,9999,9999,999.9,4.97256,1.85529,1.8573,1.85748,1.85669,1.85654,1.85184,1.85373,0,0,0,0,11111111,oooooooo,on,on,on,on,0,100,100,-0.319,-0.0728,-1.21451556,0.00151024,1.49E-06,5.40E-12,-0.083940687,-0.011177753,0.001682567,-2.18E-05,3,2244,0,20,8.6,8.4,1.06445,2.63184,1.59424,2.0874,1.50269,2.51465,49.2006,24.1138,18,618.296,349.759,39.8393,40.0392,29.9992,40.0166,40.0236,21.3893,-30,-30,-999.9,420,0,98.3183,73.7406
85,1745750740,16034.6,20250427 13:45:39,13:45:39,15,A,5,21%,5560.92,1745750732,0.009110164,9.110163705,9.305164333,415.6427667,284.0825255,28.70268298,41.99505951,0.157608133,2.000237525,0.15101964,0.094956274,321.5036983,39.58452208,38.11788333,6.699925393,11.07736571,0.832151158,7.512175545,5.867774236,-401.7582194,229.6330853,27.91870468,177.297269,0,0,1,0,24593,RECT-12807-20250324-17_57_43,10114.7,315.2007692,539.79,0.416067787,-0.222077465,MPF-14717-20250427-13_45_41,10091.9,311.38412,361.9796211,0.139774446,0.5,1681.160809,9.305164333,117.4916606,0.005667062,0.491216545,244.9422335,DARK-14718-20250427-13_45_49,192.52,192.52,0.468146855,0.298569658,0.512023437,1.081589203,0.791713736,0.18459718,0.81540282,14717,290,350.11,165,10091.9,350.24,-0.13,300,24,361.9796211,3.956058054,-11.84332392,3.566944623,0.282499955,-0.006687519,290,352.05,875,10068,350.22,1.83,None,None,None,None,None,None,None,None,None,None,None,None,None,2000,1681.160809,0.840598618,0.160755332,2,0.5,0: Broadleaf,2,1745750732,415.6427667,420.0071,8.23615,5.224149333,415.9713333,8.309280667,599.9421667,100.9727,0.063725703,40.24733333,38.11788333,999.9,0,0,5002,0,1351.266,-4.364173,419.0947,422.2127333,3.012002,420.0071,5.224149333,0.831626333,0.5274964,4.258901667,-2.065050667,1999.956667,0.9799966,0.020003473,0,311.5691333,4.99918,6658.411667,19219.42,47.37466667,49.125,47.92046667,48.25413333,49.70806667,1955.051333,39.907,0,472.2,0,311.38412,-18.71976918,-426.8015378,6656.202,15,1745749721,13:28:40,1745749710,1745749721,4,0.148,0.007,-0.316,-0.026,420,11,1.56,0.16,-4.35060225,-0.076421201,0.102952862,1,312.4380588,-21.74878529,2.22101258,0,3.0061455,0.099662589,0.012059344,1,2,3,02-Mar,3.21825,2.67305,0.098791,0.100559,0.0494269,0.0340962,26144.9,24115.2,27589.8,24602.2,33694.7,25123.8,39402.6,27365.6,1.8156,1.3154,0.0667572,0,37.0948,999.9,5.9,46.7,6.14558,29.9809,20.4848,1,0.972927,0,20.2452,5.22088,11.9141,4.9572,3.293,9999,9999,9999,999.9,4.97244,1.85516,1.85721,1.85745,1.85669,1.85644,1.85181,1.85364,0,0,0,0,11111111,oooooooo,on,on,on,on,0,100,100,-0.328,-0.0733,-1.21451556,0.00151024,1.49E-06,5.40E-12,-0.083940687,-0.011177753,0.001682567,-2.18E-05,3,2244,0,20,17.2,17,1.04858,2.62817,1.59424,2.07031,1.50269,2.47314,48.7016,24.0875,18,613.527,329.681,39.355,39.5736,30.0003,39.5664,39.5925,21.065,-30,-30,-999.9,420,0,98.3897,73.7797
86,1745750779,16074.1,20250427 13:46:19,13:46:19,15,A,5,21%,5561.01,1745750771,0.008653539,8.653539112,8.694447989,415.8977,285.5869788,28.85540232,42.02185795,0.149113886,2.000037022,0.143201537,0.090012629,289.5635757,39.53040291,38.08426,6.687737282,10.73822723,0.80854311,7.529577207,5.879194172,-381.6210749,237.9144658,28.92983439,174.7868011,0,0,1,0,24477,RECT-12807-20250324-17_57_43,10114.7,315.2007692,539.79,0.416067787,-0.222077465,MPF-14719-20250427-13_46_21,10083.7,295.3786923,350.7907848,0.157963364,0.5,1513.170831,8.694447989,119.5127775,0.00589261,0.538780445,239.7672828,DARK-14720-20250427-13_46_28,185.83,185.83,0.470254043,0.335910699,0.533956422,1.556956119,0.841532849,0.211329682,0.788670318,14719,290,338.63,255,10083.7,338.38,0.25,300,24,350.7907848,3.552893981,-12.51330127,3.193209875,0.354189638,-0.006852459,290,339.73,825,10067.7,338.36,1.37,None,None,None,None,None,None,None,None,None,None,None,None,None,1800,1513.170831,0.84065809,0.160870113,2,0.5,0: Broadleaf,2,1745750771,415.8977,419.9956,8.002293,5.140801,416.2254667,8.078198333,599.9870667,100.9764,0.062528447,40.29072667,38.08426,999.9,0,0,5001,0,1359.444667,-4.097743333,419.2527667,422.1658,2.861491333,419.9956,5.140801,0.808042833,0.519099767,3.849309,-2.282006667,1799.983667,0.978002033,0.021997507,0,295.4001,4.99918,5730.636,17281.73667,47.67466667,49.2624,48.0956,48.3666,49.93306667,1755.498667,39.485,0,37.20000005,0,295.3786923,-13.47924787,-263.1275212,5730.996154,15,1745749721,13:28:40,1745749710,1745749721,4,0.148,0.007,-0.316,-0.026,420,11,1.56,0.16,-4.07997575,-0.546262852,0.139461925,0,297.0095,-27.29960277,3.00947203,0,2.8737725,-0.251279325,0.024442503,0,0,3,0/3,3.2184,2.67068,0.0988138,0.100569,0.0481411,0.0336424,26142.3,24114,27587.7,24601.3,33738.1,25134.7,39400.2,27364.7,1.8152,1.3166,0.0674427,0,37.041,999.9,5.8,46.7,6.04078,29.8709,20.4487,1,0.974959,0,20.2474,5.22328,11.9141,4.9572,3.293,9999,9999,9999,999.9,4.9725,1.85519,1.85718,1.85745,1.85669,1.85651,1.85181,1.85367,0,0,0,0,11111111,oooooooo,on,on,on,on,0,100,100,-0.327,-0.0765,-1.21451556,0.00151024,1.49E-06,5.40E-12,-0.083940687,-0.011177753,0.001682567,-2.18E-05,3,2244,0,20,17.8,17.6,1.04858,2.62207,1.59424,2.07031,1.50269,2.42798,48.7016,24.0875,18,613.301,330.31,39.3296,39.5891,30.0006,39.5749,39.5964,21.0631,-30,-30,-999.9,420,0,98.3832,73.7772
87,1745750819,16113.6,20250427 13:46:58,13:46:58,15,A,5,21%,5560.92,1745750811,0.007871962,7.871961865,8.172048784,416.1843,282.1984845,28.51309022,42.05090086,0.134577135,1.999535849,0.129740085,0.081507659,257.6664496,39.54570324,38.06155,6.67951603,10.29770377,0.775135484,7.527265314,5.904380546,-347.1535183,239.6820414,29.14809041,179.3430632,0,0,1,0,24394,RECT-12807-20250324-17_57_43,10114.7,315.2007692,539.79,0.416067787,-0.222077465,MPF-14721-20250427-13_47_00,10083.7,285.1645,344.8774045,0.173142409,0.5,1345.18243,8.172048784,116.454063,0.00624014,0.565164876,236.9898564,DARK-14722-20250427-13_47_08,188.08,188.08,0.454646789,0.380828399,0.554185538,2.012118421,0.867862608,0.251175042,0.748824958,14721,290,334.62,265,10083.7,333.47,1.15,300,24,344.8774045,3.441683882,-11.49867023,3.083764341,0.331802518,-0.007019591,290,335.03,705,10071.8,333.46,1.57,None,None,None,None,None,None,None,None,None,None,None,None,None,1600,1345.18243,0.840747776,0.161043209,2,0.5,0: Broadleaf,2,1745750811,416.1843,420.0007,7.671636333,5.06756,416.5111333,7.751257,599.9494667,100.9755667,0.06356637,40.28496667,38.06155,999.9,0,0,4999,0,1364.445,-3.816362333,419.4018,422.1397667,2.604075,420.0007,5.06756,0.7746477,0.511699733,3.25089,-2.475799,1599.983333,0.9749944,0.025005717,0,285.2243667,4.99918,4953.614333,15341.23,47.8477,49.4308,48.28926667,48.4685,50.13526667,1555.103333,39.881,0,37.20000005,0,285.1645,-7.447555528,-150.951111,4953.872308,15,1745749721,13:28:40,1745749710,1745749721,4,0.148,0.007,-0.316,-0.026,420,11,1.56,0.16,-3.829304634,0.251925993,0.110461819,1,286.3442059,-18.53764705,2.11782806,0,2.625489756,-0.399614007,0.039506522,0,1,3,01-Mar,3.21771,2.67257,0.0988457,0.1005,0.0464799,0.0332129,26139.1,24114.7,27585.5,24600.2,33795.2,25144.5,39398.4,27363.2,1.815,1.3156,0.0672042,0,37.0041,999.9,5.7,46.7,5.93588,29.9609,20.6971,1,0.977236,0,20.2494,5.22088,11.9141,4.9568,3.293,9999,9999,9999,999.9,4.97247,1.85519,1.85715,1.85745,1.85669,1.85644,1.85181,1.85364,0,0,0,0,11111111,oooooooo,on,on,on,on,0,100,100,-0.327,-0.0803,-1.21451556,0.00151024,1.49E-06,5.40E-12,-0.083940687,-0.011177753,0.001682567,-2.18E-05,3,2244,0,20,18.5,18.3,1.04858,2.62329,1.59424,2.07031,1.50269,2.53174,48.7326,24.0963,18,613.267,329.85,39.3083,39.6123,30.0004,39.5895,39.6078,21.0644,-30,-30,-999.9,420,0,98.3773,73.7736
88,1745750858,16153.1,20250427 13:47:38,13:47:38,15,A,5,21%,5561.01,1745750850,0.006963249,6.963248774,7.512991644,416.5345667,277.9522694,28.08395508,42.08613978,0.11786682,1.998707991,0.114137019,0.071660913,225.7849762,39.57166116,38.05199,6.676057836,9.826904338,0.738064192,7.510647983,5.937993643,-307.0792709,236.1468801,28.723018,183.5756034,0,0,1,0,25764,RECT-12807-20250324-17_57_43,10114.7,315.2007692,539.79,0.416067787,-0.222077465,MPF-14723-20250427-13_47_40,10083.8,276.5408846,346.3884193,0.201645121,0.5,1177.226121,7.512991644,118.6909517,0.006570589,0.558337317,237.7023876,DARK-14724-20250427-13_47_47,180.79,180.79,0.478071466,0.421788656,0.538723066,2.239589534,0.861134704,0.275746464,0.724253536,14723,290,332.15,285,10083.8,331.79,0.36,300,24,346.3884193,3.564201285,-14.71872055,3.183981809,0.432850818,-0.007186299,290,333.13,705,10073.1,331.78,1.35,None,None,None,None,None,None,None,None,None,None,None,None,None,1400,1177.226121,0.840866991,0.161273293,2,0.5,0: Broadleaf,2,1745750850,416.5345667,420.0057,7.304762333,5.00064,416.8604333,7.388214333,600.0014667,100.9748,0.063968793,40.24352,38.05199,999.9,0,0,4995.666667,0,1372.164,-3.471077667,419.5997667,422.1165333,2.304122667,420.0057,5.00064,0.737596667,0.504938333,2.559687333,-2.655061,1400.014667,0.970998667,0.029001047,0,276.5575667,4.99918,4242.633333,13400.50333,47.8998,49.5893,48.437,48.6019,50.25,1354.554667,40.46,0,37.20000005,0,276.5408846,-9.281264961,-127.359658,4242.727308,15,1745749721,13:28:40,1745749710,1745749721,4,0.148,0.007,-0.316,-0.026,420,11,1.56,0.16,-3.474570976,0.194844669,0.114911556,1,277.1875588,-13.46782276,1.487657183,0,2.325797805,-0.463274843,0.045850878,0,1,3,01-Mar,3.21795,2.6725,0.0988993,0.100512,0.0446404,0.0328414,26135.6,24112,27583.5,24597.9,33857.4,25152.5,39395.2,27361.5,1.8138,1.316,0.0694692,0,36.9797,999.9,5.6,46.6,5.80283,29.5209,20.4888,1,0.979675,0,20.2515,5.22328,11.9141,4.958,3.293,9999,9999,9999,999.9,4.9725,1.85522,1.85727,1.85745,1.85669,1.85651,1.85184,1.85367,0,0,0,0,11111111,oooooooo,on,on,on,on,0,100,100,-0.326,-0.0841,-1.21451556,0.00151024,1.49E-06,5.40E-12,-0.083940687,-0.011177753,0.001682567,-2.18E-05,3,2244,0,20,19.1,19,1.04858,2.62329,1.59424,2.07031,1.50269,2.44507,48.7326,24.0963,18,612.514,330.12,39.2915,39.6357,30.0004,39.6087,39.6231,21.063,-30,-30,-999.9,420,0,98.3697,73.7678
89,1745750898,16192.6,20250427 13:48:17,13:48:17,15,A,5,21%,5561.1,1745750890,0.006014141,6.014141357,6.381685063,417.0266333,279.0240834,28.19277318,42.13663975,0.100601834,2.000913629,0.097873975,0.061410161,193.8059039,39.60062958,38.06797,6.681839246,9.345375005,0.699909116,7.489363623,5.98193013,-265.2236338,228.9444444,27.81127861,185.3379931,0,0,1,0,24574,RECT-12807-20250324-17_57_43,10114.7,315.2007692,539.79,0.416067787,-0.222077465,MPF-14725-20250427-13_48_19,10088.8,267.89084,343.8871981,0.220992112,0.5,1009.192737,6.381685063,111.5118169,0.006543609,0.569671692,236.5218562,DARK-14726-20250427-13_48_27,184.8,184.8,0.462614482,0.477702537,0.551854424,2.64920944,0.872271574,0.329535078,0.670464922,14725,290,331.96,225,10088.8,331.28,0.68,300,24,343.8871981,3.426254015,-12.7219926,3.05116578,0.383058237,-0.007352306,290,333.45,815,10069.6,331.25,2.2,None,None,None,None,None,None,None,None,None,None,None,None,None,1200,1009.192737,0.840986238,0.161503439,2,0.5,0: Broadleaf,2,1745750890,417.0266333,419.9895,6.927005667,4.936434333,417.3511333,7.014075667,600.0771,100.9778333,0.06281103,40.19031667,38.06797,999.9,0,0,5004.5,0,1361.055333,-2.962869,419.9354667,422.0729333,1.990570667,419.9895,4.936434333,0.6994742,0.498470733,1.815678333,-2.828537667,1200.011,0.9669911,0.033008993,0,267.9688333,4.99918,3566.736,11464.35667,47.875,49.7395,48.562,48.7017,50.312,1155.565333,39.45,0,37.20000005,0,267.89084,-5.087923078,-52.26692303,3566.4144,15,1745749721,13:28:40,1745749710,1745749721,4,0.148,0.007,-0.316,-0.026,420,11,1.56,0.16,-2.9695735,0.041668143,0.10272419,1,268.897,-14.87483575,1.68940287,0,2.01890225,-0.480150056,0.046309465,0,1,3,01-Mar,3.21813,2.67124,0.0989908,0.100511,0.0427134,0.0324729,26132,24111.1,27582.7,24597,33924.5,25160.8,39394.1,27360.1,1.813,1.3168,0.0704825,0,36.9657,999.9,5.5,46.6,5.69828,29.4909,20.3205,1,0.983049,0,20.2531,5.22088,11.9141,4.9572,3.2928,9999,9999,9999,999.9,4.9725,1.85529,1.8573,1.85745,1.85669,1.85651,1.85181,1.8537,0,0,0,0,11111111,oooooooo,on,on,on,on,0,100,100,-0.324,-0.0877,-1.21451556,0.00151024,1.49E-06,5.40E-12,-0.083940687,-0.011177753,0.001682567,-2.18E-05,3,2244,0,20,19.8,19.6,1.04858,2.62207,1.59424,2.07031,1.50269,2.50732,48.7637,24.0963,18,612.068,330.612,39.2804,39.6628,30.0008,39.628,39.6422,21.064,-30,-30,-999.9,420,0,98.3668,73.7646
90,1745750937,16232.1,20250427 13:48:57,13:48:57,15,A,5,21%,5561.01,1745750929,0.00509937,5.099370186,5.430320087,417.4903333,278.2131933,28.1102826,42.18265538,0.084420328,1.999039479,0.082488599,0.051725251,161.9055545,39.60008411,38.06968,6.682458164,8.890915265,0.663398389,7.461530894,6.019059775,-224.8822252,221.0264461,26.86579349,184.9155689,0,0,1,0,25090,RECT-12807-20250324-17_57_43,10114.7,315.2007692,539.79,0.416067787,-0.222077465,MPF-14727-20250427-13_48_59,10096.5,259.2956923,353.8395311,0.267194111,0.5,841.1972131,5.430320087,112.3814706,0.006719468,0.525522031,241.1876866,DARK-14728-20250427-13_49_06,180.67,180.67,0.489401313,0.545961164,0.517794801,2.446865122,0.827958083,0.380410498,0.619589502,14727,290,335.86,165,10096.5,334.83,1.03,300,24,353.8395311,2.132015377,-19.19589242,1.892956966,0.785987733,-0.007519467,290,335.93,765,10072.9,334.78,1.15,None,None,None,None,None,None,None,None,None,None,None,None,None,1000,841.1972131,0.841194297,0.161904993,2,0.5,0: Broadleaf,2,1745750929,417.4903333,420.01,6.565789,4.877217,417.8135333,6.656001333,600.0204667,100.9751333,0.063506387,40.12054667,38.06968,999.9,0,0,4997,0,1308.598333,-2.519602,420.2496,422.0685333,1.688572667,420.01,4.877217,0.662981367,0.492477433,1.069101933,-2.991080333,1000.003467,0.9599902,0.04000994,0,259.2990667,4.99918,2916.470667,9523.890333,47.812,49.8561,48.625,48.812,50.312,955.1933333,39.81,0,37.20000005,0,259.2956923,-2.796376079,-3.435897371,2916.510769,15,1745749721,13:28:40,1745749710,1745749721,4,0.148,0.007,-0.316,-0.026,420,11,1.56,0.16,-2.54556625,0.495258799,0.123051299,1,259.9656176,-10.00551567,1.260530654,0,1.711934,-0.451113771,0.043583237,0,1,3,01-Mar,3.2181,2.67157,0.0990665,0.100519,0.0408968,0.0321447,26126.8,24109.7,27579.7,24595.9,33984.8,25168.3,39389.6,27359,1.812,1.3166,0.0705719,0,36.9588,999.9,5.5,46.6,5.69987,29.6509,20.2764,1,0.985671,0,20.255,5.22328,11.9141,4.958,3.2926,9999,9999,9999,999.9,4.9725,1.85522,1.85727,1.85745,1.85669,1.85648,1.85181,1.85367,0,0,0,0,11111111,oooooooo,on,on,on,on,0,100,100,-0.323,-0.0907,-1.21451556,0.00151024,1.49E-06,5.40E-12,-0.083940687,-0.011177753,0.001682567,-2.18E-05,3,2244,0,20,20.5,20.3,1.04736,2.62695,1.59424,2.07031,1.50269,2.4292,48.7637,24.105,18,611.523,330.61,39.2698,39.6932,30.0006,39.6542,39.6651,21.0576,-30,-30,-999.9,420,0,98.3558,73.7615
91,1745750977,16271.6,20250427 13:49:36,13:49:36,15,A,5,21%,5561.1,1745750969,0.004293213,4.293213488,4.889443094,417.7914,270.5337615,27.33588234,42.21542068,0.070335881,1.998981501,0.068989374,0.04323719,129.9819971,39.56259956,38.09196667,6.690529168,8.478152372,0.630326962,7.434720843,6.060202207,-189.3307148,211.3524299,25.68506451,177.6887767,0,0,1,0,24585,RECT-12807-20250324-17_57_43,10114.7,315.2007692,539.79,0.416067787,-0.222077465,MPF-14729-20250427-13_49_38,10097.5,250.0337308,367.4435948,0.319531666,0.5,673.1925679,4.889443094,107.5531714,0.007592955,0.4690418,247.4319694,DARK-14730-20250427-13_49_46,177.19,177.19,0.517776327,0.617122973,0.47530724,2.247387326,0.767384993,0.437333072,0.562666928,14729,290,343.62,175,10097.5,342.71,0.91,300,24,367.4435948,2.779155254,-24.97069663,2.460107849,0.786304348,-0.007686915,290,341.5,725,10076.2,342.66,-1.16,None,None,None,None,None,None,None,None,None,None,None,None,None,800,673.1925679,0.841490955,0.162477544,2,0.5,0: Broadleaf,2,1745750969,417.7914,420.0191,6.238127667,4.815986,418.1137,6.330915,600.0009667,100.9804667,0.063788147,40.05312667,38.09196667,999.9,0,0,4996.5,0,1308.486333,-2.227717667,420.4138,422.0516,1.422141667,420.0191,4.815986,0.629928567,0.486320033,0.360816733,-3.159913333,799.9997667,0.949993733,0.050006527,0,250.0525333,4.99918,2300.642333,7584.778,47.67666667,49.937,48.66013333,48.8812,50.27273333,755.2456667,39.759,0,37.20000005,0,250.0337308,-2.691999995,-27.12854698,2300.709615,15,1745749721,13:28:40,1745749710,1745749721,4,0.148,0.007,-0.316,-0.026,420,11,1.56,0.16,-2.2420315,0.313564053,0.139074086,1,250.4106765,-6.671214664,0.822978726,0,1.438705,-0.39581561,0.038199794,0,1,3,01-Mar,3.21836,2.6711,0.0990728,0.100521,0.0392227,0.031797,26123.7,24107.3,27576.7,24593.6,34040.8,25174.9,39386.1,27356.5,1.8116,1.3162,0.0709295,0,36.9622,999.9,5.4,46.5,5.56657,29.8909,20.3446,1,0.988659,0,20.2567,5.21969,11.9141,4.9568,3.293,9999,9999,9999,999.9,4.9725,1.85516,1.8573,1.85745,1.85669,1.85648,1.85181,1.8537,0,0,0,0,11111111,oooooooo,on,on,on,on,0,100,100,-0.323,-0.0932,-1.21451556,0.00151024,1.49E-06,5.40E-12,-0.083940687,-0.011177753,0.001682567,-2.18E-05,3,2244,0,20,21.1,20.9,1.04736,2.62573,1.59424,2.07031,1.50269,2.52075,48.7947,24.105,18,611.461,330.523,39.2598,39.7252,30.0006,39.682,39.6919,21.0549,-30,-30,-999.9,420,0,98.3463,73.7547
92,1745751016,16311.1,20250427 13:50:16,13:50:16,15,A,5,21%,5560.92,1745751008,0.003635461,3.635460677,4.085171241,418.1485,271.6148724,27.44395857,42.24971191,0.059114984,2.000032158,0.058161182,0.036435152,98.06698923,39.46537817,38.09099,6.690175296,8.134661818,0.602423204,7.405633046,6.087752092,-160.3238159,203.6558546,24.72786159,166.1268895,0,0,1,0,24420,RECT-12807-20250324-17_57_43,10114.7,315.2007692,539.79,0.416067787,-0.222077465,MPF-14731-20250427-13_50_18,10094.4,240.5745769,389.2567196,0.381964229,0.5,505.1910651,4.085171241,96.48245777,0.00852598,0.386719799,257.1350161,DARK-14732-20250427-13_50_25,172.58,172.58,0.556642207,0.686193436,0.409937857,2.00770015,0.670260457,0.492251778,0.507748222,14731,290,362.05,235,10094.4,360.23,1.82,300,24,389.2567196,2.881256891,-29.30323215,2.542894513,0.825862795,-0.007854782,290,357.68,625,10083.4,360.2,-2.52,None,None,None,None,None,None,None,None,None,None,None,None,None,600,505.1910651,0.841993014,0.163446517,2,0.5,0: Broadleaf,2,1745751008,418.1485,420.0169667,5.962226667,4.757617333,418.4700333,6.056977,599.9929,100.976,0.063970037,39.97974,38.09099,999.9,0,0,5001,0,1343.879333,-1.868406,420.6566333,422.0248,1.204610333,420.0169667,4.757617333,0.602041767,0.480405167,-0.262801633,-3.323895667,599.9943667,0.933009667,0.066990247,0,240.598,4.99918,1726.780333,5645.146667,47.49143333,49.9811,48.62913333,48.937,50.1912,555.1366667,39.86,0,37.20000005,0,240.5745769,2.790940203,67.75384613,1726.746154,15,1745749721,13:28:40,1745749710,1745749721,4,0.148,0.007,-0.316,-0.026,420,11,1.56,0.16,-1.870996341,0.2732977,0.115973393,1,240.8387059,-3.94466002,0.778372341,0,1.225393902,-0.329748502,0.032779431,0,1,3,01-Mar,3.21816,2.6729,0.09913,0.1005,0.0378389,0.0314396,26119.3,24106.4,27573.9,24592.3,34086.6,25182.8,39382.6,27355,1.8122,1.3146,0.0698864,0,36.9762,999.9,5.3,46.5,5.46354,29.9609,20.3806,1,0.992154,0,20.2587,5.22088,11.9141,4.9568,3.2928,9999,9999,9999,999.9,4.9725,1.85526,1.85724,1.85745,1.85669,1.85648,1.85181,1.85364,0,0,0,0,11111111,oooooooo,on,on,on,on,0,100,100,-0.322,-0.0951,-1.21451556,0.00151024,1.49E-06,5.40E-12,-0.083940687,-0.011177753,0.001682567,-2.18E-05,3,2244,0,20,21.8,21.6,1.04736,2.62451,1.59424,2.07153,1.50269,2.44995,48.8258,24.105,18,612.148,329.824,39.2524,39.7564,30.0007,39.709,39.7188,21.0536,-30,-30,-999.9,420,0,98.337,73.7507
93,1745751056,16350.6,20250427 13:50:55,13:50:55,15,A,5,21%,5561.1,1745751048,0.003128236,3.128235749,3.542940537,418.4012667,270.1121358,27.2931417,42.27683078,0.050444454,2.000206385,0.049748209,0.031154385,82.09369796,39.4577359,38.13054,6.704518295,7.854143453,0.579771863,7.381732546,6.124746431,-137.9551965,192.8861288,23.41578423,160.4404145,0,0,1,0,24424,RECT-12807-20250324-17_57_43,10114.7,315.2007692,539.79,0.416067787,-0.222077465,MPF-14733-20250427-13_50_58,10103.6,237.3871154,414.2772135,0.42698486,0.5,421.1899087,3.542940537,89.92085715,0.008939003,0.302968115,267.8199761,DARK-14734-20250427-13_51_05,171.14,171.14,0.586894972,0.727531979,0.340465988,1.785390053,0.558854875,0.524501183,0.475498817,14733,290,380.27,155,10103.6,378.84,1.43,300,24,414.2772135,2.851295842,-35.80373133,2.512726875,0.87880504,-0.007939011,290,373.36,675,10082.1,378.77,-5.41,None,None,None,None,None,None,None,None,None,None,None,None,None,500,421.1899087,0.84237656,0.164186761,2,0.5,0: Broadleaf,2,1745751048,418.4012667,420.0183667,5.737830333,4.701174667,418.7220333,5.834033667,600.0616333,100.9802333,0.06351139,39.91925333,38.13054,999.9,0,0,5001.5,0,1419.307333,-1.617093667,420.8158,422.0023,1.036655333,420.0183667,4.701174667,0.579407233,0.474725533,-0.788074533,-3.483046,500.0019333,0.9199876,0.080012033,0,237.3596667,4.99918,1464.457,4676.380667,47.3205,50,48.5935,49,50.0893,455.3953333,39.60966667,0,37.20000005,0,237.3871154,-3.581777755,-26.79692311,1464.289615,15,1745749721,13:28:40,1745749710,1745749721,4,0.148,0.007,-0.316,-0.026,420,11,1.56,0.16,-1.63186825,0.395168893,0.139057991,1,238.1905294,-12.67449961,1.525702581,0,1.052051,-0.259279475,0.025331696,0,1,3,01-Mar,3.21798,2.67094,0.0992283,0.100485,0.0366925,0.031163,26114.5,24105.1,27572.1,24590.7,34124.9,25188.1,39380.1,27353,1.8106,1.3152,0.0707805,0,37.0006,999.9,5.3,46.5,5.46411,29.8109,20.2524,1,0.995569,0,20.2596,5.21849,11.9141,4.9572,3.2928,9999,9999,9999,999.9,4.97256,1.85522,1.85727,1.85745,1.85675,1.85648,1.85184,1.8537,0,0,0,0,11111111,oooooooo,on,on,on,on,0,100,100,-0.32,-0.0964,-1.21451556,0.00151024,1.49E-06,5.40E-12,-0.083940687,-0.011177753,0.001682567,-2.18E-05,3,2244,0,20,22.4,22.3,1.04736,2.62207,1.59424,2.07031,1.50269,2.45239,48.8569,24.105,18,611.225,330.263,39.2465,39.7955,30.0004,39.7439,39.7495,21.0507,-30,-30,-999.9,420,0,98.3307,73.7454
94,1745751095,16390.1,20250427 13:51:35,13:51:35,15,A,5,21%,5561.19,1745751087,0.002748707,2.748706525,2.867292608,418.6355333,278.2583109,28.11514768,42.29882589,0.044054202,1.999413079,0.043521972,0.027248516,66.1295606,39.40050204,38.15444333,6.713199883,7.633592178,0.561583596,7.356740875,6.151616287,-121.2179577,183.3957619,22.26826706,150.5756318,0,0,1,0,24429,RECT-12807-20250324-17_57_43,10114.7,315.2007692,539.79,0.416067787,-0.222077465,MPF-14735-20250427-13_51_37,10109,236.27388,463.4389663,0.490172607,0.5,337.1981905,2.867292608,82.64265807,0.009161882,0.164748843,287.5389063,DARK-14736-20250427-13_51_44,179.01,179.01,0.613735544,0.798670716,0.211627678,1.532432873,0.33995857,0.605103048,0.394896952,14735,290,413.13,125,10109,411.36,1.77,300,24,463.4389663,2.08174032,-52.64317206,1.831893896,0.967206062,-0.008023548,290,402.11,615,10087.3,411.25,-9.14,None,None,None,None,None,None,None,None,None,None,None,None,None,400,337.1981905,0.84296239,0.165317413,2,0.5,0: Broadleaf,2,1745751087,418.6355333,419.975,5.558046667,4.646812667,418.9557667,5.655322667,599.9401,100.9755667,0.064174397,39.85582333,38.15444333,999.9,0,0,4998.5,0,1121.1695,-1.339402667,420.9754667,421.9356,0.911233933,419.975,4.646812667,0.5612273,0.469214867,-1.223317333,-3.639087,400.0157,0.900000067,0.10000011,0,236.3182,4.99918,1183.389667,3707.212333,47.13723333,49.9832,48.5186,49,49.9664,355.5156667,39.5,0,37.20000005,0,236.27388,-0.368538461,-74.05307677,1182.9436,15,1745749721,13:28:40,1745749710,1745749721,4,0.148,0.007,-0.316,-0.026,420,11,1.56,0.16,-1.34068439,0.077864739,0.128973207,1,236.8343235,-8.064003048,1.143897227,0,0.920480488,-0.197848808,0.019734822,0,1,3,01-Mar,3.21813,2.67307,0.0992377,0.100492,0.0357607,0.0308238,26111.6,24103.6,27569.4,24589.5,34155.2,25195.6,39377.2,27351.6,1.8116,1.314,0.0707507,0,37.0145,999.9,5.2,46.5,5.36068,29.8809,20.3446,1,0.999085,0,20.2607,5.21849,11.9141,4.9572,3.293,9999,9999,9999,999.9,4.97253,1.85526,1.8573,1.85748,1.85675,1.85654,1.8519,1.85373,0,0,0,0,11111111,oooooooo,on,on,on,on,0,100,100,-0.32,-0.0975,-1.21451556,0.00151024,1.49E-06,5.40E-12,-0.083940687,-0.011177753,0.001682567,-2.18E-05,3,2244,0,20,23.1,22.9,1.04736,2.62573,1.59424,2.07031,1.50269,2.44507,48.8569,24.105,18,612.271,329.802,39.2403,39.8307,30.0006,39.778,39.784,21.0551,-30,-30,-999.9,420,0,98.3225,73.7419
95,1745751135,16429.6,20250427 13:52:14,13:52:14,15,A,5,21%,5561.01,1745751127,0.002426047,2.426046586,2.391847743,418.8732667,283.7835422,28.67539825,42.32577282,0.038778295,1.99958285,0.038365301,0.024015052,49.5909898,39.29693594,38.13432667,6.705892946,7.447584609,0.545429217,7.323571947,6.160463729,-106.9886544,176.4735882,21.41516057,140.4910842,0,0,1,0,24781,RECT-12807-20250324-17_57_43,10114.7,315.2007692,539.79,0.416067787,-0.222077465,MPF-14737-20250427-13_52_16,10097.8,240.2788846,538.0865351,0.553456797,0.5,252.9011897,2.391847743,69.98494126,0.010335757,0.003165782,314.6191635,DARK-14738-20250427-13_52_24,177.66,177.66,0.669830058,0.826264499,0.004704015,1.336144771,0.007584802,0.61093238,0.38906762,14737,290,472.19,155,10097.8,467.16,5.03,300,24,538.0865351,3.23289405,-71.62015553,2.838103849,0.957883082,-0.008100482,290,449.94,615,10079.6,467.03,-17.09,None,None,None,None,None,None,None,None,None,None,None,None,None,300,252.9011897,0.842949549,0.165292629,2,0.5,0: Broadleaf,2,1745751127,418.8732667,420.0093,5.397792,4.593464,419.1929,5.495954,599.9918667,100.9828,0.06392746,39.77135,38.13432667,999.9,0,0,4998.833333,0,888.9204667,-1.135878967,421.1465667,421.9473333,0.804327633,420.0093,4.593464,0.5450841,0.4638609,-1.620416,-3.792254,300.0193667,0.900023667,0.099976097,0,240.2815333,4.99918,935.9687,2768.772,46.91643333,49.89773333,48.406,48.9601,49.8225,265.5253333,29.49766667,0,37.20000005,0,240.2788846,-4.691179451,43.60683773,936.3529231,15,1745749721,13:28:40,1745749710,1745749721,4,0.148,0.007,-0.316,-0.026,420,11,1.56,0.16,-1.1429332,0.241609306,0.11695689,1,241.0292059,-11.77217723,1.366944118,0,0.815291625,-0.183300394,0.018046689,0,1,3,01-Mar,3.21728,2.6729,0.0992638,0.1005,0.0348973,0.0305331,26109,24102,27567.6,24588.2,34182.9,25202,39374,27350.4,1.8102,1.3142,0.0694394,0,36.9797,999.9,5.2,46.4,5.3325,30.0609,20.4928,1,1.00244,0,20.2613,5.22208,11.9141,4.9568,3.293,9999,9999,9999,999.9,4.97253,1.85529,1.8573,1.85748,1.85675,1.85651,1.85193,1.85367,0,0,0,0,11111111,oooooooo,on,on,on,on,0,100,100,-0.319,-0.0983,-1.21451556,0.00151024,1.49E-06,5.40E-12,-0.083940687,-0.011177753,0.001682567,-2.18E-05,3,2244,0,20,23.7,23.6,1.04736,2.61597,1.59424,2.07153,1.50269,2.54883,48.888,24.1138,18,611.478,330.021,39.2314,39.866,30.0006,39.8099,39.8109,21.0506,-30,-30,-999.9,420,0,98.3151,73.7382
96,1745751174,16469.1,20250427 13:52:54,13:52:54,15,A,5,21%,5561.1,1745751166,0.002136947,2.136947284,1.77901042,419.0934,298.7983572,30.19135468,42.34627527,0.034139158,1.998747277,0.033818495,0.021165119,33.05250305,39.16762992,38.08428,6.687744526,7.289527388,0.531067805,7.285353032,6.156676721,-94.23937521,171.2598613,20.77638027,130.8493694,0,0,1,0,24443,RECT-12807-20250324-17_57_43,10114.7,315.2007692,539.79,0.416067787,-0.222077465,MPF-14739-20250427-13_52_56,10090.8,251.9941923,696.4307887,0.638163337,0.5,168.6029702,1.77901042,53.7981171,0.01186864,-0.224919391,362.8576503,DARK-14740-20250427-13_53_03,185.68,185.68,0.733383413,0.870163309,-0.44235065,1.165796432,-0.697454585,0.641173202,0.358826798,14739,290,588.01,155,10090.8,579.74,8.27,300,24,696.4307887,2.11116622,-117.7531807,1.849074278,0.993143014,-0.008177095,290,549.32,645,10070.8,579.51,-30.19,None,None,None,None,None,None,None,None,None,None,None,None,None,200,168.6029702,0.842924799,0.165244862,2,0.5,0: Broadleaf,2,1745751166,419.0934,419.9848667,5.255881667,4.547360333,419.4123333,5.354772333,600.0428333,100.9780333,0.06453921,39.67360333,38.08428,999.9,0,0,4995.666667,0,1199.707333,-0.891442267,421.3077,421.9033,0.7085215,419.9848667,4.547360333,0.530728133,0.459183133,-1.9824,-3.927366333,200.0213667,0.899989,0.100011,0,251.9790333,4.99918,742.0019333,1830.266667,46.6434,49.75616667,48.2436,48.8645,49.6415,175.5176667,19.50033333,0,37.20000005,0,251.9941923,-5.327008535,-7.35914536,741.8288077,15,1745749721,13:28:40,1745749710,1745749721,4,0.148,0.007,-0.316,-0.026,420,11,1.56,0.16,-0.907782146,-0.033285199,0.147105708,1,252.2943529,-5.468693658,0.762102698,0,0.71838822,-0.161770328,0.016445846,0,1,3,01-Mar,3.21814,2.67177,0.0993246,0.100499,0.0341252,0.0302718,26105.1,24101.7,27565.5,24588,34207.1,25208,39370.5,27349.5,1.8094,1.3146,0.0722706,0,36.9018,999.9,5.1,46.4,5.2313,29.9809,20.3766,1,1.00394,0,20.2627,5.22328,11.9141,4.9572,3.2928,9999,9999,9999,999.9,4.97253,1.85532,1.85727,1.85745,1.85672,1.85651,1.85181,1.8537,0,0,0,0,11111111,oooooooo,on,on,on,on,0,100,100,-0.319,-0.0991,-1.21451556,0.00151024,1.49E-06,5.40E-12,-0.083940687,-0.011177753,0.001682567,-2.18E-05,3,2244,0,20,24.4,24.2,1.04736,2.62329,1.59424,2.07031,1.50269,2.46948,48.888,24.105,18,611.066,330.326,39.217,39.8896,30.0002,39.8331,39.834,21.0462,-30,-30,-999.9,420,0,98.3069,73.7368
97,1745751214,16508.6,20250427 13:53:33,13:53:33,15,A,5,21%,5561.1,1745751206,0.001884519,1.884518613,1.017963879,419.4078667,327.4632924,33.08726086,42.37744448,0.030175773,1.999770444,0.029925075,0.018725522,16.51137627,39.01258858,37.99662,6.656059065,7.165618596,0.518959601,7.242355895,6.137099464,-83.10727083,168.8851124,20.45829095,122.7475088,0,0,1,0,24538,RECT-12807-20250324-17_57_43,10114.7,315.2007692,539.79,0.416067787,-0.222077465,MPF-14741-20250427-13_53_35,10082.2,248.759,787.9266839,0.684286616,0.5,84.29203593,1.017963879,28.839956,0.014711252,-0.31492357,386.2252891,DARK-14742-20250427-13_53_43,187.25,187.25,0.762350985,0.897600487,-0.703853985,1.1405503,-1.10484676,0.675656725,0.324343275,14741,290,709.06,175,10082.2,710.14,-1.08,300,24,787.9266839,2.601275629,-78.42386253,2.273178769,0.977015751,-0.008254716,290,694.05,615,10066.5,710.02,-15.97,None,None,None,None,None,None,None,None,None,None,None,None,None,100,84.29203593,0.8428497,0.165099922,2,0.5,0: Broadleaf,2,1745751206,419.4078667,420.0106333,5.136122333,4.511191667,419.7259,5.235585,600.0152,100.9780333,0.063095963,39.56310333,37.99662,999.9,0,0,4999.833333,0,1235.725333,-0.6028554,421.5731333,421.9140667,0.624930567,420.0106333,4.511191667,0.518635567,0.4555313,-2.294123667,-4.033694,100.0083833,0.900042,0.0999583,0,248.8154667,4.99918,481.3073333,891.6683,46.35183333,49.5893,48.05796667,48.7101,49.4226,85.51133333,9.5,0,37.20000005,0,248.759,-6.316717946,39.09305983,481.4244615,15,1745749721,13:28:40,1745749710,1745749721,4,0.148,0.007,-0.316,-0.026,420,11,1.56,0.16,-0.622854575,0.498632904,0.122209749,1,248.7659706,-2.728143615,0.67961042,0,0.63091745,-0.147868143,0.014638008,0,1,3,01-Mar,3.21763,2.672,0.099365,0.10048,0.0335212,0.0300787,26105.3,24102.4,27567,24588.2,34231.2,25213.6,39373.7,27350.3,1.8086,1.3144,0.0725687,0,36.782,999.9,5.1,46.4,5.231,29.4709,20.3005,1,1.00435,0,20.2638,5.22088,11.9141,4.9576,3.2924,9999,9999,9999,999.9,4.97253,1.85526,1.85721,1.85745,1.85669,1.85651,1.85181,1.8537,0,0,0,0,11111111,oooooooo,on,on,on,on,0,100,100,-0.318,-0.0996,-1.21451556,0.00151024,1.49E-06,5.40E-12,-0.083940687,-0.011177753,0.001682567,-2.18E-05,3,2244,0,20,25.1,24.9,1.04736,2.62207,1.59302,2.07031,1.50269,2.52808,48.9191,24.1138,18,610.588,330.291,39.1938,39.9053,30.0003,39.8487,39.8495,21.0434,-30,-30,-999.9,420,0,98.3138,73.7381
98,1745751253,16548.1,20250427 13:54:13,13:54:13,15,A,5,21%,5561.1,1745751245,0.001648485,1.648485007,0.250546595,419.6832667,364.9964882,36.88111571,42.40694806,0.026418003,2.000435693,0.026225704,0.016408226,8.241660541,38.92161445,37.94091333,6.635991174,7.070558583,0.509098044,7.200252113,6.126893131,-72.69818883,163.2199849,19.74981384,118.5132705,0,0,1,0,24462,RECT-12807-20250324-17_57_43,10114.7,315.2007692,539.79,0.416067787,-0.222077465,MPF-14743-20250427-13_54_15,10072.3,232.9912308,784.3742178,0.702959091,0.5,42.14072256,0.250546595,14.81160201,0.011215376,-0.311820828,385.3697514,DARK-14744-20250427-13_54_22,184.55,184.55,0.764716897,0.919240955,-0.68850416,1.175222061,-1.089029144,0.728121474,0.271878526,14743,290,729.24,255,10072.3,731.66,-2.42,300,24,784.3742178,2.645922361,-53.10033246,2.309657851,0.949691497,-0.008294016,290,722.07,615,10064,731.61,-9.54,None,None,None,None,None,None,None,None,None,None,None,None,None,50,42.14072256,0.8426999,0.164810808,2,0.5,0: Broadleaf,2,1745751245,419.6832667,419.9974,5.038323667,4.491590333,420.0005,5.138227667,599.9924667,100.9822667,0.06285814,39.45434667,37.94091333,999.9,0,0,5002.333333,0,1335.940667,-0.314076733,421.8084,421.8923333,0.546733967,419.9974,4.491590333,0.508781633,0.453571167,-2.552925,-4.091079,50.00679667,0.899922467,0.100077367,0,232.9652667,4.99918,347.6304667,422.3837,46.0268,49.37496667,47.81636667,48.52063333,49.156,40.50266667,4.5,0,37.20000005,0,232.9912308,-22.27535046,-75.43757268,347.4581154,15,1745749721,13:28:40,1745749710,1745749721,4,0.148,0.007,-0.316,-0.026,420,11,1.56,0.16,-0.349409122,0.646596293,0.13885775,0,233.9904412,-23.65648587,2.407714234,0,0.553373098,-0.133295289,0.013650085,0,0,3,0/3,3.21794,2.67138,0.0994369,0.100501,0.0330008,0.0299914,26103.9,24102.9,27567.7,24589.3,34250,25217.1,39374.1,27351.5,1.8092,1.3152,0.0789165,0,36.6435,999.9,5,46.4,5.12831,29.8409,20.3886,1,1.00228,0,20.2644,5.22088,11.9141,4.9568,3.2928,9999,9999,9999,999.9,4.97253,1.85526,1.85724,1.85745,1.85675,1.85651,1.85187,1.8537,0,0,0,0,11111111,oooooooo,on,on,on,on,0,100,100,-0.317,-0.1,-1.21451556,0.00151024,1.49E-06,5.40E-12,-0.083940687,-0.011177753,0.001682567,-2.18E-05,3,2244,0,20,25.7,25.5,1.04736,2.62451,1.59424,2.07153,1.50269,2.50244,48.888,24.1138,18,611.046,330.7,39.1645,39.9013,29.9997,39.8487,39.8495,21.0437,-30,-30,-999.9,420,0,98.3155,73.7415
113,1745821495,0,20250428 09:24:55,9:24:55,15,B,1,21%,5557.89,1745821487,0.005867862,5.867862358,11.02597625,415.5158065,298.3568631,30.13919829,41.97427587,0.187126623,2.000539852,0.177917916,0.111988288,321.5000732,34.5280758,32.97480323,5.04495882,34.17480646,1.826650801,5.345021641,3.218308019,-258.77273,111.2984893,12.80285204,186.8286845,0,0,1,0,25086,RECT-12807-20250324-17_57_43,10114.7,315.2007692,539.79,0.416067787,-0.222077465,MPF-14783-20250428-09_24_54,10103.9,346.99072,387.936511,0.10554766,0.5,1681.143378,11.02597625,88.720375,0.006690716,0.391439023,256.5582589,DARK-14784-20250428-09_25_01,213.21,213.21,0.450399759,0.234342177,0.464980982,0.562939073,0.676138782,0.143992599,0.856007401,14783,290,376.23,265,10103.9,375.7,0.53,300,24,387.936511,2.681171234,-12.36089041,2.422635892,0.481797585,-0.006697783,290,376.9,805,10092.9,375.69,1.21,None,None,None,None,None,None,None,None,None,None,None,None,None,2000,1681.143378,0.840598534,0.16075517,2,0.5,0: Broadleaf,2,1745821487,415.5158065,420.0039032,18.08255806,16.16195484,416.0865806,17.91469032,599.9944516,100.9532903,0.063988013,34.00674839,32.97480323,999.9,0,0,5004.193548,0,156.4931935,-4.488096774,423.1677419,426.9034516,1.920603548,420.0039032,16.16195484,1.825493548,1.631601613,16.0068,14.26053548,1999.936129,0.979998226,0.020001926,0,348.7770323,4.99918,7286.950323,19219.22581,42.62267742,44.292,43.10874194,43.62093548,44.75993548,1955.035161,39.90096774,0,1745821495,0,346.99072,-116.8153075,-2357.660766,7252.4952,15,0,--:--:--,1745819824,1745819822,0,-0.175,0.035,-0.56,-0.058,420,6,1.8,0.67,-4.439911707,-0.834962509,0.151150121,0,354.2569706,-128.3928648,12.63812863,0,1.918063902,0.06999115,0.008608978,1,1,3,01-Mar,3.22242,2.67209,0.100363,0.102175,0.0913428,0.085511,26431.9,24278,27919.4,24790.1,32555.4,23961.1,39815.8,27565.1,1.8916,1.505,0.105798,0,31.3143,999.9,33.8,31.4,15.4527,29.8709,17.3518,1,0.472561,0,20.2941,5.22328,11.9081,4.9596,3.292,9999,9999,9999,999.9,4.97205,1.8541,1.85599,1.85623,1.85577,1.8555,1.85065,1.85263,0,0,0,0,11111111,oooooooo,on,on,on,on,0,100,100,-0.571,0.169,-1.457265332,0.00151024,1.49E-06,5.40E-12,-0.046806477,-0.011177753,0.001682567,-2.18E-05,3,2244,0,20,27.9,27.9,1.02173,2.53784,1.59424,2.12769,1.50269,2.36816,37.1941,15.8745,18,615.488,399.592,32.5053,33.4759,30.0013,33.422,33.4267,20.5305,-30,-30,-999.9,420,0,99.4808,74.3298
114,1745821535,39.5,20250428 09:25:34,9:25:34,15,B,1,21%,5558.07,1745821527,0.005704752,5.704752473,10.78272167,415.6273333,297.4616695,30.04773422,41.98409719,0.18099491,1.998238493,0.17235543,0.108463994,289.5632257,34.47485609,33.04862667,5.065926983,34.07313519,1.836729249,5.39054959,3.229197734,-251.5795841,119.6083142,13.78983649,171.3817923,0,0,1,0,24930,RECT-12807-20250324-17_57_43,10114.7,315.2007692,539.79,0.416067787,-0.222077465,MPF-14785-20250428-09_25_34,10118.6,286.5969615,339.0854602,0.154794307,0.5,1513.169639,10.78272167,117.1150225,0.00727268,0.591899575,234.2404301,DARK-14786-20250428-09_25_41,183.25,183.25,0.459575766,0.336819993,0.562922925,2.197579141,0.893651664,0.215362589,0.784637411,14785,290,321.99,75,10118.6,322.68,-0.69,300,24,339.0854602,2.384348906,-16.60481478,2.147549802,0.681033575,-0.006862895,290,322.91,805,10091.7,322.63,0.28,None,None,None,None,None,None,None,None,None,None,None,None,None,1800,1513.169639,0.840658051,0.160870038,2,0.5,0: Broadleaf,2,1745821527,415.6273333,420.012,18.18295333,16.31591333,416.1978667,18.01235333,599.9896333,100.9496333,0.06416876,34.15889667,33.04862667,999.9,0,0,4995,0,158.8054,-4.384647,423.3245667,426.9786667,1.867044333,420.012,16.31591333,1.835562333,1.647084667,16.09296667,14.40650333,1799.982333,0.9780054,0.02199487,0,286.7095667,4.99918,5456.449,17281.73667,42.90806667,44.375,43.29546667,43.687,45.01653333,1755.501333,39.48266667,0,37.39999986,0,286.5969615,-63.92338462,-1154.817779,5453.435385,15,0,--:--:--,1745819824,1745819822,0,-0.175,0.035,-0.56,-0.058,420,6,1.8,0.67,-4.29898975,-1.14698758,0.173624203,0,293.1266471,-103.6138121,10.7258691,0,1.8696255,-0.041131182,0.006469326,1,1,3,01-Mar,3.22138,2.6727,0.100387,0.102123,0.0916259,0.0860603,26424.6,24275.2,27912.9,24786.3,32538.4,23943.6,39807.5,27561.5,1.8906,1.503,0.101268,0,31.4381,999.9,33.7,31.6,15.5835,30.2309,17.6122,1,0.482073,0,20.2961,5.22568,11.9081,4.9596,3.292,9999,9999,9999,999.9,4.97198,1.8541,1.85605,1.85623,1.85577,1.85553,1.85062,1.85269,0,0,0,0,11111111,oooooooo,on,on,on,on,0,100,100,-0.571,0.1713,-1.457265332,0.00151024,1.49E-06,5.40E-12,-0.046806477,-0.011177753,0.001682567,-2.18E-05,3,2244,0,20,28.5,28.5,1.02173,2.53296,1.59424,2.12769,1.50269,2.49512,37.3378,15.8832,18,615.737,399.074,32.604,33.5884,30.0012,33.5274,33.527,20.5381,-30,-30,-999.9,420,0,99.4589,74.3192
115,1745821574,79,20250428 09:26:14,9:26:14,15,B,1,21%,5558.07,1745821566,0.005419619,5.419618695,10.73483933,415.6601,292.7371888,29.57147679,41.98879907,0.171412384,1.998771709,0.163644368,0.102946317,257.6651917,34.41010736,33.07048333,5.072149489,33.97225718,1.841113676,5.419462315,3.231035813,-239.0051844,127.6344213,14.71974757,161.0141761,0,0,1,0,24514,RECT-12807-20250324-17_57_43,10114.7,315.2007692,539.79,0.416067787,-0.222077465,MPF-14787-20250428-09_26_13,10107.4,256.9506,315.8567079,0.186496302,0.5,1345.176729,10.73483933,125.4352427,0.008145336,0.708971146,222.9156686,DARK-14788-20250428-09_26_20,176.51,176.51,0.441170646,0.422730532,0.616420645,89.80428603,0.997079385,0.290391095,0.709608905,14787,290,300.19,205,10107.4,299.88,0.31,300,24,315.8567079,2.145521773,-16.14724194,1.926508244,0.715016773,-0.007030335,290,300.91,855,10091.1,299.86,1.05,None,None,None,None,None,None,None,None,None,None,None,None,None,1600,1345.176729,0.840747717,0.161043093,2,0.5,0: Broadleaf,2,1745821566,415.6601,419.9893333,18.22575333,16.45212,416.2305667,18.05396667,599.9934667,100.9531,0.06405095,34.25494,33.07048333,999.9,0,0,4997,0,158.9885333,-4.329152333,423.3765667,427.0146667,1.773630667,419.9893333,16.45212,1.839946667,1.660892667,16.13034667,14.53567667,1599.976667,0.974998867,0.025000833,0,257.2137333,4.99918,4399.617333,15341.19667,43.04546667,44.4958,43.4832,43.75413333,45.1912,1555.100667,39.87766667,0,37.39999986,0,256.9506,-34.42130775,-541.6538469,4394.7832,15,0,--:--:--,1745819824,1745819822,0,-0.175,0.035,-0.56,-0.058,420,6,1.8,0.67,-4.306442927,-0.584399373,0.13145351,0,260.3669412,-57.55153553,6.067799402,0,1.778154146,-0.098250732,0.011982301,1,1,3,01-Mar,3.22202,2.67269,0.100334,0.10213,0.09169,0.0865832,26420.5,24272.2,27907.3,24783.7,32530.9,23926.8,39801.1,27557.8,1.8898,1.5006,0.0949204,0,31.5708,999.9,33.7,31.7,15.6725,30.3009,17.5721,1,0.490528,0,20.2983,5.22328,11.9081,4.9596,3.292,9999,9999,9999,999.9,4.97202,1.8541,1.85608,1.85623,1.85577,1.85562,1.85068,1.85269,0,0,0,0,11111111,oooooooo,on,on,on,on,0,100,100,-0.571,0.172,-1.457265332,0.00151024,1.49E-06,5.40E-12,-0.046806477,-0.011177753,0.001682567,-2.18E-05,3,2244,0,20,29.2,29.2,1.02173,2.53052,1.59424,2.12891,1.50269,2.49634,37.4819,15.8832,18,616.126,398.342,32.7054,33.6959,30.001,33.6308,33.6307,20.541,-30,-30,-999.9,420,0,99.4413,74.3104
116,1745821614,118.5,20250428 09:26:53,9:26:53,15,B,1,21%,5558.16,1745821606,0.005094112,5.094111784,10.00464198,415.9375667,293.8832062,29.68792275,42.01778833,0.160753658,1.999906029,0.153904616,0.096781427,225.7821611,34.330423,33.07763333,5.074186508,33.91969169,1.845038609,5.439432132,3.229147899,-224.6503297,134.0602653,15.45759548,150.6496922,0,0,1,0,25356,RECT-12807-20250324-17_57_43,10114.7,315.2007692,539.79,0.416067787,-0.222077465,MPF-14789-20250428-09_26_53,10112.8,240.9827308,299.6053367,0.195666094,0.5,1177.21406,10.00464198,115.1704384,0.008687222,0.801670177,214.6967182,DARK-14790-20250428-09_27_00,164.35,164.35,0.451445018,0.433421759,0.639741805,-3.758959939,1.069439805,0.29559324,0.70440676,14789,290,291.49,155,10112.8,291,0.49,300,24,299.6053367,3.183553273,-8.697508307,2.849979112,0.249598518,-0.007197257,290,291.76,765,10094.1,290.99,0.77,None,None,None,None,None,None,None,None,None,None,None,None,None,1400,1177.21406,0.840866785,0.161272895,2,0.5,0: Broadleaf,2,1745821606,415.9375667,419.9786667,18.26419,16.59719,416.5072667,18.09133333,600.0086333,100.9555333,0.063926543,34.32101667,33.07763333,999.9,0,0,5001.5,0,157.7475333,-4.041036333,423.6756667,427.0668,1.666980667,419.9786667,16.59719,1.84387,1.675579333,16.16372333,14.67201333,1400.000667,0.971006,0.028994173,0,241.0409667,4.99918,3631.342667,13400.40667,43.1187,44.6103,43.63533333,43.8666,45.30993333,1354.551667,40.45,0,37.4000001,0,240.9827308,-23.56652994,-301.6413677,3630.911154,15,0,--:--:--,1745819824,1745819822,0,-0.175,0.035,-0.56,-0.058,420,6,1.8,0.67,-4.0573465,0.112576435,0.157106722,1,243.8284118,-44.27025208,4.772173078,0,1.6743145,-0.120862514,0.012798167,0,1,3,01-Mar,3.22198,2.67246,0.100411,0.102082,0.0918358,0.0871335,26413.6,24269.1,27902.7,24779.7,32520,23909.4,39794.2,27554.3,1.8864,1.4984,0.087887,0,31.6932,999.9,33.7,31.8,15.76,29.8509,17.4559,1,0.499207,0,20.3001,5.22328,11.9081,4.9592,3.292,9999,9999,9999,999.9,4.97205,1.8541,1.85608,1.85623,1.85583,1.85556,1.85074,1.85272,0,0,0,0,11111111,oooooooo,on,on,on,on,0,100,100,-0.569,0.1732,-1.457265332,0.00151024,1.49E-06,5.40E-12,-0.046806477,-0.011177753,0.001682567,-2.18E-05,3,2244,0,20,29.8,29.9,1.02295,2.54028,1.59302,2.13013,1.50269,2.37671,37.6504,15.8745,18,614.568,397.713,32.8073,33.8003,30.0011,33.7342,33.7319,20.5508,-30,-30,-999.9,420,0,99.4245,74.2996
117,1745821653,158,20250428 09:27:33,9:27:33,15,B,1,21%,5558.16,1745821645,0.004386688,4.386687729,10.04368976,416.0354667,276.8701718,27.97054066,42.02957965,0.137276905,1.999754971,0.132248265,0.083091622,193.8034242,34.36437961,33.07519333,5.073491277,33.69831867,1.837127381,5.451688554,3.236363896,-193.4529288,138.6741442,15.99377638,155.0184159,0,0,1,0,25061,RECT-12807-20250324-17_57_43,10114.7,315.2007692,539.79,0.416067787,-0.222077465,MPF-14791-20250428-09_27_32,10111.4,230.3486,308.0871526,0.252326499,0.5,1009.185141,10.04368976,127.3220766,0.010172333,0.752069165,219.017577,DARK-14792-20250428-09_27_39,164.41,164.41,0.466352301,0.541064123,0.617248781,-10.92813348,1.031673899,0.386181433,0.613818567,14791,290,292.66,175,10111.4,291.45,1.21,300,24,308.0871526,2.26386175,-16.81876942,2.020273301,0.71224671,-0.007363625,290,292.3,745,10094.6,291.43,0.87,None,None,None,None,None,None,None,None,None,None,None,None,None,1200,1009.185141,0.840985748,0.161502495,2,0.5,0: Broadleaf,2,1745821645,416.0354667,419.9913667,18.18505333,16.74953667,416.6754667,18.11505333,600.0509333,100.9599333,0.064097107,34.36146667,33.07519333,999.9,0,0,5000.666667,0,155.8912,-3.885029333,423.8580667,427.1458333,1.539043,419.9913667,16.74953667,1.846414,1.691032333,16.18536,14.81434,1200.002667,0.967001633,0.032998327,0,230.4668,4.99918,3005.808667,11464.31667,43.0641,44.6996,43.75413333,43.937,45.375,1155.572667,39.43,0,37.39999986,0,230.3486,-12.39453847,-163.1684617,3004.1912,15,1745821677,9:27:56,1745821670,1745821677,1,-0.082,-0.066,-0.64,0.07,420,17,1.75,0.38,-3.86043775,-0.278992683,0.143495007,1,232.6113824,-33.52304051,3.72911804,0,1.54924725,-0.201464803,0.019998054,0,1,3,01-Mar,3.22224,2.67178,0.100426,0.102089,0.091862,0.0877127,26406.7,24265.2,27896.3,24776.2,32512.3,23890.9,39785.9,27550.5,1.8854,1.4966,0.0801682,0,31.8078,999.9,33.7,32,15.9406,29.8609,17.3277,1,0.509024,0,20.3013,5.22448,11.9081,4.9596,3.292,9999,9999,9999,999.9,4.97202,1.8541,1.85608,1.85626,1.85577,1.85559,1.85074,1.85272,0,0,0,0,11111111,oooooooo,on,on,on,on,0,100,100,-0.64,0.07,-1.457265332,0.00151024,1.49E-06,5.40E-12,-0.046806477,-0.011177753,0.001682567,-2.18E-05,3,2244,0,20,30.5,30.5,1.02295,2.54028,1.59424,2.12769,1.50269,2.4939,37.7953,15.8745,18,614.812,397.322,32.9049,33.9088,30.0012,33.8385,33.8365,20.5527,-30,-30,-999.9,420,0,99.4028,74.2893
118,1745821708,212.5,20250428 09:28:27,9:28:27,15,B,1,21%,5558.25,1745821700,0.003954796,3.95479598,8.880508529,416.4691613,278.2938232,28.11361261,42.07226925,0.122183695,1.99947881,0.118182165,0.074212458,161.9048188,34.32254485,33.18884194,5.10596135,33.65983814,1.841674274,5.471429383,3.264287076,-174.4065027,133.409251,15.40212534,136.3096925,0,0,1,0,25203,RECT-12807-20250324-17_57_43,10114.7,315.2007692,539.79,0.416067787,-0.222077465,MPF-14793-20250428-09_28_27,10109,222.16912,319.9286098,0.305566576,0.5,841.1988238,8.880508529,128.521122,0.010820969,0.68722016,224.9361458,DARK-14794-20250428-09_28_34,169.01,169.01,0.471725895,0.647762989,0.592969929,20.67740846,0.978948944,0.492770655,0.507229345,14793,290,298.63,235,10109,297.98,0.65,300,24,319.9286098,2.425475789,-22.19072566,2.15803456,0.790633564,-0.00753092,290,298.22,695,10098,297.95,0.27,None,None,None,None,None,None,None,None,None,None,None,None,None,1000,841.1988238,0.841193695,0.161903832,2,0.5,0: Broadleaf,2,1745821700,416.4691613,419.9784516,18.23054839,16.93627742,417.1190968,18.12325161,599.9822258,100.9571935,0.064138074,34.42645161,33.18884194,999.9,0,0,4999.677419,0,157.3814839,-3.509349355,424.2027097,427.214,1.294276129,419.9784516,16.93627742,1.840506774,1.709840968,16.13511935,14.98604516,1000.006097,0.960006613,0.039993116,0,222.1627097,4.99918,2438.367419,9523.976129,43.028,44.82012903,43.875,44.062,45.437,955.2148387,39.79,0,52.4000001,0,222.16912,-0.666461529,13.42846148,2438.5516,15,1745821677,9:27:56,1745821670,1745821677,1,-0.082,-0.066,-0.64,0.07,420,17,1.75,0.38,-3.5305475,0.487163302,0.144871198,1,222.0340882,1.599281889,0.381387048,0,1.30269325,-0.226734371,0.022453149,0,1,3,01-Mar,3.22232,2.67264,0.100443,0.102072,0.0918223,0.0883994,26397,24260.3,27887,24771.2,32504.8,23867.4,39775,27544.1,1.8838,1.4932,0.0762939,0,31.9765,999.9,33.7,32.2,16.1195,29.9209,17.4639,1,0.521911,0,20.3029,5.22328,11.9081,4.9596,3.292,9999,9999,9999,999.9,4.97208,1.8541,1.85614,1.85638,1.85593,1.85562,1.85074,1.85275,0,0,0,0,11111111,oooooooo,on,on,on,on,0,100,100,-0.65,0.1071,-1.539182279,0.00151024,1.49E-06,5.40E-12,-0.113246455,-0.011177753,0.001682567,-2.18E-05,3,2244,0,20,0.6,0.5,1.02295,2.54395,1.59302,2.12769,1.50269,2.5,38.0377,15.8745,18,614.992,396.253,33.0389,34.0572,30.0013,33.9853,33.9777,20.558,-30,-30,-999.9,420,0,99.3732,74.2731
119,1745821747,252,20250428 09:29:07,9:29:07,15,B,1,21%,5558.16,1745821739,0.003516295,3.516294584,8.131414124,416.7680333,274.7692589,27.75769166,42.10266684,0.108024784,1.998331644,0.104882354,0.065826192,129.9811941,34.2398655,33.2086,5.111624754,33.61200344,1.841310977,5.478135154,3.270313777,-155.0685911,133.5773008,15.43353245,123.9234363,0,0,1,0,25694,RECT-12807-20250324-17_57_43,10114.7,315.2007692,539.79,0.416067787,-0.222077465,MPF-14795-20250428-09_29_06,10122.2,219.5424231,348.6088933,0.370232868,0.5,673.1907887,8.131414124,124.6186781,0.012408803,0.548411444,238.7459379,DARK-14796-20250428-09_29_13,164.6,164.6,0.527837634,0.701414306,0.509558108,3.863325876,0.851247881,0.525879204,0.474120796,14795,290,318.92,105,10122.2,318,0.92,300,24,348.6088933,3.837537953,-30.98269197,3.404121935,0.747378396,-0.007698567,290,315.87,735,10098.5,317.93,-2.06,None,None,None,None,None,None,None,None,None,None,None,None,None,800,673.1907887,0.841490625,0.162476906,2,0.5,0: Broadleaf,2,1745821739,416.7680333,419.9669667,18.22686333,17.07614,417.4172333,18.11964667,600.0058333,100.9573,0.064523823,34.44848,33.2086,999.9,0,0,4995,0,158.2026667,-3.198869667,424.5055,427.263,1.150722,419.9669667,17.07614,1.840136,1.723961333,16.13197,15.11387667,799.9979667,0.950002,0.0499981,0,219.5949333,4.99918,1961.234,7584.780333,42.8936,44.875,43.875,44.125,45.375,755.251,39.75,0,37.4000001,0,219.5424231,-6.654735064,-70.14495731,1961.120769,15,1745821677,9:27:56,1745821670,1745821677,1,-0.082,-0.066,-0.64,0.07,420,17,1.75,0.38,-3.224520732,0.526336098,0.134093709,0,221.2334118,-24.51669977,2.833292567,0,1.164289512,-0.223870662,0.022700349,0,0,3,0/3,3.22165,2.6728,0.100506,0.10203,0.0917848,0.0889073,26389.4,24257,27881.3,24767,32499.5,23850.8,39766.9,27540.2,1.8818,1.4906,0.0695884,0,32.0897,999.9,33.7,32.3,16.2115,29.8409,17.5681,1,0.530976,0,20.3048,5.22328,11.9081,4.96,3.292,9999,9999,9999,999.9,4.97208,1.85413,1.85614,1.85638,1.85593,1.85562,1.85074,1.85272,0,0,0,0,11111111,oooooooo,on,on,on,on,0,100,100,-0.648,0.107,-1.539182279,0.00151024,1.49E-06,5.40E-12,-0.113246455,-0.011177753,0.001682567,-2.18E-05,3,2244,0,20,1.3,1.2,1.02295,2.53784,1.59424,2.12646,1.50269,2.51465,38.208,15.8832,18,614.469,395.396,33.1358,34.1637,30.0012,34.0878,34.0804,20.5617,-30,-30,-999.9,420,0,99.3529,74.2617
120,1745821787,291.5,20250428 09:29:46,9:29:46,15,B,1,21%,5558.16,1745821779,0.003141479,3.141479184,6.834733296,417.2597667,282.3721169,28.52516045,42.15147701,0.096258294,1.999462065,0.093755986,0.058816895,98.07255396,34.10560715,33.18698,5.105427931,33.54312577,1.836869713,5.476143534,3.268558218,-138.539232,135.2784117,15.61909343,110.4308271,0,0,1,0,25057,RECT-12807-20250324-17_57_43,10114.7,315.2007692,539.79,0.416067787,-0.222077465,MPF-14797-20250428-09_29_46,10116.6,222.2913846,397.7677733,0.441152855,0.5,505.2176015,6.834733296,111.4390936,0.013967864,0.357048098,260.8215851,DARK-14798-20250428-09_29_53,157.86,157.86,0.60313527,0.731432693,0.371854075,2.125260456,0.632364367,0.519426181,0.480573819,14797,290,361.43,195,10116.6,358.98,2.45,300,24,397.7677733,2.454714085,-39.24353714,2.17105235,0.921067846,-0.007866982,290,353.86,675,10103.3,358.93,-5.07,None,None,None,None,None,None,None,None,None,None,None,None,None,600,505.2176015,0.841993411,0.163447283,2,0.5,0: Broadleaf,2,1745821779,417.2597667,419.9747667,18.18327333,17.15522333,417.9074667,18.07728,600.0402333,100.9560333,0.06371593,34.44194,33.18698,999.9,0,0,4999.666667,0,154.1256,-2.714964333,424.9874333,427.3053,1.028051333,419.9747667,17.15522333,1.835710333,1.731923,16.09422667,15.18554333,600.0256,0.932997,0.0670025,0,222.2886,4.99918,1511.407667,5645.422,42.7247,44.937,43.875,44.15186667,45.312,555.1576667,39.87,0,37.19999981,0,222.2913846,-5.712136768,-23.28239318,1511.387308,15,1745821677,9:27:56,1745821670,1745821677,1,-0.082,-0.066,-0.64,0.07,420,17,1.75,0.38,-2.72358775,-0.079577674,0.129849399,1,223.5006176,-18.86675325,2.251246204,0,1.04034375,-0.223284765,0.021955225,0,1,3,01-Mar,3.22242,2.67125,0.100553,0.101979,0.091549,0.0891017,26382.1,24253.8,27875.4,24762.8,32502.5,23841.9,39760.3,27535.8,1.8802,1.4882,0.0627637,0,32.1748,999.9,33.6,32.5,16.347,29.8109,17.472,1,0.539878,0,20.307,5.22328,11.9081,4.9592,3.292,9999,9999,9999,999.9,4.97208,1.8541,1.8562,1.85638,1.85593,1.85562,1.85074,1.85272,0,0,0,0,11111111,oooooooo,on,on,on,on,0,100,100,-0.648,0.1055,-1.539182279,0.00151024,1.49E-06,5.40E-12,-0.113246455,-0.011177753,0.001682567,-2.18E-05,3,2244,0,20,1.9,1.8,1.02295,2.53906,1.59424,2.12646,1.50269,2.40723,38.3545,15.8745,18,614.221,394.643,33.2266,34.2671,30.0011,34.1888,34.1805,20.564,-30,-30,-999.9,420,0,99.3346,74.2493
121,1745821826,331,20250428 09:30:26,9:30:26,15,B,1,21%,5558.25,1745821818,0.002732111,2.732111459,6.056053962,417.5854,280.1011863,28.29587636,42.18455839,0.083181626,1.999836367,0.08130622,0.050981364,82.09271962,34.08373976,33.18135333,5.103816263,33.41155071,1.825686458,5.464237423,3.278129805,-120.4861153,131.6904901,15.19865995,108.4957543,0,0,1,0,25352,RECT-12807-20250324-17_57_43,10114.7,315.2007692,539.79,0.416067787,-0.222077465,MPF-14799-20250428-09_30_25,10126.8,227.80996,437.2201377,0.478958217,0.5,421.1898814,6.056053962,100.8661774,0.014905703,0.234595467,277.2243953,DARK-14800-20250428-09_30_32,176.99,176.99,0.595192479,0.804711474,0.282717371,1.716204405,0.456699825,0.625196035,0.374803965,14799,290,397.18,105,10126.8,394.56,2.62,300,24,437.2201377,2.451473954,-43.2048718,2.165080905,0.934305395,-0.007951657,290,387.03,695,10104.5,394.46,-7.43,None,None,None,None,None,None,None,None,None,None,None,None,None,500,421.1898814,0.842375439,0.164184596,2,0.5,0: Broadleaf,2,1745821818,417.5854,419.9846,18.07249,17.17816333,418.2322333,17.96953333,599.9453,100.9565333,0.063661317,34.4028,33.18135333,999.9,0,0,5001.166667,0,139.1894,-2.399132333,425.2711333,427.3252,0.8943251,419.9846,17.17816333,1.824535667,1.734247333,15.99858,15.20641333,500.0025667,0.9200232,0.079976913,0,227.832,4.99918,1308.824,4676.440333,42.4706,44.90393333,43.77893333,44.0704,45.17466667,455.4143333,39.591,0,37.19999981,0,227.80996,-6.38530771,-40.88615389,1308.5144,15,1745821677,9:27:56,1745821670,1745821677,1,-0.082,-0.066,-0.64,0.07,420,17,1.75,0.38,-2.37597122,0.135681951,0.142740855,1,228.8682353,-17.93961804,2.235258059,0,0.906903878,-0.272363958,0.02758794,0,1,3,01-Mar,3.22208,2.67315,0.100582,0.10197,0.0911415,0.0891913,26377.1,24252.4,27871.4,24761.5,32513.1,23837.7,39755.4,27533.6,1.8792,1.4854,0.063777,0,32.1493,999.9,33.5,32.6,16.3902,29.8809,17.4599,1,0.546951,0,20.3073,5.22568,11.9081,4.9596,3.292,9999,9999,9999,999.9,4.97214,1.85425,1.85611,1.85638,1.85593,1.85562,1.85077,1.85275,0,0,0,0,11111111,oooooooo,on,on,on,on,0,100,100,-0.646,0.1025,-1.539182279,0.00151024,1.49E-06,5.40E-12,-0.113246455,-0.011177753,0.001682567,-2.18E-05,3,2244,0,20,2.6,2.5,1.02417,2.54272,1.59424,2.12524,1.50269,2.44507,38.5014,15.8657,18,614.365,393.622,33.3071,34.3622,30.0009,34.284,34.2748,20.5675,-30,-30,-999.9,420,0,99.3216,74.2444
122,1745821866,370.5,20250428 09:31:05,9:31:05,15,B,1,21%,5558.61,1745821858,0.002347323,2.347323261,4.988072534,417.9799667,285.2298791,28.81534878,42.22642649,0.071254137,1.998450761,0.069872255,0.043792084,66.12940559,34.03799528,33.15308,5.095724517,33.3702541,1.817971494,5.447880284,3.277753024,-103.5169558,128.838936,14.87388668,106.3252724,0,0,1,0,25385,RECT-12807-20250324-17_57_43,10114.7,315.2007692,539.79,0.416067787,-0.222077465,MPF-14801-20250428-09_31_05,10131.8,236.80092,510.4940907,0.536133867,0.5,337.1997763,4.988072534,90.39210994,0.015451226,0.057387362,304.9807634,DARK-14802-20250428-09_31_12,178.06,178.06,0.651200664,0.823300553,0.080988332,1.401446648,0.130442182,0.619072327,0.380927673,14801,290,452.28,85,10131.8,449.83,2.45,300,24,510.4940907,3.388271986,-61.46638619,2.988408283,0.937923134,-0.008036751,290,440.47,625,10110.4,449.7,-9.23,None,None,None,None,None,None,None,None,None,None,None,None,None,400,337.1997763,0.842961718,0.165316116,2,0.5,0: Broadleaf,2,1745821858,417.9799667,419.9697,17.99526333,17.22690333,418.6257333,17.89443667,600.0006667,100.9603667,0.064634193,34.34890667,33.15308,999.9,0,0,4995.333333,0,122.0476667,-1.989796,425.6394667,427.3314333,0.7683625,419.9697,17.22690333,1.816809,1.739235333,15.93215667,15.25111667,400.0179,0.9000331,0.099967303,0,236.7966,4.99918,1103.156333,3707.271667,42.15806667,44.79546667,43.5914,43.90806667,44.95806667,355.5303333,39.49166667,0,37.19999981,0,236.80092,-6.975846126,-18.64461543,1102.9772,15,1745821677,9:27:56,1745821670,1745821677,1,-0.082,-0.066,-0.64,0.07,420,17,1.75,0.38,-1.997104,0.166579362,0.106360401,1,237.7482647,-16.42702826,1.950279215,0,0.7774452,-0.219796615,0.021685494,0,1,3,01-Mar,3.22181,2.67327,0.100613,0.101958,0.0908314,0.0893504,26372.8,24251.3,27868.1,24760.3,32520.7,23832.5,39751.2,27532.3,1.8794,1.484,0.0673532,0,32.0386,999.9,33.3,32.8,16.4767,29.9709,17.6963,1,0.551301,0,20.3084,5.22448,11.9081,4.9596,3.292,9999,9999,9999,999.9,4.97211,1.85425,1.85623,1.85638,1.85593,1.85562,1.85074,1.85287,0,0,0,0,11111111,oooooooo,on,on,on,on,0,100,100,-0.646,0.1003,-1.539182279,0.00151024,1.49E-06,5.40E-12,-0.113246455,-0.011177753,0.001682567,-2.18E-05,3,2244,0,20,3.3,3.1,1.02417,2.5415,1.59424,2.12524,1.50269,2.50244,38.6241,15.8745,18,615.211,393.289,33.3742,34.4383,30.0007,34.3593,34.3512,20.573,-30,-30,-999.9,420,0,99.3104,74.2409
123,1745821905,410,20250428 09:31:45,9:31:45,15,B,1,21%,5558.16,1745821897,0.001974439,1.974439308,3.842594569,418.4168333,295.5818891,29.86109159,42.27046325,0.060079114,1.999761861,0.059094096,0.037020965,49.59035825,33.94621069,33.06338333,5.070127418,33.38630853,1.809642178,5.420312271,3.26048524,-87.07277349,128.7667763,14.84267617,106.1270372,0,0,1,0,25074,RECT-12807-20250324-17_57_43,10114.7,315.2007692,539.79,0.416067787,-0.222077465,MPF-14803-20250428-09_31_44,10120.4,249.87028,602.5514943,0.585312986,0.5,252.8972022,3.842594569,74.01200826,0.016072428,-0.104159553,335.6134928,DARK-14804-20250428-09_31_51,179.62,179.62,0.701900996,0.833896787,-0.174255197,1.227354531,-0.27945015,0.599449206,0.400550794,14803,290,530.42,125,10120.4,527,3.42,300,24,602.5514943,2.199229252,-76.45625039,1.935250365,0.982376813,-0.008114339,290,513.65,635,10103.3,526.88,-13.23,None,None,None,None,None,None,None,None,None,None,None,None,None,300,252.8972022,0.842949838,0.165293187,2,0.5,0: Broadleaf,2,1745821897,418.4168333,419.9729,17.91285667,17.26657333,419.0613333,17.81427,600.0685333,100.9605,0.064267377,34.25775667,33.06338333,999.9,0,0,5000.666667,0,114.9184667,-1.556096333,426.0485667,427.3518,0.646286967,419.9729,17.26657333,1.808492,1.743242667,15.86038,15.28694,300.0145333,0.900014633,0.099985443,0,249.9506333,4.99918,904.0063,2768.719,41.74553333,44.5893,43.3289,43.64563333,44.66643333,265.5173333,29.5,0,37.19999981,0,249.87028,-6.206307682,-14.7958462,903.90716,15,1745821677,9:27:56,1745821670,1745821677,1,-0.082,-0.066,-0.64,0.07,420,17,1.75,0.38,-1.577349512,0.602085575,0.114463669,0,250.6567647,-13.37249809,1.511617405,0,0.657198268,-0.232526634,0.023717664,0,0,3,0/3,3.22183,2.67201,0.100672,0.101945,0.0905188,0.089479,26370.4,24251.6,27867.6,24760.3,32531.7,23829.4,39751,27532.6,1.877,1.483,0.0737607,0,31.8443,999.9,33.2,32.9,16.5213,29.8909,17.6923,1,0.553293,0,20.3093,5.22568,11.9081,4.96,3.292,9999,9999,9999,999.9,4.97205,1.85422,1.85623,1.85638,1.85593,1.85562,1.85077,1.85272,0,0,0,0,11111111,oooooooo,on,on,on,on,0,100,100,-0.645,0.098,-1.539182279,0.00151024,1.49E-06,5.40E-12,-0.113246455,-0.011177753,0.001682567,-2.18E-05,3,2244,0,20,3.9,3.8,1.02417,2.54272,1.59302,2.12646,1.50269,2.4707,38.7717,15.8657,18,613.935,393.051,33.4239,34.4871,30.0002,34.4138,34.4064,20.5795,-30,-30,-999.9,420,0,99.3095,74.2414
124,1745821945,449.5,20250428 09:32:24,9:32:24,15,B,1,21%,5558.61,1745821937,0.001637619,1.637619183,2.813387421,418.8163667,308.5618018,31.17300422,42.31166751,0.050059057,1.999863549,0.049373217,0.030919098,33.04592175,33.83691493,32.95493333,5.039328065,33.42044814,1.801910556,5.391640916,3.237417508,-72.21900598,130.1990195,14.99206006,106.0179953,0,0,1,0,24849,RECT-12807-20250324-17_57_43,10114.7,315.2007692,539.79,0.416067787,-0.222077465,MPF-14805-20250428-09_32_24,10110.1,261.87496,703.3005116,0.627648558,0.5,168.5698739,2.813387421,52.90131908,0.018007161,-0.23249025,364.713782,DARK-14806-20250428-09_32_31,194.83,194.83,0.722977594,0.868143858,-0.473998468,1.137402331,-0.728042529,0.645882553,0.354117447,14805,290,633.2,165,10110.1,630.73,2.47,300,24,703.3005116,2.726568951,-73.36450871,2.393892857,0.971050748,-0.008191208,290,617.78,635,10097,630.64,-12.86,None,None,None,None,None,None,None,None,None,None,None,None,None,200,168.5698739,0.84292453,0.165244343,2,0.5,0: Broadleaf,2,1745821937,418.8163667,419.9828333,17.83597,17.29981,419.4598333,17.73947667,599.9741333,100.9621333,0.064643257,34.16253,32.95493333,999.9,0,0,5001,0,115.5605333,-1.166384967,426.4220667,427.3764,0.5361573,419.9828333,17.29981,1.800759667,1.746628333,15.79337667,15.31715333,199.9821667,0.9000147,0.099985147,0,261.9215,4.99918,674.1253667,1829.916667,41.31646667,44.3477,43.01223333,43.3539,44.32483333,175.4866667,19.495,0,37.19999981,0,261.87496,0.328923053,2.311384651,674.2172,15,1745821677,9:27:56,1745821670,1745821677,1,-0.082,-0.066,-0.64,0.07,420,17,1.75,0.38,-1.191271725,0.747372574,0.155325947,0,261.7288529,2.382811305,0.617508377,0,0.5444679,-0.192795715,0.019242907,0,0,3,0/3,3.2229,2.67291,0.100773,0.101903,0.0902732,0.0895676,26369.3,24253.3,27869.6,24761,32542.6,23828.3,39753.6,27534,1.8778,1.4808,0.0793636,0,31.632,999.9,33,33.1,16.606,29.5609,17.5641,1,0.5525,0,20.3104,5.22328,11.9081,4.9596,3.292,9999,9999,9999,999.9,4.97208,1.85425,1.85623,1.85638,1.85593,1.85562,1.8508,1.85287,0,0,0,0,11111111,oooooooo,on,on,on,on,0,100,100,-0.643,0.0962,-1.539182279,0.00151024,1.49E-06,5.40E-12,-0.113246455,-0.011177753,0.001682567,-2.18E-05,3,2244,0,20,4.6,4.5,1.02417,2.55005,1.59424,2.13013,1.50269,2.37915,38.8951,15.8657,18,614.847,392.032,33.4559,34.5059,30,34.4479,34.4432,20.5818,-30,-30,-999.9,420,0,99.3161,74.2442
125,1745821984,489,20250428 09:33:04,9:33:04,15,B,1,21%,5558.61,1745821976,0.001349413,1.349413017,1.348049006,419.3505,346.8903482,35.04409772,42.36428018,0.041589358,1.998807755,0.04111453,0.025738791,16.5093904,33.68972947,32.80753333,4.99772813,33.47863086,1.793497854,5.357142178,3.204230276,-59.50911406,133.6037383,15.37246679,105.9764814,0,0,1,0,25762,RECT-12807-20250324-17_57_43,10114.7,315.2007692,539.79,0.416067787,-0.222077465,MPF-14807-20250428-09_33_03,10104.1,254.425,742.3204031,0.657257164,0.5,84.28171737,1.348049006,27.69738128,0.018629503,-0.272834213,374.9340137,DARK-14808-20250428-09_33_10,192.73,192.73,0.740368176,0.887743673,-0.5835602,1.142292146,-0.901781454,0.672476518,0.327523482,14807,290,698.31,155,10104.1,697.94,0.37,300,24,742.3204031,3.310205538,-44.84652476,2.899662,0.895209939,-0.008268689,290,694.42,625,10091.1,697.88,-3.46,None,None,None,None,None,None,None,None,None,None,None,None,None,100,84.28171737,0.842849904,0.165100315,2,0.5,0: Broadleaf,2,1745821976,419.3505,419.9884,17.75326333,17.31149667,419.9925,17.65901,600.0708667,100.9594333,0.064126147,34.04736333,32.80753333,999.9,0,0,4996.833333,0,124.2854667,-0.6379242,426.93,427.3872333,0.441766,419.9884,17.31149667,1.79236,1.747759333,15.72031667,15.32724333,99.99611667,0.900042,0.0999583,0,254.4255667,4.99918,398.9424667,891.5543667,40.87893333,44.06636667,42.67056667,43.06223333,43.95183333,85.501,9.499666667,0,37.19999981,0,254.425,-9.660230753,-11.48623081,398.8398,15,1745821677,9:27:56,1745821670,1745821677,1,-0.082,-0.066,-0.64,0.07,420,17,1.75,0.38,-0.688606275,0.834471141,0.137432988,0,254.7797059,-6.848556138,0.901722291,0,0.4499459,-0.16452788,0.016418236,0,0,3,0/3,3.22183,2.67188,0.100856,0.101897,0.0899533,0.0896222,26369.2,24256.4,27872,24763.9,32557.4,23829.8,39757.7,27537.4,1.877,1.4814,0.0832975,0,31.4132,999.9,32.8,33.2,16.5982,29.7509,17.492,1,0.549512,0,20.3112,5.22328,11.9081,4.9596,3.292,9999,9999,9999,999.9,4.97211,1.85425,1.85623,1.85638,1.85593,1.85562,1.8508,1.85287,0,0,0,0,11111111,oooooooo,on,on,on,on,0,100,100,-0.642,0.0939,-1.539182279,0.00151024,1.49E-06,5.40E-12,-0.113246455,-0.011177753,0.001682567,-2.18E-05,3,2244,0,20,5.2,5.1,1.02417,2.55005,1.59424,2.12891,1.50269,2.50244,38.994,15.8657,18,614.366,392.476,33.4748,34.5028,29.9995,34.4603,34.4616,20.5841,-30,-30,-999.9,420,0,99.3258,74.2533
126,1745822024,528.5,20250428 09:33:43,9:33:43,15,B,1,21%,5558.61,1745822016,0.001123692,1.123691972,-0.288879073,419.9337333,411.6870969,41.59006872,42.42317274,0.034892796,2.000564647,0.034558195,0.021628667,8.243235084,33.57759647,32.67829333,4.961499593,33.58083627,1.786332432,5.319499542,3.175167161,-49.55481597,134.0274785,15.38840691,108.1043045,0,0,1,0,24896,RECT-12807-20250324-17_57_43,10114.7,315.2007692,539.79,0.416067787,-0.222077465,MPF-14809-20250428-09_33_43,10093.4,244.3966,751.970058,0.674991581,0.5,42.14951029,-0.288879073,14.22528229,-0.001584873,-0.282165567,377.3799974,DARK-14810-20250428-09_33_50,190.17,190.17,0.747104292,0.903477048,-0.606887644,1.162108855,-0.94474725,0.703013995,0.296986005,14809,290,712.38,275,10093.4,713.1,-0.72,300,24,751.970058,3.446661688,-39.23023311,3.015970064,0.858008626,-0.008308676,290,709.94,635,10088.3,713.08,-3.14,None,None,None,None,None,None,None,None,None,None,None,None,None,50,42.14951029,0.842698239,0.164807601,2,0.5,0: Broadleaf,2,1745822016,419.9337333,419.9947333,17.68234667,17.3144,420.5739,17.59002,599.9904667,100.9592333,0.064260063,33.92096333,32.67829333,999.9,0,0,5004,0,135.4142667,-0.060975231,427.4927,427.3947,0.367939167,419.9947333,17.3144,1.785196333,1.74805,15.65775667,15.32981667,50.01732333,0.9001362,0.099863413,0,244.5049333,4.99918,259.4304667,422.5123333,40.43726667,43.7705,42.3165,42.74976667,43.58516667,40.52333333,4.499,0,37.19999981,0,244.3966,-25.43100003,-10.75000005,259.34424,15,1745821677,9:27:56,1745821670,1745821677,1,-0.082,-0.066,-0.64,0.07,420,17,1.75,0.38,-0.107181506,0.915942152,0.184843021,0,245.6189706,-22.98516425,2.320177776,0,0.376436659,-0.138136683,0.015036531,0,0,3,0/3,3.22232,2.67319,0.100972,0.101932,0.0896805,0.0896337,26369.9,24259.2,27876.3,24767.7,32571.3,23832.9,39762.7,27541.3,1.8782,1.4802,0.0888109,0,31.1966,999.9,32.6,33.4,16.684,29.9309,17.5962,1,0.544268,0,20.3121,5.22448,11.9081,4.96,3.292,9999,9999,9999,999.9,4.97211,1.85425,1.85623,1.85638,1.85593,1.85565,1.85086,1.85287,0,0,0,0,11111111,oooooooo,on,on,on,on,0,100,100,-0.64,0.0919,-1.539182279,0.00151024,1.49E-06,5.40E-12,-0.113246455,-0.011177753,0.001682567,-2.18E-05,3,2244,0,20,5.9,5.8,1.02539,2.54639,1.59424,2.12769,1.50269,2.44873,39.0931,15.8569,18,615.203,391.785,33.4775,34.4746,29.9992,34.4541,34.4586,20.5925,-30,-30,-999.9,420,0,99.3394,74.2641
127,1745824533,3037.4,20250428 10:15:32,10:15:32,15,B,1,2%,5559.18,1745824525,0.006709916,6.709915558,18.57854711,412.8814194,215.9431074,21.82046849,41.72055367,0.175049357,2.001406935,0.166966696,0.105049275,321.5021316,36.12982336,34.04259677,5.355718479,24.0884946,1.431290709,5.941802229,3.924427769,-295.9072761,202.3125681,23.60318741,251.510611,0,0,1,0,24738,RECT-12807-20250324-17_57_43,10114.7,315.2007692,539.79,0.416067787,-0.222077465,MPF-14813-20250428-10_15_32,10107.9,259.625,299.0878217,0.131943927,0.5,1681.152262,18.57854711,110.9089157,0.011183178,0.804787627,214.4308371,DARK-14814-20250428-10_15_39,213.99,213.99,0.284524529,0.463734804,0.738803494,-2.449137359,1.071744079,0.382222863,0.617777137,14813,290,295.47,115,10107.9,293.63,1.84,300,24,299.0878217,3.133407127,-5.515579384,2.829392466,0.119499835,-0.006692805,290,297.2,675,10089.7,293.62,3.58,None,None,None,None,None,None,None,None,None,None,None,None,None,2000,1681.152262,0.840598637,0.16075537,2,0.5,0: Broadleaf,2,1745824525,412.8814194,419.9979032,14.16456129,11.95955161,413.3604194,14.15456129,599.9858065,100.9855161,0.061786352,35.9176,34.04259677,999.9,0,0,5006.129032,0,323.4207419,-7.297601613,418.6273226,425.0816452,2.198952258,419.9979032,11.95955161,1.429804839,1.20774129,12.23740323,9.697266129,1999.946452,0.979995742,0.020004055,0,260.035871,4.99918,5569.309355,19219.31935,42.36280645,44.683,43.07825806,43.81406452,44.893,1955.038387,39.90806452,0,2467.2,0,259.625,-38.73130774,-747.6184627,5562.018,15,1745824555,10:15:54,1745824555,1745824555,2,0.161,0.049,-0.479,0.01,420,12,1.58,0.19,-7.235564,-0.916739212,0.148697814,0,262.2690882,-45.95735676,4.589462229,0,2.192872,0.119476098,0.01253796,0,0,3,0/3,3.22062,2.67033,0.099767,0.102058,0.0784905,0.0698394,26354,24228.2,27826.2,24743.8,32921.5,24330.7,39703.5,27518,1.874,1.4618,0.134259,0,31.9568,999.9,17.2,39.8,12.4927,29.641,17.8846,1,0.626504,0,20.2913,5.22448,11.9081,4.9592,3.292,9999,9999,9999,999.9,4.97217,1.85455,1.85654,1.85684,1.85623,1.85593,1.8512,1.85306,0,0,0,0,11111111,oooooooo,on,on,on,on,0,100,100,-0.479,0.01,-1.539182279,0.00151024,1.49E-06,5.40E-12,-0.113246455,-0.011177753,0.001682567,-2.18E-05,3,2244,0,20,47.7,47.6,1.05225,2.59033,1.59424,2.12402,1.50269,2.50977,43.2904,15.3754,18,622.567,388.17,35.145,35.5662,29.999,35.5882,35.6243,21.1367,-30,-30,-999.9,420,0,99.1789,74.1971
128,1745824586,3090.4,20250428 10:16:25,10:16:25,15,B,1,2%,5559.18,1745824578,0.006554693,6.554692982,17.68649119,413.1714516,221.4622744,22.37746022,41.74854497,0.171687669,1.999273357,0.163897153,0.103106205,289.5669227,36.02641309,34.08709032,5.369020842,24.50835436,1.464640034,5.976084775,3.904380808,-289.0619605,208.5778922,24.37782312,233.4606776,0,0,1,0,24905,RECT-12807-20250324-17_57_43,10114.7,315.2007692,539.79,0.416067787,-0.222077465,MPF-14815-20250428-10_16_25,10109.9,238.6913462,290.5356695,0.178443919,0.5,1513.18982,17.68649119,135.0097606,0.011834978,0.857913009,209.9990209,DARK-14816-20250428-10_16_32,195.59,195.59,0.326795225,0.546042001,0.724155521,-2.10193042,1.109823163,0.447441253,0.552558747,14815,290,276.14,95,10109.9,275.69,0.45,300,24,290.5356695,2.442383877,-15.00678509,2.198505446,0.62462942,-0.006858325,290,276.75,865,10084.6,275.65,1.1,None,None,None,None,None,None,None,None,None,None,None,None,None,1800,1513.18982,0.840657998,0.160869936,2,0.5,0: Broadleaf,2,1745824578,413.1714516,419.9697419,14.49505484,12.34180968,413.6693548,14.43501935,599.9950645,100.9826452,0.061472974,36.02222258,34.08709032,999.9,0,0,4997.580645,0,298.1604516,-6.798342258,419.2485161,425.2176452,2.153242903,419.9697419,12.34180968,1.463750968,1.246310645,12.59466452,10.16649355,1800.006452,0.978003968,0.021996445,0,238.9142903,4.99918,4647.514516,17281.96774,42.532,44.562,43.034,43.687,45,1755.526452,39.48,0,51,0,238.6913462,-10.40851284,-292.4092309,4644.475,15,1745824555,10:15:54,1745824555,1745824555,2,0.161,0.049,-0.479,0.01,420,12,1.58,0.19,-6.82797561,0.631569199,0.12124451,0,239.3895588,-12.83445379,1.39431065,0,2.158648537,-0.134308641,0.013768883,0,0,3,0/3,3.2201,2.66997,0.0998649,0.102087,0.0795438,0.0715181,26361,24233.9,27836.1,24750,32895.1,24293.1,39716.8,27525.1,1.8746,1.4636,0.139773,0,31.8302,999.9,17.5,39.9,12.7797,30.111,17.7885,1,0.612724,0,20.2937,5.22208,11.9081,4.9596,3.2922,9999,9999,9999,999.9,4.97214,1.85455,1.85654,1.85684,1.85623,1.85593,1.8512,1.85306,0,0,0,0,11111111,oooooooo,on,on,on,on,0,100,100,-0.498,0.0609,-1.377733927,0.00151024,1.49E-06,5.40E-12,-0.063763226,-0.011177753,0.001682567,-2.18E-05,3,2244,0,20,0.5,0.5,1.05225,2.58789,1.59424,2.1228,1.50269,2.55249,43.2904,15.3754,18,622.18,388.741,35.1599,35.442,29.9988,35.4973,35.5469,21.1411,-30,-30,-999.9,420,0,99.213,74.216
129,1745824625,3129.9,20250428 10:17:05,10:17:05,15,B,1,2%,5559.27,1745824617,0.006234548,6.234548039,17.21651531,413.3941,220.9976134,22.33020066,41.77046558,0.165902129,1.999442651,0.158616428,0.099763195,257.6677858,35.81357529,33.8988,5.312922934,24.76632906,1.474753909,5.954672996,3.838169025,-274.9435685,221.8550448,25.89544679,230.4747088,0,0,1,0,25027,RECT-12807-20250324-17_57_43,10114.7,315.2007692,539.79,0.416067787,-0.222077465,MPF-14817-20250428-10_17_04,10106.2,231.17248,285.2088623,0.189462494,0.5,1345.189181,17.21651531,127.4314484,0.012963673,0.892612998,207.2018729,DARK-14818-20250428-10_17_11,186.39,186.39,0.346478933,0.54682255,0.720376734,-1.801698786,1.133541162,0.440892684,0.559107316,14817,290,271.32,155,10106.2,271.6,-0.28,300,24,285.2088623,2.717445078,-13.7526439,2.438905939,0.531746875,-0.007025941,290,271.69,765,10088.3,271.58,0.11,None,None,None,None,None,None,None,None,None,None,None,None,None,1600,1345.189181,0.840747792,0.161043238,2,0.5,0: Broadleaf,2,1745824617,413.3941,419.9920333,14.59535,12.54750333,413.8915333,14.53298333,600.0012333,100.9813667,0.061356443,35.95694,33.8988,999.9,0,0,4998.333333,0,93.49469333,-6.597861333,419.5172667,425.3289,2.047843333,419.9920333,12.54750333,1.473857667,1.267065333,12.69963333,10.41374333,1599.991333,0.974997,0.025003167,0,231.2442667,4.99918,3918.372,15341.33333,42.4538,44.42046667,43,43.56626667,45,1555.109333,39.882,0,37.39999986,0,231.17248,-7.798999993,-152.6900002,3916.8476,15,1745824555,10:15:54,1745824555,1745824555,2,0.161,0.049,-0.479,0.01,420,12,1.58,0.19,-6.6233065,0.38228758,0.117061371,1,232.4445882,-18.63376624,2.133026821,0,2.0539145,-0.101741313,0.010994824,0,1,3,01-Mar,3.22015,2.66993,0.0999436,0.102091,0.0798854,0.0723704,26366.4,24239.3,27843.9,24755.2,32890.9,24275.8,39726.4,27530.8,1.8762,1.4638,0.135958,0,31.7105,999.9,17.7,39.9,12.9267,29.881,17.8686,1,0.601626,0,20.2958,5.22448,11.9081,4.9584,3.292,9999,9999,9999,999.9,4.97217,1.85455,1.85654,1.85684,1.85623,1.85593,1.8512,1.85309,0,0,0,0,11111111,oooooooo,on,on,on,on,0,100,100,-0.497,0.0628,-1.377733927,0.00151024,1.49E-06,5.40E-12,-0.063763226,-0.011177753,0.001682567,-2.18E-05,3,2244,0,20,1.2,1.2,1.05225,2.58911,1.59424,2.1228,1.50269,2.49023,43.3176,15.3754,18,622.591,388.412,35.1585,35.3354,29.9989,35.4106,35.4686,21.1407,-30,-30,-999.9,420,0,99.2385,74.2315
130,1745824665,3169.5,20250428 10:17:44,10:17:44,15,B,1,2%,5559.45,1745824657,0.005787566,5.787565836,16.38712752,413.7297742,219.621835,22.19006223,41.80226176,0.155733529,1.998959262,0.149293459,0.093864835,225.7798552,35.60424702,33.72813226,5.262516487,24.93989374,1.476274655,5.919330173,3.786241832,-255.2316533,228.5329389,26.64514636,225.7262872,0,0,1,0,25266,RECT-12807-20250324-17_57_43,10114.7,315.2007692,539.79,0.416067787,-0.222077465,MPF-14819-20250428-10_17_44,10107.6,225.06012,286.5796393,0.214668144,0.5,1177.199168,16.38712752,126.3535804,0.014109087,0.88356019,207.9244058,DARK-14820-20250428-10_17_51,185.28,185.28,0.353478145,0.607302452,0.714254494,-2.149444118,1.127437677,0.499959736,0.500040264,14819,290,270.46,165,10107.6,270.05,0.41,300,24,286.5796393,3.290557845,-16.70458926,2.944678989,0.534734673,-0.007193456,290,270.24,775,10090.3,270.02,0.22,None,None,None,None,None,None,None,None,None,None,None,None,None,1400,1177.199168,0.840867011,0.161273332,2,0.5,0: Broadleaf,2,1745824657,413.7297742,419.990129,14.61114194,12.71019677,414.2261935,14.54840645,600.0176129,100.9763548,0.061241113,35.84873548,33.72813226,999.9,0,0,4996.612903,0,214.5463871,-6.260312903,419.8644839,425.3969677,1.900951935,419.990129,12.71019677,1.475379032,1.283428387,12.71537097,10.60616452,1399.982581,0.970995065,0.029004681,0,225.080871,4.99918,3417.458387,13400.17742,42.31206452,44.23570968,42.927,43.437,44.923,1354.522581,40.46,0,37.39999986,0,225.06012,-3.805923067,-217.1607697,3417.0896,15,1745824555,10:15:54,1745824555,1745824555,2,0.161,0.049,-0.479,0.01,420,12,1.58,0.19,-6.260279756,-0.028025699,0.094470335,1,225.9151471,-13.63692894,1.662350376,0,1.913783171,-0.249905227,0.024839898,0,1,3,01-Mar,3.22092,2.66945,0.099973,0.102123,0.0799023,0.0730573,26373.7,24244.7,27852.1,24761.2,32899.4,24263.7,39737.3,27537.6,1.8788,1.4658,0.135303,0,31.5486,999.9,17.9,40,13.142,29.7583,17.8806,1,0.588699,0,20.2982,5.22448,11.9081,4.9592,3.292,9999,9999,9999,999.9,4.97217,1.85455,1.8566,1.85684,1.85623,1.85593,1.8512,1.85315,0,0,0,0,11111111,oooooooo,on,on,on,on,0,100,100,-0.497,0.0627,-1.377733927,0.00151024,1.49E-06,5.40E-12,-0.063763226,-0.011177753,0.001682567,-2.18E-05,3,2244,0,20,1.8,1.8,1.05225,2.59399,1.59424,2.1228,1.50269,2.42432,43.3176,15.3579,18,623.589,388.954,35.1356,35.2086,29.9984,35.3068,35.3674,21.1454,-30,-30,-999.9,420,0,99.2665,74.2496
131,1745824704,3209,20250428 10:18:24,10:18:24,15,B,1,2%,5559.45,1745824696,0.005361391,5.361391065,15.53987267,414.0713667,217.6661766,21.99147749,41.83489269,0.145226243,2.000150832,0.139612229,0.087743958,193.80215,35.38690162,33.59515667,5.22353115,25.01986858,1.472223617,5.884218027,3.751307533,-236.437346,231.3563545,26.9266182,215.6477768,0,0,1,0,24897,RECT-12807-20250324-17_57_43,10114.7,315.2007692,539.79,0.416067787,-0.222077465,MPF-14821-20250428-10_18_23,10107.4,219.4543462,292.1937065,0.248942256,0.5,1009.179179,15.53987267,125.6136706,0.015618584,0.847370385,210.863876,DARK-14822-20250428-10_18_31,173.01,173.01,0.407892791,0.610312957,0.675053965,-3.161610039,1.102440632,0.481149025,0.518850975,14821,290,272.01,195,10107.4,271.26,0.75,300,24,292.1937065,3.077381027,-21.16043844,2.745767928,0.679601391,-0.007360811,290,270.06,765,10092.5,271.23,-1.17,None,None,None,None,None,None,None,None,None,None,None,None,None,1200,1009.179179,0.840985686,0.161502375,2,0.5,0: Broadleaf,2,1745824696,414.0713667,419.992,14.57170333,12.81041333,414.5669333,14.50987,599.9314667,100.9723,0.06074904,35.74068,33.59515667,999.9,0,0,5001.666667,0,97.28296667,-5.920562667,420.1943667,425.4421,1.761284,419.992,12.81041333,1.471337667,1.293497,12.67351667,10.72350333,1199.995667,0.967004767,0.032995237,0,219.4579667,4.99918,2819.817667,11464.25667,42.07883333,44.04136667,42.812,43.2623,44.7686,1155.569667,39.42733333,0,37.20000005,0,219.4543462,-4.352444443,-32.32102566,2819.985,15,1745824555,10:15:54,1745824555,1745824555,2,0.161,0.049,-0.479,0.01,420,12,1.58,0.19,-5.905603902,-0.122425714,0.12202211,1,220.0965588,-11.30134454,1.372818552,0,1.771239756,-0.218006969,0.021937242,0,1,3,01-Mar,3.22055,2.6695,0.100111,0.10217,0.0796605,0.0734485,26379.4,24250.3,27862,24767.6,32918.3,24259.5,39749.6,27544.4,1.8802,1.467,0.133663,0,31.4419,999.9,18,40,13.2149,30.0083,18.0088,1,0.575711,0,20.3,5.22448,11.9081,4.9588,3.292,9999,9999,9999,999.9,4.97223,1.85455,1.85654,1.85684,1.85623,1.85596,1.85117,1.85315,0,0,0,0,11111111,oooooooo,on,on,on,on,0,100,100,-0.495,0.0613,-1.377733927,0.00151024,1.49E-06,5.40E-12,-0.063763226,-0.011177753,0.001682567,-2.18E-05,3,2244,0,20,2.5,2.5,1.05225,2.59155,1.59424,2.1228,1.50269,2.53418,43.2904,15.3666,18,623.548,389.001,35.1,35.0703,29.9985,35.1881,35.2571,21.1444,-30,-30,-999.9,420,0,99.2991,74.2685
132,1745824744,3248.5,20250428 10:19:03,10:19:03,15,B,1,2%,5559.27,1745824736,0.004928696,4.928696294,14.46024486,414.4766333,217.5298237,21.97848449,41.8773302,0.134272668,2.000566886,0.129459445,0.081330227,161.9055116,35.15136183,33.44570333,5.180014972,24.98614814,1.459806471,5.842463044,3.720208501,-217.3555066,233.585658,27.1435174,205.2791805,0,0,1,0,24909,RECT-12807-20250324-17_57_43,10114.7,315.2007692,539.79,0.416067787,-0.222077465,MPF-14823-20250428-10_19_03,10104.3,213.70552,293.7668599,0.2725336,0.5,841.1986551,14.46024486,114.6274489,0.017454049,0.837477516,211.6819327,DARK-14824-20250428-10_19_10,165.23,165.23,0.437547176,0.622866779,0.65683239,-3.735265399,1.095436051,0.481579876,0.518420124,14823,290,273.79,285,10104.3,274.58,-0.79,300,24,293.7668599,2.341993871,-19.38410644,2.083480387,0.755584675,-0.007528583,290,273.18,795,10094.2,274.56,-1.38,None,None,None,None,None,None,None,None,None,None,None,None,None,1000,841.1986551,0.841194113,0.161904637,2,0.5,0: Broadleaf,2,1745824736,414.4766333,419.9772333,14.44828667,12.82925,414.971,14.38932,600.0463333,100.9762333,0.060415863,35.61145,33.44570333,999.9,0,0,5003.166667,0,82.44097667,-5.500496667,420.553,425.4353,1.619039667,419.9772333,12.82925,1.458931333,1.295447,12.5444,10.74613333,1000.0054,0.9599989,0.040001037,0,213.7493333,4.99918,2297.865,9523.943333,41.8039,43.8477,42.67666667,43.0893,44.58303333,955.203,39.804,0,37.20000005,0,213.70552,-3.559846137,-41.6869231,2297.6016,15,1745824555,10:15:54,1745824555,1745824555,2,0.161,0.049,-0.479,0.01,420,12,1.58,0.19,-5.51032,0.166607247,0.12209218,1,214.5559118,-12.22250572,1.473077898,0,1.630521951,-0.213021324,0.02184277,0,1,3,01-Mar,3.22089,2.66815,0.100186,0.102204,0.0791599,0.073476,26386.3,24254.4,27871,24772.2,32946.1,24263.8,39761.4,27550.2,1.8816,1.4692,0.130683,0,31.3472,999.9,18,40,13.2159,29.8583,17.8205,1,0.563008,0,20.3019,5.22328,11.9081,4.9592,3.292,9999,9999,9999,999.9,4.97217,1.85455,1.85654,1.85684,1.85623,1.85593,1.8512,1.85309,0,0,0,0,11111111,oooooooo,on,on,on,on,0,100,100,-0.495,0.0582,-1.377733927,0.00151024,1.49E-06,5.40E-12,-0.063763226,-0.011177753,0.001682567,-2.18E-05,3,2244,0,20,3.2,3.2,1.05225,2.59277,1.59424,2.12158,1.50269,2.3938,43.2633,15.3579,18,623.439,389.552,35.0518,34.9295,29.9987,35.0637,35.1385,21.1486,-30,-30,-999.9,420,0,99.3298,74.2832
133,1745824783,3288,20250428 10:19:43,10:19:43,15,B,1,2%,5559.18,1745824775,0.004510002,4.51000221,13.69793816,414.8002333,213.1225849,21.53371646,41.91104672,0.123417162,1.999977476,0.119336866,0.074940902,129.9800637,34.89068981,33.29108333,5.135326646,24.86928038,1.441105681,5.794722078,3.694220965,-198.8910974,234.1504773,27.17691947,192.416363,0,0,1,0,24863,RECT-12807-20250324-17_57_43,10114.7,315.2007692,539.79,0.416067787,-0.222077465,MPF-14825-20250428-10_19_42,10108.8,207.76508,300.9956893,0.309740679,0.5,673.1875524,13.69793816,104.256785,0.020677767,0.793347942,215.409745,DARK-14826-20250428-10_19_50,162.28,162.28,0.460856066,0.672098519,0.632550954,-6.563187961,1.063249159,0.524958995,0.475041005,14825,290,280.7,245,10108.8,280.68,0.02,300,24,300.9956893,2.997573905,-20.53881454,2.658784556,0.680634731,-0.007696379,290,279.08,785,10096.7,280.65,-1.57,None,None,None,None,None,None,None,None,None,None,None,None,None,800,673.1875524,0.841490261,0.162476203,2,0.5,0: Broadleaf,2,1745824775,414.8002333,419.9900333,14.26285,12.78089,415.2937333,14.20816667,599.9725667,100.9782333,0.060877437,35.46270667,33.29108333,999.9,0,0,5000.666667,0,91.17713,-5.189899333,420.8021333,425.4275667,1.481961333,419.9900333,12.78089,1.440237667,1.290591,12.34801667,10.68972333,799.9944667,0.950012433,0.04998749,0,207.8060667,4.99918,1812.080333,7584.773,41.5039,43.6373,42.49783333,42.9184,44.35183333,755.255,39.74,0,37.20000005,0,207.76508,-3.442307689,37.54615385,1812.204,15,1745824555,10:15:54,1745824555,1745824555,2,0.161,0.049,-0.479,0.01,420,12,1.58,0.19,-5.22682775,0.38114758,0.127313536,1,208.5074412,-11.26012223,1.363005248,0,1.49227025,-0.211463977,0.020869482,0,1,3,01-Mar,3.22098,2.67015,0.100308,0.102226,0.0783627,0.0732514,26391.1,24259.2,27879.4,24777.2,32983.3,24274.4,39771.8,27555.6,1.8836,1.4692,0.125021,0,31.2688,999.9,17.9,40.1,13.2122,29.7783,18.0809,1,0.550671,0,20.304,5.22328,11.9081,4.96,3.292,9999,9999,9999,999.9,4.9722,1.85455,1.85654,1.85684,1.85623,1.85593,1.8512,1.85306,0,0,0,0,11111111,oooooooo,on,on,on,on,0,100,100,-0.493,0.0536,-1.377733927,0.00151024,1.49E-06,5.40E-12,-0.063763226,-0.011177753,0.001682567,-2.18E-05,3,2244,0,20,3.8,3.8,1.05225,2.59644,1.59424,2.12158,1.50269,2.42188,43.2362,15.3666,18,623.768,388.858,34.9919,34.7864,29.9987,34.9367,35.0167,21.1476,-30,-30,-999.9,420,0,99.3573,74.2979
134,1745824823,3327.5,20250428 10:20:22,10:20:22,15,B,1,2%,5559.36,1745824815,0.004138355,4.138354529,12.55418132,415.2134,214.2391129,21.64572937,41.95124207,0.113281284,2.000266711,0.109834078,0.068947279,98.06877175,34.65175312,33.17519667,5.102053291,24.62065428,1.418051375,5.759600696,3.684001916,-182.5014347,234.8076457,27.21921497,177.5941977,0,0,1,0,24987,RECT-12807-20250324-17_57_43,10114.7,315.2007692,539.79,0.416067787,-0.222077465,MPF-14827-20250428-10_20_22,10115,202.56252,319.8560486,0.366707239,0.5,505.20042,12.55418132,92.63032567,0.025289486,0.687602915,224.9002746,DARK-14828-20250428-10_20_29,159.47,159.47,0.50143197,0.731320022,0.578286578,25.19580888,0.979272028,0.575741277,0.424258723,14827,290,298.39,195,10115,296.42,1.97,300,24,319.8560486,3.077753912,-23.70724624,2.721917302,0.730406103,-0.007864744,290,296.51,645,10104.2,296.39,0.12,None,None,None,None,None,None,None,None,None,None,None,None,None,600,505.20042,0.841992982,0.163446455,2,0.5,0: Broadleaf,2,1745824815,415.2134,419.9708333,14.03519667,12.67512333,415.7058667,13.98569,600.0076333,100.9751,0.060276193,35.3526,33.17519667,999.9,0,0,5002,0,254.7436,-4.757431,421.1240333,425.3624667,1.360072,419.9708333,12.67512333,1.417205,1.279871,12.10295667,10.56452,600.0055,0.9330092,0.066990683,0,202.5909333,4.99918,1442.243,5645.252333,41.16853333,43.4433,42.29753333,42.77686667,44.1019,555.1463333,39.86,0,37.20000005,0,202.56252,-5.311692309,237.1823077,1443.288,15,1745824555,10:15:54,1745824555,1745824555,2,0.161,0.049,-0.479,0.01,420,12,1.58,0.19,-4.79629925,0.476942026,0.135626625,1,203.3845,-12.42675324,1.430923668,0,1.37311875,-0.208863152,0.02096611,0,1,3,01-Mar,3.22073,2.66912,0.100413,0.102256,0.0774285,0.0727723,26395.8,24263.6,27887.3,24782.1,33024.9,24291.4,39781.4,27560.6,1.885,1.4712,0.11757,0,31.2704,999.9,17.8,40.1,13.139,30.0483,17.9567,1,0.538598,0,20.3063,5.22328,11.9081,4.958,3.292,9999,9999,9999,999.9,4.97223,1.85455,1.85657,1.85684,1.85623,1.85593,1.8512,1.85312,0,0,0,0,11111111,oooooooo,on,on,on,on,0,100,100,-0.492,0.0483,-1.377733927,0.00151024,1.49E-06,5.40E-12,-0.063763226,-0.011177753,0.001682567,-2.18E-05,3,2244,0,20,4.5,4.5,1.05225,2.59399,1.59424,2.12158,1.50269,2.54761,43.2091,15.3579,18,623.666,389.281,34.9275,34.6536,29.9986,34.8135,34.8961,21.153,-30,-30,-999.9,420,0,99.383,74.312
135,1745824862,3367,20250428 10:21:02,10:21:02,15,B,1,2%,5559.36,1745824854,0.003862685,3.86268482,11.73911718,415.5520667,212.9372255,21.51459445,41.98624343,0.104832459,1.99938593,0.101871786,0.063928906,82.0922167,34.55627894,33.17858333,5.103023003,24.30855152,1.395177424,5.739451084,3.707845579,-170.3444006,227.5016649,26.37616036,165.6256414,0,0,1,0,25111,RECT-12807-20250324-17_57_43,10114.7,315.2007692,539.79,0.416067787,-0.222077465,MPF-14829-20250428-10_21_01,10122.5,201.73216,349.4812272,0.42276682,0.5,421.1846226,11.73911718,89.03144182,0.028398935,0.544546482,239.154761,DARK-14830-20250428-10_21_09,171.12,171.12,0.510359966,0.828369873,0.516203577,4.310008561,0.84736375,0.7026676,0.2973324,14829,290,316.3,125,10122.5,314.14,2.16,300,23.9,349.4812272,2.857635809,-35.77391526,2.523594894,0.877703953,-0.007949515,290,310.66,635,10106.6,314.08,-3.42,None,None,None,None,None,None,None,None,None,None,None,None,None,500,421.1846226,0.84237604,0.164185758,2,0.5,0: Broadleaf,2,1745824854,415.5520667,420.0001,13.80854333,12.53877667,416.0434,13.76411667,600.0073667,100.9767,0.060562957,35.28916667,33.17858333,999.9,0,0,4998.333333,0,332.6932333,-4.448069,421.3704667,425.3331667,1.269770667,420.0001,12.53877667,1.394341667,1.266125,11.85620333,10.40261333,499.9959667,0.919991733,0.080008603,0,201.8096333,4.99918,1265.506,4676.329,40.8831,43.375,42.13533333,42.6933,43.87483333,455.3923333,39.6,0,37.20000005,0,201.73216,-9.056769231,-45.78153846,1265.1764,15,1745824555,10:15:54,1745824555,1745824555,2,0.161,0.049,-0.479,0.01,420,12,1.58,0.19,-4.468797561,0.334285296,0.106034007,1,202.7141765,-17.22530175,1.927246153,0,1.276584146,-0.143451429,0.014973856,0,1,3,01-Mar,3.21995,2.66933,0.100483,0.102267,0.0765365,0.0721481,26399.8,24267.1,27893.2,24785.5,33064.3,24311.4,39790.3,27564.8,1.8862,1.4732,0.110567,0,31.3709,999.9,17.7,40.1,13.0632,29.8483,18.1931,1,0.529329,0,20.3068,5.22568,11.9081,4.96,3.292,9999,9999,9999,999.9,4.97226,1.85455,1.85654,1.85684,1.85623,1.85593,1.85117,1.85312,0,0,0,0,11111111,oooooooo,on,on,on,on,0,100,100,-0.492,0.0433,-1.377733927,0.00151024,1.49E-06,5.40E-12,-0.063763226,-0.011177753,0.001682567,-2.18E-05,3,2244,0,20,5.1,5.1,1.05225,2.59521,1.59424,2.12158,1.50269,2.40845,43.182,15.3579,18,623.485,389.781,34.8792,34.5373,29.999,34.6973,34.788,21.155,-30,-30,-999.9,420,0,99.4048,74.3229
136,1745824902,3406.5,20250428 10:21:41,10:21:41,15,B,1,2%,5559.27,1745824894,0.003718325,3.718325477,10.81700716,415.8766667,219.6900165,22.19726863,42.01977966,0.100180404,2.001454327,0.09747573,0.061159253,66.12685305,34.43843635,33.17056333,5.100726878,23.91925001,1.369889341,5.7271417,3.730837537,-163.9781536,224.4107476,25.98496106,152.5444081,0,0,1,0,24795,RECT-12807-20250324-17_57_43,10114.7,315.2007692,539.79,0.416067787,-0.222077465,MPF-14831-20250428-10_21_41,10118.8,202.96248,382.885926,0.469913971,0.5,337.1846455,10.81700716,79.22388789,0.03273899,0.409793266,254.3394933,DARK-14832-20250428-10_21_48,158.89,158.89,0.585020004,0.803244279,0.411929835,2.658240812,0.698626882,0.628823039,0.371176961,14831,290,344.33,195,10118.8,342.09,2.24,300,23.9,382.885926,2.92868856,-41.2820388,2.58268183,0.901232427,-0.008034394,290,336.76,685,10106.6,342.04,-5.28,None,None,None,None,None,None,None,None,None,None,None,None,None,400,337.1846455,0.842962316,0.16531727,2,0.5,0: Broadleaf,2,1745824894,415.8766667,419.9978667,13.55802,12.33536,416.3672333,13.51913333,599.9889333,100.9785667,0.060474537,35.25032,33.17056333,999.9,0,0,5006.666667,0,337.7537333,-4.12114,421.5926,425.2433667,1.222646333,419.9978667,12.33536,1.369071,1.245609,11.57928667,10.15809333,399.9996667,0.900011667,0.099988323,0,203.0185333,4.99918,1054.869667,3707.074333,40.64976667,43.39773333,41.9979,42.7416,43.7017,355.5043333,39.49766667,0,37.20000005,0,202.96248,-7.923923046,-36.51615386,1054.6272,15,1745824555,10:15:54,1745824555,1745824555,2,0.161,0.049,-0.479,0.01,420,12,1.58,0.19,-4.146880732,0.169350523,0.114988063,1,204.0493824,-17.38901452,1.908489748,0,1.230167805,-0.115769686,0.012829553,0,1,3,01-Mar,3.22093,2.66901,0.100566,0.102316,0.0754635,0.0711701,26402.5,24268.7,27898.4,24788.2,33108.1,24339.5,39796.7,27567.7,1.8882,1.4736,0.101328,0,31.5376,999.9,17.5,40.1,12.9147,29.6683,18.0449,1,0.522378,0,20.3078,5.22687,11.9081,4.9596,3.292,9999,9999,9999,999.9,4.97223,1.85455,1.85654,1.85681,1.85623,1.85593,1.8512,1.85309,0,0,0,0,11111111,oooooooo,on,on,on,on,0,100,100,-0.491,0.0376,-1.377733927,0.00151024,1.49E-06,5.40E-12,-0.063763226,-0.011177753,0.001682567,-2.18E-05,3,2244,0,20,5.8,5.8,1.05225,2.58911,1.59424,2.12158,1.50269,2.54028,43.182,15.3491,18,624.134,389.51,34.8471,34.4464,29.9993,34.6066,34.7028,21.1577,-30,-30,-999.9,420,0,99.4218,74.3307
137,1745824941,3446,20250428 10:22:21,10:22:21,15,B,1,2%,5559.27,1745824933,0.003624333,3.62433336,9.847425635,416.2129667,229.9300837,23.23184052,42.05362389,0.096812565,2.000184092,0.094282653,0.059148454,49.58872897,34.30579558,33.17148,5.100989274,23.44852381,1.34075918,5.7178831,3.760230094,-159.8331012,221.0135367,25.60429053,136.373455,0,0,1,0,24797,RECT-12807-20250324-17_57_43,10114.7,315.2007692,539.79,0.416067787,-0.222077465,MPF-14833-20250428-10_22_20,10113.9,208.94084,438.8874082,0.523930657,0.5,252.8888354,9.847425635,66.24810686,0.039817903,0.229905415,277.8937604,DARK-14834-20250428-10_22_28,168.67,168.67,0.615687311,0.850968743,0.271886699,1.859105964,0.449276181,0.686954728,0.313045272,14833,290,394.65,155,10113.9,390.83,3.82,300,23.9,438.8874082,3.090645047,-48.60072031,2.71892277,0.919428009,-0.008111172,290,384.4,715,10097.7,390.76,-6.36,None,None,None,None,None,None,None,None,None,None,None,None,None,300,252.8888354,0.842949859,0.165293229,2,0.5,0: Broadleaf,2,1745824933,416.2129667,419.9982,13.26975667,12.0777,416.7026333,13.23711667,600.0116333,100.9784,0.06031638,35.22105333,33.17148,999.9,0,0,5001.5,0,343.6148333,-3.785177667,421.8102667,425.1327333,1.192051667,419.9982,12.0777,1.339958,1.219586667,11.25463667,9.842776667,300.0046,0.900015033,0.099984853,0,209.0018333,4.99918,866.1407333,2768.626667,40.43716667,43.437,41.87913333,42.7934,43.5558,265.509,29.49933333,0,37.20000005,0,208.94084,-4.319461516,-18.35838462,866.0228,15,1745824555,10:15:54,1745824555,1745824555,2,0.161,0.049,-0.479,0.01,420,12,1.58,0.19,-3.774983659,0.044503484,0.141682015,1,209.5104706,-9.417723457,1.199259998,0,1.196978049,-0.114590174,0.012732567,0,1,3,01-Mar,3.22015,2.6686,0.100636,0.102322,0.074241,0.0700403,26403.1,24269.6,27901,24789.1,33153.7,24370.4,39798.8,27569.2,1.8888,1.4742,0.0883639,0,31.7356,999.9,17.2,40.2,12.7635,30.0083,18.2572,1,0.517805,0,20.3089,5.22328,11.9081,4.9596,3.292,9999,9999,9999,999.9,4.97223,1.85455,1.85654,1.85684,1.85623,1.85593,1.8512,1.85309,0,0,0,0,11111111,oooooooo,on,on,on,on,0,100,100,-0.49,0.0312,-1.377733927,0.00151024,1.49E-06,5.40E-12,-0.063763226,-0.011177753,0.001682567,-2.18E-05,3,2244,0,20,6.4,6.4,1.05347,2.59399,1.59424,2.12036,1.50269,2.44629,43.2091,15.3579,18,623.911,389.444,34.8299,34.3778,29.9995,34.5348,34.6327,21.1619,-30,-30,-999.9,420,0,99.4287,74.3341
138,1745824981,3485.5,20250428 10:23:00,10:23:00,15,B,1,2%,5559.36,1745824973,0.003548912,3.548911934,8.486048296,416.6804333,248.5681159,25.11442937,42.09989393,0.094054798,2.000113587,0.091664967,0.057500264,33.05139047,34.17517384,33.15613333,5.096597835,22.91704269,1.308857277,5.711283495,3.787740558,-156.5070163,220.4083672,25.53056312,122.4833045,0,0,1,0,25463,RECT-12807-20250324-17_57_43,10114.7,315.2007692,539.79,0.416067787,-0.222077465,MPF-14835-20250428-10_23_00,10105.4,219.1333846,534.0711748,0.589692545,0.5,168.5971936,8.486048296,49.71025408,0.051650479,0.010707983,313.2421487,DARK-14836-20250428-10_23_07,176.17,176.17,0.670137599,0.879957408,0.015727477,1.438923592,0.025463488,0.707432584,0.292567416,14835,290,478.9,165,10105.4,473.91,4.99,300,23.9,534.0711748,2.485706792,-60.79865864,2.181554039,0.965204636,-0.008187583,290,466.15,685,10091.1,473.82,-7.67,None,None,None,None,None,None,None,None,None,None,None,None,None,200,168.5971936,0.842924856,0.165244972,2,0.5,0: Broadleaf,2,1745824973,416.6804333,420.0021333,12.95431333,11.78663333,417.1688,12.92837333,599.9825667,100.9759667,0.060440513,35.20016667,33.15613333,999.9,0,0,5001.333333,0,345.8546,-3.321661667,422.1491,425.0116333,1.167682333,420.0021333,11.78663333,1.308074667,1.190168,10.89189667,9.479066333,200.0145,0.899989,0.100011,0,219.1843,4.99918,673.9549667,1830.203333,40.26223333,43.5,41.80786667,42.875,43.43706667,175.5106667,19.5,0,37.19999981,0,219.1333846,6.329162404,8.9645812,673.9486923,15,1745824555,10:15:54,1745824555,1745824555,2,0.161,0.049,-0.479,0.01,420,12,1.58,0.19,-3.378094,0.852269944,0.150818139,0,218.7751765,7.856959523,0.935232134,0,1.17035525,-0.074804015,0.008840816,1,1,3,01-Mar,3.22067,2.66938,0.100764,0.102328,0.0728674,0.0687181,26401.1,24270,27902.7,24789.6,33204.7,24405.3,39801,27569.5,1.8896,1.4736,0.0759959,0,31.9258,999.9,16.8,40.2,12.469,29.9183,18.0849,1,0.515244,0,20.3098,5.22927,11.9081,4.96,3.292,9999,9999,9999,999.9,4.97223,1.85455,1.85654,1.85684,1.85623,1.85593,1.8512,1.85312,0,0,0,0,11111111,oooooooo,on,on,on,on,0,100,100,-0.488,0.0243,-1.377733927,0.00151024,1.49E-06,5.40E-12,-0.063763226,-0.011177753,0.001682567,-2.18E-05,3,2244,0,20,7.1,7.1,1.05347,2.59766,1.59424,2.12158,1.50269,2.5061,43.2633,15.3579,18,624.016,388.813,34.8231,34.3373,29.9999,34.482,34.5819,21.1582,-30,-30,-999.9,420,0,99.4343,74.3353
139,1745825020,3525,20250428 10:23:40,10:23:40,15,B,1,2%,5559.54,1745825012,0.003477081,3.477081073,5.424933943,417.7062,298.5733475,30.16657889,42.20325471,0.091529838,2.000636951,0.089265511,0.055989719,16.50760469,34.02934451,33.11709,5.085440433,22.34530175,1.273735674,5.700239309,3.811704759,-153.3392753,220.902148,25.57181859,109.642296,0,0,1,0,25871,RECT-12807-20250324-17_57_43,10114.7,315.2007692,539.79,0.416067787,-0.222077465,MPF-14837-20250428-10_23_39,10097.6,220.95996,609.2072307,0.637299183,0.5,84.27010655,5.424933943,26.85263505,0.067010849,-0.113946827,337.6682787,DARK-14838-20250428-10_23_47,174.27,174.27,0.713939705,0.892651268,-0.189913632,1.320539925,-0.309085304,0.704029529,0.295970471,14837,290,557.44,165,10097.6,553.95,3.49,300,23.9,609.2072307,2.808408558,-55.79293853,2.458822445,0.948423012,-0.008264436,290,550.01,655,10084.7,553.88,-3.87,None,None,None,None,None,None,None,None,None,None,None,None,None,100,84.27010655,0.842852723,0.165105755,2,0.5,0: Broadleaf,2,1745825012,417.7062,419.9987,12.60678333,11.46234,418.1916333,12.58803667,599.9853667,100.9752667,0.060472603,35.16516667,33.11709,999.9,0,0,5003.5,0,344.2554667,-2.292573333,423.0393,424.8688667,1.14444,419.9987,11.46234,1.272973333,1.157413333,10.48340667,9.064697333,99.98200667,0.8999359,0.100064153,0,220.9457,4.99918,448.5393,891.3901667,40.09136667,43.562,41.7458,42.9643,43.3351,85.47833333,9.507666667,0,37.20000005,0,220.95996,8.439153841,-0.376538479,448.54584,15,1745824555,10:15:54,1745824555,1745824555,2,0.161,0.049,-0.479,0.01,420,12,1.58,0.19,-2.449240488,2.357143275,0.2768508,0,220.3309118,10.26394194,1.154401866,0,1.152002927,-0.113462509,0.012236267,0,0,3,0/3,3.22028,2.66899,0.100984,0.102306,0.071413,0.067214,26394,24270,27902,24788.9,33256.2,24444.5,39800.2,27569.2,1.8898,1.473,0.0621378,0,32.0828,999.9,16.5,40.2,12.2436,29.5383,18.3574,1,0.515528,0,20.3111,5.22687,11.9081,4.9596,3.292,9999,9999,9999,999.9,4.97226,1.85455,1.85654,1.85684,1.85623,1.85593,1.8512,1.85318,0,0,0,0,11111111,oooooooo,on,on,on,on,0,100,100,-0.485,0.0173,-1.377733927,0.00151024,1.49E-06,5.40E-12,-0.063763226,-0.011177753,0.001682567,-2.18E-05,3,2244,0,20,7.8,7.8,1.05347,2.59399,1.59424,2.12158,1.50269,2.48901,43.2904,15.3404,18,623.874,388.283,34.8248,34.3156,30.0002,34.451,34.5479,21.1639,-30,-30,-999.9,420,0,99.4323,74.334
140,1745825060,3564.5,20250428 10:24:19,10:24:19,15,B,1,2%,5559.54,1745825052,0.003401882,3.401881733,2.84955229,418.5715333,342.0656156,34.56008396,42.28974407,0.088470901,2.00118086,0.086354068,0.054157263,8.241145794,33.98122812,33.14221,5.092616527,21.7117841,1.237123801,5.697937098,3.855492726,-150.0229844,217.4641266,25.16916933,100.8514573,0,0,1,0,24768,RECT-12807-20250324-17_57_43,10114.7,315.2007692,539.79,0.416067787,-0.222077465,RECT-14839-20250428-10_24_19,10073.1,217.27252,581.16,0.626139927,0.5,42.13646233,2.84955229,13.19166072,0.072897191,-0.071185216,328.8710648,DARK-14840-20250428-10_24_26,177.69,177.69,0.694249432,0.901894763,-0.114250207,1.368207747,-0.184202955,0.737588354,0.262411646,14837,290,557.44,165,10097.6,553.95,3.49,300,23.9,609.2072307,2.808408558,-55.79293853,2.458822445,0.948423012,-0.008264436,290,550.01,655,10084.7,553.88,-3.87,None,None,None,None,None,None,None,None,None,None,None,None,None,50,42.13646233,0.842703572,0.164817894,2,0.5,0: Broadleaf,2,1745825052,418.5715333,419.9960333,12.24469,11.12461,419.0546,12.23320667,599.9976333,100.9729,0.060592963,35.15786333,33.14221,999.9,0,0,5005.833333,0,344.4217,-1.424494,423.7603333,424.7208333,1.120071,419.9960333,11.12461,1.236382,1.123284333,10.04690233,8.621812333,50.00152333,0.8998459,0.100153943,0,217.3285333,4.99918,328.6207,422.3233333,39.9664,43.6374,41.687,43.1082,43.25,40.49533333,4.506,0,37.20000005,0,217.27252,-10.16253847,-4.062384598,328.59428,15,1745824555,10:15:54,1745824555,1745824555,2,0.161,0.049,-0.479,0.01,420,12,1.58,0.19,-1.552473,2.568467842,0.272740169,0,217.7604118,-7.187074105,0.893461975,0,1.12586525,-0.098281013,0.010887509,1,1,3,01-Mar,3.21986,2.66909,0.101133,0.10233,0.0698483,0.06566,26388.4,24268.5,27900.8,24788.1,33311.5,24484.2,39799.3,27568.1,1.8892,1.4732,0.0558794,0,32.2375,999.9,16.1,40.3,12.0117,29.7783,18.1571,1,0.517033,0,20.3113,5.22807,11.9081,4.96,3.292,9999,9999,9999,999.9,4.97223,1.85455,1.85654,1.85684,1.85623,1.85593,1.8512,1.85318,0,0,0,0,11111111,oooooooo,on,on,on,on,0,100,100,-0.482,0.0101,-1.377733927,0.00151024,1.49E-06,5.40E-12,-0.063763226,-0.011177753,0.001682567,-2.18E-05,3,2244,0,20,8.4,8.4,1.05347,2.59399,1.59424,2.12158,1.50269,2.4585,43.3719,15.3491,18,623.305,388.288,34.8348,34.3187,30.0006,34.4386,34.5294,21.1651,-30,-30,-999.9,420,0,99.4292,74.3311
141,1745825718,4222.5,20250428 10:35:17,10:35:17,15,B,2,21%,5559.54,1745825710,0.012254276,12.25427648,17.6709274,412.3724333,287.6093865,29.05531937,41.65932446,0.301702045,2.001643441,0.278525499,0.176012155,321.5009541,35.09441186,34.22996,5.411929434,17.70549905,1.110687859,6.273123709,4.301241575,-540.4135926,288.9428242,33.9000522,103.9302379,0,0,1,0,24625,RECT-12807-20250324-17_57_43,10114.7,315.2007692,539.79,0.416067787,-0.222077465,MPF-14843-20250428-10_35_17,10105.2,210.4716923,281.1716813,0.251447759,0.5,1681.14828,17.6709274,211.3604834,0.010643323,0.91978793,205.0628068,DARK-14844-20250428-10_35_24,156.29,156.29,0.444147436,0.566135788,0.674363282,-2.077633972,1.151517006,0.420395547,0.579604453,14843,290,260.04,195,10105.2,259.76,0.28,300,24,281.1716813,2.15468531,-21.63596678,1.946272509,0.815278063,-0.006695884,290,259.07,695,10092.1,259.73,-0.66,None,None,None,None,None,None,None,None,None,None,None,None,None,2000,1681.14828,0.840598518,0.160755139,2,0.5,0: Broadleaf,2,1745825710,412.3724333,419.9470333,10.99434667,6.954577667,412.8724333,11.00631667,600.0119667,100.9605,0.06304351,36.90752333,34.22996,999.9,0,0,5008.333333,0,175.2376667,-7.574719,416.9564667,422.8880333,4.039768333,419.9470333,6.954577667,1.109994667,0.702137767,8.446203,1.868976667,1999.942,0.979999933,0.020000097,0,210.5221,4.99918,4588.411,19219.29,43.45386667,45.875,44.125,44.88326667,46,1955.042,39.9,0,616.2,0,210.4716923,-9.529435882,-192.0092309,4588.605,15,1745824555,10:15:54,1745824555,1745824555,2,0.161,0.049,-0.479,0.01,420,12,1.58,0.19,-7.542863,-0.583952871,0.166449726,0,211.4716176,-15.12744078,1.645370815,0,4.01271625,0.441216923,0.043750796,0,0,3,0/3,3.21881,2.67206,0.0991421,0.101511,0.0625878,0.0436912,26356.6,24233.2,27810.7,24735,33471.6,25006.8,39683.3,27510,1.8652,1.4036,0.0575185,0,33.3232,999.9,10.4,41.3,8.1832,29.5183,19.6394,1,0.64685,0,20.2903,5.22088,11.9081,4.9588,3.292,9999,9999,9999,999.9,4.97217,1.85471,1.85669,1.85699,1.85629,1.85605,1.85129,1.85318,0,0,0,0,11111111,oooooooo,on,on,on,on,0,100,100,-0.5,-0.012,-1.377733927,0.00151024,1.49E-06,5.40E-12,-0.063763226,-0.011177753,0.001682567,-2.18E-05,3,2244,0,20,19.4,19.4,1.03882,2.59888,1.59424,2.10205,1.50269,2.46704,44.9786,15.1827,18,616.706,356.857,36.0238,35.7801,30.0003,35.673,35.6793,20.8756,-30,-30,-999.9,420,0,99.1265,74.1733
142,1745825757,4262,20250428 10:35:57,10:35:57,15,B,2,21%,5559.54,1745825749,0.012076008,12.07600846,17.6718395,412.4475667,286.9120976,28.98469412,41.66665213,0.298785601,1.9993924,0.276013351,0.174409482,289.563082,34.89866408,34.07982333,5.366846248,17.34079565,1.08814669,6.275067835,4.278699558,-532.5519729,305.4128337,35.84762416,98.27156697,0,0,1,0,24510,RECT-12807-20250324-17_57_43,10114.7,315.2007692,539.79,0.416067787,-0.222077465,MPF-14845-20250428-10_35_56,10107,206.04488,283.2798519,0.272645482,0.5,1513.16906,17.6718395,206.2793542,0.011825458,0.905500855,206.1818732,DARK-14846-20250428-10_36_04,144.11,144.11,0.491280446,0.554969132,0.648276759,-2.41957244,1.142130223,0.388151366,0.611848634,14845,290,261.15,175,10107,260.73,0.42,300,24,283.2798519,2.894619662,-22.7931542,2.606553699,0.731973432,-0.006861673,290,259.76,725,10091,260.69,-0.93,None,None,None,None,None,None,None,None,None,None,None,None,None,1800,1513.16906,0.84065804,0.160870017,2,0.5,0: Broadleaf,2,1745825749,412.4475667,419.9978667,10.77128667,6.789600333,412.9475333,10.78715667,600.0439667,100.9604,0.0625069,36.91319667,34.07982333,999.9,0,0,4999.166667,0,155.1267333,-7.550254667,416.9385667,422.8689667,3.981682333,419.9978667,6.789600333,1.087472667,0.685481,8.144194333,1.533740667,1799.981667,0.978005733,0.02199456,0,206.0977333,4.99918,4069.970667,17281.73667,43.6103,45.8645,44.187,44.7311,46.1061,1755.500333,39.482,0,37.20000005,0,206.04488,-1.940538473,-69.9123077,4069.2624,15,1745824555,10:15:54,1745824555,1745824555,2,0.161,0.049,-0.479,0.01,420,12,1.58,0.19,-7.457090244,-1.279377073,0.184894574,0,207.6443529,-22.69231473,2.797675389,0,3.983273659,-0.025813171,0.005026709,1,1,3,01-Mar,3.21867,2.6709,0.0991549,0.101524,0.0614239,0.0428439,26357.4,24235.2,27812,24737.5,33513.8,25031.2,39684.1,27512.4,1.8644,1.4032,0.0619292,0,33.0819,999.9,10.2,41.4,8.06881,29.9783,19.4952,1,0.645732,0,20.2924,5.22208,11.9081,4.9596,3.292,9999,9999,9999,999.9,4.97223,1.85471,1.85669,1.85699,1.85626,1.85608,1.85135,1.85318,0,0,0,0,11111111,oooooooo,on,on,on,on,0,100,100,-0.5,-0.0165,-1.377733927,0.00151024,1.49E-06,5.40E-12,-0.063763226,-0.011177753,0.001682567,-2.18E-05,3,2244,0,20,20,20,1.03882,2.59766,1.59424,2.10083,1.50269,2.50488,45.0352,15.1827,18,616.344,356.812,36.0513,35.7933,29.9999,35.6991,35.7116,20.8714,-30,-30,-999.9,420,0,99.1296,74.1803
143,1745825797,4301.5,20250428 10:36:36,10:36:36,15,B,2,21%,5559.72,1745825789,0.011709033,11.70903311,17.13881136,412.6565333,287.8430074,29.07929395,41.68856052,0.291026194,1.999863549,0.269380151,0.170173043,257.6691064,34.72459927,33.89576,5.312021415,16.92166272,1.059286874,6.25994556,4.25273454,-516.3683599,320.5676327,37.57589467,99.44427386,0,0,1,0,24689,RECT-12807-20250324-17_57_43,10114.7,315.2007692,539.79,0.416067787,-0.222077465,MPF-14847-20250428-10_36_36,10102.7,203.34072,285.326076,0.287339164,0.5,1345.196681,17.13881136,193.2638445,0.012905837,0.891835501,207.2637302,DARK-14848-20250428-10_36_43,153.41,153.41,0.462334456,0.621496322,0.658584616,-2.744307881,1.13301926,0.468886658,0.531113342,14847,290,265.91,275,10102.7,265.13,0.78,300,24,285.326076,3.533855576,-20.40674116,3.172940646,0.596332883,-0.007030144,290,264.48,645,10096.1,265.11,-0.63,None,None,None,None,None,None,None,None,None,None,None,None,None,1600,1345.196681,0.84074775,0.161043158,2,0.5,0: Broadleaf,2,1745825789,412.6565333,419.9797333,10.48541,6.623503,413.1559,10.50612,600.0278667,100.9621333,0.062707317,36.86902667,33.89576,999.9,0,0,5001,0,151.4662,-7.323113,417.0293,422.7799333,3.861909667,419.9797333,6.623503,1.058629,0.668722533,7.749246,1.189089,1600.000333,0.974996233,0.025003367,0,203.4147667,4.99918,3595.869667,15341.41333,43.5788,45.812,44.1891,44.625,46.125,1555.120333,39.88,0,37.20000005,0,203.34072,-4.634307693,-136.6523077,3595.01,15,1745824555,10:15:54,1745824555,1745824555,2,0.161,0.049,-0.479,0.01,420,12,1.58,0.19,-7.2926095,-0.424750919,0.147668835,1,204.4467941,-17.56679908,2.166486146,0,3.865029,-0.07235167,0.008383603,1,2,3,02-Mar,3.21787,2.6713,0.0991954,0.101521,0.0601255,0.0419763,26360,24238.1,27816,24740.4,33564.7,25056.8,39689.6,27515.6,1.8648,1.4034,0.064224,0,32.8647,999.9,9.9,41.4,7.83179,29.7983,19.6314,1,0.642195,0,20.2941,5.22088,11.9081,4.9584,3.292,9999,9999,9999,999.9,4.97223,1.85471,1.85675,1.85696,1.85638,1.85608,1.85135,1.85324,0,0,0,0,11111111,oooooooo,on,on,on,on,0,100,100,-0.5,-0.0215,-1.377733927,0.00151024,1.49E-06,5.40E-12,-0.063763226,-0.011177753,0.001682567,-2.18E-05,3,2244,0,20,20.7,20.7,1.03882,2.60254,1.59424,2.10083,1.50269,2.44995,45.0917,15.1915,18,616.704,356.968,36.0676,35.7834,29.9995,35.7056,35.7213,20.8756,-30,-30,-999.9,420,0,99.1434,74.189
144,1745825836,4341,20250428 10:37:16,10:37:16,15,B,2,21%,5559.54,1745825828,0.011285161,11.28516122,16.4933177,412.9274,288.9821046,29.19625723,41.71861992,0.281639025,1.999529762,0.261311485,0.165023598,225.7825822,34.52053797,33.70845,5.256730201,16.52683656,1.029261772,6.227820841,4.227468429,-497.67561,330.5577284,38.70039834,97.36509897,0,0,1,0,25075,RECT-12807-20250324-17_57_43,10114.7,315.2007692,539.79,0.416067787,-0.222077465,MPF-14849-20250428-10_37_15,10110.4,202.1948,306.5357905,0.340387628,0.5,1177.213521,16.4933177,200.3544587,0.014199119,0.760936298,218.2324198,DARK-14850-20250428-10_37_23,152.21,152.21,0.503451131,0.676108576,0.6018221,-12.04169032,1.038581452,0.508967028,0.491032972,14849,290,275.86,195,10110.4,274.82,1.04,300,24,306.5357905,2.669918756,-32.06289902,2.390312932,0.865337277,-0.007197632,290,271.66,745,10095,274.77,-3.11,None,None,None,None,None,None,None,None,None,None,None,None,None,1400,1177.213521,0.840867001,0.161273311,2,0.5,0: Broadleaf,2,1745825828,412.9274,419.9786667,10.18754667,6.464055667,413.4259333,10.21313,599.9849667,100.9683333,0.063034223,36.77488667,33.70845,999.9,0,0,4999.333333,0,162.4893,-7.051350667,417.1774667,422.7111667,3.723489,419.9786667,6.464055667,1.028621,0.652665433,7.328146667,0.851619767,1399.999667,0.970998333,0.029001907,0,202.2668,4.99918,3144.609667,13400.34,43.48736667,45.78513333,44.187,44.5683,46.0851,1354.539667,40.46,0,37.20000005,0,202.1948,-2.970615361,-14.29615386,3144.128,15,1745824555,10:15:54,1745824555,1745824555,2,0.161,0.049,-0.479,0.01,420,12,1.58,0.19,-7.0466,-0.21848216,0.122717237,1,203.3630588,-17.89466767,2.287340659,0,3.730798537,-0.157584042,0.015917459,0,1,3,01-Mar,3.21894,2.67148,0.0992669,0.101528,0.0587658,0.0411344,26361.8,24241.8,27820,24744.2,33617.7,25082.2,39694.9,27519.4,1.8662,1.4026,0.0629425,0,32.6786,999.9,9.7,41.5,7.71226,29.8383,19.4712,1,0.636951,0,20.2963,5.22208,11.9081,4.9596,3.292,9999,9999,9999,999.9,4.97223,1.85471,1.85669,1.85699,1.85626,1.85608,1.85135,1.85318,0,0,0,0,11111111,oooooooo,on,on,on,on,0,100,100,-0.498,-0.0264,-1.377733927,0.00151024,1.49E-06,5.40E-12,-0.063763226,-0.011177753,0.001682567,-2.18E-05,3,2244,0,20,21.4,21.4,1.03882,2.60254,1.59424,2.10083,1.50269,2.55615,45.1484,15.1915,18,617.608,356.496,36.0739,35.7471,29.9992,35.6893,35.7116,20.8752,-30,-30,-999.9,420,0,99.1571,74.1998
145,1745825876,4380.5,20250428 10:37:55,10:37:55,15,B,2,21%,5559.63,1745825868,0.010840918,10.84091759,16.21724338,413.1176333,288.0301983,29.10166898,41.74011158,0.272567425,1.999850248,0.253483567,0.160030352,193.8017758,34.28536814,33.47121333,5.187420296,16.1508238,0.998583162,6.182862092,4.188837134,-478.0844656,341.9073039,39.95085696,97.57547097,0,0,1,0,24971,RECT-12807-20250324-17_57_43,10114.7,315.2007692,539.79,0.416067787,-0.222077465,MPF-14851-20250428-10_37_55,10111.3,202.952,321.1045062,0.36795655,0.5,1009.17217,16.21724338,185.6657548,0.016289907,0.681041498,225.5167868,DARK-14852-20250428-10_38_02,148.61,148.61,0.537191172,0.68496388,0.559040579,20.01317262,0.973713179,0.501559394,0.498440606,14851,290,290.31,195,10111.3,289.17,1.14,300,24,321.1045062,2.962039779,-32.29192251,2.643693468,0.841985471,-0.007364416,290,287.35,875,10093,289.11,-1.76,None,None,None,None,None,None,None,None,None,None,None,None,None,1200,1009.17217,0.840986152,0.161503274,2,0.5,0: Broadleaf,2,1745825868,413.1176333,420.0157,9.883354333,6.305709667,413.6157667,9.913763,600.0469,100.9745,0.062367493,36.64242667,33.47121333,999.9,0,0,5000.333333,0,210.6597333,-6.897919667,417.2415667,422.6809667,3.577644667,420.0157,6.305709667,0.9979671,0.6367158,6.886665333,0.509050633,1199.986667,0.966992333,0.03300755,0,203.006,4.99918,2737.244,11464.12,43.2541,45.687,44.062,44.3998,45.9517,1155.542,39.44566667,0,37.20000005,0,202.952,-1.200615378,-67.40769231,2736.6468,15,1745824555,10:15:54,1745824555,1745824555,2,0.161,0.049,-0.479,0.01,420,12,1.58,0.19,-6.834217805,-1.134949756,0.164636735,0,204.4555882,-21.02472117,2.755469247,0,3.589177561,-0.202414495,0.020408447,0,0,3,0/3,3.2184,2.67169,0.0992775,0.101542,0.0573938,0.0403238,26365.8,24245.5,27824.3,24748.3,33672.7,25107.6,39701.9,27524,1.8666,1.4036,0.064373,0,32.4265,999.9,9.4,41.6,7.51337,29.8383,19.5312,1,0.630447,0,20.2982,5.22208,11.9081,4.9588,3.2922,9999,9999,9999,999.9,4.97223,1.85471,1.85669,1.85699,1.85632,1.85608,1.85135,1.85321,0,0,0,0,11111111,oooooooo,on,on,on,on,0,100,100,-0.498,-0.0313,-1.377733927,0.00151024,1.49E-06,5.40E-12,-0.063763226,-0.011177753,0.001682567,-2.18E-05,3,2244,0,20,22,22,1.03882,2.6001,1.59424,2.10083,1.50269,2.5293,45.2051,15.174,18,617.58,356.874,36.0646,35.691,29.9991,35.6533,35.6825,20.8768,-30,-30,-999.9,420,0,99.1738,74.2121
146,1745825915,4420,20250428 10:38:35,10:38:35,15,B,2,21%,5559.63,1745825907,0.010374192,10.37419155,15.49123423,413.4007667,289.2736402,29.2277361,41.7693382,0.261976019,1.99802019,0.244279871,0.154165123,161.903933,34.07402363,33.27323333,5.130189292,15.76748235,0.96875111,6.143980938,4.161438182,-457.5018474,350.508029,40.9309108,95.84102547,0,0,1,0,25010,RECT-12807-20250324-17_57_43,10114.7,315.2007692,539.79,0.416067787,-0.222077465,MPF-14853-20250428-10_38_34,10120.5,206.5684,356.3375004,0.42030126,0.5,841.1886737,15.49123423,176.7763297,0.01867989,0.514827935,242.3456895,DARK-14854-20250428-10_38_42,157.33,157.33,0.558480374,0.75258018,0.479664539,3.640763284,0.816835692,0.573192413,0.426807587,14853,290,313.83,125,10120.5,312.83,1,300,24,356.3375004,3.808038895,-44.02753201,3.389013084,0.857703836,-0.007532357,290,307.59,705,10100.1,312.75,-5.16,None,None,None,None,None,None,None,None,None,None,None,None,None,1000,841.1886737,0.84119431,0.161905018,2,0.5,0: Broadleaf,2,1745825907,413.4007667,419.9941667,9.587953,6.162998667,413.8980667,9.622859333,599.9919,100.9754667,0.06289989,36.52719667,33.27323333,999.9,0,0,4992.833333,0,275.2968667,-6.593378333,417.4029,422.5987333,3.424953667,419.9941667,6.162998667,0.9681479,0.622311667,6.445578333,0.193087467,999.9933,0.959987967,0.040012147,0,206.5622667,4.99918,2353.025667,9523.783333,42.9539,45.5809,43.9475,44.3058,45.7644,955.1826667,39.81,0,37.20000005,0,206.5684,-1.704769237,-8.85538462,2352.7092,15,1745824555,10:15:54,1745824555,1745824555,2,0.161,0.049,-0.479,0.01,420,12,1.58,0.19,-6.561563415,-0.7333177,0.125743626,0,207.7625,-18.12838808,2.483035598,0,3.43659878,-0.232305784,0.023395887,0,0,3,0/3,3.21825,2.67164,0.0993621,0.10152,0.0560744,0.0395519,26369.8,24249.9,27831,24751.9,33726.5,25131.9,39709.7,27528.6,1.8676,1.4036,0.0606477,0,32.2552,999.9,9.2,41.6,7.35313,30.0283,19.6394,1,0.623293,0,20.3001,5.22448,11.9081,4.9592,3.292,9999,9999,9999,999.9,4.97223,1.85471,1.85675,1.85699,1.85632,1.85608,1.85135,1.85321,0,0,0,0,11111111,oooooooo,on,on,on,on,0,100,100,-0.497,-0.0356,-1.377733927,0.00151024,1.49E-06,5.40E-12,-0.063763226,-0.011177753,0.001682567,-2.18E-05,3,2244,0,20,22.7,22.7,1.03882,2.60132,1.59424,2.10083,1.50269,2.44019,45.2335,15.1827,18,617.885,356.672,36.0473,35.6187,29.9992,35.6045,35.6424,20.878,-30,-30,-999.9,420,0,99.1951,74.2237
147,1745825955,4459.5,20250428 10:39:14,10:39:14,15,B,2,21%,5559.81,1745825947,0.009917869,9.917869353,14.63585732,413.7319,291.5343613,29.45607077,41.8026749,0.251571437,1.999815002,0.23521959,0.148392732,129.9820006,33.84375688,33.0743,5.07323676,15.409121,0.939804884,6.099016834,4.133431876,-437.3780385,357.8182222,41.67942721,92.10161154,0,0,1,0,24818,RECT-12807-20250324-17_57_43,10114.7,315.2007692,539.79,0.416067787,-0.222077465,MPF-14855-20250428-10_39_14,10115.2,212.96316,401.6506844,0.469780164,0.5,673.1958514,14.63585732,158.1270288,0.022070746,0.343928993,262.4854888,DARK-14856-20250428-10_39_21,156.61,156.61,0.61008407,0.770025291,0.360507635,2.182622435,0.615075421,0.566265362,0.433734638,14855,290,349.98,225,10115.2,348.67,1.31,300,24,401.6506844,3.220469988,-53.59387104,2.857776131,0.926257804,-0.007700907,290,341.55,705,10103.1,348.6,-7.05,None,None,None,None,None,None,None,None,None,None,None,None,None,800,673.1958514,0.841490502,0.162476668,2,0.5,0: Broadleaf,2,1745825947,413.7319,419.9779667,9.301492333,6.026460333,414.2282667,9.340592333,600.0319,100.9749667,0.06310872,36.39314667,33.0743,999.9,0,0,5000.166667,0,300.9093333,-6.246027333,417.6165,422.5242333,3.275032,419.9779667,6.026460333,0.939217933,0.6085216,6.006014333,-0.115523337,800.0041,0.950005867,0.04999409,0,213.0133,4.99918,1976.347333,7584.849,42.64556667,45.4853,43.78926667,44.187,45.53513333,755.2596667,39.747,0,37.20000005,0,212.96316,-0.549153841,-2.007692327,1976.1044,15,1745824555,10:15:54,1745824555,1745824555,2,0.161,0.049,-0.479,0.01,420,12,1.58,0.19,-6.199708049,-0.590319721,0.139152669,0,214.4250882,-20.39518717,2.756546084,0,3.291057561,-0.28823122,0.028794777,0,0,3,0/3,3.21782,2.67088,0.0994441,0.101544,0.0547471,0.0388367,26374.1,24253.8,27837.8,24756.3,33781.6,25155.1,39718.6,27533.4,1.8676,1.4048,0.0590086,0,32.0897,999.9,9,41.7,7.23234,29.7883,19.6354,1,0.614268,0,20.3023,5.22568,11.9081,4.9596,3.2922,9999,9999,9999,999.9,4.97226,1.85471,1.85675,1.85699,1.85638,1.85608,1.85135,1.85327,0,0,0,0,11111111,oooooooo,on,on,on,on,0,100,100,-0.496,-0.0398,-1.377733927,0.00151024,1.49E-06,5.40E-12,-0.063763226,-0.011177753,0.001682567,-2.18E-05,3,2244,0,20,23.3,23.3,1.03882,2.60254,1.59424,2.10083,1.50269,2.49878,45.2619,15.174,18,617.289,357.009,36.0238,35.5335,29.9991,35.5395,35.5856,20.8801,-30,-30,-999.9,420,0,99.218,74.2368
148,1745825994,4499,20250428 10:39:54,10:39:54,15,B,2,21%,5559.9,1745825986,0.009450291,9.45029102,13.02093291,414.3432333,299.4011601,30.25061982,41.86403159,0.241243101,1.998667464,0.22615511,0.142623833,98.07016168,33.60463607,32.85041333,5.009798995,15.06334696,0.9115019,6.051124644,4.098297095,-416.757834,366.2503113,42.6097288,90.17236782,0,0,1,0,25553,RECT-12807-20250324-17_57_43,10114.7,315.2007692,539.79,0.416067787,-0.222077465,MPF-14857-20250428-10_39_53,10123.9,224.67428,467.1252998,0.519027807,0.5,505.2077287,13.02093291,131.1084297,0.026213,0.155557192,288.9537015,DARK-14858-20250428-10_40_01,166.48,166.48,0.6436074,0.806435424,0.194649755,1.595864861,0.3235449,0.597555579,0.402444421,14857,290,409.67,155,10123.9,405.02,4.65,300,24,467.1252998,3.302009233,-62.87687585,2.92166088,0.942991018,-0.007869721,290,398.56,615,10110.5,404.94,-6.38,None,None,None,None,None,None,None,None,None,None,None,None,None,600,505.2077287,0.841992954,0.163446401,2,0.5,0: Broadleaf,2,1745825986,414.3432333,419.9884,9.021459,5.899982667,414.8379667,9.064498667,600.0388667,100.9748333,0.062249503,36.24942,32.85041333,999.9,0,0,4995.5,0,305.0971,-5.645096,418.1152667,422.4809333,3.121478,419.9884,5.899982667,0.9109396,0.5957492,5.564647333,-0.406955167,600.0142,0.933007933,0.066992047,0,224.727,4.99918,1599.474667,5645.331667,42.25593333,45.3519,43.57883333,44.05993333,45.27686667,555.1546667,39.86,0,37.20000005,0,224.67428,0.038923112,-25.24615389,1599.2276,15,1745824555,10:15:54,1745824555,1745824555,2,0.161,0.049,-0.479,0.01,420,12,1.58,0.19,-5.624850488,-0.435778955,0.145274542,1,225.5139706,-12.0881436,1.72130314,0,3.136123415,-0.300387596,0.030219807,0,1,3,01-Mar,3.21755,2.67103,0.0996021,0.101537,0.0534317,0.0381816,26376,24259.6,27844.4,24761.6,33836.4,25177.7,39727.6,27539.3,1.8692,1.4056,0.05427,0,31.9376,999.9,8.8,41.7,7.07142,29.7683,19.5994,1,0.604512,0,20.3038,5.22328,11.9081,4.9588,3.2922,9999,9999,9999,999.9,4.97223,1.85471,1.85684,1.85699,1.85638,1.85608,1.85135,1.8533,0,0,0,0,11111111,oooooooo,on,on,on,on,0,100,100,-0.494,-0.0438,-1.377733927,0.00151024,1.49E-06,5.40E-12,-0.063763226,-0.011177753,0.001682567,-2.18E-05,3,2244,0,20,24,24,1.03882,2.6062,1.59424,2.09961,1.50269,2.4353,45.2904,15.174,18,617.807,357.084,35.991,35.4388,29.9991,35.4649,35.518,20.8814,-30,-30,-999.9,420,0,99.241,74.2528
149,1745826034,4538.5,20250428 10:40:33,10:40:33,15,B,2,21%,5559.9,1745826026,0.009020965,9.020965361,11.94076656,414.7583333,303.508295,30.66495419,41.90509946,0.230227776,2.000596407,0.216456386,0.136453847,82.09492138,33.49877238,32.72457333,4.974446441,14.74636618,0.885861931,6.00732357,4.08858451,-397.8245724,365.9052364,42.47500881,92.65059412,0,0,1,0,25302,RECT-12807-20250324-17_57_43,10114.7,315.2007692,539.79,0.416067787,-0.222077465,MPF-14859-20250428-10_40_33,10128.1,231.06948,512.5323823,0.549161208,0.5,421.1962728,11.94076656,115.652327,0.028876903,0.053182235,305.7070905,DARK-14860-20250428-10_40_40,175.25,175.25,0.658070385,0.834502236,0.074772639,1.426344709,0.121366539,0.632911438,0.367088562,14859,290,448.58,135,10128.1,444.89,3.69,300,24,512.5323823,2.380193961,-68.50858384,2.103129032,0.974290804,-0.007954828,290,436.28,625,10112.5,444.79,-8.51,None,None,None,None,None,None,None,None,None,None,None,None,None,500,421.1962728,0.842376541,0.164186723,2,0.5,0: Broadleaf,2,1745826026,414.7583333,419.9857333,8.767873667,5.787266667,415.2519333,8.814337333,600.0033333,100.9719333,0.063045577,36.11710333,32.72457333,999.9,0,0,5003.5,0,305.9401667,-5.227301333,418.4271667,422.4304333,2.980606333,419.9857333,5.787266667,0.885310033,0.584352067,5.154058333,-0.6716986,500.0095,0.919986,0.0800142,0,231.1391667,4.99918,1396.337,4676.448,41.9018,45.18706667,43.3561,43.9391,44.9915,455.4033333,39.61,0,37.20000005,0,231.06948,-6.439769243,-129.3461538,1395.6296,15,1745824555,10:15:54,1745824555,1745824555,2,0.161,0.049,-0.479,0.01,420,12,1.58,0.19,-5.20138975,-0.367961538,0.125499478,1,232.3604706,-20.45225364,2.425182955,0,2.9941305,-0.301392495,0.029493699,0,1,3,01-Mar,3.21908,2.67158,0.0996992,0.101606,0.0522529,0.0375704,26381.4,24263.2,27852.7,24766.8,33886.8,25198.6,39737.2,27544.7,1.8714,1.4054,0.0554323,0,31.8106,999.9,8.7,41.8,7.02862,30.1583,19.5192,1,0.593862,0,20.3053,5.22448,11.9081,4.9588,3.292,9999,9999,9999,999.9,4.97223,1.85471,1.85678,1.85699,1.85638,1.85608,1.85135,1.8533,0,0,0,0,11111111,oooooooo,on,on,on,on,0,100,100,-0.493,-0.0472,-1.377733927,0.00151024,1.49E-06,5.40E-12,-0.063763226,-0.011177753,0.001682567,-2.18E-05,3,2244,0,20,24.7,24.7,1.03882,2.60498,1.59424,2.09961,1.50269,2.53906,45.2904,15.1827,18,618.689,356.583,35.9509,35.3347,29.9991,35.3809,35.4409,20.8822,-30,-30,-999.9,420,0,99.2673,74.2677
150,1745826073,4578,20250428 10:41:13,10:41:13,15,B,2,21%,5559.81,1745826065,0.008578801,8.578801028,10.5868756,415.2559667,310.0520019,31.32550071,41.95457858,0.219153014,1.998048219,0.206621023,0.130204332,66.12677787,33.36709221,32.58644,4.935890416,14.46388957,0.861399064,5.955514659,4.074491352,-378.3251253,363.3429703,42.17044504,93.31506792,0,0,1,0,25258,RECT-12807-20250324-17_57_43,10114.7,315.2007692,539.79,0.416067787,-0.222077465,MPF-14861-20250428-10_41_12,10126.4,236.89876,556.2852405,0.574141569,0.5,337.1835211,10.5868756,96.79553784,0.032056588,-0.029652486,320.7546495,DARK-14862-20250428-10_41_20,173.81,173.81,0.687552379,0.835051388,-0.045071426,1.324790762,-0.073446267,0.612667967,0.387332033,14861,290,495.87,185,10126.4,491.15,4.72,300,24,556.2852405,3.385568587,-65.96091466,2.987456934,0.945683259,-0.008040129,290,482.32,645,10114.4,491.07,-8.75,None,None,None,None,None,None,None,None,None,None,None,None,None,400,337.1835211,0.842962526,0.165317675,2,0.5,0: Broadleaf,2,1745826065,415.2559667,419.9719333,8.525913333,5.690969,415.7482,8.575517333,600.0582667,100.9710333,0.06202084,35.95951,32.58644,999.9,0,0,4993.166667,0,274.7083333,-4.715931333,418.8269667,422.3756667,2.834945333,419.9719333,5.690969,0.860870167,0.5746228,4.752617667,-0.901347467,399.9982333,0.899994467,0.10000564,0,236.9441,4.99918,1157.292333,3707.041,41.52273333,44.9581,43.0789,43.76033333,44.69143333,355.4973333,39.5,0,37.20000005,0,236.89876,-8.561000006,149.4169231,1157.7668,15,1745824555,10:15:54,1745824555,1745824555,2,0.161,0.049,-0.479,0.01,420,12,1.58,0.19,-4.692816585,-0.195860488,0.124848874,1,237.6704706,-13.66731857,1.475352186,0,2.85190122,-0.346997979,0.034701871,0,1,3,01-Mar,3.21873,2.66928,0.0998002,0.1016,0.0511119,0.0370735,26384.9,24267.3,27859.2,24770.4,33935.4,25216.2,39746.1,27549.7,1.872,1.4074,0.0576973,0,31.6548,999.9,8.5,41.8,6.86667,29.9283,19.5673,1,0.582561,0,20.3064,5.22208,11.9081,4.9588,3.292,9999,9999,9999,999.9,4.97226,1.85471,1.85669,1.85699,1.85638,1.85608,1.85135,1.85327,0,0,0,0,11111111,oooooooo,on,on,on,on,0,100,100,-0.492,-0.0503,-1.377733927,0.00151024,1.49E-06,5.40E-12,-0.063763226,-0.011177753,0.001682567,-2.18E-05,3,2244,0,20,25.3,25.3,1.04004,2.60132,1.59424,2.09961,1.50269,2.53906,45.2904,15.174,18,618.292,357.204,35.8983,35.2221,29.9986,35.2881,35.3565,20.8883,-30,-30,-999.9,420,0,99.2898,74.28
151,1745826113,4617.5,20250428 10:41:52,10:41:52,15,B,2,21%,5559.72,1745826105,0.008082791,8.082791281,9.0607028,415.8629667,317.7612284,32.10334587,42.01454255,0.205692639,1.999763925,0.194619974,0.122582623,49.59189535,33.28684718,32.50915667,4.91443262,14.16907882,0.838002459,5.914304451,4.076430161,-356.4510955,358.3804829,41.51749612,93.03877885,0,0,1,0,25930,RECT-12807-20250324-17_57_43,10114.7,315.2007692,539.79,0.416067787,-0.222077465,MPF-14863-20250428-10_41_52,10120.5,238.92224,609.395726,0.607935813,0.5,252.9053192,9.0607028,76.8751004,0.036704567,-0.114220896,337.7261803,DARK-14864-20250428-10_41_59,189.49,189.49,0.689052627,0.882277766,-0.198703186,1.259278847,-0.309924593,0.699737345,0.300262655,14863,290,543.62,165,10120.5,540.17,3.45,300,24,609.395726,2.848788296,-70.06081583,2.507879506,0.965365205,-0.008117226,290,532.45,625,10108.1,540.08,-7.63,None,None,None,None,None,None,None,None,None,None,None,None,None,300,252.9053192,0.842949733,0.165292984,2,0.5,0: Broadleaf,2,1745826105,415.8629667,420.0033667,8.294608667,5.622872667,416.3535333,8.347094667,600.0404,100.9674,0.062376447,35.83330333,32.50915667,999.9,0,0,5000.333333,0,221.6650667,-4.140398333,419.3412333,422.3784,2.671736667,420.0033667,5.622872667,0.837485,0.567726867,4.358959667,-1.066218,300.0242,0.900022167,0.099977927,0,238.9314,4.99918,890.6100667,2768.816667,41.13303333,44.6997,42.78303333,43.5434,44.37883333,265.528,29.5,0,37.20000005,0,238.92224,-4.53707693,-229.7573077,889.68324,15,1745824555,10:15:54,1745824555,1745824555,2,0.161,0.049,-0.479,0.01,420,12,1.58,0.19,-4.1401495,-0.15251122,0.140760939,1,238.9396471,-1.691520246,0.586563465,0,2.68652475,-0.353177899,0.034238715,0,1,3,01-Mar,3.21831,2.66979,0.0999112,0.101614,0.0500317,0.0367324,26390.9,24273.2,27868.6,24776.4,33984.1,25231.1,39757.6,27556.3,1.8734,1.4084,0.0585616,0,31.5376,999.9,8.4,41.9,6.82216,29.8683,19.6875,1,0.571789,0,20.3078,5.22328,11.9081,4.9592,3.292,9999,9999,9999,999.9,4.97223,1.85471,1.85672,1.85699,1.85638,1.85608,1.85135,1.85324,0,0,0,0,11111111,oooooooo,on,on,on,on,0,100,100,-0.491,-0.0531,-1.377733927,0.00151024,1.49E-06,5.40E-12,-0.063763226,-0.011177753,0.001682567,-2.18E-05,3,2244,0,20,26,26,1.03882,2.60376,1.59424,2.09961,1.50269,2.48779,45.2619,15.1652,18,618.385,357.223,35.8328,35.1023,29.999,35.1849,35.259,20.8836,-30,-30,-999.9,420,0,99.3207,74.2978
152,1745826152,4657,20250428 10:42:32,10:42:32,15,B,2,21%,5559.63,1745826144,0.007578523,7.578523471,6.675182951,416.7266667,333.9011705,33.73407871,42.10194937,0.192273788,2.000386142,0.18256493,0.114934516,33.04955654,33.18562943,32.43099667,4.892814034,13.93502251,0.817433335,5.866035266,4.075380699,-334.2128851,350.8738334,40.59015701,90.30066188,0,0,1,0,24439,RECT-12807-20250324-17_57_43,10114.7,315.2007692,539.79,0.416067787,-0.222077465,MPF-14865-20250428-10_42_31,10114.3,234.8475,641.254322,0.63376855,0.5,168.5878625,6.675182951,53.42284262,0.040911963,-0.158227896,347.2882463,DARK-14866-20250428-10_42_39,183.33,183.33,0.71410719,0.887497786,-0.284644342,1.246441937,-0.451777326,0.692811161,0.307188839,14865,290,581.24,145,10114.3,577.67,3.57,300,24,641.254322,2.47863019,-64.30899864,2.176826258,0.968915216,-0.008193246,290,570.81,635,10100,577.58,-6.77,None,None,None,None,None,None,None,None,None,None,None,None,None,200,168.5878625,0.842924842,0.165244946,2,0.5,0: Broadleaf,2,1745826144,416.7266667,420.0045,8.090985667,5.585213667,417.2148333,8.145914,599.9912,100.9681,0.062030157,35.68450333,32.43099667,999.9,0,0,5002.833333,0,168.9664,-3.277935,420.1259667,422.3636,2.505773667,420.0045,5.585213667,0.816931533,0.5639284,4.004885667,-1.157785333,200.0034333,0.8999968,0.100003073,0,234.8979667,4.99918,615.7789667,1830.103667,40.7726,44.406,42.50816667,43.3351,44.05803333,175.5023333,19.499,0,37.19999981,0,234.8475,1.327555528,-91.55586324,615.8427308,15,1745824555,10:15:54,1745824555,1745824555,2,0.161,0.049,-0.479,0.01,420,12,1.58,0.19,-3.31366225,0.408365741,0.13699956,1,234.4720294,5.332727265,0.859001626,0,2.52631625,-0.39773212,0.038650035,0,1,3,01-Mar,3.21873,2.67069,0.100104,0.101664,0.0490665,0.0365734,26392.4,24276.8,27875.7,24781.1,34027.4,25240,39767.8,27561.3,1.8752,1.4084,0.0594556,0,31.4574,999.9,8.3,41.9,6.7403,29.9683,19.6755,1,0.560732,0,20.3088,5.22568,11.9081,4.9596,3.2922,9999,9999,9999,999.9,4.97223,1.85471,1.85672,1.85699,1.85638,1.85608,1.85135,1.85321,0,0,0,0,11111111,oooooooo,on,on,on,on,0,100,100,-0.488,-0.0555,-1.377733927,0.00151024,1.49E-06,5.40E-12,-0.063763226,-0.011177753,0.001682567,-2.18E-05,3,2244,0,20,26.6,26.6,1.03882,2.6062,1.59424,2.09839,1.50269,2.53784,45.2335,15.1565,18,618.745,356.696,35.7571,34.978,29.9989,35.077,35.1562,20.8883,-30,-30,-999.9,420,0,99.346,74.3116
153,1745826192,4696.5,20250428 10:43:11,10:43:11,15,B,2,21%,5559.63,1745826184,0.007017277,7.01727689,3.123552246,417.9787,362.8583646,36.66067412,42.22964771,0.177354791,1.998703559,0.169052595,0.106371399,16.51146157,33.10124352,32.37002667,4.876007611,13.75113246,0.799988462,5.817618759,4.07601915,-309.4619109,340.9501554,39.43456782,87.43427397,0,0,1,0,24827,RECT-12807-20250324-17_57_43,10114.7,315.2007692,539.79,0.416067787,-0.222077465,MPF-14867-20250428-10_43_11,10102.7,226.30096,633.0712602,0.642534776,0.5,84.29252189,3.123552246,27.08043833,0.039690706,-0.147347173,344.8739896,DARK-14868-20250428-10_43_18,180.48,180.48,0.71491361,0.898758628,-0.259612202,1.279673048,-0.415341643,0.716779802,0.283220198,14867,290,590.25,205,10102.7,588.31,1.94,300,24,633.0712602,3.078738144,-45.22563823,2.697599306,0.909405642,-0.008270922,290,589.11,755,10089,588.24,0.87,None,None,None,None,None,None,None,None,None,None,None,None,None,100,84.29252189,0.842849643,0.165099812,2,0.5,0: Broadleaf,2,1745826184,417.9787,419.9977333,7.918089667,5.597336333,418.4634333,7.975016333,599.9529,100.9710667,0.061947007,35.53417667,32.37002667,999.9,0,0,4995.833333,0,208.9669333,-2.019106667,421.3147667,422.3619,2.320753667,419.9977333,5.597336333,0.7994986,0.565169433,3.698342,-1.127811333,100.0089667,0.900042,0.0999583,0,226.3979,4.99918,387.0651,891.6750333,40.43523333,44.13303333,42.2373,43.156,43.76643333,85.51333333,9.5,0,37.20000005,0,226.30096,-9.96207691,-36.21007692,386.8894,15,1745824555,10:15:54,1745824555,1745824555,2,0.161,0.049,-0.479,0.01,420,12,1.58,0.19,-2.139442195,1.662762439,0.232839523,0,226.7352353,-8.94951871,1.039033319,0,2.343703171,-0.422119233,0.041875517,0,0,3,0/3,3.21888,2.67058,0.100367,0.101668,0.0482795,0.036733,26391,24281.3,27882,24785.3,34062.6,25240.2,39775.7,27566.2,1.8764,1.41,0.0582635,0,31.4105,999.9,8.2,41.9,6.65963,29.9083,19.5873,1,0.550325,0,20.3102,5.22448,11.9081,4.9592,3.292,9999,9999,9999,999.9,4.97223,1.85471,1.85669,1.85699,1.85638,1.85608,1.85135,1.85321,0,0,0,0,11111111,oooooooo,on,on,on,on,0,100,100,-0.485,-0.0573,-1.377733927,0.00151024,1.49E-06,5.40E-12,-0.063763226,-0.011177753,0.001682567,-2.18E-05,3,2244,0,20,27.3,27.3,1.04004,2.60376,1.59424,2.09961,1.50269,2.53906,45.2051,15.1565,18,618.634,356.984,35.6725,34.8562,29.9988,34.9683,35.0501,20.8911,-30,-30,-999.9,420,0,99.3669,74.3244
154,1745826231,4736,20250428 10:43:51,10:43:51,15,B,2,21%,5559.81,1745826223,0.006497922,6.497922036,1.238049501,418.6737667,379.591026,38.34976929,42.29826644,0.1629202,2.000047495,0.155890114,0.098037667,8.241396664,33.11224354,32.39332,4.882422494,13.65407619,0.789462572,5.781881992,4.092959922,-286.5583618,326.6282173,37.73631286,86.04756499,0,0,1,0,25127,RECT-12807-20250324-17_57_43,10114.7,315.2007692,539.79,0.416067787,-0.222077465,RECT-14869-20250428-10_43_50,10083.4,220.06,595.35,0.630368691,0.5,42.1416385,1.238049501,13.28238474,0.034648082,-0.093323255,333.3674465,DARK-14870-20250428-10_43_58,172.98,172.98,0.709448224,0.88853375,-0.151468062,1.339607462,-0.247384969,0.698439371,0.301560629,14867,290,590.25,205,10102.7,588.31,1.94,300,24,633.0712602,3.078738144,-45.22563823,2.697599306,0.909405642,-0.008270922,290,589.11,755,10089,588.24,0.87,None,None,None,None,None,None,None,None,None,None,None,None,None,50,42.1416385,0.842694793,0.16480095,2,0.5,0: Broadleaf,2,1745826223,418.6737667,419.9932333,7.814203667,5.665241333,419.1565,7.872301667,600.0241,100.9671667,0.06201121,35.42252,32.39332,999.9,0,0,5001.5,0,152.0988333,-1.3195112,421.9712,422.3863333,2.148962333,419.9932333,5.665241333,0.788978733,0.572003833,3.510518333,-0.963759833,50.00818667,0.9001362,0.099863413,0,220.1942,4.99918,237.4579333,422.4266667,40.1372,43.87486667,41.99566667,43.0082,43.50393333,40.513,4.491666667,0,37.20000005,0,220.06,-14.03453845,65.62592307,237.82976,15,1745824555,10:15:54,1745824555,1745824555,2,0.161,0.049,-0.479,0.01,420,12,1.58,0.19,-1.42134665,1.633903812,0.211127663,0,220.5522941,-9.885561495,1.143888737,0,2.1673995,-0.363231445,0.035164633,0,0,3,0/3,3.21776,2.67087,0.100529,0.10166,0.0478587,0.0371759,26391.7,24284.3,27887.4,24787.7,34084.2,25231.1,39783.1,27568.8,1.8776,1.411,0.0593662,0,31.4215,999.9,8.2,42,6.6949,29.7383,19.8037,1,0.540671,0,20.3108,5.22568,11.9081,4.9596,3.292,9999,9999,9999,999.9,4.97229,1.85471,1.85675,1.85699,1.85635,1.85608,1.85135,1.85327,0,0,0,0,11111111,oooooooo,on,on,on,on,0,100,100,-0.482,-0.0583,-1.377733927,0.00151024,1.49E-06,5.40E-12,-0.063763226,-0.011177753,0.001682567,-2.18E-05,3,2244,0,20,27.9,27.9,1.04004,2.60742,1.59424,2.09839,1.50269,2.43774,45.1484,15.1477,18,618.548,356.984,35.5871,34.7364,29.9989,34.8615,34.9481,20.8959,-30,-30,-999.9,420,0,99.3857,74.3316
155,1745830260,8764.4,20250428 11:50:59,11:50:59,15,B,2,2%,5559.81,1745830252,0.006629836,6.629836082,21.00353622,412.115129,187.1984985,18.9034734,41.61575783,0.170149588,1.998441385,0.162491653,0.102216593,321.5015001,36.68514188,35.23863548,5.723443706,28.71054227,1.755895681,6.1158569,3.967548026,-292.3757712,129.806856,15.2941065,174.2266914,0,0,1,0,24681,RECT-12807-20250324-17_57_43,10114.7,315.2007692,539.79,0.416067787,-0.222077465,MPF-14873-20250428-11_50_59,10103.2,211.1509231,261.8353505,0.193573661,0.5,1681.149736,21.00353622,162.7131548,0.012625653,1.06156273,194.5827086,DARK-14874-20250428-11_51_06,180.15,180.15,0.311972201,0.620483687,0.772869118,-0.949761637,1.237613436,0.529385023,0.470614977,14873,290,247.59,295,10103.2,248.88,-1.29,300,24,261.8353505,2.8810641,-13.08447146,2.603318026,0.474291238,-0.006698185,290,250.24,785,10093.5,248.87,1.37,None,None,None,None,None,None,None,None,None,None,None,None,None,2000,1681.149736,0.840598595,0.160755288,2,0.5,0: Broadleaf,2,1745830252,412.115129,420.0269355,17.38839355,15.21690968,412.372129,17.33739355,600.0094194,100.9207097,0.060193229,36.44345161,35.23863548,999.9,0,0,4997.258065,0,299.7749355,-8.156273871,419.1948065,426.5171935,2.255285806,420.0269355,15.21690968,1.763306774,1.535700645,15.46523226,13.32832258,1999.943548,0.979996677,0.020003252,0,211.2280323,4.99918,4541.890323,19219.3,42.85458065,45.262,43.48570968,44.19106452,45.23564516,1955.038387,39.90516129,0,3987,0,211.1509231,-9.6125812,-137.6389742,4540.875385,15,1745830281,11:51:20,1745830277,1745830281,3,0.223,-0.027,-0.257,0.051,420,15,1.43,0.25,-8.116588537,-0.739829477,0.141249574,0,211.6845588,-10.74580595,1.260950276,0,2.239099756,0.364121603,0.036535211,0,0,3,0/3,3.2217,2.66774,0.0997891,0.102279,0.0913123,0.0836271,26402.7,24247.2,27874.7,24765.5,32513,23993.6,39762.9,27545.2,1.8876,1.4444,0.124127,0,33.3202,999.9,17,43.8,15.2547,29.7529,18.9022,1,0.546951,0,20.2922,5.22208,11.9081,4.9592,3.292,9999,9999,9999,999.9,4.97232,1.85474,1.85681,1.85699,1.85635,1.85611,1.85135,1.85327,0,0,0,0,11111111,oooooooo,on,on,on,on,0,100,100,-0.257,0.051,-1.377733927,0.00151024,1.49E-06,5.40E-12,-0.063763226,-0.011177753,0.001682567,-2.18E-05,3,2244,0,20,95.1,95.1,1.05957,2.61841,1.59424,2.11182,1.50269,2.53784,45.7193,14.3684,18,623.712,373.25,35.2684,34.5844,30.0009,34.6097,34.6655,21.2861,-30,-30,-999.9,420,0,99.3373,74.2666
156,1745830312,8816.4,20250428 11:51:51,11:51:51,15,B,2,2%,5559.81,1745830304,0.006984021,6.984020572,21.39348725,411.9052581,193.2874045,19.5180636,41.59398304,0.179358578,1.99889568,0.17087332,0.107524733,289.5653956,36.4904376,35.30295806,5.743826705,28.62772807,1.770098478,6.183160862,3.973728228,-307.9953072,144.442273,17.03646908,143.0488304,0,0,1,0,25701,RECT-12807-20250324-17_57_43,10114.7,315.2007692,539.79,0.416067787,-0.222077465,MPF-14875-20250428-11_51_51,10110.4,203.5086154,257.5079335,0.209699629,0.5,1513.180723,21.39348725,158.656718,0.014284853,1.096207261,192.1826149,DARK-14876-20250428-11_51_58,171.92,171.92,0.332370084,0.630922093,0.767341905,-0.935979613,1.256881577,0.53299034,0.46700966,14875,290,241.99,155,10110.4,241.77,0.22,300,24,257.5079335,3.506548828,-15.91134404,3.158146437,0.475492044,-0.006863084,290,242.25,775,10091.6,241.74,0.51,None,None,None,None,None,None,None,None,None,None,None,None,None,1800,1513.180723,0.840658066,0.160870068,2,0.5,0: Broadleaf,2,1745830304,411.9052581,419.9951613,17.5292871,15.24213871,412.1845484,17.41950645,600.0131613,100.919,0.060490368,36.64330968,35.30295806,999.9,0,0,4999.193548,0,301.6097419,-8.089870323,419.2545161,426.4958387,2.287150323,419.9951613,15.24213871,1.769035806,1.538219355,15.51584516,13.35345806,1799.995484,0.978004935,0.021995365,0,203.5165806,4.99918,3978.909677,17281.86774,43.38887097,45.504,43.83435484,44.44716129,45.69335484,1755.512258,39.48387097,0,50,0,203.5086154,-2.666461534,-40.68034188,3978.496154,15,1745830281,11:51:20,1745830277,1745830281,3,0.223,-0.027,-0.257,0.051,420,15,1.43,0.25,-8.09673122,-0.040085436,0.107685327,1,203.6838824,-3.528617263,0.529151194,0,2.285852439,0.028465714,0.005496914,1,2,3,02-Mar,3.2211,2.66854,0.0997373,0.102257,0.091519,0.0837533,26397.1,24242.7,27867.5,24760.7,32498.8,23985.8,39754.6,27540,1.8852,1.4436,0.111312,0,33.5241,999.9,17,43.8,15.2572,30.0929,18.8902,1,0.557378,0,20.2945,5.22208,11.9081,4.9584,3.292,9999,9999,9999,999.9,4.97226,1.85471,1.85669,1.85699,1.85638,1.85608,1.85135,1.85327,0,0,0,0,11111111,oooooooo,on,on,on,on,0,100,100,-0.28,0.1102,-1.154974873,0.00151024,1.49E-06,5.40E-12,-0.091068631,-0.011177753,0.001682567,-2.18E-05,3,2244,0,20,0.6,0.5,1.05957,2.61719,1.59424,2.11182,1.50269,2.54028,45.8056,14.3509,18,622.608,373.158,35.308,34.682,30.0009,34.6847,34.7276,21.291,-30,-30,-999.9,420,0,99.3146,74.2524
157,1745830351,8855.9,20250428 11:52:31,11:52:31,15,B,2,2%,5559.63,1745830343,0.006948598,6.948598011,21.05760991,412.0001333,196.8530235,19.87827989,41.60390233,0.179673645,1.999596191,0.171162141,0.107707456,257.670596,36.31938854,35.22489667,5.719098208,28.52776929,1.771692856,6.210414975,3.947405352,-306.4331723,161.5747008,19.0507419,131.8628663,0,0,1,0,24340,RECT-12807-20250324-17_57_43,10114.7,315.2007692,539.79,0.416067787,-0.222077465,MPF-14877-20250428-11_52_30,10107.9,198.76868,258.3772327,0.230703581,0.5,1345.204521,21.05760991,155.1717498,0.015818923,1.089154661,192.6663911,DARK-14878-20250428-11_52_38,156.89,156.89,0.392787057,0.587350262,0.734951077,-1.049011667,1.253010958,0.46360112,0.53639888,14877,290,241.64,195,10107.9,241.34,0.3,300,24,258.3772327,4.420175192,-17.21641351,3.968699424,0.401947999,-0.007030361,290,240.14,715,10093.5,241.32,-1.18,None,None,None,None,None,None,None,None,None,None,None,None,None,1600,1345.204521,0.840747746,0.16104315,2,0.5,0: Broadleaf,2,1745830343,412.0001333,419.9737333,17.54493333,15.26933667,412.2791,17.43472667,599.9908,100.9199667,0.06034612,36.72370333,35.22489667,999.9,0,0,5002,0,308.4794,-7.973594667,419.3577,426.4858,2.275594667,419.9737333,15.26933667,1.770633,1.540980667,15.52992,13.38095333,1600.009667,0.9749982,0.02500147,0,198.8516667,4.99918,3499.744333,15341.51667,43.63326667,45.7248,44.1082,44.6498,45.97473333,1555.129667,39.88,0,37.4000001,0,198.76868,-5.474307689,-59.96230756,3499.5044,15,1745830281,11:51:20,1745830277,1745830281,3,0.223,-0.027,-0.257,0.051,420,15,1.43,0.25,-7.97352025,-0.017580675,0.134085365,1,199.8547941,-16.12670742,2.084675314,0,2.271869,0.051921951,0.008306698,1,2,3,02-Mar,3.22164,2.66894,0.0997527,0.102268,0.0915568,0.083848,26391.3,24238,27862.1,24756.5,32490.8,23979.1,39746.5,27535.2,1.8846,1.4412,0.0956655,0,33.7024,999.9,17,43.9,15.3386,29.9229,18.7941,1,0.565772,0,20.2962,5.22208,11.9081,4.9596,3.292,9999,9999,9999,999.9,4.97223,1.85477,1.85675,1.85699,1.85635,1.85608,1.85135,1.85321,0,0,0,0,11111111,oooooooo,on,on,on,on,0,100,100,-0.278,0.1105,-1.154974873,0.00151024,1.49E-06,5.40E-12,-0.091068631,-0.011177753,0.001682567,-2.18E-05,3,2244,0,20,1.2,1.2,1.05957,2.61719,1.59302,2.11182,1.50269,2.51831,45.8921,14.3509,18,622.75,372.171,35.3519,34.7655,30.0012,34.7488,34.7836,21.2893,-30,-30,-999.9,420,0,99.2948,74.2395
158,1745830391,8895.4,20250428 11:53:10,11:53:10,15,B,2,2%,5559.81,1745830383,0.006852738,6.852738254,20.68378256,412.1403333,199.154232,20.11150938,41.61982447,0.178358529,1.997929055,0.169961395,0.10694737,225.7831736,36.12130378,35.1387,5.69190013,28.46250674,1.770707641,6.221193578,3.921192489,-302.205757,174.1399944,20.54399168,118.2614026,0,0,1,0,25234,RECT-12807-20250324-17_57_43,10114.7,315.2007692,539.79,0.416067787,-0.222077465,MPF-14879-20250428-11_53_10,10104.1,194.64524,254.9014895,0.236390339,0.5,1177.219381,20.68378256,139.1416442,0.017758678,1.117641608,190.7271158,DARK-14880-20250428-11_53_17,156.19,156.19,0.387253483,0.610427923,0.742670778,-0.999286389,1.26848696,0.48982825,0.51017175,14879,290,242.46,275,10104.1,241.87,0.59,300,24,254.9014895,3.385534034,-13.1707841,3.030639604,0.402814943,-0.00719729,290,241.45,885,10090.8,241.85,-0.4,None,None,None,None,None,None,None,None,None,None,None,None,None,1400,1177.219381,0.840866782,0.161272889,2,0.5,0: Broadleaf,2,1745830383,412.1403333,419.9763,17.53443333,15.29025667,412.4189333,17.42453,600.0044,100.9241667,0.060427917,36.75541333,35.1387,999.9,0,0,4995,0,312.3716,-7.836019333,419.4959,426.4976,2.244184,419.9763,15.29025667,1.769648667,1.543157667,15.52125333,13.4026,1400.007,0.971003167,0.028997043,0,194.6728333,4.99918,3026.636,13400.45,43.75,45.9496,44.3456,44.8372,46.18286667,1354.557,40.45,0,37.4000001,0,194.64524,-2.075000004,-31.37461529,3026.6036,15,1745830281,11:51:20,1745830277,1745830281,3,0.223,-0.027,-0.257,0.051,420,15,1.43,0.25,-7.844345,0.032667017,0.139964227,1,195.6016471,-14.61894579,2.173463337,0,2.245626,-0.027496886,0.006003541,1,2,3,02-Mar,3.22167,2.66849,0.0997873,0.102238,0.0914298,0.0839067,26383.9,24234.6,27855.7,24752.5,32488.6,23973.3,39738.3,27530.2,1.8832,1.4398,0.0806153,0,33.8577,999.9,17,43.9,15.3367,30.0129,18.6458,1,0.574573,0,20.298,5.22328,11.9081,4.9588,3.2922,9999,9999,9999,999.9,4.97223,1.85471,1.85678,1.85699,1.85635,1.85608,1.85135,1.85327,0,0,0,0,11111111,oooooooo,on,on,on,on,0,100,100,-0.278,0.1097,-1.154974873,0.00151024,1.49E-06,5.40E-12,-0.091068631,-0.011177753,0.001682567,-2.18E-05,3,2244,0,20,1.9,1.8,1.05957,2.61963,1.59424,2.11304,1.50269,2.42554,45.9788,14.3422,18,622.367,371.773,35.4032,34.8562,30.001,34.8199,34.8492,21.2894,-30,-30,-999.9,420,0,99.2734,74.2268
159,1745830430,8934.9,20250428 11:53:50,11:53:50,15,B,2,2%,5559.9,1745830422,0.006656755,6.656754573,19.90665723,412.4479333,202.8306696,20.48318826,41.65173188,0.174511245,2.000042126,0.166471764,0.1047363,193.8030988,35.90479041,35.01356667,5.652616229,28.37032833,1.762693227,6.213157657,3.889923002,-293.5628767,185.2681772,21.81798844,107.3263878,0,0,1,0,25181,RECT-12807-20250324-17_57_43,10114.7,315.2007692,539.79,0.416067787,-0.222077465,MPF-14881-20250428-11_53_49,10114.7,191.31536,267.7793975,0.28554862,0.5,1009.180681,19.90665723,144.0850755,0.01994562,1.015801085,197.8464008,DARK-14882-20250428-11_53_57,149.11,149.11,0.443161044,0.644345038,0.696249111,-1.61243833,1.211147131,0.50219851,0.49780149,14881,290,246.26,145,10114.7,246,0.26,300,24,267.7793975,2.883537398,-22.02715866,2.573320678,0.723512763,-0.007363823,290,244.71,645,10098.2,245.97,-1.26,None,None,None,None,None,None,None,None,None,None,None,None,None,1200,1009.180681,0.840986003,0.161502986,2,0.5,0: Broadleaf,2,1745830422,412.4479333,419.9982667,17.45471667,15.27464667,412.7256667,17.34694,600.0323667,100.9263667,0.060275547,36.73177667,35.01356667,999.9,0,0,5003.5,0,314.8625667,-7.550313667,419.775,426.5132,2.180063333,419.9982667,15.27464667,1.761639333,1.541613667,15.45051333,13.38726,1199.997,0.966993,0.0330066,0,191.3337,4.99918,2578.663333,11464.22333,43.7101,46.104,44.4412,44.875,46.25,1155.557,39.44,0,37.4000001,0,191.31536,-2.077615361,-34.57461532,2578.4656,15,1745830281,11:51:20,1745830277,1745830281,3,0.223,-0.027,-0.257,0.051,420,15,1.43,0.25,-7.53690439,-0.34695784,0.126125169,1,192.2229412,-13.97601223,1.937689345,0,2.187197561,-0.126986551,0.013424068,0,1,3,01-Mar,3.22104,2.66898,0.0998203,0.102252,0.0910695,0.0838001,26378,24231,27850.8,24749.5,32495.8,23973.5,39731.4,27527.2,1.8826,1.4398,0.0708699,0,33.8821,999.9,16.9,44,15.3238,29.6329,18.6538,1,0.581707,0,20.2996,5.22208,11.9081,4.9596,3.292,9999,9999,9999,999.9,4.97223,1.85471,1.85678,1.85699,1.85638,1.85608,1.85135,1.8533,0,0,0,0,11111111,oooooooo,on,on,on,on,0,100,100,-0.277,0.1072,-1.154974873,0.00151024,1.49E-06,5.40E-12,-0.091068631,-0.011177753,0.001682567,-2.18E-05,3,2244,0,20,2.6,2.5,1.05957,2.61841,1.59424,2.11182,1.50269,2.41089,46.0367,14.3422,18,622.57,372.113,35.4547,34.9435,30.0006,34.8905,34.9118,21.29,-30,-30,-999.9,420,0,99.256,74.2183
160,1745830470,8974.4,20250428 11:54:29,11:54:29,15,B,2,2%,5559.81,1745830462,0.006406309,6.406309098,18.89783791,412.8270333,207.5374542,20.95751285,41.68803116,0.169312877,1.998876949,0.161729841,0.101734152,161.9069955,35.66671239,34.84995667,5.601608708,28.21969676,1.747145961,6.191228687,3.854462747,-282.5182312,195.8259527,23.04921442,98.26393138,0,0,1,0,25041,RECT-12807-20250324-17_57_43,10114.7,315.2007692,539.79,0.416067787,-0.222077465,MPF-14883-20250428-11_54_29,10116.3,187.62396,277.4463437,0.323746864,0.5,841.2048008,18.89783791,136.1687081,0.022729204,0.945565376,203.0741647,DARK-14884-20250428-11_54_36,150.79,150.79,0.456507525,0.709181878,0.674405286,-2.379121983,1.168104345,0.569956712,0.430043288,14883,290,253.52,155,10116.3,252.82,0.7,300,24,277.4463437,3.190013898,-24.90835833,2.838469407,0.733347314,-0.00753168,290,250.7,705,10098.2,252.78,-2.08,None,None,None,None,None,None,None,None,None,None,None,None,None,1000,841.2048008,0.841194286,0.161904972,2,0.5,0: Broadleaf,2,1745830462,412.8270333,420.0087,17.30158667,15.20285667,413.1037667,17.19788667,599.9313667,100.9213667,0.06046783,36.66714,34.84995667,999.9,0,0,4999,0,316.3864667,-7.181687,420.0953333,426.4926,2.098722333,420.0087,15.20285667,1.746098333,1.534293333,15.31242333,13.31424667,1000.0125,0.959991667,0.04000859,0,187.6783333,4.99918,2147.784667,9523.981667,43.52686667,46.125,44.437,44.8603,46.1975,955.2026667,39.81,0,37.4000001,0,187.62396,-3.70553846,-45.72384608,2147.4304,15,1745830281,11:51:20,1745830277,1745830281,3,0.223,-0.027,-0.257,0.051,420,15,1.43,0.25,-7.178810976,0.099915261,0.11744399,1,188.8231765,-17.49582889,2.179954674,0,2.108847561,-0.155128223,0.01616863,0,1,3,01-Mar,3.22142,2.66934,0.0998735,0.102185,0.090413,0.0834192,26373.2,24230.8,27847.6,24747.8,32516.1,23982.3,39727.6,27525.8,1.882,1.4382,0.0648201,0,33.8028,999.9,16.8,44,15.2364,30.0529,18.9143,1,0.586545,0,20.3016,5.22328,11.9081,4.9596,3.292,9999,9999,9999,999.9,4.97226,1.85471,1.85678,1.85702,1.85638,1.85608,1.85135,1.85327,0,0,0,0,11111111,oooooooo,on,on,on,on,0,100,100,-0.276,0.1027,-1.154974873,0.00151024,1.49E-06,5.40E-12,-0.091068631,-0.011177753,0.001682567,-2.18E-05,3,2244,0,20,3.2,3.1,1.05957,2.61719,1.59424,2.11182,1.50269,2.55493,46.0947,14.3509,18,622.673,371.535,35.496,35.0125,30.0006,34.9493,34.9651,21.2928,-30,-30,-999.9,420,0,99.2456,74.2139
161,1745830509,9013.9,20250428 11:55:09,11:55:09,15,B,2,2%,5559.99,1745830501,0.006148203,6.148203248,17.93170952,413.1849667,212.0266766,21.41090092,41.72428925,0.164060678,1.999202171,0.156931264,0.098696771,129.9794949,35.40081389,34.63962667,5.536623702,27.96874963,1.722578057,6.158938386,3.814045645,-271.1357633,208.2299936,24.46884658,91.54257178,0,0,1,0,25396,RECT-12807-20250324-17_57_43,10114.7,315.2007692,539.79,0.416067787,-0.222077465,MPF-14885-20250428-11_55_08,10109.2,185.54168,291.4367922,0.363355331,0.5,673.1818808,17.93170952,122.3021127,0.026967135,0.852168341,210.4693982,DARK-14886-20250428-11_55_16,154.27,154.27,0.470657089,0.772017122,0.644203174,-4.456119106,1.105810848,0.641899337,0.358100663,14885,290,266.74,285,10109.2,265.61,1.13,300,24,291.4367922,2.447211224,-26.11263556,2.171069466,0.837833302,-0.00769973,290,263.72,645,10103,265.59,-1.87,None,None,None,None,None,None,None,None,None,None,None,None,None,800,673.1818808,0.84149064,0.162476934,2,0.5,0: Broadleaf,2,1745830501,413.1849667,420.0089333,17.05825,15.04382333,413.4606667,16.96101667,600.0045333,100.9212,0.060908777,36.5716,34.63962667,999.9,0,0,5000.333333,0,320.0539333,-6.823951,420.3554,426.4239,2.014417,420.0089333,15.04382333,1.721538,1.51824,15.09198333,13.15308,799.9873667,0.950004633,0.049995527,0,185.6309,4.99918,1739.475,7584.685333,43.28723333,46.125,44.39773333,44.78513333,46.07253333,755.243,39.75,0,37.4000001,0,185.54168,-9.237230781,-49.5799999,1739.0244,15,1745830281,11:51:20,1745830277,1745830281,3,0.223,-0.027,-0.257,0.051,420,15,1.43,0.25,-6.833232,0.194153696,0.118933662,1,186.7140294,-18.96731856,2.107554835,0,2.02253625,-0.179768668,0.018018739,0,1,3,01-Mar,3.22139,2.66936,0.0998794,0.102187,0.0894126,0.0826897,26371.1,24230.5,27845.8,24747.6,32551.4,24001,39727.1,27525.3,1.8802,1.4372,0.0595748,0,33.66,999.9,16.7,44,15.145,29.7329,18.738,1,0.588963,0,20.3032,5.22448,11.9081,4.9592,3.2922,9999,9999,9999,999.9,4.97223,1.8548,1.85684,1.85702,1.85638,1.85611,1.85135,1.85333,0,0,0,0,11111111,oooooooo,on,on,on,on,0,100,100,-0.276,0.0957,-1.154974873,0.00151024,1.49E-06,5.40E-12,-0.091068631,-0.011177753,0.001682567,-2.18E-05,3,2244,0,20,3.9,3.8,1.05957,2.61963,1.59424,2.11182,1.50269,2.44141,46.1527,14.3422,18,621.729,371.221,35.5275,35.0606,30.0003,34.9937,35.006,21.2917,-30,-30,-999.9,420,0,99.2422,74.213
162,1745830549,9053.4,20250428 11:55:48,11:55:48,15,B,2,2%,5559.99,1745830541,0.005872067,5.872066556,16.30695906,413.7357667,222.6696553,22.4856277,41.77986625,0.157902734,1.999773571,0.151288678,0.095126584,98.07105294,35.11773848,34.42144667,5.469906797,27.60976543,1.689364948,6.118722565,3.78054185,-258.9581351,218.9175952,25.67520974,83.70572274,0,0,1,0,24396,RECT-12807-20250324-17_57_43,10114.7,315.2007692,539.79,0.416067787,-0.222077465,MPF-14887-20250428-11_55_48,10114,187.8676,332.6607056,0.435257616,0.5,505.2124567,16.30695906,109.9487847,0.032717001,0.622644307,231.1564347,DARK-14888-20250428-11_55_55,150.82,150.82,0.546625142,0.796263439,0.53250712,8.292877054,0.922258355,0.639239826,0.360760174,14887,290,297.33,255,10114,295.02,2.31,300,24,332.6607056,2.419545439,-38.07217962,2.140260903,0.918707024,-0.007868107,290,291.56,645,10106,294.99,-3.43,None,None,None,None,None,None,None,None,None,None,None,None,None,600,505.2124567,0.841992929,0.163446352,2,0.5,0: Broadleaf,2,1745830541,413.7357667,419.9809333,16.72936667,14.80485333,414.0098667,16.64077333,600.0302,100.9211,0.060902563,36.452,34.42144667,999.9,0,0,5002.666667,0,322.7432667,-6.245182,420.7750667,426.2922,1.924518,419.9809333,14.80485333,1.688347667,1.494124,14.78965333,12.90812333,600.0198333,0.9330133,0.066986547,0,187.8872667,4.99918,1363.412667,5645.396667,42.9955,46.062,44.28513333,44.6933,45.8894,555.1623333,39.86,0,37.4000001,0,187.8676,-3.041461525,-41.61846148,1363.0372,15,1745830281,11:51:20,1745830277,1745830281,3,0.223,-0.027,-0.257,0.051,420,15,1.43,0.25,-6.274203659,0.253478049,0.12113673,1,189.0622353,-16.12907563,2.018192975,0,1.938942927,-0.234666899,0.023897384,0,1,3,01-Mar,3.22146,2.66915,0.100014,0.102184,0.0880701,0.0816204,26367.1,24230.9,27845.8,24748.1,32598.6,24029.6,39726.1,27526.1,1.8806,1.4372,0.0552833,0,33.497,999.9,16.5,44,14.9629,29.9729,18.6418,1,0.589431,0,20.305,5.22328,11.9081,4.9596,3.292,9999,9999,9999,999.9,4.97232,1.8548,1.85681,1.85702,1.85638,1.85608,1.85138,1.85333,0,0,0,0,11111111,oooooooo,on,on,on,on,0,100,100,-0.274,0.0866,-1.154974873,0.00151024,1.49E-06,5.40E-12,-0.091068631,-0.011177753,0.001682567,-2.18E-05,3,2244,0,20,4.5,4.5,1.05957,2.61963,1.59424,2.11182,1.50269,2.40112,46.1818,14.3334,18,622.298,371.357,35.5447,35.0895,30.0001,35.0223,35.0312,21.2946,-30,-30,-999.9,420,0,99.241,74.2148
163,1745830588,9092.9,20250428 11:56:28,11:56:28,15,B,2,2%,5559.99,1745830580,0.005607842,5.607841951,15.07392991,414.1720333,228.8758752,23.11147899,41.82235562,0.150947104,2.000060187,0.144891728,0.091081141,82.09416805,34.95115586,34.25828333,5.42047121,27.14473696,1.649051449,6.075031972,3.771419761,-247.3058301,222.4483249,26.04831026,83.28497317,0,0,1,0,24695,RECT-12807-20250324-17_57_43,10114.7,315.2007692,539.79,0.416067787,-0.222077465,MPF-14889-20250428-11_56_27,10122.3,191.79152,366.6846874,0.476957924,0.5,421.1923232,15.07392991,100.4455081,0.036315969,0.472082196,247.0876099,DARK-14890-20250428-11_56_35,158.38,158.38,0.568075773,0.839602649,0.453856251,3.397044622,0.770764083,0.693337576,0.306662424,14889,290,323.09,175,10122.3,320.83,2.26,300,24,366.6846874,2.749677754,-46.41130626,2.428955604,0.928770787,-0.007953171,290,314.81,695,10106.5,320.76,-5.95,None,None,None,None,None,None,None,None,None,None,None,None,None,500,421.1923232,0.84237656,0.16418676,2,0.5,0: Broadleaf,2,1745830580,414.1720333,419.9707,16.33076333,14.49206667,414.4448667,16.25245333,600.0186667,100.9177667,0.060455567,36.32129,34.25828333,999.9,0,0,5004,0,201.3472067,-5.798623,421.0480333,426.1464,1.838700667,419.9707,14.49206667,1.648064667,1.462506667,14.41564667,12.58167667,500.0048,0.919988567,0.08001164,0,191.9158667,4.99918,1123.006,4676.408333,42.63093333,45.9497,44.0935,44.5434,45.62896667,455.3993333,39.61,0,37.4000001,0,191.79152,-12.68769232,-476.3261529,1121.0072,15,1745830281,11:51:20,1745830277,1745830281,3,0.223,-0.027,-0.257,0.051,420,15,1.43,0.25,-5.82146625,0.122471932,0.112482376,1,193.7342647,-27.470848,2.977072963,0,1.84984175,-0.189499925,0.019164491,0,1,3,01-Mar,3.22179,2.66754,0.100094,0.102188,0.0864501,0.0802573,26367,24233.2,27848.3,24750.6,32659.3,24067,39729.7,27528,1.8806,1.4364,0.0568926,0,33.2903,999.9,16.3,44,14.7843,29.8029,18.6739,1,0.587764,0,20.3062,5.22328,11.9081,4.9588,3.2922,9999,9999,9999,999.9,4.97229,1.85474,1.85684,1.85702,1.85638,1.85608,1.85135,1.85333,0,0,0,0,11111111,oooooooo,on,on,on,on,0,100,100,-0.273,0.0758,-1.154974873,0.00151024,1.49E-06,5.40E-12,-0.091068631,-0.011177753,0.001682567,-2.18E-05,3,2244,0,20,5.2,5.1,1.05957,2.61597,1.59424,2.11304,1.50269,2.4585,46.2108,14.3422,18,622.387,370.994,35.5497,35.0927,29.9999,35.0319,35.0438,21.2941,-30,-30,-999.9,420,0,99.2497,74.2211
164,1745830628,9132.4,20250428 11:57:07,11:57:07,15,B,2,2%,5559.99,1745830620,0.00528301,5.283010161,13.3736524,414.8290667,239.4558778,24.17864685,41.88665401,0.142436106,2.000205839,0.137031561,0.086113217,66.12574926,34.76996993,34.05591333,5.35969676,26.59750824,1.601029058,6.019470107,3.758667702,-232.9807481,226.2344394,26.44210775,85.82154832,0,0,1,0,24851,RECT-12807-20250324-17_57_43,10114.7,315.2007692,539.79,0.416067787,-0.222077465,MPF-14891-20250428-11_57_07,10129.1,198.6064,409.5323622,0.515041012,0.5,337.1780404,13.3736524,86.83025955,0.04032211,0.318064333,265.8288972,DARK-14892-20250428-11_57_14,159.87,159.87,0.60962792,0.844844855,0.342855437,2.236005516,0.579981673,0.680065431,0.319934569,14891,290,360.46,125,10129.1,356.68,3.78,300,24,409.5323622,2.60085474,-53.53252872,2.294284693,0.951085599,-0.008038246,290,349.89,685,10109.3,356.58,-6.69,None,None,None,None,None,None,None,None,None,None,None,None,None,400,337.1780404,0.842962592,0.165317803,2,0.5,0: Broadleaf,2,1745830620,414.8290667,420.0174333,15.85596667,14.12289667,415.1003333,15.78968,600.0038,100.9129333,0.06035271,36.15388,34.05591333,999.9,0,0,5004.833333,0,306.3550667,-5.188427,421.5125333,426.0343333,1.733068,420.0174333,14.12289667,1.600072333,1.425183667,13.95939667,12.18821333,399.9917,0.899992467,0.10000763,0,198.6968667,4.99918,1004.378,3706.976667,42.26846667,45.72476667,43.8435,44.3267,45.3331,355.4883333,39.5,0,37.4000001,0,198.6064,-12.56384612,-32.23230766,1004.0416,15,1745830281,11:51:20,1745830277,1745830281,3,0.223,-0.027,-0.257,0.051,420,15,1.43,0.25,-5.164021707,-0.352600139,0.135394451,1,200.0416471,-21.23141329,2.204531054,0,1.75068,-0.285265296,0.028797805,0,1,3,01-Mar,3.22058,2.66919,0.100184,0.10215,0.0845608,0.0787142,26366.9,24237.1,27850.9,24753.5,32729.8,24111,39733.2,27532.2,1.8804,1.437,0.0628829,0,33.0146,999.9,15.9,44.1,14.4935,29.6529,18.9583,1,0.583252,0,20.307,5.22568,11.9081,4.96,3.2926,9999,9999,9999,999.9,4.97229,1.85474,1.85678,1.85705,1.85638,1.85608,1.85135,1.85333,0,0,0,0,11111111,oooooooo,on,on,on,on,0,100,100,-0.271,0.0637,-1.154974873,0.00151024,1.49E-06,5.40E-12,-0.091068631,-0.011177753,0.001682567,-2.18E-05,3,2244,0,20,5.8,5.8,1.05957,2.61841,1.59424,2.1106,1.50269,2.54883,46.24,14.3422,18,622.147,371.284,35.5355,35.0735,29.9992,35.0223,35.0375,21.2957,-30,-30,-999.9,420,0,99.2589,74.2311
165,1745830667,9171.9,20250428 11:57:47,11:57:47,15,B,2,2%,5559.99,1745830659,0.004961258,4.961257602,11.51953196,415.4794667,252.143374,25.46005176,41.95283247,0.133144087,1.999276196,0.128406962,0.080665921,49.58764694,34.60782756,33.91251667,5.316992297,25.92229546,1.548268638,5.97272969,3.768723659,-218.7914602,226.2934841,26.42457487,83.51424564,0,0,1,0,24776,RECT-12807-20250324-17_57_43,10114.7,315.2007692,539.79,0.416067787,-0.222077465,MPF-14893-20250428-11_57_46,10123,208.08632,475.7619104,0.562625096,0.5,252.8829231,11.51953196,71.13913943,0.04643101,0.134580109,292.2352677,DARK-14894-20250428-11_57_54,163.03,163.03,0.6573286,0.855926695,0.169943969,1.66712561,0.285089759,0.6705954,0.3294046,14893,290,412.88,115,10123,410.13,2.75,300,24,475.7619104,2.875611056,-66.43793114,2.530797473,0.96095688,-0.008115537,290,400.69,625,10105.1,410.01,-9.32,None,None,None,None,None,None,None,None,None,None,None,None,None,300,252.8829231,0.842950008,0.165293516,2,0.5,0: Broadleaf,2,1745830659,415.4794667,420.0059333,15.33326333,13.70504,415.7490333,15.27990667,600.0633,100.9138333,0.060669213,36.01200667,33.91251667,999.9,0,0,5001,0,277.4364333,-4.526492333,421.9493667,425.8423,1.628222,420.0059333,13.70504,1.547338,1.383028,13.44401,11.73273333,299.9975333,0.9000034,0.099996647,0,208.2037667,4.99918,825.9255333,2768.548667,41.88506667,45.5165,43.57056667,44.09976667,45.0268,265.5,29.5,0,37.4000001,0,208.08632,-7.81707693,-33.74776916,825.69656,15,1745830281,11:51:20,1745830277,1745830281,3,0.223,-0.027,-0.257,0.051,420,15,1.43,0.25,-4.544537073,0.426047456,0.138562079,1,208.3663824,-4.738380444,0.782746898,0,1.640296585,-0.223879861,0.022392754,0,1,3,01-Mar,3.22171,2.6679,0.100315,0.102177,0.08247,0.0768907,26367.9,24240,27855.9,24757.1,32810.6,24161.8,39740.6,27535.8,1.8806,1.4386,0.066787,0,32.8033,999.9,15.6,44.1,14.2219,29.7229,18.5617,1,0.578211,0,20.3082,5.22568,11.9081,4.96,3.292,9999,9999,9999,999.9,4.97223,1.85471,1.85684,1.85699,1.85635,1.85608,1.85135,1.85333,0,0,0,0,11111111,oooooooo,on,on,on,on,0,100,100,-0.27,0.0507,-1.154974873,0.00151024,1.49E-06,5.40E-12,-0.091068631,-0.011177753,0.001682567,-2.18E-05,3,2244,0,20,6.5,6.4,1.05957,2.62207,1.59424,2.11182,1.50269,2.44385,46.2108,14.3334,18,622.062,372.028,35.5092,35.0337,29.9994,34.9969,35.0154,21.2958,-30,-30,-999.9,420,0,99.277,74.2412
166,1745830707,9211.4,20250428 11:58:26,11:58:26,15,B,2,2%,5559.99,1745830699,0.004644911,4.644910524,8.971750878,416.3668333,276.3140292,27.90158818,42.04381496,0.124444231,1.999601817,0.120296217,0.0755463,33.05089607,34.40638669,33.72194,5.26069546,25.23006291,1.492082257,5.913906211,3.768613202,-204.8405541,227.4784373,26.51072187,82.19950113,0,0,1,0,24705,RECT-12807-20250324-17_57_43,10114.7,315.2007692,539.79,0.416067787,-0.222077465,MPF-14895-20250428-11_58_26,10113.2,213.74608,532.7609726,0.598795537,0.5,168.5947665,8.971750878,50.47689686,0.05453211,0.013193585,312.7909777,DARK-14896-20250428-11_58_33,166.97,166.97,0.686594911,0.872123471,0.018853676,1.466329263,0.031297259,0.681268428,0.318731572,14895,290,473.22,145,10113.2,470.1,3.12,300,24,532.7609726,2.799094653,-63.37071848,2.457853375,0.959582001,-0.008192281,290,463.58,635,10098.1,470.01,-6.43,None,None,None,None,None,None,None,None,None,None,None,None,None,200,168.5947665,0.842924802,0.165244869,2,0.5,0: Broadleaf,2,1745830699,416.3668333,420.0020667,14.77633667,13.25091667,416.6338667,14.73634667,600.0020667,100.9170667,0.06075288,35.83208,33.72194,999.9,0,0,5002.166667,0,276.2070667,-3.635145,422.6114333,425.6421333,1.525424667,420.0020667,13.25091667,1.491185,1.337242333,12.87792333,11.22400333,200.0116333,0.900012333,0.099987473,0,213.7193,4.99918,622.6613667,1830.189333,41.46016667,45.2581,43.2497,43.82883333,44.6873,175.5143333,19.5,0,37.4000001,0,213.74608,12.08276915,27.74469229,622.8936,15,1745830281,11:51:20,1745830277,1745830281,3,0.223,-0.027,-0.257,0.051,420,15,1.43,0.25,-3.706237561,1.065462021,0.169043452,0,212.6345588,18.74904504,1.969651794,0,1.537736341,-0.248713589,0.025195072,0,0,3,0/3,3.22058,2.66909,0.10049,0.10217,0.0802326,0.0748954,26367.9,24243.1,27861.2,24759.9,32896.3,24216.7,39747.5,27538.8,1.8818,1.4386,0.0695884,0,32.5505,999.9,15.2,44.1,13.8565,30.0529,18.9423,1,0.571037,0,20.3091,5.22448,11.9081,4.9592,3.292,9999,9999,9999,999.9,4.97232,1.85471,1.85684,1.85699,1.85638,1.85608,1.85135,1.85333,0,0,0,0,11111111,oooooooo,on,on,on,on,0,100,100,-0.267,0.0373,-1.154974873,0.00151024,1.49E-06,5.40E-12,-0.091068631,-0.011177753,0.001682567,-2.18E-05,3,2244,0,20,7.2,7.1,1.05957,2.61841,1.59424,2.11182,1.50269,2.55371,46.2108,14.3334,18,622.582,371.827,35.4709,34.9742,29.9992,34.9557,34.9777,21.2947,-30,-30,-999.9,420,0,99.2949,74.2496
167,1745830746,9250.9,20250428 11:59:06,11:59:06,15,B,2,2%,5559.99,1745830738,0.004309133,4.309133345,4.803395289,417.8023,326.1763626,32.9344801,42.18607818,0.114924144,1.997886134,0.111373826,0.069918487,16.51232193,34.23235614,33.55439333,5.211630711,24.45224988,1.433528156,5.862561372,3.778102555,-190.0327805,228.2763446,26.58429453,81.34018058,0,0,1,0,25266,RECT-12807-20250324-17_57_43,10114.7,315.2007692,539.79,0.416067787,-0.222077465,MPF-14897-20250428-11_59_05,10106.9,210.50272,555.4921058,0.621051825,0.5,84.29695615,4.803395289,26.17638921,0.059616302,-0.028267019,320.4907977,DARK-14898-20250428-11_59_13,172.69,172.69,0.689122495,0.901221233,-0.042773375,1.435712959,-0.069914776,0.739334365,0.260665635,14897,290,500.74,135,10106.9,495.89,4.85,300,24,555.4921058,2.585781893,-60.23561665,2.265251819,0.961909346,-0.008269573,290,491.03,795,10085.9,495.77,-4.74,None,None,None,None,None,None,None,None,None,None,None,None,None,100,84.29695615,0.842849596,0.16509972,2,0.5,0: Broadleaf,2,1745830738,417.8023,420.0035667,14.19737,12.78137667,418.0654667,14.17085333,599.9964667,100.9105333,0.060854763,35.67375333,33.55439333,999.9,0,0,4995.5,0,283.0549,-2.201256333,423.8193667,425.4414333,1.415986,420.0035667,12.78137667,1.432663667,1.289775333,12.26768,10.68011,100.0142333,0.900008533,0.099991727,0,210.4647333,4.99918,400.0886333,891.7148,40.99133333,44.9581,42.89556667,43.51223333,44.30396667,85.515,9.5,0,37.4000001,0,210.50272,3.117538489,3.142230745,400.06288,15,1745830281,11:51:20,1745830277,1745830281,3,0.223,-0.027,-0.257,0.051,420,15,1.43,0.25,-2.34731775,2.593121313,0.296920354,0,210.3077059,3.780351417,0.635463496,0,1.42637725,-0.247089568,0.024330538,0,0,3,0/3,3.22048,2.66953,0.100807,0.102206,0.0778405,0.0728827,26364.5,24247.5,27867.2,24765.2,32987.5,24274,39754.3,27544.2,1.8828,1.4392,0.0753701,0,32.3204,999.9,14.7,44.1,13.4019,29.7929,18.9543,1,0.562378,0,20.3107,5.22687,11.9081,4.9596,3.292,9999,9999,9999,999.9,4.97226,1.85471,1.85684,1.85699,1.85635,1.85608,1.85135,1.85333,0,0,0,0,11111111,oooooooo,on,on,on,on,0,100,100,-0.262,0.0236,-1.154974873,0.00151024,1.49E-06,5.40E-12,-0.091068631,-0.011177753,0.001682567,-2.18E-05,3,2244,0,20,7.8,7.8,1.05957,2.61841,1.59424,2.1106,1.50269,2.55615,46.2108,14.3334,18,622.774,371.858,35.4173,34.8995,29.9988,34.8956,34.9243,21.292,-30,-30,-999.9,420,0,99.3137,74.2647
168,1745830786,9290.4,20250428 11:59:45,11:59:45,15,B,2,2%,5559.99,1745830778,0.003992626,3.992626472,1.954787102,418.8002333,364.1310812,36.76662254,42.28661296,0.105535325,1.998536653,0.102534194,0.064346402,8.239299003,34.10852834,33.44317667,5.179282004,23.67887553,1.375144472,5.807473714,3.804137532,-176.0748274,221.8863249,25.79614759,79.84694409,0,0,1,0,24962,RECT-12807-20250324-17_57_43,10114.7,315.2007692,539.79,0.416067787,-0.222077465,RECT-14899-20250428-11_59_45,10099.9,209.30552,513.16,0.59212425,0.5,42.12843221,1.954787102,12.47263316,0.0516721,0.051894146,305.9302673,DARK-14900-20250428-11_59_52,172.58,172.58,0.663691636,0.892167714,0.072519812,1.534934637,0.118572026,0.73562467,0.26437533,14897,290,500.74,135,10106.9,495.89,4.85,300,24,555.4921058,2.585781893,-60.23561665,2.265251819,0.961909346,-0.008269573,290,491.03,795,10085.9,495.77,-4.74,None,None,None,None,None,None,None,None,None,None,None,None,None,50,42.12843221,0.842700386,0.164811746,2,0.5,0: Broadleaf,2,1745830778,418.8002333,420.0092,13.61922333,12.30647333,419.0606,13.60569667,600,100.9102,0.060643833,35.50254,33.44317667,999.9,0,0,4998.166667,0,293.5623333,-1.2089452,424.5827667,425.2424,1.312751333,420.0092,12.30647333,1.374318,1.241848333,11.63703,10.11279667,49.99218333,0.900011967,0.09998776,0,209.2595,4.99918,288.3274,422.259,40.5706,44.66013333,42.5497,43.24556667,43.93513333,40.49366667,4.5,0,37.4000001,0,209.30552,-5.049307708,-2.821538427,288.31324,15,1745830281,11:51:20,1745830277,1745830281,3,0.223,-0.027,-0.257,0.051,420,15,1.43,0.25,-1.33089895,2.235074229,0.255269877,0,209.604,-3.14582124,0.717006153,0,1.325448,-0.256043752,0.025168595,0,0,3,0/3,3.22006,2.6694,0.100989,0.102193,0.0754692,0.0708052,26365.2,24252.7,27873.3,24769.8,33079.3,24333.4,39762.6,27549.9,1.8836,1.44,0.0782311,0,32.1293,999.9,14.3,44.1,13.0375,29.9429,18.9303,1,0.553455,0,20.3117,5.22687,11.9081,4.9592,3.2922,9999,9999,9999,999.9,4.97226,1.85474,1.85684,1.85702,1.85638,1.85608,1.85135,1.85333,0,0,0,0,11111111,oooooooo,on,on,on,on,0,100,100,-0.259,0.0107,-1.154974873,0.00151024,1.49E-06,5.40E-12,-0.091068631,-0.011177753,0.001682567,-2.18E-05,3,2244,0,20,8.5,8.4,1.05957,2.61841,1.59424,2.1106,1.50269,2.53052,46.1818,14.3334,18,622.727,371.952,35.3571,34.8118,29.9989,34.8261,34.8617,21.2927,-30,-30,-999.9,420,0,99.335,74.2794
169,1745831683,10188,20250428 12:14:43,12:14:43,15,B,4,21%,5559.81,1745831675,0.008117817,8.117816512,12.6491545,414.6387097,267.4089192,26.99662124,41.86039953,0.174483816,1.99856115,0.166441138,0.104717416,321.4964075,36.12693456,35.03266452,5.658596457,14.63637239,0.894470124,6.111282904,4.764126333,-357.9957082,150.5363589,17.71654765,131.7536058,0,0,1,0,24876,RECT-12807-20250324-17_57_43,10114.7,315.2007692,539.79,0.416067787,-0.222077465,MPF-14903-20250428-12_14_42,10098.9,251.7058462,312.1329042,0.193594002,0.5,1681.123645,12.6491545,162.7277271,0.007656327,0.72935949,221.0544517,DARK-14904-20250428-12_14_50,182.18,182.18,0.416338369,0.464991979,0.636607186,-19.69677872,1.013659894,0.336552527,0.663447473,14903,290,298.35,125,10098.9,298.83,-0.48,300,24,312.1329042,4.045361569,-13.43612624,3.649721293,0.326158384,-0.006688042,290,300.86,885,10076,298.8,2.06,None,None,None,None,None,None,None,None,None,None,None,None,None,2000,1681.123645,0.840598565,0.16075523,2,0.5,0: Broadleaf,2,1745831675,414.6387097,419.9766774,8.85997129,6.17821,414.9104839,8.932145161,600.0454194,100.8947419,0.061581119,36.4298,35.03266452,999.9,0,0,4999.032258,0,319.5072581,-5.337868387,418.3452903,422.5875161,2.681762258,419.9766774,6.17821,0.893925323,0.623349419,5.293316452,0.216086774,1999.912581,0.979997516,0.020002497,0,252.0741935,4.99918,5377.965161,19218.99355,43.05822581,45.44722581,43.65906452,44.45535484,45.41103226,1955.010645,39.90258065,0,856.2,0,251.7058462,-31.32492308,-639.4564107,5371.000769,15,1745830281,11:51:20,1745830277,1745830281,3,0.223,-0.027,-0.257,0.051,420,15,1.43,0.25,-5.322255366,-0.227156237,0.134202777,1,253.6050882,-37.28817417,3.743370315,0,2.67185122,0.207642857,0.02111562,0,1,3,01-Mar,3.21819,2.66978,0.0997587,0.101784,0.0530935,0.0397727,26403.3,24265.5,27874.9,24771.2,33879.6,25147.2,39762.5,27551.3,1.881,1.398,0.0795126,0,33.8424,999.9,7.8,44,7.07545,29.762,20.3846,1,0.546626,0,20.2915,5.22088,11.9081,4.9576,3.2924,9999,9999,9999,999.9,4.97226,1.85471,1.85669,1.85693,1.85626,1.85608,1.85135,1.85327,0,0,0,0,11111111,oooooooo,on,on,on,on,0,100,100,-0.272,-0.0724,-1.154974873,0.00151024,1.49E-06,5.40E-12,-0.091068631,-0.011177753,0.001682567,-2.18E-05,3,2244,0,20,23.4,23.4,1.04492,2.62085,1.59424,2.09106,1.50269,2.41455,45.8344,14.132,18,617.184,347.737,35.0862,34.5322,30.0014,34.4429,34.4586,20.9898,-30,-30,-999.9,420,0,99.3371,74.2834
170,1745831723,10227.5,20250428 12:15:22,12:15:22,15,B,4,21%,5559.63,1745831715,0.007917188,7.917188228,11.66727422,415.0229667,272.4095331,27.50295206,41.90145855,0.167854434,1.999197049,0.16039952,0.100891901,289.5628074,36.13047769,35.15977,5.698538054,14.20528663,0.87744004,6.176855583,4.821098013,-349.1480009,157.8876047,18.60488486,116.9072962,0,0,1,0,25037,RECT-12807-20250324-17_57_43,10114.7,315.2007692,539.79,0.416067787,-0.222077465,MPF-14905-20250428-12_15_22,10089.8,230.5317308,301.5570584,0.235528653,0.5,1513.168161,11.66727422,178.197229,0.007857257,0.790009502,215.6971064,DARK-14906-20250428-12_15_29,173.65,173.65,0.424155412,0.555288571,0.65066079,-5.205719227,1.060749622,0.41827587,0.58172413,14905,290,283.2,225,10089.8,282.94,0.26,300,24,301.5570584,3.087628841,-18.78459171,2.776630753,0.620434512,-0.00685291,290,284.5,855,10074.7,282.91,1.59,None,None,None,None,None,None,None,None,None,None,None,None,None,1800,1513.168161,0.840658007,0.160869954,2,0.5,0: Broadleaf,2,1745831715,415.0229667,420.0076,8.690813667,6.074544667,415.2936333,8.765237333,599.9674667,100.9006,0.061182633,36.62466667,35.15977,999.9,0,0,5001.333333,0,318.8152,-4.984616667,418.6615,422.5746,2.616269667,420.0076,6.074544667,0.8769072,0.612924467,5.017208333,-0.016305815,1799.980667,0.978006633,0.021992983,0,230.5474667,4.99918,4480.577667,17281.74333,43.51636667,45.6955,43.96636667,44.7185,45.81223333,1755.500667,39.48,0,37.20000005,0,230.5317308,-18.0277949,-320.5644447,4480.834231,15,1745830281,11:51:20,1745830277,1745830281,3,0.223,-0.027,-0.257,0.051,420,15,1.43,0.25,-4.981723659,-0.055248502,0.136837328,1,232.2498824,-30.67236058,3.247145432,0,2.621694146,-0.104038537,0.010914534,0,1,3,01-Mar,3.21862,2.67001,0.099813,0.101737,0.0521795,0.0392251,26393.3,24260.3,27866.5,24765,33903.4,25155.8,39752.3,27545.1,1.8788,1.3962,0.0742078,0,34.0139,999.9,7.7,44,6.98424,29.912,20.2965,1,0.558171,0,20.2936,5.22088,11.9081,4.9588,3.292,9999,9999,9999,999.9,4.97223,1.85471,1.85669,1.85699,1.85635,1.85608,1.85135,1.85321,0,0,0,0,11111111,oooooooo,on,on,on,on,0,100,100,-0.271,-0.0749,-1.154974873,0.00151024,1.49E-06,5.40E-12,-0.091068631,-0.011177753,0.001682567,-2.18E-05,3,2244,0,20,24.1,24,1.04492,2.62207,1.59424,2.09106,1.50269,2.51587,45.8632,14.132,18,616.547,347.341,35.16,34.6505,30.0015,34.5504,34.5633,20.9945,-30,-30,-999.9,420,0,99.3098,74.2657
171,1745831762,10267,20250428 12:16:02,12:16:02,15,B,4,21%,5559.81,1745831754,0.00751411,7.514109616,11.55321588,415.0998333,266.6368269,26.92136956,41.91114988,0.157810628,1.998595746,0.151200395,0.095071077,257.6642487,36.11500869,35.19258,5.708887959,13.75398476,0.854306917,6.211341164,4.854581042,-331.3722341,165.2697206,19.49336882,111.055104,0,0,1,0,24654,RECT-12807-20250324-17_57_43,10114.7,315.2007692,539.79,0.416067787,-0.222077465,MPF-14907-20250428-12_16_01,10097.7,219.87988,302.3131719,0.272675158,0.5,1345.172959,11.55321588,183.3976246,0.008753739,0.785532521,216.0836751,DARK-14908-20250428-12_16_09,174.19,174.19,0.423809426,0.643390971,0.649553687,-6.396327421,1.057382971,0.509697718,0.490302282,14907,290,279.28,135,10097.7,279.25,0.03,300,24,302.3131719,2.355522911,-23.2875801,2.111716777,0.81284957,-0.007019847,290,278.98,735,10077.5,279.2,-0.22,None,None,None,None,None,None,None,None,None,None,None,None,None,1600,1345.172959,0.840747637,0.16104294,2,0.5,0: Broadleaf,2,1745831754,415.0998333,419.9902333,8.461296333,5.977976,415.3703,8.538679,600.0458667,100.9049667,0.06146723,36.72643,35.19258,999.9,0,0,4998.666667,0,318.5527333,-4.890539667,418.6420333,422.5161333,2.48332,419.9902333,5.977976,0.853785467,0.6032066,4.634406333,-0.2361118,1599.972333,0.9749995,0.025000383,0,219.9220667,4.99918,3833.308,15341.15,43.79546667,45.95806667,44.28306667,44.9412,46.12893333,1555.101,39.87333333,0,37.20000005,0,219.87988,-10.99838461,-178.560769,3832.2092,15,1745830281,11:51:20,1745830277,1745830281,3,0.223,-0.027,-0.257,0.051,420,15,1.43,0.25,-4.8958045,0.069091407,0.149779138,1,221.3588529,-23.61822767,2.607722244,0,2.4921015,-0.176492083,0.017351878,0,1,3,01-Mar,3.2188,2.66881,0.0998133,0.101724,0.051026,0.0387026,26384.5,24255.7,27857.6,24760.4,33934.7,25163.8,39740.9,27538.9,1.8772,1.395,0.0674129,0,34.1465,999.9,7.6,44,6.89382,30.012,20.1362,1,0.569695,0,20.2957,5.22328,11.9081,4.9596,3.292,9999,9999,9999,999.9,4.97223,1.85474,1.85672,1.85699,1.85635,1.85608,1.85135,1.85327,0,0,0,0,11111111,oooooooo,on,on,on,on,0,100,100,-0.27,-0.0779,-1.154974873,0.00151024,1.49E-06,5.40E-12,-0.091068631,-0.011177753,0.001682567,-2.18E-05,3,2244,0,20,24.8,24.7,1.04492,2.62207,1.59424,2.09106,1.50269,2.4353,45.8921,14.132,18,616.373,347.245,35.2415,34.775,30.0015,34.661,34.6655,20.9904,-30,-30,-999.9,420,0,99.2799,74.2504
172,1745831802,10306.5,20250428 12:16:41,12:16:41,15,B,4,21%,5559.72,1745831794,0.006998573,6.998572824,10.69300428,415.4642333,267.1737953,26.97566524,41.9480663,0.146039156,1.999048504,0.140360438,0.088217086,225.7797156,36.07027744,35.16379333,5.699806335,13.31122054,0.828208268,6.22188075,4.871598067,-308.6370615,171.7508904,20.25345491,109.1469993,0,0,1,0,25346,RECT-12807-20250324-17_57_43,10114.7,315.2007692,539.79,0.416067787,-0.222077465,MPF-14909-20250428-12_16_41,10091.9,213.4260385,303.9795506,0.297893434,0.5,1177.201181,10.69300428,175.3402511,0.009272061,0.77574445,216.9336796,DARK-14910-20250428-12_16_48,162.87,162.87,0.46420738,0.641724899,0.625624667,-8.069846549,1.049963298,0.489714072,0.510285928,14909,290,282.19,225,10091.9,280.31,1.88,300,24,303.9795506,2.768259658,-23.88803538,2.474309858,0.768991944,-0.007186364,290,280.23,735,10078.8,280.28,-0.05,None,None,None,None,None,None,None,None,None,None,None,None,None,1400,1177.201181,0.840866795,0.161272915,2,0.5,0: Broadleaf,2,1745831794,415.4642333,419.9978333,8.202783667,5.889038333,415.7336,8.283357333,599.9938667,100.9052,0.061532967,36.75743333,35.16379333,999.9,0,0,5000.5,0,316.5564667,-4.53364,418.9003,422.4857667,2.313745333,419.9978333,5.889038333,0.8277032,0.5942343,4.191429,-0.4418664,1399.985333,0.971004167,0.02899553,0,213.4325333,4.99918,3281.978,13400.25,43.875,46.14566667,44.4748,45.0496,46.3204,1354.535333,40.45,0,37.20000005,0,213.4260385,-10.8251966,-132.926154,3282.185,15,1745830281,11:51:20,1745830277,1745830281,3,0.223,-0.027,-0.257,0.051,420,15,1.43,0.25,-4.530398,0.250876998,0.117511823,1,214.9154706,-22.82786862,2.513683262,0,2.32943075,-0.260946979,0.025380285,0,1,3,01-Mar,3.21813,2.66983,0.0998423,0.101688,0.0497236,0.0382042,26377.9,24252.2,27852,24756.3,33975.2,25173.1,39734,27534.8,1.8756,1.3934,0.0630319,0,34.1589,999.9,7.5,44,6.80316,29.982,20.3325,1,0.579776,0,20.2968,5.22328,11.9081,4.9588,3.2922,9999,9999,9999,999.9,4.97223,1.85471,1.85672,1.85699,1.85635,1.85608,1.85135,1.85324,0,0,0,0,11111111,oooooooo,on,on,on,on,0,100,100,-0.269,-0.0812,-1.154974873,0.00151024,1.49E-06,5.40E-12,-0.091068631,-0.011177753,0.001682567,-2.18E-05,3,2244,0,20,25.4,25.4,1.04492,2.62207,1.59424,2.09106,1.50269,2.46216,45.921,14.132,18,616.161,346.938,35.3177,34.8912,30.0012,34.7663,34.768,20.994,-30,-30,-999.9,420,0,99.2615,74.2388
173,1745831841,10346,20250428 12:17:21,12:17:21,15,B,4,21%,5559.63,1745831833,0.00638955,6.389549567,9.832211481,415.8218667,266.2782977,26.88544366,41.98447813,0.132558282,1.997952969,0.127858967,0.08032019,193.8059184,36.01795559,35.10852667,5.682405981,12.84295938,0.798657329,6.218639374,4.883748652,-281.7791359,176.5832289,20.82817334,109.4381847,0,0,1,0,24828,RECT-12807-20250324-17_57_43,10114.7,315.2007692,539.79,0.416067787,-0.222077465,MPF-14911-20250428-12_17_20,10091.8,209.16492,321.3472838,0.349100084,0.5,1009.195521,9.832211481,176.1551206,0.009962677,0.679771472,225.6365094,DARK-14912-20250428-12_17_28,166.9,166.9,0.480624208,0.726347276,0.585810068,18.25137852,0.972632194,0.579577877,0.420422123,14911,290,290.09,235,10091.8,289.09,1,300,24,321.3472838,2.99800347,-32.55739022,2.671308161,0.841398105,-0.007352634,290,288.08,655,10082,289.05,-0.97,None,None,None,None,None,None,None,None,None,None,None,None,None,1200,1009.195521,0.840985989,0.161502958,2,0.5,0: Broadleaf,2,1745831833,415.8218667,419.9847333,7.910046667,5.797133,416.0903667,7.994060667,600.0252667,100.9059333,0.061527737,36.74790333,35.10852667,999.9,0,0,4996,0,311.9372333,-4.162876667,419.1373333,422.4336333,2.112914,419.9847333,5.797133,0.7981709,0.5849652,3.674714333,-0.657336367,1200.014667,0.9669966,0.033003183,0,209.2587667,4.99918,2789.157333,11464.40667,43.8477,46.25413333,44.5788,45.1187,46.38326667,1155.574667,39.44,0,37.20000005,0,209.16492,-9.025538435,-99.203846,2788.504,15,1745830281,11:51:20,1745830277,1745830281,3,0.223,-0.027,-0.257,0.051,420,15,1.43,0.25,-4.16911175,0.344146604,0.135532523,1,210.3902647,-19.41630253,2.162485298,0,2.12879325,-0.304177373,0.029609155,0,1,3,01-Mar,3.21835,2.67009,0.0998842,0.101657,0.0482543,0.0376695,26372.1,24250.4,27847.5,24754,34022.3,25185.1,39727.9,27532.7,1.8746,1.3922,0.0658929,0,34.0755,999.9,7.4,44,6.71191,30.112,20.0962,1,0.587032,0,20.2988,5.22328,11.9081,4.9596,3.292,9999,9999,9999,999.9,4.9722,1.85471,1.85669,1.85699,1.85635,1.85608,1.85135,1.85321,0,0,0,0,11111111,oooooooo,on,on,on,on,0,100,100,-0.268,-0.0847,-1.154974873,0.00151024,1.49E-06,5.40E-12,-0.091068631,-0.011177753,0.001682567,-2.18E-05,3,2244,0,20,26.1,26,1.04492,2.61963,1.59424,2.09106,1.50269,2.47559,45.9499,14.132,18,616.265,346.764,35.3863,34.9882,30.0012,34.8589,34.8554,20.9962,-30,-30,-999.9,420,0,99.246,74.2325
174,1745831881,10385.5,20250428 12:18:00,12:18:00,15,B,4,21%,5559.63,1745831873,0.005718287,5.718287265,8.834671571,416.276,265.7439174,26.83244303,42.03182584,0.117836344,1.999468479,0.114109809,0.071643628,161.904334,35.96083171,35.05466667,5.665492943,12.35643058,0.766784539,6.205550493,4.898708404,-252.1764684,178.3700347,21.01355601,109.1114563,0,0,1,0,25005,RECT-12807-20250324-17_57_43,10114.7,315.2007692,539.79,0.416067787,-0.222077465,MPF-14913-20250428-12_18_00,10096.5,207.70692,340.8841711,0.390681828,0.5,841.1909515,8.834671571,164.3190093,0.010766579,0.583499751,235.0973791,DARK-14914-20250428-12_18_07,158.83,158.83,0.534064608,0.731525404,0.522117358,5.185343112,0.885642772,0.559385214,0.440614786,14913,290,306.54,205,10096.5,304.65,1.89,300,24,340.8841711,3.156088457,-36.58437605,2.803936809,0.858755177,-0.007520106,290,299.55,735,10081.5,304.6,-5.05,None,None,None,None,None,None,None,None,None,None,None,None,None,1000,841.1909515,0.841194288,0.161904976,2,0.5,0: Broadleaf,2,1745831873,416.276,420.0143333,7.594102667,5.702491667,416.5432,7.681611667,600.0030667,100.9094667,0.06158582,36.70937667,35.05466667,999.9,0,0,5002,0,312.5002,-3.738365667,419.4615,422.4231333,1.891612333,420.0143333,5.702491667,0.7663163,0.575434833,3.098074333,-0.882053133,999.9960333,0.959995,0.0400054,0,207.7639333,4.99918,2333.517667,9523.842333,43.6955,46.312,44.6145,45.062,46.3603,955.1926667,39.80966667,0,37.20000005,0,207.70692,-7.782461531,-73.77692295,2333.056,15,1745830281,11:51:20,1745830277,1745830281,3,0.223,-0.027,-0.257,0.051,420,15,1.43,0.25,-3.756703,0.387982739,0.140473152,1,209.1347647,-20.99981665,2.387890086,0,1.91320025,-0.36079666,0.035036117,0,1,3,01-Mar,3.21815,2.67072,0.0999509,0.101664,0.0466821,0.0371388,26366.8,24249.7,27844.3,24753.7,34075.4,25198.3,39724.5,27532,1.873,1.3908,0.0689924,0,33.9495,999.9,7.3,44,6.62052,29.812,20.3005,1,0.591341,0,20.3011,5.22328,11.9081,4.9592,3.292,9999,9999,9999,999.9,4.97226,1.85477,1.85678,1.85699,1.85632,1.85608,1.85135,1.85321,0,0,0,0,11111111,oooooooo,on,on,on,on,0,100,100,-0.267,-0.0881,-1.154974873,0.00151024,1.49E-06,5.40E-12,-0.091068631,-0.011177753,0.001682567,-2.18E-05,3,2244,0,20,26.7,26.7,1.04492,2.62207,1.59424,2.09106,1.50269,2.45361,45.9499,14.132,18,615.763,346.42,35.4451,35.0638,30.0005,34.9335,34.9306,20.9926,-30,-30,-999.9,420,0,99.2362,74.2311
175,1745831920,10425,20250428 12:18:40,12:18:40,15,B,4,21%,5559.81,1745831912,0.005043905,5.0439053,8.110148554,416.5752667,261.0485048,26.35767549,42.06097907,0.103498261,1.998859404,0.100610614,0.063134367,129.9872881,35.85880001,34.96332667,5.63691049,11.89502985,0.734779163,6.17719478,4.902131327,-222.4362237,179.138287,21.09255479,107.7819062,0,0,1,0,24493,RECT-12807-20250324-17_57_43,10114.7,315.2007692,539.79,0.416067787,-0.222077465,MPF-14915-20250428-12_18_39,10096.7,209.07992,384.9908939,0.456922428,0.5,673.2200985,8.110148554,153.8046809,0.012376674,0.402085111,255.2666079,DARK-14916-20250428-12_18_47,166.63,166.63,0.567184568,0.805597425,0.414833064,2.520571138,0.689254358,0.642035347,0.357964653,14915,290,334.81,235,10096.7,333.79,1.02,300,24,384.9908939,2.661008433,-51.69267945,2.35708697,0.944985604,-0.007687776,290,327.64,675,10086,333.74,-6.1,None,None,None,None,None,None,None,None,None,None,None,None,None,800,673.2200985,0.841490938,0.162477509,2,0.5,0: Broadleaf,2,1745831912,416.5752667,419.9790333,7.277311,5.608247,416.8416667,7.368094333,600.0008667,100.9064667,0.06203155,36.62567,34.96332667,999.9,0,0,4999.666667,0,314.0033333,-3.403741333,419.629,422.3476667,1.669063333,419.9790333,5.608247,0.7343268,0.5659078,2.497258,-1.110015,800.0325,0.9499909,0.050009283,0,209.1608,4.99918,1911.196333,7585.082333,43.4539,46.30786667,44.55993333,45.00826667,46.2269,755.2743333,39.76,0,37.20000005,0,209.07992,-8.200615349,-57.15692299,1910.8512,15,1745830281,11:51:20,1745830277,1745830281,3,0.223,-0.027,-0.257,0.051,420,15,1.43,0.25,-3.4029235,0.189316998,0.126330841,1,210.0893529,-16.67889992,1.900437873,0,1.6879545,-0.368464841,0.035721147,0,1,3,01-Mar,3.2189,2.67063,0.100008,0.101641,0.0450608,0.0366212,26364.7,24251,27844.1,24754.6,34132.5,25212.4,39723.6,27532.7,1.8732,1.3902,0.0732839,0,33.7906,999.9,7.1,44,6.44007,29.972,20.0962,1,0.593618,0,20.3025,5.22328,11.9081,4.958,3.292,9999,9999,9999,999.9,4.97223,1.85471,1.85672,1.85699,1.85638,1.85608,1.85135,1.85327,0,0,0,0,11111111,oooooooo,on,on,on,on,0,100,100,-0.266,-0.0914,-1.154974873,0.00151024,1.49E-06,5.40E-12,-0.091068631,-0.011177753,0.001682567,-2.18E-05,3,2244,0,20,27.4,27.3,1.04492,2.62207,1.59424,2.09106,1.50269,2.46948,45.9499,14.132,18,616.439,346.399,35.491,35.1133,30.0003,34.9905,34.9871,20.9919,-30,-30,-999.9,420,0,99.2347,74.2333
176,1745831960,10464.5,20250428 12:19:19,12:19:19,15,B,4,21%,5559.81,1745831952,0.004370284,4.370283779,6.951526469,417.061,262.6886221,26.5228865,42.10940495,0.089299119,1.999424285,0.087141141,0.054652756,98.06872229,35.74886351,34.87213667,5.60850008,11.43936736,0.703092807,6.146256035,4.905407273,-192.7295147,179.1325002,21.06718582,105.5388937,0,0,1,0,25049,RECT-12807-20250324-17_57_43,10114.7,315.2007692,539.79,0.416067787,-0.222077465,MPF-14917-20250428-12_19_19,10112.7,216.2422,453.6187423,0.52329527,0.5,505.2014293,6.951526469,132.1847592,0.014199493,0.189964059,283.7279273,DARK-14918-20250428-12_19_26,162.73,162.73,0.641262618,0.816038945,0.228534604,1.714925721,0.383683837,0.614098532,0.385901468,14917,290,386.14,95,10112.7,383.43,2.71,300,24,453.6187423,3.239732476,-70.98287703,2.861419204,0.956479922,-0.007856453,290,373.03,615,10092.2,383.28,-10.25,None,None,None,None,None,None,None,None,None,None,None,None,None,600,505.2014293,0.841992746,0.163446,2,0.5,0: Broadleaf,2,1745831952,417.061,419.9855,6.963589,5.517087667,417.3260667,7.057387,600.0479667,100.9058333,0.061183353,36.53395667,34.87213667,999.9,0,0,5002,0,318.1164667,-2.924406,419.9856667,422.3153667,1.446503,419.9855,5.517087667,0.702667367,0.556706733,1.879398,-1.333430667,600.0068667,0.933010133,0.066989723,0,216.2886333,4.99918,1516.243667,5645.268,43.13723333,46.208,44.40186667,44.906,46.031,555.147,39.855,0,37.20000005,0,216.2422,-11.00107688,-46.4623076,1515.9516,15,1745830281,11:51:20,1745830277,1745830281,3,0.223,-0.027,-0.257,0.051,420,15,1.43,0.25,-2.959763659,0.716324321,0.123693601,0,217.2363235,-18.04878534,2.030516056,0,1.466866098,-0.370414286,0.036791691,0,0,3,0/3,3.21874,2.66853,0.100055,0.101584,0.0435057,0.0361013,26362.9,24252,27843.8,24754.1,34188.8,25226.6,39724.6,27533.3,1.8718,1.3904,0.077635,0,33.6237,999.9,7,44,6.34907,29.762,20.0801,1,0.593415,0,20.3049,5.22328,11.9081,4.96,3.292,9999,9999,9999,999.9,4.97223,1.85474,1.85681,1.85699,1.85638,1.85608,1.85135,1.85327,0,0,0,0,11111111,oooooooo,on,on,on,on,0,100,100,-0.265,-0.0943,-1.154974873,0.00151024,1.49E-06,5.40E-12,-0.091068631,-0.011177753,0.001682567,-2.18E-05,3,2244,0,20,28.1,28,1.04492,2.61841,1.59424,2.08984,1.50269,2.53296,45.9499,14.132,18,615.743,346.705,35.5244,35.1409,30,35.0287,35.028,20.994,-30,-30,-999.9,420,0,99.2356,74.2335
177,1745831999,10504,20250428 12:19:59,12:19:59,15,B,4,21%,5559.9,1745831991,0.003759688,3.759688041,5.860667951,417.4901333,264.5836893,26.71445366,42.15309284,0.076093092,1.99997698,0.074520555,0.046713926,82.09498157,35.75117107,34.87408667,5.609106301,11.01274721,0.673592457,6.116479786,4.935513844,-165.8022426,169.4136348,19.91027079,105.6166445,0,0,1,0,25348,RECT-12807-20250324-17_57_43,10114.7,315.2007692,539.79,0.416067787,-0.222077465,MPF-14919-20250428-12_19_58,10115,221.97536,502.1377586,0.557939318,0.5,421.1991818,5.860667951,117.5017921,0.014441494,0.074983888,301.9784878,DARK-14920-20250428-12_20_06,169.93,169.93,0.661586891,0.843334905,0.101801334,1.49869964,0.167649363,0.645602739,0.354397261,14919,290,426.09,95,10115,421.7,4.39,300,24,502.1377586,3.616851925,-81.36215576,3.190093401,0.95873166,-0.007941326,290,406.58,625,10094.1,421.53,-14.95,None,None,None,None,None,None,None,None,None,None,None,None,None,500,421.1991818,0.842375956,0.164185596,2,0.5,0: Broadleaf,2,1745831991,417.4901333,419.9668333,6.671354,5.426519,417.7541333,6.767748333,600.0162,100.9075667,0.06031132,36.44531,34.87408667,999.9,0,0,5004.166667,0,314.0788667,-2.476661333,420.2941333,422.2583,1.244834667,419.9668333,5.426519,0.673189967,0.547576733,1.281607667,-1.558371333,500.0133,0.919994,0.0800056,0,221.9943,4.99918,1316.087333,4676.497333,42.78933333,46.0809,44.1955,44.7436,45.77476667,455.41,39.6,0,37.20000005,0,221.97536,-11.89107691,-64.12384606,1315.6516,15,1745830281,11:51:20,1745830277,1745830281,3,0.223,-0.027,-0.257,0.051,420,15,1.43,0.25,-2.510636098,0.595636725,0.159742949,0,223.8142353,-28.6045531,3.117966834,0,1.264892195,-0.321463484,0.031934695,0,0,3,0/3,3.21817,2.66709,0.100129,0.101623,0.0419976,0.0356293,26362,24253.7,27845.2,24757,34244.4,25241.7,39726.5,27536.3,1.8716,1.3918,0.0857711,0,33.4729,999.9,6.9,44,6.25756,29.892,19.984,1,0.591321,0,20.3035,5.20651,11.9081,4.9556,3.2898,9999,9999,9999,999.9,4.97226,1.85471,1.85678,1.85699,1.85638,1.85608,1.85135,1.8533,0,0,0,0,11111111,oooooooo,on,on,on,on,0,100,100,-0.264,-0.0969,-1.154974873,0.00151024,1.49E-06,5.40E-12,-0.091068631,-0.011177753,0.001682567,-2.18E-05,3,2244,0,20,28.7,28.6,1.04492,2.62451,1.59424,2.08984,1.50269,2.44141,45.921,14.132,18,615.768,347.55,35.5461,35.1441,29.9997,35.0478,35.0532,20.9963,-30,-30,-999.9,420,0,99.2405,74.2418
178,1745832039,10543.5,20250428 12:20:38,12:20:38,15,B,4,21%,5559.72,1745832031,0.003187603,3.187603004,5.029951741,417.9178,262.8539971,26.53984025,42.19632105,0.064056737,1.999351007,0.062938055,0.039435166,66.12930558,35.72770682,34.85243333,5.602377848,10.63514574,0.646938676,6.083025962,4.955439172,-140.5732925,160.9110293,18.90572889,105.3727713,0,0,1,0,25209,RECT-12807-20250324-17_57_43,10114.7,315.2007692,539.79,0.416067787,-0.222077465,MPF-14921-20250428-12_20_38,10111.3,229.6378,569.6057757,0.596847838,0.5,337.1974021,5.029951741,100.6277702,0.015575533,-0.052344581,325.1388619,DARK-14922-20250428-12_20_45,167.39,167.39,0.706130087,0.845237796,-0.080063844,1.336325808,-0.132756925,0.616119622,0.383880378,14921,290,477.4,155,10111.3,473.33,4.07,300,24,569.6057757,3.298754361,-97.3515187,2.905577043,0.975664632,-0.008026442,290,454.66,645,10095.8,473.18,-18.52,None,None,None,None,None,None,None,None,None,None,None,None,None,400,337.1974021,0.842962245,0.165317133,2,0.5,0: Broadleaf,2,1745832031,417.9178,420.0385,6.407364,5.351639,418.1804667,6.505926667,600.0007333,100.9065333,0.061458567,36.34526667,34.85243333,999.9,0,0,5001.666667,0,310.5397333,-2.120714667,420.6127667,422.2984667,1.055724333,420.0385,5.351639,0.646544667,0.540015133,0.7209485,-1.747200333,400.0148333,0.900012033,0.099988263,0,229.7091333,4.99918,1112.517333,3707.219333,42.42686667,45.91426667,43.9643,44.55996667,45.49976667,355.52,39.49833333,0,37.20000005,0,229.6378,-13.33938461,-61.57384605,1112.1224,15,1745830281,11:51:20,1745830277,1745830281,3,0.223,-0.027,-0.257,0.051,420,15,1.43,0.25,-2.12652625,-0.266681088,0.122156875,1,230.8358824,-21.85977082,2.309760361,0,1.06898175,-0.318165591,0.030924149,0,1,3,01-Mar,3.21866,2.67017,0.100177,0.101632,0.0406488,0.0351914,26363.7,24256.2,27848.4,24759.7,34296.3,25255.1,39730.8,27538.4,1.8722,1.3908,0.0946224,0,33.3142,999.9,6.8,44,6.16842,29.922,20,1,0.588049,0,20.3068,5.22328,11.9081,4.9596,3.292,9999,9999,9999,999.9,4.97223,1.85474,1.85672,1.85699,1.85629,1.85608,1.85135,1.85324,0,0,0,0,11111111,oooooooo,on,on,on,on,0,100,100,-0.263,-0.099,-1.154974873,0.00151024,1.49E-06,5.40E-12,-0.091068631,-0.011177753,0.001682567,-2.18E-05,3,2244,0,20,29.4,29.3,1.04492,2.62329,1.59302,2.08984,1.50269,2.51465,45.8921,14.132,18,616.248,347.084,35.5573,35.1313,29.9996,35.051,35.0627,20.9908,-30,-30,-999.9,420,0,99.2516,74.2487
179,1745832078,10583,20250428 12:21:18,12:21:18,15,B,4,21%,5559.72,1745832070,0.002675012,2.675012291,4.291447291,418.1805333,260.8729999,26.34104812,42.22481266,0.053560306,1.998749694,0.052775552,0.033054269,49.59203953,35.66269162,34.79667,5.585082505,10.33121395,0.624493258,6.044722919,4.960589247,-117.968042,154.4651257,18.13876385,104.2278871,0,0,1,0,24527,RECT-12807-20250324-17_57_43,10114.7,315.2007692,539.79,0.416067787,-0.222077465,MPF-14923-20250428-12_21_17,10106.8,236.2111923,629.8387105,0.624965585,0.5,252.9076911,4.291447291,79.02930155,0.01784653,-0.142971064,343.9124402,DARK-14924-20250428-12_21_25,188.86,188.86,0.700145455,0.892622498,-0.256600206,1.251049116,-0.400948479,0.713686271,0.286313729,14923,290,538.57,135,10106.8,534.02,4.55,300,24,629.8387105,2.366829459,-96.83773741,2.08006688,0.987245932,-0.008104526,290,515.15,635,10090.2,533.87,-18.72,None,None,None,None,None,None,None,None,None,None,None,None,None,300,252.9076911,0.842949116,0.165291794,2,0.5,0: Broadleaf,2,1745832070,418.1805333,419.9838667,6.184774,5.298632,418.4635333,6.285032333,600.0094667,100.9109,0.061788347,36.23013333,34.79667,999.9,0,0,4999,0,309.384,-1.782276667,420.8040333,422.2211,0.886142067,419.9838667,5.298632,0.624112,0.534690433,0.23289,-1.881576333,300.0272333,0.900025633,0.09997409,0,236.1270333,4.99918,897.9627667,2768.847333,42.0644,45.7017,43.7081,44.3603,45.20183333,265.5326667,29.49366667,0,37.20000005,0,236.2111923,-9.579863261,-42.51483766,897.9716538,15,1745832104,12:21:43,1745832104,1745830281,4,-0.026,-0.027,-0.283,0.051,420,15,2.38,0.25,-1.8340625,1.013293058,0.152063397,0,237.0888529,-15.43393431,1.705429291,0,0.900536125,-0.278293542,0.027273872,0,0,3,0/3,3.21861,2.67024,0.100271,0.101623,0.0395366,0.0349466,26365.1,24259.6,27852.7,24762.8,34341.3,25264.9,39736.8,27542.1,1.8726,1.3916,0.100493,0,33.1506,999.9,6.8,44,6.16677,30.022,20.004,1,0.583841,0,20.3079,5.22328,11.9081,4.9584,3.292,9999,9999,9999,999.9,4.97229,1.85474,1.85678,1.85699,1.85635,1.85608,1.85135,1.85324,0,0,0,0,11111111,oooooooo,on,on,on,on,0,100,100,-0.283,-0.1006,-1.154974873,0.00151024,1.49E-06,5.40E-12,-0.091068631,-0.011177753,0.001682567,-2.18E-05,3,2244,0,20,30,30,1.04492,2.61719,1.59424,2.08984,1.50269,2.55005,45.8344,14.132,18,616.429,347.463,35.5569,35.101,29.9997,35.0382,35.0564,20.9948,-30,-30,-999.9,420,0,99.2667,74.2584
180,1745832135,10639.5,20250428 12:22:14,12:22:14,15,B,4,21%,5559.81,1745832127,0.002210336,2.210336366,2.757177369,418.7638065,289.430768,29.22323759,42.28173215,0.044252875,1.998901049,0.04371573,0.027370048,33.04709616,35.52756344,34.70070645,5.555427458,10.11969832,0.606095426,5.989263778,4.949332032,-97.47583375,146.7321406,17.20728103,99.51068401,0,0,1,0,25406,RECT-12807-20250324-17_57_43,10114.7,315.2007692,539.79,0.416067787,-0.222077465,MPF-14925-20250428-12_22_14,10099.1,234.1591538,683.1725155,0.657247403,0.5,168.5747534,2.757177369,55.39765945,0.017673197,-0.209877465,359.225349,DARK-14926-20250428-12_22_21,188.72,188.72,0.723759379,0.908102088,-0.408415745,1.22023869,-0.638421152,0.731882667,0.268117333,14925,290,597.44,145,10099.1,597.66,-0.22,300,24,683.1725155,2.801414856,-86.35663223,2.456462667,0.977845736,-0.00818129,290,584.54,625,10084.6,597.54,-13,None,None,None,None,None,None,None,None,None,None,None,None,None,200,168.5747534,0.842925158,0.165245555,2,0.5,0: Broadleaf,2,1745832127,418.7638065,419.9914194,6.002848387,5.270481935,419.0499355,6.061848387,599.9914516,100.9064194,0.061552319,36.06230323,34.70070645,999.9,0,0,4999.83871,0,310.0568065,-1.227579677,421.2744839,422.2166129,0.689520806,419.9914194,5.270481935,0.601402355,0.531825323,-0.277286774,-1.954375161,199.9878065,0.900009032,0.099990987,0,234.1235806,4.99918,654.741129,1829.964194,41.52596774,45.399,43.32632258,44.09451613,44.77196774,175.49,19.5,0,54.5999999,0,234.1591538,3.32615386,5.923384596,654.8388846,15,1745832154,12:22:33,1745832104,1745832154,5,-0.026,0.047,-0.283,-0.059,420,5,2.38,0.53,-1.27101525,0.788066229,0.126434375,0,233.7285,6.982077922,0.896646243,0,0.700819475,-0.204525197,0.020006261,0,0,3,0/3,3.21865,2.66945,0.10036,0.101622,0.0384332,0.034818,26369.5,24264.2,27859.9,24767.2,34389,25273.5,39746.2,27547.8,1.8724,1.3924,0.107139,0,32.9381,999.9,6.7,44,6.0776,29.922,19.9639,1,0.574512,0,20.3086,5.22328,11.9081,4.9564,3.292,9999,9999,9999,999.9,4.97226,1.85471,1.85669,1.85699,1.85629,1.85608,1.85135,1.85327,0,0,0,0,11111111,oooooooo,on,on,on,on,0,100,100,-0.286,-0.059,-1.180907335,0.00151024,1.49E-06,5.40E-12,-0.091068631,-0.011177753,0.001682567,-2.18E-05,3,2244,0,20,0.5,30.9,1.04492,2.62085,1.59424,2.08984,1.50269,2.55127,45.7768,14.132,18,615.898,347.717,35.5402,35.0317,29.9993,34.9969,35.0249,20.9965,-30,-30,-999.9,420,0,99.291,74.2728
181,1745832185,10689.5,20250428 12:23:04,12:23:04,15,B,4,21%,5559.63,1745832177,0.001787513,1.787513409,1.865738728,419.1319677,306.3904159,30.93574583,42.31907837,0.035985723,2.000447971,0.035629927,0.022300378,16.51079436,35.37859532,34.55032581,5.509231514,10.05848314,0.596930669,5.934599288,4.912300845,-78.82934136,145.0801159,16.97417909,99.735748,0,0,1,0,24696,RECT-12807-20250324-17_57_43,10114.7,315.2007692,539.79,0.416067787,-0.222077465,MPF-14927-20250428-12_23_04,10084.7,223.4480769,674.2184368,0.668582073,0.5,84.28833429,1.865738728,28.17683462,0.024769931,-0.199384101,356.734189,DARK-14928-20250428-12_23_11,180.67,180.67,0.732030466,0.913325474,-0.374327347,1.255565953,-0.598552461,0.738473634,0.261526366,14927,290,620.84,245,10084.7,623.33,-2.49,300,24,674.2184368,4.297100714,-51.31626581,3.759302976,0.869363641,-0.00825859,290,619.12,625,10078,623.3,-4.18,None,None,None,None,None,None,None,None,None,None,None,None,None,100,84.28833429,0.842850526,0.165101515,2,0.5,0: Broadleaf,2,1745832177,419.1319677,420.0035806,5.912055161,5.319763548,419.417129,5.967479677,600.023871,100.9067097,0.061676481,35.89555161,34.55032581,999.9,0,0,5006.129032,0,305.9685161,-0.87167771,421.6245806,422.2497742,0.592290452,420.0035806,5.319763548,0.596565677,0.536799516,-0.388128129,-1.82822,100.0038935,0.899988032,0.100011945,0,223.6595161,4.99918,403.0293871,891.6118387,41.06222581,45.09654839,42.95535484,43.83841935,44.38880645,85.50387097,9.502258065,0,48.20000005,0,223.4480769,-14.29080343,-18.51617099,402.8239231,15,1745832154,12:22:33,1745832104,1745832154,5,-0.026,0.047,-0.283,-0.059,420,5,2.38,0.53,-0.94299122,1.670917192,0.221982794,0,224.6769706,-19.65385792,2.037647064,0,0.600996463,-0.174365812,0.017770317,0,0,3,0/3,3.21798,2.67026,0.100461,0.101602,0.0380825,0.0352206,26372,24268.7,27865.4,24771,34408.9,25266.4,39754.5,27551.5,1.8738,1.3932,0.109375,0,32.7391,999.9,6.7,43.9,6.04642,29.672,20.1643,1,0.565915,0,20.3101,5.22328,11.9081,4.9596,3.2922,9999,9999,9999,999.9,4.97226,1.85471,1.85669,1.85699,1.85635,1.85608,1.85135,1.85321,0,0,0,0,11111111,oooooooo,on,on,on,on,0,100,100,-0.285,-0.0554,-1.180907335,0.00151024,1.49E-06,5.40E-12,-0.044016605,-0.011177753,0.001682567,-2.18E-05,3,2244,0,20,1.4,0.5,1.04492,2.62207,1.59424,2.08984,1.50269,2.46582,45.6905,14.1233,18,616.449,347.892,35.5078,34.9518,29.9995,34.943,34.9777,20.9942,-30,-30,-999.9,420,0,99.3113,74.2834
182,1745832224,10729,20250428 12:23:44,12:23:44,15,B,4,21%,5559.63,1745832216,0.00150914,1.50913955,0.46166655,419.6047667,364.038234,36.75427537,42.36442138,0.030540128,1.998312628,0.030283181,0.018949893,8.241652769,35.28732401,34.44888667,5.478259016,10.15007784,0.598269432,5.894234912,4.879989585,-66.55305415,142.4959655,16.67134648,100.8559106,0,0,1,0,25083,RECT-12807-20250324-17_57_43,10114.7,315.2007692,539.79,0.416067787,-0.222077465,RECT-14929-20250428-12_23_44,10072.9,216.57892,631.39,0.656980757,0.5,42.13694211,0.46166655,13.84158006,0.016226712,-0.145076735,344.374443,DARK-14930-20250428-12_23_51,178.04,178.04,0.718018974,0.914990802,-0.253213545,1.311907679,-0.407855709,0.752173676,0.247826324,14927,290,620.84,245,10084.7,623.33,-2.49,300,24,674.2184368,4.297100714,-51.31626581,3.759302976,0.869363641,-0.00825859,290,619.12,625,10078,623.3,-4.18,None,None,None,None,None,None,None,None,None,None,None,None,None,50,42.13694211,0.842708336,0.164827089,2,0.5,0: Broadleaf,2,1745832216,419.6047667,419.9697333,5.925649333,5.425587667,419.8886,5.980986667,600.0047667,100.9018667,0.060812363,35.77156333,34.44888667,999.9,0,0,4997.666667,0,305.7393333,-0.365012685,422.1059667,422.2608667,0.500062833,419.9697333,5.425587667,0.597909433,0.5474521,-0.3572491,-1.561491667,50.00181,0.8996904,0.10030957,0,216.6751333,4.99918,281.1093667,422.3042333,40.74133333,44.8832,42.68306667,43.6332,44.09146667,40.488,4.514,0,37.20000005,0,216.57892,-24.81138458,-10.67584616,281.06812,15,1745832154,12:22:33,1745832104,1745832154,5,-0.026,0.047,-0.283,-0.059,420,5,2.38,0.53,-0.446846648,1.81845537,0.229047316,0,217.4662059,-21.81177997,2.196528568,0,0.507168732,-0.145309965,0.01493946,0,0,3,0/3,3.21857,2.66847,0.100546,0.101653,0.0381937,0.035845,26375.7,24270.5,27871.6,24774,34411.5,25252.9,39762,27554.6,1.8746,1.3944,0.112087,0,32.5881,999.9,6.7,43.9,6.04573,29.802,20.0962,1,0.558293,0,20.3106,5.22687,11.9081,4.96,3.292,9999,9999,9999,999.9,4.97226,1.85471,1.85669,1.85699,1.85635,1.85608,1.85135,1.85321,0,0,0,0,11111111,oooooooo,on,on,on,on,0,100,100,-0.284,-0.0553,-1.180907335,0.00151024,1.49E-06,5.40E-12,-0.044016605,-0.011177753,0.001682567,-2.18E-05,3,2244,0,20,2,1.2,1.04492,2.61719,1.59424,2.08984,1.50269,2.52075,45.6331,14.1233,18,616.521,348.256,35.473,34.8772,29.9992,34.8861,34.9275,20.9934,-30,-30,-999.9,420,0,99.3315,74.292
183,1745839804,18308.9,20250428 14:30:04,14:30:04,15,B,4,2%,5561.37,1745839796,0.006190059,6.190058933,20.39586858,412.3523226,210.998648,21.29690071,41.62029735,0.185187403,2.000101204,0.176161749,0.110875345,321.4988321,34.00142803,32.54119032,4.923316925,28.50727082,1.489319294,5.224348914,3.433997632,-272.981599,113.950343,13.0567966,175.5243728,0,0,1,0,24723,RECT-12807-20250324-17_57_43,10114.7,315.2007692,539.79,0.416067787,-0.222077465,MPF-14963-20250428-14_30_04,10127.8,231.1229231,268.0067701,0.137622818,0.5,1681.13907,20.39586858,115.6815485,0.012264272,1.014090912,197.9704928,DARK-14964-20250428-14_30_11,167.06,167.06,0.376657538,0.36537917,0.729169184,-0.7815368,1.210134738,0.264102943,0.735897057,14963,290,259.27,235,10127.8,257.49,1.78,300,23.9,268.0067701,2.862307588,-10.65193794,2.592245457,0.376185712,-0.006711111,290,259.29,745,10118.1,257.48,1.81,None,None,None,None,None,None,None,None,None,None,None,None,None,2000,1681.13907,0.840598414,0.160754939,2,0.5,0: Broadleaf,2,1745839796,412.3523226,420.0017097,14.75540323,12.7225129,412.6533226,14.75140323,600.0050323,100.8749677,0.058857713,33.59795484,32.54119032,999.9,0,0,5006.290323,0,66.37926774,-7.651711613,418.5449677,425.4140968,2.078646774,420.0017097,12.7225129,1.493067097,1.283383871,12.89731613,10.60557419,1999.93129,0.980002516,0.019997613,0,231.2153871,4.99918,4882.446774,19219.20323,40.06425806,41.933,40.687,40.937,42.5,1955.04,39.89290323,0,5343,0,231.1229231,-19.91733333,-440.9623935,4879.779615,15,1745839829,14:30:28,1745839828,1745839829,8,-0.019,0.006,-0.301,0.004,420,12,1.69,0.26,-7.611779512,-0.585107247,0.143513048,0,232.4812941,-21.84091672,2.236041493,0,2.065937317,0.211612683,0.021527647,0,0,3,0/3,3.22052,2.66721,0.100147,0.102614,0.0808845,0.0729722,26476.9,24289,27958.6,24811.7,32975.9,24317.3,39870.5,27596.6,1.909,1.4816,0.116825,0,30.7368,999.9,16.5,41.1,12.8585,29.8357,18.7139,1,0.414715,0,20.253,5.22807,11.9081,4.9592,3.292,9999,9999,9999,999.9,4.97275,1.85532,1.8573,1.85751,1.85687,1.85663,1.85187,1.85379,0,0,0,0,11111111,oooooooo,on,on,on,on,0,100,100,-0.301,0.004,-1.180215568,0.00151024,1.49E-06,5.40E-12,-0.081639318,-0.011177753,0.001682567,-2.18E-05,3,2244,0,20,97.7,96.8,1.05225,2.60376,1.59424,2.10205,1.50269,2.45239,44.8377,23.9387,18,624.007,384.037,32.4794,32.9214,30,32.9573,32.9979,21.1399,-30,-30,-999.9,420,0,99.6185,74.4051
184,1745839860,18364.4,20250428 14:30:59,14:30:59,15,B,4,2%,5561.37,1745839852,0.006124515,6.124515096,19.4688181,412.6827097,214.7664041,21.67922594,41.65754761,0.180320023,1.998711498,0.171745138,0.108077143,289.5680292,33.81521512,32.52538065,4.918930479,27.3349975,1.432491341,5.240502915,3.486439138,-270.0911157,121.5224354,13.9368086,154.9361575,0,0,1,0,25131,RECT-12807-20250324-17_57_43,10114.7,315.2007692,539.79,0.416067787,-0.222077465,MPF-14965-20250428-14_30_59,10128.9,215.41412,251.9096535,0.144875486,0.5,1513.190149,19.4688181,109.6120792,0.013012836,1.142792039,189.0471395,DARK-14966-20250428-14_31_06,153.41,153.41,0.391011826,0.370514334,0.745070517,-0.576629644,1.281808329,0.263866658,0.736133342,14965,290,243.41,215,10128.9,243.94,-0.53,300,23.9,251.9096535,3.066315414,-8.075023676,2.768381946,0.23304815,-0.006876978,290,244.73,865,10115.7,243.93,0.8,None,None,None,None,None,None,None,None,None,None,None,None,None,1800,1513.190149,0.840658331,0.16087058,2,0.5,0: Broadleaf,2,1745839852,412.6827097,420.0148387,14.19105161,12.17850968,413.0036129,14.15004194,599.9976129,100.8843226,0.058960555,33.65315161,32.52538065,999.9,0,0,5000.16129,0,69.0171871,-7.332004839,418.6234516,425.1929355,2.012531613,420.0148387,12.17850968,1.431653226,1.228620968,12.25701935,9.952859677,1800.006129,0.977994774,0.022005165,0,215.4867419,4.99918,4133.146129,17281.90323,40.25,41.812,40.687,40.772,42.649,1755.506129,39.5,0,53.4000001,0,215.41412,-7.435307677,-120.6769231,4131.6024,15,1745839829,14:30:28,1745839828,1745839829,8,-0.019,0.006,-0.301,0.004,420,12,1.69,0.26,-7.347882,0.411410432,0.123899333,1,215.8766471,-7.322811299,0.8974253,0,2.01951875,-0.141533021,0.01422872,0,1,3,01-Mar,3.22006,2.66769,0.100255,0.102628,0.0782497,0.070603,26476.1,24290.8,27961.1,24814,33073.1,24382.2,39873.5,27599.7,1.9074,1.4822,0.124097,0,30.5013,999.9,15.9,41.1,12.3893,29.7557,18.6258,1,0.413211,0,20.2552,5.22687,11.9081,4.9596,3.2922,9999,9999,9999,999.9,4.97275,1.85532,1.8573,1.85745,1.85684,1.85666,1.85193,1.85379,0,0,0,0,11111111,oooooooo,on,on,on,on,0,100,100,-0.321,0.0389,-1.198880286,0.00151024,1.49E-06,5.40E-12,-0.076089864,-0.011177753,0.001682567,-2.18E-05,3,2244,0,20,0.5,0.5,1.05225,2.60376,1.59424,2.10205,1.50269,2.51709,44.8659,23.9474,18,622.951,384.433,32.4889,32.9302,29.9998,32.9718,33.0094,21.1384,-30,-30,-999.9,420,0,99.6266,74.4128
185,1745839899,18403.9,20250428 14:31:39,14:31:39,15,B,4,2%,5561.37,1745839891,0.005763171,5.763171385,18.7238499,412.9570333,211.6850051,21.36834009,41.68555221,0.169726312,1.997615923,0.162102516,0.101970501,257.6676983,33.62174415,32.31314,4.860372096,26.47110033,1.38252119,5.222756792,3.477850905,-254.1558581,137.781994,15.7890855,157.0829197,0,0,1,0,25459,RECT-12807-20250324-17_57_43,10114.7,315.2007692,539.79,0.416067787,-0.222077465,MPF-14967-20250428-14_31_39,10138.3,209.54332,255.9603065,0.181344471,0.5,1345.19166,18.7238499,121.9715353,0.014084184,1.108881675,191.3192868,DARK-14968-20250428-14_31_46,154.51,154.51,0.396351715,0.457534217,0.736684213,-0.783535178,1.263772499,0.337369914,0.662630086,14967,290,242.6,115,10138.3,241.43,1.17,300,23.9,255.9603065,3.106502826,-14.73231636,2.796436577,0.497797645,-0.00704552,290,241.07,885,10117.3,241.4,-0.33,None,None,None,None,None,None,None,None,None,None,None,None,None,1600,1345.19166,0.84074759,0.161042848,2,0.5,0: Broadleaf,2,1745839891,412.9570333,419.9914333,13.69591667,11.80122333,413.2772667,13.66604,600.0168333,100.8849333,0.059108893,33.59250667,32.31314,999.9,0,0,4995.666667,0,78.40829333,-7.034315,418.6915,425.007,1.894695333,419.9914333,11.80122333,1.381711,1.190565,11.71833,9.484024667,1599.994667,0.975000267,0.024999847,0,209.5902333,4.99918,3597.204333,15341.38333,40.187,41.7017,40.67873333,40.656,42.625,1555.124667,39.87133333,0,37.39999986,0,209.54332,-9.983307682,-142.1461541,3595.8708,15,1745839829,14:30:28,1745839828,1745839829,8,-0.019,0.006,-0.301,0.004,420,12,1.69,0.26,-7.03009561,-0.147687387,0.136307251,1,210.8265,-20.50443086,2.28416972,0,1.900456098,-0.118353659,0.013006276,0,1,3,01-Mar,3.21997,2.66754,0.10032,0.10266,0.0761927,0.0689368,26476.7,24292.8,27963.8,24816.9,33149.9,24428.2,39877,27602.2,1.9084,1.4824,0.122935,0,30.3174,999.9,15.4,41.1,11.9993,29.7657,18.7821,1,0.409553,0,20.2571,5.22568,11.9081,4.96,3.2922,9999,9999,9999,999.9,4.97275,1.85532,1.8573,1.85757,1.8569,1.85663,1.85187,1.85379,0,0,0,0,11111111,oooooooo,on,on,on,on,0,100,100,-0.32,0.0279,-1.198880286,0.00151024,1.49E-06,5.40E-12,-0.076089864,-0.011177753,0.001682567,-2.18E-05,3,2244,0,20,1.2,1.2,1.05225,2.60254,1.59424,2.10205,1.50269,2.44995,44.894,23.9474,18,623.587,384.491,32.4874,32.9096,29.9997,32.9602,33.0007,21.1384,-30,-30,-999.9,420,0,99.6357,74.4204
186,1745839939,18443.4,20250428 14:32:18,14:32:18,15,B,4,2%,5561.37,1745839931,0.005405082,5.405081885,17.93792205,413.2726667,208.8078331,21.07831329,41.7182182,0.159330812,1.998536437,0.152595344,0.095953518,225.7843972,33.40012279,32.10092333,4.80242794,25.69705636,1.335524861,5.197190066,3.46690308,-238.3641111,151.2629817,17.30050421,155.9837719,0,0,1,0,25321,RECT-12807-20250324-17_57_43,10114.7,315.2007692,539.79,0.416067787,-0.222077465,MPF-14969-20250428-14_32_18,10133.4,204.8007308,252.5519087,0.189074706,0.5,1177.225821,17.93792205,111.291813,0.015426097,1.137342786,189.4086176,DARK-14970-20250428-14_32_25,164.02,164.02,0.350549355,0.539366863,0.764398678,-0.762203453,1.27894864,0.431966002,0.568033998,14969,290,241.15,215,10133.4,239.76,1.39,300,23.9,252.5519087,2.72190669,-12.95901199,2.443154486,0.501199584,-0.007213319,290,239.81,655,10125,239.75,0.06,None,None,None,None,None,None,None,None,None,None,None,None,None,1400,1177.225821,0.840866777,0.16127288,2,0.5,0: Broadleaf,2,1745839931,413.2726667,419.9966,13.23009333,11.45222667,413.5918,13.21036333,599.9968667,100.8866333,0.059356003,33.50482,32.10092333,999.9,0,0,4999.333333,0,101.64084,-6.724129333,418.8135333,424.8623,1.777862,419.9966,11.45222667,1.334738667,1.155376667,11.19576,9.038592333,1400.014667,0.971003533,0.02899678,0,204.8207667,4.99918,3094.184667,13400.49667,40.0186,41.6019,40.5935,40.51446667,42.5558,1354.564667,40.45,0,37.4000001,0,204.8007308,-5.714837587,-106.4006838,3093.89,15,1745839829,14:30:28,1745839828,1745839829,8,-0.019,0.006,-0.301,0.004,420,12,1.69,0.26,-6.7323725,0.275753471,0.109972756,1,205.7554412,-16.02055003,1.955020508,0,1.783699,-0.129236398,0.013707871,0,1,3,01-Mar,3.22024,2.66784,0.10037,0.10262,0.0743061,0.0673828,26479.4,24296.6,27968.1,24819.6,33222.1,24472.3,39882.2,27605.9,1.9092,1.4832,0.121802,0,30.1282,999.9,15.1,41.1,11.7639,29.9757,18.762,1,0.405203,0,20.2592,5.22687,11.9081,4.96,3.2922,9999,9999,9999,999.9,4.97275,1.85532,1.8573,1.85754,1.8569,1.85666,1.85193,1.85379,0,0,0,0,11111111,oooooooo,on,on,on,on,0,100,100,-0.32,0.018,-1.198880286,0.00151024,1.49E-06,5.40E-12,-0.076089864,-0.011177753,0.001682567,-2.18E-05,3,2244,0,20,1.8,1.8,1.05225,2.60132,1.59424,2.10205,1.50269,2.40723,44.9222,23.9474,18,623.931,384.81,32.4767,32.8745,29.9996,32.934,32.9799,21.1398,-30,-30,-999.9,420,0,99.6497,74.4296
187,1745839978,18482.9,20250428 14:32:58,14:32:58,15,B,4,2%,5561.37,1745839970,0.00507316,5.073159503,17.22017723,413.5592667,205.5813731,20.75343802,41.74880476,0.149697208,1.997893382,0.143733387,0.090349395,193.8041628,33.14442347,31.89675333,4.747249379,24.9900641,1.290713287,5.164905869,3.456536092,-223.7263341,161.2213277,18.41690061,149.716057,0,0,1,0,25651,RECT-12807-20250324-17_57_43,10114.7,315.2007692,539.79,0.416067787,-0.222077465,MPF-14971-20250428-14_32_58,10139.6,200.38036,259.4064083,0.227542753,0.5,1009.186281,17.22017723,114.8165124,0.017283484,1.080866095,193.2380714,DARK-14972-20250428-14_33_05,146.53,146.53,0.435133461,0.522926351,0.712972567,-1.057921398,1.248428479,0.382394753,0.617605247,14971,290,242.29,145,10139.6,242.1,0.19,300,23.9,259.4064083,3.251094314,-17.54485335,2.909326106,0.56499856,-0.007380567,290,241.87,645,10126.7,242.08,-0.21,None,None,None,None,None,None,None,None,None,None,None,None,None,1200,1009.186281,0.840985998,0.161502975,2,0.5,0: Broadleaf,2,1745839970,413.5592667,419.9987333,12.78567,11.11622333,413.8777333,12.77530667,599.9947,100.8909333,0.05905891,33.39355667,31.89675333,999.9,0,0,4996.5,0,135.8391333,-6.439433,418.9154333,424.7199667,1.669453333,419.9987333,11.11622333,1.289957667,1.121524667,10.68226333,8.598663,1200.003667,0.966998,0.0330024,0,200.4264333,4.99918,2616.429667,11464.3,39.77063333,41.4685,40.4769,40.38736667,42.38946667,1155.563667,39.44,0,37.39999986,0,200.38036,-5.543461532,-75.08153858,2615.7088,15,1745839829,14:30:28,1745839828,1745839829,8,-0.019,0.006,-0.301,0.004,420,12,1.69,0.26,-6.4525815,-0.098180488,0.115945659,1,201.4775294,-16.27889993,1.856794506,0,1.67738575,-0.164189606,0.016698382,0,1,3,01-Mar,3.22006,2.66725,0.100417,0.102662,0.0724004,0.0658505,26482.3,24299.2,27972.5,24823.2,33295.6,24516.3,39888.2,27610.3,1.9104,1.4846,0.118762,0,29.9648,999.9,14.7,41.2,11.5154,29.6557,18.7981,1,0.399024,0,20.2606,5.22328,11.9081,4.9596,3.292,9999,9999,9999,999.9,4.97275,1.85532,1.8573,1.8576,1.8569,1.85669,1.85193,1.85379,0,0,0,0,11111111,oooooooo,on,on,on,on,0,100,100,-0.319,0.0087,-1.198880286,0.00151024,1.49E-06,5.40E-12,-0.076089864,-0.011177753,0.001682567,-2.18E-05,3,2244,0,20,2.5,2.5,1.05225,2.60254,1.59424,2.10327,1.50269,2.43896,44.9222,23.9562,18,624.435,385.357,32.4624,32.822,29.9995,32.8933,32.943,21.1391,-30,-30,-999.9,420,0,99.665,74.4408
188,1745840018,18522.4,20250428 14:33:37,14:33:37,15,B,4,2%,5561.37,1745840010,0.004717237,4.7172374,16.66313824,413.8064333,200.2947577,20.21972715,41.77370029,0.140244211,1.997607837,0.134994887,0.084827065,161.9028521,32.83065019,31.61508333,4.672032191,24.40427194,1.247890648,5.113410683,3.424141543,-208.0301693,172.2844123,19.63906628,145.7961613,0,0,1,0,25375,RECT-12807-20250324-17_57_43,10114.7,315.2007692,539.79,0.416067787,-0.222077465,MPF-14973-20250428-14_33_37,10134.9,195.58812,256.7948531,0.238348753,0.5,841.1856398,16.66313824,100.2477743,0.020073115,1.102028111,191.7851575,DARK-14974-20250428-14_33_45,144.7,144.7,0.436515186,0.546026257,0.716280207,-1.047954337,1.260056619,0.403961138,0.596038862,14973,290,245.68,265,10134.9,244.63,1.05,300,23.9,256.7948531,3.766087837,-12.32707722,3.360464221,0.324587981,-0.007549142,290,243.74,725,10127,244.62,-0.88,None,None,None,None,None,None,None,None,None,None,None,None,None,1000,841.1856398,0.841194024,0.161904466,2,0.5,0: Broadleaf,2,1745840010,413.8064333,420.0115333,12.36149,10.80850333,414.1241667,12.35977333,599.9955333,100.891,0.058857037,33.21482667,31.61508333,999.9,0,0,4995.333333,0,167.0749,-6.205127333,418.9856333,424.6008667,1.552991,420.0115333,10.80850333,1.247163333,1.090480667,10.17667333,8.184794,999.9900333,0.9599953,0.040004963,0,195.6688333,4.99918,2156.287,9523.783667,39.42896667,41.28926667,40.28926667,40.1808,42.15186667,955.189,39.80033333,0,37.39999986,0,195.58812,-6.195846166,-53.05230774,2155.7932,15,1745839829,14:30:28,1745839828,1745839829,8,-0.019,0.006,-0.301,0.004,420,12,1.69,0.26,-6.18866,-0.004934184,0.11859778,1,196.5085294,-14.58847975,1.679732283,0,1.56111325,-0.197349906,0.019819465,0,1,3,01-Mar,3.21979,2.66751,0.100522,0.102682,0.0705938,0.0644669,26485.2,24303.3,27978.7,24827.8,33367.4,24556.2,39896.2,27614.3,1.9106,1.4846,0.114828,0,29.7239,999.9,14.3,41.2,11.2002,29.7157,18.8021,1,0.391585,0,20.2631,5.22328,11.9081,4.96,3.292,9999,9999,9999,999.9,4.97272,1.85532,1.8573,1.85748,1.85684,1.85669,1.85193,1.85379,0,0,0,0,11111111,oooooooo,on,on,on,on,0,100,100,-0.317,0.0002,-1.198880286,0.00151024,1.49E-06,5.40E-12,-0.076089864,-0.011177753,0.001682567,-2.18E-05,3,2244,0,20,3.2,3.1,1.05225,2.59888,1.59424,2.10327,1.50269,2.52319,44.9222,23.9562,18,624.049,385.069,32.43,32.7502,29.9993,32.8381,32.8934,21.1373,-30,-30,-999.9,420,0,99.6859,74.4531
189,1745840057,18561.9,20250428 14:34:17,14:34:17,15,B,4,2%,5561.37,1745840049,0.004373584,4.373583701,15.52408669,414.2015,201.3812678,20.33015194,41.81510781,0.130767093,1.999981945,0.126196028,0.079269898,129.9812564,32.54165089,31.36514,4.606158432,23.82681322,1.208158801,5.070584933,3.397999631,-192.8750412,183.2829718,20.82708629,141.2162733,0,0,1,0,24808,RECT-12807-20250324-17_57_43,10114.7,315.2007692,539.79,0.416067787,-0.222077465,MPF-14975-20250428-14_34_17,10142.3,191.09052,271.7488912,0.296812145,0.5,673.1883724,15.52408669,99.9052423,0.023390428,0.986355851,200.0049356,DARK-14976-20250428-14_34_24,144.32,144.32,0.468921476,0.632967692,0.677778615,-1.856268934,1.193472669,0.478045156,0.521954844,14975,290,252.95,185,10142.3,252.86,0.09,300,23.9,271.7488912,3.181416367,-19.15708957,2.830485444,0.620635094,-0.007717966,290,250.8,635,10133,252.84,-2.04,None,None,None,None,None,None,None,None,None,None,None,None,None,800,673.1883724,0.841491005,0.16247764,2,0.5,0: Broadleaf,2,1745840049,414.2015,419.9800667,11.96747333,10.52705333,414.5181667,11.97352,599.9976333,100.8945333,0.059006947,33.06499,31.36514,999.9,0,0,5004.833333,0,182.7035333,-5.778695333,419.2184667,424.4483,1.440407333,419.9800667,10.52705333,1.207451333,1.062123333,9.693667667,7.797563667,799.9947333,0.949988533,0.050011477,0,191.1165,4.99918,1716.221,7584.716667,39.05816667,41.0893,40.05796667,40.0186,41.8831,755.238,39.76,0,37.39999986,0,191.09052,-3.001230778,-69.79692311,1715.6808,15,1745839829,14:30:28,1745839828,1745839829,8,-0.019,0.006,-0.301,0.004,420,12,1.69,0.26,-5.804085366,0.328292613,0.152335703,1,191.8001176,-11.25255921,1.443842153,0,1.449393659,-0.181689199,0.019082549,0,1,3,01-Mar,3.22071,2.66711,0.10057,0.102701,0.0689417,0.0631734,26488.9,24306.8,27983.8,24831.6,33432.8,24594.6,39903.4,27619.2,1.9122,1.4856,0.111312,0,29.5358,999.9,14,41.2,10.9619,29.9057,18.6418,1,0.383801,0,20.2648,5.22687,11.9081,4.9596,3.292,9999,9999,9999,999.9,4.97278,1.85532,1.8573,1.85757,1.85684,1.85666,1.85196,1.85379,0,0,0,0,11111111,oooooooo,on,on,on,on,0,100,100,-0.317,-0.0075,-1.198880286,0.00151024,1.49E-06,5.40E-12,-0.076089864,-0.011177753,0.001682567,-2.18E-05,3,2244,0,20,3.8,3.8,1.05225,2.60498,1.59424,2.10327,1.50269,2.41577,44.894,23.9562,18,624.598,385.262,32.3896,32.6706,29.9994,32.7715,32.8336,21.1366,-30,-30,-999.9,420,0,99.7039,74.4654
190,1745840097,18601.4,20250428 14:34:56,14:34:56,15,B,4,2%,5561.37,1745840089,0.00407778,4.077780441,14.64167644,414.5928667,201.0511785,20.29758134,41.85617063,0.122576092,1.999454926,0.118549228,0.074444045,98.06882729,32.21773593,31.13511667,4.546250905,23.3298191,1.171932031,5.023322412,3.374318874,-179.8301174,190.0666972,21.56156278,129.8669698,0,0,1,0,25492,RECT-12807-20250324-17_57_43,10114.7,315.2007692,539.79,0.416067787,-0.222077465,MPF-14977-20250428-14_34_56,10145.6,186.9177308,297.4496448,0.371598743,0.5,505.1960564,14.64167644,93.86510971,0.029421754,0.814727331,213.5874798,DARK-14978-20250428-14_35_03,140.43,140.43,0.527886476,0.703936849,0.606821803,-6.226755647,1.079038182,0.528862892,0.471137108,14977,290,269.89,185,10145.6,269.83,0.06,300,23.9,297.4496448,2.134629957,-28.02604512,1.893707544,0.886652104,-0.007886843,290,267.96,615,10137.5,269.8,-1.84,None,None,None,None,None,None,None,None,None,None,None,None,None,600,505.1960564,0.841993848,0.163448127,2,0.5,0: Broadleaf,2,1745840089,414.5928667,420.0370667,11.60819667,10.26469,414.9086667,11.62109,599.9888,100.8982667,0.059019377,32.89834667,31.13511667,999.9,0,0,5002.5,0,189.7163333,-5.444142333,419.4620667,424.3933667,1.343512667,420.0370667,10.26469,1.171246667,1.035688,9.240916667,7.428300667,599.9997,0.9329811,0.067019157,0,186.9623333,4.99918,1286.678667,5645.144,38.62256667,40.89143333,39.8081,39.8205,41.5581,555.1243333,39.877,0,37.4000001,0,186.9177308,-0.708957264,-5.334358952,1286.720385,15,1745839829,14:30:28,1745839828,1745839829,8,-0.019,0.006,-0.301,0.004,420,12,1.69,0.26,-5.4546205,0.214273171,0.122720955,1,187.6625882,-10.64513368,1.374571551,0,1.3569975,-0.231245403,0.022806297,0,1,3,01-Mar,3.22053,2.66721,0.100658,0.10269,0.0673486,0.0619574,26492.9,24312.1,27990.4,24836.4,33497.2,24630.6,39911.8,27623.8,1.9128,1.487,0.105232,0,29.39,999.9,13.7,41.2,10.7309,29.6957,18.6579,1,0.375569,0,20.2667,5.22927,11.9081,4.9596,3.292,9999,9999,9999,999.9,4.97272,1.85532,1.8573,1.85754,1.85693,1.85663,1.85196,1.85379,0,0,0,0,11111111,oooooooo,on,on,on,on,0,100,100,-0.316,-0.0143,-1.198880286,0.00151024,1.49E-06,5.40E-12,-0.076089864,-0.011177753,0.001682567,-2.18E-05,3,2244,0,20,4.5,4.5,1.05103,2.60498,1.59424,2.10205,1.50269,2.42798,44.8659,23.9562,18,624.345,385.624,32.3448,32.582,29.9992,32.6994,32.7642,21.1337,-30,-30,-999.9,420,0,99.7259,74.4787
191,1745840136,18640.9,20250428 14:35:36,14:35:36,15,B,4,2%,5561.46,1745840128,0.003799795,3.799794909,13.7186922,414.8901,201.6321104,20.35619144,41.88609783,0.114757335,1.999987299,0.111220742,0.069821633,82.09517956,32.00928804,30.92274,4.491542976,22.89336751,1.138574897,4.973383216,3.352968079,-167.5709555,193.8702744,21.94506465,130.3395631,0,0,1,0,26089,RECT-12807-20250324-17_57_43,10114.7,315.2007692,539.79,0.416067787,-0.222077465,MPF-14979-20250428-14_35_36,10145.1,186.7881538,315.2822702,0.407552623,0.5,421.2029952,13.7186922,85.83119285,0.033097508,0.712084855,222.6293982,DARK-14980-20250428-14_35_43,147.33,147.33,0.532704456,0.76506329,0.572052514,1576.596337,0.999637111,0.603447125,0.396552875,14979,290,287.54,225,10145.1,286.61,0.93,300,23.9,315.2822702,3.042721704,-29.08462717,2.695452062,0.806134057,-0.007971917,290,283.91,835,10133.2,286.58,-2.67,None,None,None,None,None,None,None,None,None,None,None,None,None,500,421.2029952,0.842375328,0.164184383,2,0.5,0: Broadleaf,2,1745840128,414.8901,419.9884333,11.27781,10.02551167,415.2049667,11.2968,600.0074333,100.8983333,0.058758273,32.72077667,30.92274,999.9,0,0,5004.666667,0,190.9246667,-5.098191,419.6225667,424.2415667,1.252295667,419.9884333,10.02551167,1.137913333,1.011556667,8.813067333,7.083876667,500.0182,0.920017633,0.079982663,0,186.8255,4.99918,1090.144667,4676.581333,38.21843333,40.65186667,39.53513333,39.5977,41.2269,455.426,39.59,0,37.4000001,0,186.7881538,-5.285264936,-25.48752139,1090.073462,15,1745839829,14:30:28,1745839828,1745839829,8,-0.019,0.006,-0.301,0.004,420,12,1.69,0.26,-5.113638,0.227687505,0.11150054,1,187.8767941,-16.40151259,1.951375213,0,1.25993,-0.158992345,0.016051951,0,1,3,01-Mar,3.2199,2.66738,0.100771,0.102721,0.0659287,0.0608615,26497.6,24315.6,27998.7,24840.5,33556.4,24664.4,39921.2,27629.4,1.9142,1.4882,0.103563,0,29.212,999.9,13.4,41.2,10.4947,29.2857,18.5978,1,0.366402,0,20.2677,5.22807,11.9081,4.9596,3.292,9999,9999,9999,999.9,4.97278,1.85532,1.8573,1.85757,1.85693,1.85669,1.85193,1.85382,0,0,0,0,11111111,oooooooo,on,on,on,on,0,100,100,-0.315,-0.0201,-1.198880286,0.00151024,1.49E-06,5.40E-12,-0.076089864,-0.011177753,0.001682567,-2.18E-05,3,2244,0,20,5.1,5.1,1.05225,2.6001,1.59424,2.10205,1.50269,2.56104,44.8377,23.9649,18,624.579,385.825,32.2837,32.4886,29.9989,32.616,32.6876,21.1388,-30,-30,-999.9,420,0,99.752,74.4927
192,1745840176,18680.4,20250428 14:36:15,14:36:15,15,B,4,2%,5561.37,1745840168,0.003578729,3.578729157,12.50400326,415.3308333,208.4453374,21.04417387,41.93086966,0.108037011,1.999383683,0.104895483,0.065834321,66.11931614,31.81426328,30.79039,4.457740615,22.46478971,1.108303832,4.933515276,3.349436783,-157.8219558,192.6770848,21.78705019,122.7614953,0,0,1,0,25313,RECT-12807-20250324-17_57_43,10114.7,315.2007692,539.79,0.416067787,-0.222077465,MPF-14981-20250428-14_36_15,10146.2,188.14816,349.7456191,0.46204284,0.5,337.1469646,12.50400326,77.88817049,0.03774639,0.543378875,239.2785423,DARK-14982-20250428-14_36_22,150.64,150.64,0.569286957,0.811616768,0.488357654,4.677903064,0.846186526,0.64981741,0.35018259,14981,290,313.92,245,10146.2,314.16,-0.24,300,23.9,349.7456191,2.614948093,-36.10915353,2.31326691,0.896929749,-0.008057184,290,308.4,655,10140.2,314.14,-5.74,None,None,None,None,None,None,None,None,None,None,None,None,None,400,337.1469646,0.842962104,0.165316861,2,0.5,0: Broadleaf,2,1745840168,415.3308333,419.9943667,10.97789667,9.798062333,415.6443,11.00227333,599.9897,100.8991333,0.05862441,32.5779,30.79039,999.9,0,0,5002.166667,0,191.1206,-4.663476,419.9407667,424.1501667,1.179843667,419.9943667,9.798062333,1.107661,0.988616267,8.415104333,6.749639667,399.9550667,0.9000074,0.099992853,0,188.2655333,4.99918,898.5732,3706.651333,37.86016667,40.44336667,39.27056667,39.41013333,40.91013333,355.463,39.49,0,37.39999986,0,188.14816,-5.063461564,-19.05823077,898.32472,15,1745839829,14:30:28,1745839828,1745839829,8,-0.019,0.006,-0.301,0.004,420,12,1.69,0.26,-4.67861725,-0.103846492,0.11444454,1,189.0394118,-12.84754775,1.591128015,0,1.1864875,-0.149052833,0.015167041,0,1,3,01-Mar,3.21965,2.66717,0.100827,0.102738,0.0646244,0.0597822,26501.6,24319.5,28004.3,24844.7,33610.4,24696.8,39929.5,27633.9,1.9156,1.4892,0.0998676,0,29.1163,999.9,13.1,41.2,10.2595,29.5557,18.8542,1,0.358089,0,20.2688,5.22927,11.9081,4.96,3.292,9999,9999,9999,999.9,4.97272,1.85532,1.8573,1.85751,1.8569,1.85666,1.85187,1.85379,0,0,0,0,11111111,oooooooo,on,on,on,on,0,100,100,-0.314,-0.0254,-1.198880286,0.00151024,1.49E-06,5.40E-12,-0.076089864,-0.011177753,0.001682567,-2.18E-05,3,2244,0,20,5.8,5.8,1.05225,2.60254,1.59424,2.10205,1.50269,2.53296,44.8096,23.9649,18,624.803,385.901,32.2225,32.3893,29.9992,32.5311,32.6078,21.1377,-30,-30,-999.9,420,0,99.7724,74.505
193,1745840215,18719.9,20250428 14:36:55,14:36:55,15,B,4,2%,5561.37,1745840207,0.003377591,3.377590986,11.54644755,415.6898,213.0671721,21.51133159,41.96817857,0.101973852,1.997575031,0.099167652,0.062225476,49.58855641,31.62586246,30.66373,4.425599224,22.05920861,1.080721755,4.899186431,3.344877469,-148.9517625,192.8072012,21.79460427,115.2385994,0,0,1,0,24829,RECT-12807-20250324-17_57_43,10114.7,315.2007692,539.79,0.416067787,-0.222077465,MPF-14983-20250428-14_36_55,10142.4,193.80048,403.36748,0.519543618,0.5,252.8884178,11.54644755,65.6932818,0.046536433,0.33820902,263.2176209,DARK-14984-20250428-14_37_02,148.31,148.31,0.632320384,0.821646164,0.3484789,2.376940209,0.607431262,0.62878246,0.37121754,14983,290,362.64,175,10142.4,360.64,2,300,23.9,403.36748,3.135307044,-43.33738758,2.766959419,0.897553209,-0.008134124,290,352.76,655,10132.5,360.6,-7.84,None,None,None,None,None,None,None,None,None,None,None,None,None,300,252.8884178,0.842949685,0.165292892,2,0.5,0: Broadleaf,2,1745840207,415.6898,420.0067333,10.70442,9.590580333,416.0025,10.73353667,599.9850667,100.9017667,0.058561377,32.45406667,30.66373,999.9,0,0,4994.666667,0,190.45,-4.316916333,420.1876333,424.0739,1.113836333,420.0067333,9.590580333,1.080095,0.9677069,8.044017333,6.438995333,300.0041667,0.9000025,0.099997337,0,193.8066333,4.99918,726.5394667,2768.609667,37.5268,40.23943333,39.031,39.27066667,40.6247,265.5053333,29.497,0,37.39999986,0,193.80048,2.58523079,-11.50669232,726.40888,15,1745839829,14:30:28,1745839828,1745839829,8,-0.019,0.006,-0.301,0.004,420,12,1.69,0.26,-4.291175366,-0.825750941,0.144264434,0,194.051,-3.038013737,0.801623243,0,1.121231463,-0.155125714,0.016245615,0,0,3,0/3,3.22031,2.66644,0.100939,0.102756,0.063382,0.0588211,26503.9,24322.6,28009.9,24848,33661.2,24725.2,39936.6,27637.5,1.9164,1.4904,0.0947714,0,29.0818,999.9,12.8,41.2,10.0237,29.9557,18.6819,1,0.350203,0,20.2696,5.22448,11.9081,4.9596,3.292,9999,9999,9999,999.9,4.97272,1.85532,1.8573,1.85751,1.85693,1.85666,1.8519,1.85379,0,0,0,0,11111111,oooooooo,on,on,on,on,0,100,100,-0.312,-0.0302,-1.198880286,0.00151024,1.49E-06,5.40E-12,-0.076089864,-0.011177753,0.001682567,-2.18E-05,3,2244,0,20,6.5,6.4,1.05225,2.59888,1.59424,2.10205,1.50269,2.47192,44.7815,23.9562,18,624.574,386.087,32.1588,32.2937,29.9994,32.4471,32.5283,21.1368,-30,-30,-999.9,420,0,99.7909,74.5147
194,1745840255,18759.4,20250428 14:37:34,14:37:34,15,B,4,2%,5561.37,1745840247,0.003207978,3.207978155,9.7568165,416.2630333,233.9565413,23.62078163,42.02685745,0.096966532,1.998952517,0.09442716,0.059239589,33.04975201,31.41259597,30.53098667,4.392130975,21.69576142,1.05465751,4.861122364,3.337473464,-141.4718366,192.352824,21.69927649,105.6300159,0,0,1,0,24987,RECT-12807-20250324-17_57_43,10114.7,315.2007692,539.79,0.416067787,-0.222077465,MPF-14985-20250428-14_37_34,10131.4,204.03444,492.935407,0.586082807,0.5,168.5886202,9.7568165,49.40344587,0.059190792,0.095052196,298.6258295,DARK-14986-20250428-14_37_41,160.27,160.27,0.674866123,0.868443069,0.123457507,1.625462378,0.208623507,0.682166063,0.317833937,14985,290,443.86,235,10131.4,441.37,2.49,300,23.9,492.935407,2.013193719,-52.24127942,1.772486208,0.968773842,-0.008210794,290,433.33,675,10124.3,441.34,-8.01,None,None,None,None,None,None,None,None,None,None,None,None,None,200,168.5886202,0.842924978,0.165245207,2,0.5,0: Broadleaf,2,1745840247,416.2630333,419.9604667,10.44605667,9.387889333,416.5739667,10.47953667,599.9934667,100.9040333,0.058228707,32.31587333,30.53098667,999.9,0,0,5000.166667,0,193.5160667,-3.69766,420.6571,423.9404,1.058161333,419.9604667,9.387889333,1.054049,0.9472765,7.685648667,6.129683667,200.0043,0.899990833,0.100009027,0,203.8781333,4.99918,553.425,1830.109667,37.2143,40.0767,38.7955,39.13326667,40.3623,175.5023333,19.5,0,37.39999986,0,204.03444,14.64976926,70.68538474,554.12664,15,1745839829,14:30:28,1745839828,1745839829,8,-0.019,0.006,-0.301,0.004,420,12,1.69,0.26,-3.74786375,0.900983077,0.141342915,0,202.8804412,18.10736442,1.899463689,0,1.06592075,-0.132998612,0.013974683,0,0,3,0/3,3.2196,2.66677,0.101071,0.102777,0.0622494,0.0578458,26505.3,24324.5,28015.2,24850.2,33707,24753.8,39942.4,27640.7,1.918,1.4912,0.0875294,0,29.0618,999.9,12.6,41.3,9.92021,29.4457,18.8662,1,0.343537,0,20.2712,5.22927,11.9081,4.96,3.292,9999,9999,9999,999.9,4.97275,1.85532,1.8573,1.85748,1.85684,1.85666,1.8519,1.85379,0,0,0,0,11111111,oooooooo,on,on,on,on,0,100,100,-0.311,-0.0344,-1.198880286,0.00151024,1.49E-06,5.40E-12,-0.076089864,-0.011177753,0.001682567,-2.18E-05,3,2244,0,20,7.1,7.1,1.05225,2.60254,1.59424,2.10205,1.50269,2.44507,44.7534,23.9649,18,624.978,386.088,32.0937,32.2054,29.9995,32.3657,32.4542,21.1408,-30,-30,-999.9,420,0,99.8074,74.5224
195,1745840294,18798.9,20250428 14:38:14,14:38:14,15,B,4,2%,5561.37,1745840286,0.003063271,3.063270613,6.613536391,417.3558,281.6080782,28.43300823,42.13899322,0.092559639,1.999905743,0.090243943,0.056605695,16.51029104,31.21484337,30.42628333,4.365888158,21.32946584,1.030228114,4.83006992,3.335660044,-135.090234,191.5029313,21.56990061,94.49288897,0,0,1,0,24526,RECT-12807-20250324-17_57_43,10114.7,315.2007692,539.79,0.416067787,-0.222077465,MPF-14987-20250428-14_38_14,10125.9,204.9976538,563.4916967,0.63620111,0.5,84.2839334,6.613536391,26.81076599,0.081102217,-0.042062193,323.1375012,DARK-14988-20250428-14_38_21,175.23,175.23,0.689028248,0.923330954,-0.065014529,1.443846726,-0.105533541,0.789254316,0.210745684,14987,290,514.28,195,10125.9,511.11,3.17,300,23.9,563.4916967,3.3207529,-53.04546235,2.916714427,0.921952679,-0.008288075,290,506.42,655,10117.6,511.06,-4.64,None,None,None,None,None,None,None,None,None,None,None,None,None,100,84.2839334,0.842852595,0.165105508,2,0.5,0: Broadleaf,2,1745840286,417.3558,419.9865333,10.20365333,9.192957667,417.6638667,10.24110667,599.9855667,100.9084333,0.05815972,32.20243667,30.42628333,999.9,0,0,5003.833333,0,192.3187,-2.630764667,421.6582333,423.8834,1.010685133,419.9865333,9.192957667,1.029633,0.9276466,7.342534,5.826896333,99.99842667,0.899940833,0.100059323,0,204.9215667,4.99918,342.6709,891.5448667,36.92896667,39.9412,38.6061,39.05993333,40.14143333,85.49233333,9.508666667,0,37.4000001,0,204.9976538,10.66307696,5.522666659,342.6593846,15,1745839829,14:30:28,1745839828,1745839829,8,-0.019,0.006,-0.301,0.004,420,12,1.69,0.26,-2.752018049,2.59728878,0.291315587,0,204.3290882,12.21599696,1.378756012,0,1.016873268,-0.12918046,0.013750914,0,0,3,0/3,3.22031,2.66608,0.10132,0.102783,0.0611608,0.0568861,26502,24326.8,28019.2,24852.4,33751,24780.8,39948,27642.7,1.9196,1.4916,0.0795722,0,29.0943,999.9,12.3,41.3,9.68387,29.9357,18.6258,1,0.33813,0,20.2721,5.22927,11.9081,4.9596,3.292,9999,9999,9999,999.9,4.97275,1.85532,1.8573,1.85748,1.85684,1.85669,1.85184,1.85379,0,0,0,0,11111111,oooooooo,on,on,on,on,0,100,100,-0.308,-0.0383,-1.198880286,0.00151024,1.49E-06,5.40E-12,-0.076089864,-0.011177753,0.001682567,-2.18E-05,3,2244,0,20,7.8,7.8,1.05225,2.60254,1.59424,2.10327,1.50269,2.43286,44.7534,23.9649,18,625.489,385.888,32.0313,32.1287,29.9996,32.2965,32.3842,21.1389,-30,-30,-999.9,420,0,99.8214,74.5285
196,1745840334,18838.4,20250428 14:38:53,14:38:53,15,B,4,2%,5561.37,1745840326,0.002944992,2.9449922,3.788003161,418.3401333,328.2968705,33.14597914,42.23705609,0.088675821,1.998475463,0.086546493,0.054278611,8.243415872,31.09306991,30.36778333,4.351285307,20.95904706,1.006878871,4.804029821,3.344406436,-129.874156,187.3669567,21.10310303,86.83931954,0,0,1,0,25385,RECT-12807-20250324-17_57_43,10114.7,315.2007692,539.79,0.416067787,-0.222077465,MPF-14989-20250428-14_38_53,10124.2,205.2172308,589.4712069,0.651862163,0.5,42.15105547,3.788003161,13.7383391,0.095135948,-0.084280973,331.5161283,DARK-14990-20250428-14_39_01,159.34,159.34,0.729689935,0.893341311,-0.130585377,1.401003985,-0.221209212,0.693630861,0.306369139,14989,290,548.01,165,10124.2,543.25,4.76,300,23.9,589.4712069,2.402940224,-46.79638322,2.108095202,0.946233448,-0.008327426,290,540.13,655,10114.2,543.2,-3.07,None,None,None,None,None,None,None,None,None,None,None,None,None,50,42.15105547,0.84269684,0.164804901,2,0.5,0: Broadleaf,2,1745840326,418.3401333,420.0135,9.972708333,9.000817,418.6454667,10.01385467,599.9894333,100.9051667,0.05826649,32.10682,30.36778333,999.9,0,0,4998.166667,0,190.3434,-1.673387667,422.5541333,423.8283667,0.97189,420.0135,9.000817,1.006298333,0.908229667,7.007842667,5.521773,50.01924,0.900154,0.0998456,0,205.2250667,4.99918,234.0582,422.5328333,36.6789,39.812,38.4184,38.9412,39.9184,40.52566667,4.496666667,0,37.4000001,0,205.2172308,-7.892034175,-1.555145318,234.0283846,15,1745839829,14:30:28,1745839828,1745839829,8,-0.019,0.006,-0.301,0.004,420,12,1.69,0.26,-1.774850732,2.051208711,0.249803199,0,205.3417353,-3.82003055,0.732719724,0,0.979112659,-0.11971823,0.012668196,0,0,3,0/3,3.21962,2.66685,0.101518,0.102805,0.0600729,0.0559645,26498.1,24328.3,28021.1,24854.4,33792.1,24806.6,39950.1,27644.4,1.919,1.493,0.0738204,0,29.1448,999.9,12.1,41.3,9.52544,29.6657,18.8942,1,0.334024,0,20.2727,5.22807,11.9081,4.96,3.292,9999,9999,9999,999.9,4.97275,1.85532,1.8573,1.85751,1.8569,1.8566,1.85187,1.85379,0,0,0,0,11111111,oooooooo,on,on,on,on,0,100,100,-0.305,-0.042,-1.198880286,0.00151024,1.49E-06,5.40E-12,-0.076089864,-0.011177753,0.001682567,-2.18E-05,3,2244,0,20,8.4,8.4,1.05225,2.59888,1.59424,2.10205,1.50269,2.54883,44.7253,23.9737,18,624.418,386.302,31.9717,32.0664,29.9998,32.2326,32.3245,21.1367,-30,-30,-999.9,420,0,99.8274,74.5337
197,1745906501,0,20250429 09:01:41,9:01:41,15,C,4,21%,5557.26,1745906493,0.005882268,5.882267895,15.43202881,414.0224667,286.3784937,28.92028219,41.8105648,0.231279123,1.998531459,0.217372313,0.137037429,321.5007192,28.81634522,27.41933667,3.66826299,25.86471674,0.998640464,3.861014502,2.669622526,-259.4080142,94.55039639,10.29792325,166.9410247,0,0,1,0,25762,RECT-12807-20250324-17_57_43,10114.7,315.2007692,539.79,0.416067787,-0.222077465,MPF-14993-20250429-09_01_38,10140.5,268.81124,323.4272927,0.168866555,0.5,1681.146139,15.43202881,141.9446786,0.009311568,0.668968612,226.6600338,DARK-14994-20250429-09_01_45,173.06,173.06,0.464918379,0.363217637,0.589978205,6.63901983,0.963370802,0.233838601,0.766161399,14993,290,306.69,145,10140.5,305.33,1.36,300,23.9,323.4272927,2.68212059,-18.34659093,2.431283688,0.670366749,-0.006714565,290,303.68,705,10129.3,305.31,-1.63,None,None,None,None,None,None,None,None,None,None,None,None,None,2000,1681.146139,0.840598568,0.160755236,2,0.5,0: Broadleaf,2,1745906493,414.0224667,419.9781333,9.888878333,7.947557667,414.5054667,9.906059333,600.0141,100.9266,0.059622163,28.29687667,27.41933667,999.9,0,0,4997.333333,0,186.1977667,-5.955560333,418.1575667,423.3427,1.941321,419.9781333,7.947557667,0.9980505,0.802119933,6.887785667,3.744639,1999.939333,0.979997333,0.020002693,0,269.452,4.99918,5602.956333,19219.24,36.65806667,38.43286667,37.26653333,37.54546667,38.7872,1955.038,39.90333333,0,1745906501,0,268.81124,-54.5639999,-1034.861537,5588.6308,15,1745906336,8:58:56,1745906336,1745906329,1,-0.167,0.016,-0.466,-0.059,420,6,2.09,0.77,-5.93970325,-0.417603715,0.129626279,1,273.1327647,-65.96287243,6.55118595,0,1.937823,0.058419062,0.006758193,1,2,3,02-Mar,3.21989,2.66795,0.101355,0.103483,0.0591255,0.0503579,26708.2,24440,28224.2,24973.1,34039.4,25061.6,40195.5,27763.5,1.9594,1.617,0.105709,0,25.8163,999.9,23,25.8,7.59866,29.9199,18.5817,1,0.0513008,0,20.2647,5.22807,11.9021,4.9612,3.292,9999,9999,9999,999.9,4.97217,1.85367,1.85562,1.85593,1.85562,1.85532,1.85028,1.85242,0,0,0,0,11111111,oooooooo,on,on,on,on,0,100,100,-0.483,-0.0159,-1.3651146,0.00151024,1.49E-06,5.40E-12,-0.050416491,-0.011177753,0.001682567,-2.18E-05,3,2244,0,20,2.8,2.9,1.0144,2.47925,1.59424,2.13989,1.50269,2.42188,31.0853,24.1663,18,611.471,427.513,26.9067,28.0733,30.0009,28.0136,28.0117,20.3851,-30,-30,-999.9,420,0,100.486,74.8712
198,1745906541,39.5,20250429 09:02:20,9:02:20,15,C,4,21%,5557.44,1745906533,0.005504826,5.504825829,15.06048355,414.2361667,281.4259006,28.42041057,41.83254598,0.214920396,1.999525018,0.202861873,0.127815668,289.5626478,28.85234632,27.60067667,3.70739092,26.457232,1.031313825,3.898041279,2.676077096,-242.7628191,92.74758116,10.113953,149.6613629,0,0,1,0,25337,RECT-12807-20250324-17_57_43,10114.7,315.2007692,539.79,0.416067787,-0.222077465,MPF-14995-20250429-09_02_18,10133.7,246.90116,298.3298906,0.172388796,0.5,1513.167321,15.06048355,130.4265462,0.010099717,0.809372835,214.0409684,DARK-14996-20250429-09_02_25,157.42,157.42,0.472329106,0.364976017,0.631482881,-3.048372988,1.075118823,0.23270253,0.76729747,14995,290,285.29,275,10133.7,284.38,0.91,300,23.9,298.3298906,3.337339741,-14.13343477,3.015661226,0.439607229,-0.006880622,290,285.1,675,10129.2,284.38,0.72,None,None,None,None,None,None,None,None,None,None,None,None,None,1800,1513.167321,0.840658008,0.160869955,2,0.5,0: Broadleaf,2,1745906533,414.2361667,420.0164667,10.21232333,8.396108,414.7185667,10.22438667,599.9959,100.9275667,0.059622147,28.46105667,27.60067667,999.9,0,0,5001.333333,0,192.6262,-5.78028,418.5102,423.5728,1.816223333,420.0164667,8.396108,1.030705333,0.847398367,7.357721333,4.526891667,1799.979667,0.9780063,0.02199359,0,247.5166667,4.99918,4675.178667,17281.70667,36.96226667,38.5662,37.4412,37.66633333,39.04966667,1755.499667,39.48,0,37.4000001,0,246.90116,-58.42476915,-1033.140768,4663.9348,15,1745906336,8:58:56,1745906336,1745906329,1,-0.167,0.016,-0.466,-0.059,420,6,2.09,0.77,-5.718982,-1.415313321,0.190640643,0,255.0588824,-112.1632392,11.61597283,0,1.82527825,-0.152809193,0.015117495,0,0,3,0/3,3.22018,2.6678,0.101367,0.103427,0.0605026,0.0526047,26701.3,24438.4,28217.6,24970.2,33983,24999,40188.1,27760.1,1.9586,1.6144,0.11012,0,25.8751,999.9,23.8,25.9,7.90854,29.9799,18.5176,1,0.0592073,0,20.2661,5.22927,11.9021,4.9612,3.292,9999,9999,9999,999.9,4.97214,1.85379,1.85577,1.85596,1.85562,1.85547,1.85034,1.85248,0,0,0,0,11111111,oooooooo,on,on,on,on,0,100,100,-0.483,-0.011,-1.3651146,0.00151024,1.49E-06,5.40E-12,-0.050416491,-0.011177753,0.001682567,-2.18E-05,3,2244,0,20,3.4,3.5,1.0144,2.48413,1.59424,2.13867,1.50269,2.36328,31.3026,24.1575,18,612.138,426.918,27.0158,28.1878,30.0009,28.1331,28.1353,20.3854,-30,-30,-999.9,420,0,100.466,74.8623
199,1745906580,79,20250429 09:03:00,9:03:00,15,C,4,21%,5557.71,1745906572,0.005048251,5.04825117,14.0763744,414.6173667,280.3567255,28.31302723,41.87191433,0.197483334,2.000162038,0.187255183,0.117909286,257.667078,28.84646593,27.65834333,3.719909806,27.0926177,1.061773813,3.919052137,2.658135993,-222.6278766,96.53977282,10.53201338,142.1109877,0,0,1,0,25508,RECT-12807-20250324-17_57_43,10114.7,315.2007692,539.79,0.416067787,-0.222077465,MPF-14997-20250429-09_02_57,10134.9,232.3842692,286.8086961,0.189758636,0.5,1345.186037,14.0763744,127.6303335,0.010629349,0.882055905,208.044956,DARK-14998-20250429-09_03_04,157.26,157.26,0.451690265,0.420107871,0.66133716,-1.916888089,1.126417785,0.284297057,0.715702943,14997,290,276.77,265,10134.9,274.86,1.91,300,23.9,286.8086961,3.693596032,-12.11396441,3.327384945,0.321287741,-0.007048551,290,276.68,815,10127,274.85,1.83,None,None,None,None,None,None,None,None,None,None,None,None,None,1600,1345.186037,0.840747754,0.161043165,2,0.5,0: Broadleaf,2,1745906572,414.6173667,420.0073333,10.51372667,8.848623667,415.0986333,10.52084,599.9839333,100.9295,0.059792043,28.55361667,27.65834333,999.9,0,0,5003.833333,0,194.915,-5.389911333,419.0228667,423.7569,1.665104,420.0073333,8.848623667,1.061145667,0.8930884,7.784046,5.279646,1599.987667,0.974999067,0.025000987,0,232.5056667,4.99918,3938.995667,15341.30333,37.12493333,38.708,37.62913333,37.812,39.2624,1555.112333,39.88,0,37.4000001,0,232.3842692,-46.9332308,-713.8601712,3937.675769,15,1745906336,8:58:56,1745906336,1745906329,1,-0.167,0.016,-0.466,-0.059,420,6,2.09,0.77,-5.3529155,-0.529129306,0.125814053,0,237.4865294,-81.00213902,8.404213657,0,1.67439375,-0.181205066,0.01781566,0,0,3,0/3,3.22014,2.66837,0.101399,0.103426,0.0618538,0.0548227,26694.4,24434.5,28211.8,24966.6,33927.7,24937.8,40181,27757.3,1.956,1.6116,0.108629,0,25.9189,999.9,24.7,26,8.2574,29.9899,18.4615,1,0.0666463,0,20.2676,5.22807,11.9021,4.9616,3.292,9999,9999,9999,999.9,4.97214,1.85388,1.8558,1.85605,1.85577,1.85547,1.85043,1.85257,0,0,0,0,11111111,oooooooo,on,on,on,on,0,100,100,-0.482,-0.006,-1.3651146,0.00151024,1.49E-06,5.40E-12,-0.050416491,-0.011177753,0.001682567,-2.18E-05,3,2244,0,20,4.1,4.2,1.0144,2.48291,1.59424,2.13867,1.50269,2.34619,31.5206,24.1575,18,611.458,426.158,27.1326,28.3024,30.0009,28.249,28.254,20.3887,-30,-30,-999.9,420,0,100.446,74.8532
200,1745906620,118.5,20250429 09:03:39,9:03:39,15,C,4,21%,5557.71,1745906612,0.004608406,4.608406116,13.82562115,414.7197667,272.9770819,27.5684779,41.88334288,0.181437304,1.998884707,0.172759289,0.108719645,225.7828012,28.80139588,27.66717667,3.721830693,27.76949247,1.092046771,3.932541339,2.629783922,-203.2307097,101.905469,11.128262,135.5858225,0,0,1,0,25800,RECT-12807-20250324-17_57_43,10114.7,315.2007692,539.79,0.416067787,-0.222077465,MPF-14999-20250429-09_03_37,10142.6,222.4467308,291.1274425,0.235912874,0.5,1177.217421,13.82562115,138.8603726,0.011932969,0.854136441,210.3080117,DARK-15000-20250429-09_03_44,156.35,156.35,0.462949976,0.509586103,0.648504479,-2.852979662,1.107188251,0.358170187,0.641829813,14999,290,273.64,145,10142.6,272.82,0.82,300,23.9,291.1274425,2.624229143,-18.57222029,2.356947696,0.689202699,-0.007215896,290,272.08,795,10128.5,272.79,-0.71,None,None,None,None,None,None,None,None,None,None,None,None,None,1400,1177.217421,0.840866783,0.161272892,2,0.5,0: Broadleaf,2,1745906612,414.7197667,419.9655333,10.81321,9.293638667,415.2007333,10.81523667,599.9816333,100.9321,0.05981368,28.61281333,27.66717667,999.9,0,0,4998.5,0,192.8999667,-5.245805,419.2532333,423.9051667,1.519571667,419.9655333,9.293638667,1.091400333,0.938027033,8.197198,5.987571,1400.004667,0.971005233,0.02899509,0,222.4689667,4.99918,3328.358667,13400.42,37.187,38.87283333,37.78926667,37.93493333,39.39773333,1354.554667,40.45,0,37.4000001,0,222.4467308,-37.54854701,-511.0382908,3327.503462,15,1745906336,8:58:56,1745906336,1745906329,1,-0.167,0.016,-0.466,-0.059,420,6,2.09,0.77,-5.210363659,-0.458636655,0.134167382,1,226.7173824,-67.79188691,7.021832742,0,1.530966585,-0.206205784,0.020716447,0,1,3,01-Mar,3.22066,2.66828,0.101438,0.103406,0.0631671,0.0569488,26689,24431,28207.7,24962.8,33875.2,24877.3,40175.4,27752.6,1.9554,1.6104,0.106096,0,25.956,999.9,25.6,26.1,8.60864,30.0499,18.4535,1,0.0747764,0,20.269,5.22927,11.9021,4.9616,3.292,9999,9999,9999,999.9,4.97217,1.85394,1.85593,1.85608,1.85577,1.8555,1.85043,1.85257,0,0,0,0,11111111,oooooooo,on,on,on,on,0,100,100,-0.481,-0.0009,-1.3651146,0.00151024,1.49E-06,5.40E-12,-0.050416491,-0.011177753,0.001682567,-2.18E-05,3,2244,0,20,4.7,4.8,1.0144,2.48413,1.59302,2.13867,1.50269,2.35962,31.7611,24.1663,18,612.2,426.304,27.2519,28.4123,30.0012,28.3626,28.3698,20.3875,-30,-30,-999.9,420,0,100.432,74.8412
201,1745906659,158,20250429 09:04:19,9:04:19,15,C,4,21%,5558.07,1745906651,0.004197292,4.197291933,12.86917066,415.1152,272.6384892,27.53502354,41.92440634,0.167099534,1.999075099,0.159709508,0.10045517,193.8035306,28.70998355,27.62664667,3.713024203,28.49953716,1.122344242,3.938113927,2.590679961,-185.1005743,108.9133094,11.89144703,129.5077127,0,0,1,0,25324,RECT-12807-20250324-17_57_43,10114.7,315.2007692,539.79,0.416067787,-0.222077465,MPF-15001-20250429-09_04_16,10135.7,215.6435385,295.8692639,0.271152618,0.5,1009.185701,12.86917066,136.8216723,0.01297209,0.824420668,212.7713908,DARK-15002-20250429-09_04_23,162.17,162.17,0.45188629,0.600046127,0.645942313,-4.149998874,1.086074943,0.451251547,0.548748453,15001,290,277.21,295,10135.7,276.32,0.89,300,23.9,295.8692639,2.187989203,-19.81871102,1.958971731,0.785196282,-0.007382791,290,276.08,735,10129.8,276.3,-0.22,None,None,None,None,None,None,None,None,None,None,None,None,None,1200,1009.185701,0.840985748,0.161502494,2,0.5,0: Broadleaf,2,1745906651,415.1152,419.9857667,11.11291,9.729344667,415.5952333,11.10967333,599.9930333,100.9343,0.060330737,28.63721667,27.62664667,999.9,0,0,4999.166667,0,127.1506333,-4.870552333,419.7801,424.1119667,1.383570667,419.9857667,9.729344667,1.121674,0.982024733,8.600643,6.652243,1200.003333,0.9670034,0.032996267,0,215.6873,4.99918,2747.41,11464.34,37.17253333,38.9895,37.87706667,38.062,39.479,1155.573333,39.43,0,37.4000001,0,215.6435385,-31.51788038,-495.8724788,2746.496538,15,1745906336,8:58:56,1745906336,1745906329,1,-0.167,0.016,-0.466,-0.059,420,6,2.09,0.77,-4.870094634,-0.11097324,0.129236574,1,218.7543529,-54.14719637,5.679265885,0,1.39318561,-0.207578676,0.020852871,0,1,3,01-Mar,3.22053,2.66866,0.101457,0.103372,0.064459,0.0590001,26681.4,24428.4,28200.6,24959.6,33821.3,24820.7,40167.3,27750,1.9528,1.6066,0.102341,0,25.978,999.9,26.5,26.2,8.96379,30.0899,18.4936,1,0.0815447,0,20.2705,5.22927,11.9021,4.9616,3.292,9999,9999,9999,999.9,4.97217,1.85394,1.85593,1.85608,1.85577,1.85559,1.85056,1.85269,0,0,0,0,11111111,oooooooo,on,on,on,on,0,100,100,-0.48,0.0043,-1.3651146,0.00151024,1.49E-06,5.40E-12,-0.050416491,-0.011177753,0.001682567,-2.18E-05,3,2244,0,20,5.4,5.5,1.0144,2.48779,1.59424,2.13623,1.50269,2.34375,32.0024,24.1751,18,611.474,424.92,27.3693,28.5207,30.0012,28.4748,28.4824,20.3876,-30,-30,-999.9,420,0,100.41,74.8329
202,1745906699,197.5,20250429 09:04:58,9:04:58,15,C,4,21%,5558.16,1745906691,0.003791321,3.791321004,12.06931773,415.4605,270.5029261,27.31930275,41.95921775,0.152925797,1.998949527,0.14671084,0.092231617,161.9058383,28.57691103,27.55044,3.696514998,29.2090486,1.149214184,3.934445794,2.547300813,-167.1972563,115.3883159,12.59341167,122.6903096,0,0,1,0,25208,RECT-12807-20250324-17_57_43,10114.7,315.2007692,539.79,0.416067787,-0.222077465,MPF-15003-20250429-09_04_56,10140.1,211.8943462,306.5545417,0.308787451,0.5,841.2042012,12.06931773,129.8766506,0.014611666,0.760828585,218.2419236,DARK-15004-20250429-09_05_03,156.62,156.62,0.489095809,0.631343481,0.608699685,-10.94814997,1.038497961,0.466652451,0.533347549,15003,290,288.96,225,10140.1,287.46,1.5,300,23.9,306.5545417,2.841232295,-19.36552428,2.536233705,0.675556171,-0.007550562,290,286.6,715,10132,287.44,-0.84,None,None,None,None,None,None,None,None,None,None,None,None,None,1000,841.2042012,0.841193686,0.161903814,2,0.5,0: Broadleaf,2,1745906691,415.4605,420.0088,11.37898,10.12954667,415.9395333,11.37092,599.9807333,100.9340667,0.060414757,28.62115667,27.55044,999.9,0,0,4998.666667,0,54.32473667,-4.548308667,420.2424667,424.3068667,1.249433,420.0088,10.12954667,1.148526667,1.022416,8.950522667,7.239671333,1000.0125,0.9600087,0.03999094,0,211.9202,4.99918,2213.542667,9524.030667,37.0579,39.05373333,37.937,38.125,39.4769,955.2223333,39.79,0,37.4000001,0,211.8943462,-25.7183248,-304.6338462,2213.236154,15,1745906336,8:58:56,1745906336,1745906329,1,-0.167,0.016,-0.466,-0.059,420,6,2.09,0.77,-4.5067925,-0.529157223,0.13524035,0,214.7313824,-48.50103899,5.147160314,0,1.25938825,-0.232973246,0.022921432,0,0,3,0/3,3.22026,2.66849,0.101485,0.103339,0.06558,0.060815,26677,24426.3,28197.1,24956.8,33776.6,24770,40162.7,27747,1.9506,1.6052,0.0974536,0,25.9582,999.9,27.3,26.3,9.29057,29.7299,18.6338,1,0.0876829,0,20.2721,5.22927,11.9021,4.9616,3.292,9999,9999,9999,999.9,4.97214,1.85394,1.85593,1.85614,1.85583,1.85562,1.85059,1.85272,0,0,0,0,11111111,oooooooo,on,on,on,on,0,100,100,-0.479,0.0089,-1.3651146,0.00151024,1.49E-06,5.40E-12,-0.050416491,-0.011177753,0.001682567,-2.18E-05,3,2244,0,20,6,6.2,1.0144,2.49268,1.59424,2.13501,1.50269,2.44385,32.2005,24.1838,18,610.921,424.849,27.475,28.6144,30.0008,28.5749,28.585,20.3889,-30,-30,-999.9,420,0,100.398,74.8246
203,1745906739,237.4000001,20250429 09:05:38,9:05:38,15,C,4,21%,5558.16,1745906731,0.00333983,3.339830256,10.98430433,415.880129,269.6259636,27.23114586,42.00223265,0.137006412,1.998385336,0.131993883,0.082931254,129.9860323,28.4087973,27.41210968,3.666711111,29.91660502,1.172439846,3.919027059,2.494271265,-147.2865143,122.9706075,13.41096171,119.0810872,0,0,1,0,26402,RECT-12807-20250324-17_57_43,10114.7,315.2007692,539.79,0.416067787,-0.222077465,MPF-15005-20250429-09_05_36,10145.4,211.035,330.1811038,0.360850765,0.5,673.218947,10.98430433,121.4657859,0.016645969,0.634830079,229.9564387,DARK-15006-20250429-09_05_43,149.87,149.87,0.546097586,0.660780736,0.537568979,7.953500871,0.933298963,0.469264382,0.530735618,15005,290,310.47,165,10145.4,309.81,0.66,300,23.9,330.1811038,3.018931822,-20.66684609,2.686757412,0.678783518,-0.007718785,290,310.39,805,10132.2,309.78,0.61,None,None,None,None,None,None,None,None,None,None,None,None,None,800,673.218947,0.841490194,0.162476074,2,0.5,0: Broadleaf,2,1745906731,415.880129,420.0045484,11.60877419,10.50842258,416.358,11.59647097,600.0007419,100.9356452,0.060362384,28.55350645,27.41210968,999.9,0,0,4996.290323,0,57.81526452,-4.124457419,420.7647419,424.4649677,1.100342581,420.0045484,10.50842258,1.17173871,1.060674194,9.247216774,7.777502258,800.0318387,0.950012226,0.049987994,0,211.4450323,4.99918,1774.792903,7585.129355,36.86474194,39,37.885,38.10874194,39.37093548,755.2909677,39.74,0,38,0,211.035,-19.35892308,-194.7600003,1771.1464,15,1745906336,8:58:56,1745906336,1745906329,1,-0.167,0.016,-0.466,-0.059,420,6,2.09,0.77,-4.106174146,-0.097840525,0.110284893,1,213.9251176,-42.84653936,4.512554551,0,1.113673171,-0.25152755,0.025164131,0,1,3,01-Mar,3.22001,2.66888,0.101557,0.103324,0.0665474,0.0625743,26671.5,24425.2,28193.8,24955.6,33738.8,24722.4,40159.6,27745.7,1.9502,1.604,0.0946224,0,25.8795,999.9,28.1,26.4,9.61785,30.0399,18.722,1,0.0923171,0,20.2735,5.22807,11.9021,4.962,3.292,9999,9999,9999,999.9,4.97214,1.85404,1.85593,1.85623,1.85587,1.85562,1.85059,1.85272,0,0,0,0,11111111,oooooooo,on,on,on,on,0,100,100,-0.478,0.0131,-1.3651146,0.00151024,1.49E-06,5.40E-12,-0.050416491,-0.011177753,0.001682567,-2.18E-05,3,2244,0,20,6.7,6.8,1.0144,2.48657,1.59424,2.13501,1.50269,2.48657,32.3991,24.1838,18,611.527,424.775,27.5653,28.6928,30.0006,28.6622,28.6716,20.3897,-30,-30,-999.9,420,0,100.389,74.8211
204,1745906778,276.9000001,20250429 09:06:18,9:06:18,15,C,4,21%,5558.61,1745906770,0.002895413,2.895413223,9.787383727,416.3162333,269.4610428,27.21488393,42.04688681,0.120818031,2.000337104,0.116905532,0.073406925,98.06991426,28.22030678,27.26284333,3.634786456,30.59707518,1.193157193,3.899579243,2.441629263,-127.6877231,129.9501791,14.14174953,114.4741197,0,0,1,0,26113,RECT-12807-20250324-17_57_43,10114.7,315.2007692,539.79,0.416067787,-0.222077465,MPF-15007-20250429-09_06_15,10146.7,216.2388846,381.4820126,0.433160995,0.5,505.2064898,9.787383727,109.4178728,0.019812614,0.414981525,253.7192471,DARK-15008-20250429-09_06_22,168.76,168.76,0.557620033,0.776803143,0.426671664,2.493060173,0.704877909,0.606242946,0.393757054,15007,290,355.29,185,10146.7,353.99,1.3,300,23.9,381.4820126,3.031552584,-27.89996205,2.689998921,0.7934691,-0.007887459,290,352.36,635,10139.3,353.97,-1.61,None,None,None,None,None,None,None,None,None,None,None,None,None,600,505.2064898,0.841992947,0.163446388,2,0.5,0: Broadleaf,2,1745906770,416.3162333,419.9806667,11.81373333,10.85995333,416.793,11.79754667,599.9722333,100.9371667,0.060304597,28.46784667,27.26284333,999.9,0,0,5004.166667,0,45.11758,-3.664339333,421.2932333,424.5916667,0.953762833,419.9806667,10.85995333,1.192442333,1.096172333,9.507514333,8.261435667,600.0127333,0.933016133,0.066983793,0,216.2521333,4.99918,1358.763,5645.335,36.6122,38.92046667,37.7872,38.04133333,39.2206,555.1566667,39.86,0,37.4000001,0,216.2388846,-19.46300857,-114.6659829,1358.627692,15,1745906336,8:58:56,1745906336,1745906329,1,-0.167,0.016,-0.466,-0.059,420,6,2.09,0.77,-3.66581675,0.295457448,0.145725954,1,218.3056765,-32.60741023,3.38937405,0,0.96792295,-0.270970874,0.026558094,0,1,3,01-Mar,3.22065,2.66878,0.101651,0.103291,0.067406,0.064136,26668.3,24425.4,28193.5,24955,33706.7,24681.2,40158.6,27745.9,1.9484,1.602,0.0893474,0,25.774,999.9,28.8,26.5,9.91658,29.7199,18.5537,1,0.0952439,0,20.2758,5.22807,11.9021,4.9616,3.292,9999,9999,9999,999.9,4.97241,1.85416,1.85611,1.85638,1.85608,1.85577,1.85074,1.85287,0,0,0,0,11111111,oooooooo,on,on,on,on,0,100,100,-0.476,0.0169,-1.3651146,0.00151024,1.49E-06,5.40E-12,-0.050416491,-0.011177753,0.001682567,-2.18E-05,3,2244,0,20,7.4,7.5,1.0144,2.49512,1.59424,2.13501,1.50269,2.43164,32.5539,24.0787,18,610.91,424.105,27.6331,28.7483,30.0005,28.7294,28.7397,20.3945,-30,-30,-999.9,420,0,100.387,74.8205
205,1745906818,316.4000001,20250429 09:06:57,9:06:57,15,C,4,21%,5558.91,1745906810,0.002478745,2.478744593,8.735821779,416.7419333,266.314559,26.89696841,42.08968019,0.104449786,1.99922701,0.101510135,0.063701059,82.09405908,28.16018735,27.18953,3.619195446,31.22431334,1.211966554,3.881483447,2.407228892,-109.3126365,129.153047,14.05205658,115.9865261,0,0,1,0,25408,RECT-12807-20250324-17_57_43,10114.7,315.2007692,539.79,0.416067787,-0.222077465,MPF-15009-20250429-09_06_55,10147.4,222.3839615,414.9659157,0.464091018,0.5,421.1944629,8.735821779,97.73628349,0.021267847,0.300805631,268.1076366,DARK-15010-20250429-09_07_02,166.56,166.56,0.598617637,0.775271207,0.334442795,1.930353044,0.555788378,0.580658656,0.419341344,15009,290,392.55,205,10147.4,389.57,2.98,300,23.9,414.9659157,2.563624985,-25.76731148,2.271516057,0.821290298,-0.007972308,290,387.26,685,10139.4,389.55,-2.29,None,None,None,None,None,None,None,None,None,None,None,None,None,500,421.1944629,0.842375953,0.16418559,2,0.5,0: Broadleaf,2,1745906810,416.7419333,419.9982333,12.00002667,11.18368667,417.2174667,11.98027,599.995,100.9367,0.060288363,28.38780667,27.18953,999.9,0,0,4999.666667,0,42.60286333,-3.256245667,421.8036333,424.7484333,0.816347867,419.9982333,11.18368667,1.211243,1.128843667,9.740446,8.694758,500.0077,0.9200018,0.079997963,0,222.3431,4.99918,1162.329333,4676.458,36.30396667,38.77063333,37.6061,37.91013333,39.0123,455.4106667,39.6,0,37.4000001,0,222.3839615,-27.77514532,-131.4355556,1162.095769,15,1745906336,8:58:56,1745906336,1745906329,1,-0.167,0.016,-0.466,-0.059,420,6,2.09,0.77,-3.24949,-0.023349118,0.12055114,1,224.6982059,-41.5128037,4.273200769,0,0.826257125,-0.246040334,0.024039489,0,1,3,01-Mar,3.22039,2.66923,0.101694,0.103301,0.0681804,0.0655723,26664.7,24425.6,28191.2,24955.6,33676.9,24643.2,40156.7,27745.8,1.9476,1.6012,0.0929832,0,25.6577,999.9,29.4,26.6,10.183,30.0499,18.6418,1,0.0968293,0,20.277,5.22807,11.9021,4.9616,3.292,9999,9999,9999,999.9,4.97244,1.85425,1.85623,1.85638,1.85608,1.85577,1.85074,1.85297,0,0,0,0,11111111,oooooooo,on,on,on,on,0,100,100,-0.476,0.0204,-1.3651146,0.00151024,1.49E-06,5.40E-12,-0.050416491,-0.011177753,0.001682567,-2.18E-05,3,2244,0,20,8,8.1,1.0144,2.49268,1.59424,2.13379,1.50269,2.44995,32.7535,24.0787,18,610.846,424.022,27.6811,28.7837,30.0003,28.7792,28.7925,20.3914,-30,-30,-999.9,420,0,100.38,74.8212
206,1745906857,355.9000001,20250429 09:07:37,9:07:37,15,C,4,21%,5559,1745906849,0.002100179,2.100179375,7.777401778,417.1107333,261.6052379,26.42178827,42.12764075,0.089206402,1.998876628,0.087052271,0.054596877,66.1316697,28.09446101,27.13500667,3.607638247,31.8044537,1.229341669,3.865312953,2.378296578,-92.61791042,127.2686188,13.84073071,114.6231088,0,0,1,0,25474,RECT-12807-20250324-17_57_43,10114.7,315.2007692,539.79,0.416067787,-0.222077465,MPF-15011-20250429-09_07_34,10145.9,230.0216,479.6041232,0.520392781,0.5,337.2083205,7.777401778,87.74038776,0.023722663,0.125490741,293.6804294,DARK-15012-20250429-09_07_41,173.18,173.18,0.638910527,0.814500244,0.164168672,1.518110897,0.267982025,0.613225681,0.386774319,15011,290,443.14,295,10145.9,442.13,1.01,300,23.9,479.6041232,2.332539234,-38.02272283,2.063838149,0.923792566,-0.008057254,290,438.25,695,10141.2,442.11,-3.86,None,None,None,None,None,None,None,None,None,None,None,None,None,400,337.2083205,0.842962567,0.165317754,2,0.5,0: Broadleaf,2,1745906849,417.1107333,419.9953333,12.17185667,11.48028667,417.5852333,12.14874667,599.9729,100.9381667,0.06053077,28.31600667,27.13500667,999.9,0,0,4998.166667,0,47.38339667,-2.884517333,422.2502667,424.8729,0.691571733,419.9953333,11.48028667,1.228604667,1.158799667,9.952746333,9.082466667,400.0276333,0.900007,0.09999288,0,230.2647667,4.99918,965.0468,3707.332,35.98723333,38.5851,37.406,37.73316667,38.7665,355.5283333,39.504,0,37.39999986,0,230.0216,-23.63776929,-92.99369244,964.20768,15,1745906336,8:58:56,1745906336,1745906329,1,-0.167,0.016,-0.466,-0.059,420,6,2.09,0.77,-2.852387317,-0.343806899,0.138615956,1,232.0622353,-30.10148208,3.084338875,0,0.705622512,-0.224082334,0.022619437,0,1,3,01-Mar,3.22134,2.66933,0.101757,0.103296,0.0688924,0.0668924,26662.3,24425.2,28190.7,24955.1,33650.5,24608,40156,27745.4,1.9484,1.5992,0.0956357,0,25.5515,999.9,30,26.7,10.4521,29.9399,18.5417,1,0.0976829,0,20.2777,5.22927,11.9021,4.962,3.292,9999,9999,9999,999.9,4.97244,1.85425,1.85623,1.85651,1.85611,1.85593,1.85089,1.853,0,0,0,0,11111111,oooooooo,on,on,on,on,0,100,100,-0.474,0.0237,-1.3651146,0.00151024,1.49E-06,5.40E-12,-0.050416491,-0.011177753,0.001682567,-2.18E-05,3,2244,0,20,8.7,8.8,1.0144,2.49268,1.59424,2.13379,1.50269,2.38525,32.9315,24.07,18,611.782,423.147,27.7137,28.8049,30.0001,28.8149,28.8318,20.3946,-30,-30,-999.9,420,0,100.379,74.82
207,1745906897,395.4000001,20250429 09:08:16,9:08:16,15,C,4,21%,5559,1745906889,0.001756431,1.756431442,6.377501846,417.6181,266.8690352,26.95396747,42.17973311,0.075396374,1.998249074,0.073850881,0.046293018,49.58675526,27.99595828,27.05259,3.590229704,32.38791818,1.245586457,3.845836742,2.344643247,-77.45862659,126.7535749,13.77741025,112.6591138,0,0,1,0,25838,RECT-12807-20250324-17_57_43,10114.7,315.2007692,539.79,0.416067787,-0.222077465,MPF-15013-20250429-09_08_14,10144.5,239.2462692,551.1337727,0.565901636,0.5,252.8803154,6.377501846,71.55269207,0.02609764,-0.020582612,319.0352056,DARK-15014-20250429-09_08_21,180.28,180.28,0.672892483,0.8409986,-0.031553427,1.321932493,-0.050508979,0.633720342,0.366279658,15013,290,511.42,155,10144.5,509.48,1.94,300,23.9,551.1337727,2.562153401,-42.25748776,2.26162421,0.925751767,-0.008134393,290,504.2,685,10134,509.44,-5.24,None,None,None,None,None,None,None,None,None,None,None,None,None,300,252.8803154,0.842949277,0.165292104,2,0.5,0: Broadleaf,2,1745906889,417.6181,419.9884667,12.33245,11.75418667,418.0912,12.30616333,599.9932,100.9404,0.060330367,28.22918,27.05259,999.9,0,0,4995.5,0,51.05310333,-2.370313333,422.8327,424.9837333,0.578280033,419.9884667,11.75418667,1.244845333,1.186473667,10.14893,9.432848333,299.9947,0.900018233,0.099981763,0,239.2567333,4.99918,766.7336667,2768.536667,35.64766667,38.40186667,37.16426667,37.57043333,38.5039,265.501,29.492,0,37.4000001,0,239.2462692,-14.75141881,-15.7219487,766.7809615,15,1745906336,8:58:56,1745906336,1745906329,1,-0.167,0.016,-0.466,-0.059,420,6,2.09,0.77,-2.345477317,-0.190526969,0.11702435,1,239.2251176,-2.148938127,1.386053449,0,0.589314293,-0.203936739,0.020463068,0,1,3,01-Mar,3.22084,2.66881,0.101873,0.103298,0.069588,0.0681038,26660.4,24425.3,28192.3,24955.3,33627.5,24576.2,40158.7,27745.7,1.9476,1.599,0.0955164,0,25.4423,999.9,30.6,26.8,10.7219,29.7599,18.5256,1,0.0971341,0,20.2784,5.22807,11.9021,4.9616,3.292,9999,9999,9999,999.9,4.97247,1.85431,1.85623,1.85651,1.85611,1.8559,1.85089,1.853,0,0,0,0,11111111,oooooooo,on,on,on,on,0,100,100,-0.473,0.0269,-1.3651146,0.00151024,1.49E-06,5.40E-12,-0.050416491,-0.011177753,0.001682567,-2.18E-05,3,2244,0,20,9.3,9.5,1.0144,2.49634,1.59424,2.13379,1.50269,2.37305,33.1099,24.07,18,611.419,423.238,27.7334,28.8108,30.0001,28.8355,28.8604,20.3961,-30,-30,-999.9,420,0,100.385,74.8207
208,1745906936,434.9000001,20250429 09:08:56,9:08:56,15,C,4,21%,5559.09,1745906928,0.001456112,1.456112121,4.44691473,418.2957667,290.7838143,29.36969275,42.24863126,0.063212172,2.000106351,0.062122928,0.038923131,33.05314114,27.8804551,26.96663333,3.572151585,32.96780797,1.261396506,3.826146122,2.310755079,-64.21454456,126.6323637,13.73951006,109.2104703,0,0,1,0,24955,RECT-12807-20250324-17_57_43,10114.7,315.2007692,539.79,0.416067787,-0.222077465,MPF-15015-20250429-09_08_53,10135.2,242.1295769,617.6215583,0.607964499,0.5,168.6065573,4.44691473,51.25340057,0.027691641,-0.126018202,340.2375169,DARK-15016-20250429-09_09_00,178.19,178.19,0.711489993,0.8544948,-0.215242141,1.24162093,-0.346550714,0.628846877,0.371153123,15015,290,583.24,185,10135.2,582.1,1.14,300,23.9,617.6215583,2.868330845,-36.00133764,2.525932392,0.8788609,-0.008210849,290,579.33,755,10125,582.06,-2.73,None,None,None,None,None,None,None,None,None,None,None,None,None,200,168.6065573,0.842924611,0.165244499,2,0.5,0: Broadleaf,2,1745906928,418.2957667,419.9810333,12.48885,12.00956,418.7671,12.45942,600.0237667,100.9417333,0.060080753,28.14100667,26.96663333,999.9,0,0,5003,0,44.61826667,-1.685163333,423.5859,425.0861667,0.479294233,419.9810333,12.00956,1.260645333,1.212265333,10.33767667,9.752993,200.0256667,0.900000833,0.099999023,0,242.0759,4.99918,529.304,1830.315,35.3227,38.18716667,36.9455,37.3936,38.22896667,175.5243333,19.49966667,0,37.4000001,0,242.1295769,11.35873505,13.27620512,529.2698846,15,1745906336,8:58:56,1745906336,1745906329,1,-0.167,0.016,-0.466,-0.059,420,6,2.09,0.77,-1.693480732,0.250422648,0.105774953,1,240.9709706,20.47405655,2.21381496,0,0.487359293,-0.173624801,0.017761957,0,1,3,01-Mar,3.22085,2.66858,0.101989,0.103286,0.0702408,0.0692014,26658.9,24426.6,28194.3,24956.2,33605.7,24548.8,40160.9,27747.5,1.9486,1.5978,0.0971556,0,25.3473,999.9,31.1,26.9,10.9624,30.1299,18.7019,1,0.0957317,0,20.2793,5.22807,11.9021,4.9612,3.292,9999,9999,9999,999.9,4.97247,1.85434,1.85632,1.85654,1.8562,1.85593,1.85089,1.85303,0,0,0,0,11111111,oooooooo,on,on,on,on,0,100,100,-0.471,0.0299,-1.3651146,0.00151024,1.49E-06,5.40E-12,-0.050416491,-0.011177753,0.001682567,-2.18E-05,3,2244,0,20,10,10.1,1.01562,2.49268,1.59424,2.13257,1.50269,2.46582,33.244,24.07,18,612.267,422.669,27.7409,28.8059,29.9999,28.8478,28.8774,20.4044,-30,-30,-999.9,420,0,100.391,74.8245
209,1745906976,474.4000001,20250429 09:09:35,9:09:35,15,C,4,21%,5559.09,1745906968,0.001197806,1.197805897,2.325848116,419.0527,333.6973563,33.70371911,42.32468201,0.052701076,1.999644233,0.05194144,0.032530738,16.51133092,27.74404553,26.85787333,3.549391462,33.52794839,1.275878181,3.805416802,2.27351328,-52.82324006,128.2747991,13.90690038,105.8697903,0,0,1,0,25439,RECT-12807-20250324-17_57_43,10114.7,315.2007692,539.79,0.416067787,-0.222077465,MPF-15017-20250429-09_09_33,10125.3,235.7438,643.9887164,0.633931785,0.5,84.28867272,2.325848116,26.71663437,0.030228565,-0.161802084,348.0886933,DARK-15018-20250429-09_09_40,193.87,193.87,0.698954353,0.906971653,-0.301222006,1.241666308,-0.463952417,0.745871554,0.254128446,15017,290,617.86,195,10125.3,617.9,-0.04,300,23.9,643.9887164,2.671747936,-26.41825314,2.346769117,0.819035533,-0.008287369,290,619.61,855,10114.1,617.87,1.74,None,None,None,None,None,None,None,None,None,None,None,None,None,100,84.28867272,0.842853238,0.165106749,2,0.5,0: Broadleaf,2,1745906968,419.0527,419.9953333,12.63235,12.23811,419.5219333,12.60000667,599.9770667,100.9407333,0.060124097,28.04775333,26.85787333,999.9,0,0,5001.166667,0,47.55976,-0.942527467,424.4142333,425.1990333,0.394234767,419.9953333,12.23811,1.275117333,1.235323333,10.50871333,10.034155,100.0039733,0.899874667,0.100125403,0,235.8101333,4.99918,280.992,891.5782667,34.9913,38.00403333,36.70166667,37.2393,37.9748,85.492,9.511,0,37.39999986,0,235.7438,-6.201769242,-2.04230768,281.01216,15,1745906336,8:58:56,1745906336,1745906329,1,-0.167,0.016,-0.466,-0.059,420,6,2.09,0.77,-0.96803285,0.409045036,0.128094589,1,235.9175882,-3.375523297,0.595969705,0,0.4007334,-0.148445403,0.014780574,0,1,3,01-Mar,3.22146,2.6686,0.102096,0.103287,0.0708517,0.0701636,26656.2,24428.3,28194.8,24957.9,33585.2,24524.6,40162.9,27748.9,1.9476,1.5976,0.0938773,0,25.2565,999.9,31.6,27,11.2052,29.6799,18.5938,1,0.0943293,0,20.2821,5.22807,11.9021,4.9612,3.292,9999,9999,9999,999.9,4.97244,1.85431,1.85632,1.85654,1.85623,1.85593,1.85089,1.85303,0,0,0,0,11111111,oooooooo,on,on,on,on,0,100,100,-0.47,0.0329,-1.3651146,0.00151024,1.49E-06,5.40E-12,-0.050416491,-0.011177753,0.001682567,-2.18E-05,3,2244,0,20,10.7,10.8,1.01562,2.5,1.59424,2.13135,1.50269,2.35718,33.4008,24.07,18,611.569,422.606,27.7407,28.7911,29.9998,28.8502,28.8847,20.4048,-30,-30,-999.9,420,0,100.395,74.8289
210,1745907015,513.9000001,20250429 09:10:15,9:10:15,15,C,4,21%,5559.09,1745907007,0.00098704,0.987039911,0.651266957,419.6072,380.9968495,38.48134103,42.38105324,0.043813465,1.998712158,0.043286816,0.02710105,8.24245215,27.68369537,26.80426333,3.538219193,34.04038006,1.290194756,3.790189045,2.248024438,-43.52846008,126.5796524,13.72113161,105.0147761,0,0,1,0,26217,RECT-12807-20250324-17_57_43,10114.7,315.2007692,539.79,0.416067787,-0.222077465,RECT-15019-20250429-09_10_12,10106,230.8878846,635.5,0.636683108,0.5,42.14451031,0.651266957,13.41634891,0.020722614,-0.150605822,345.5935029,DARK-15020-20250429-09_10_20,179.64,179.64,0.717324941,0.887579773,-0.265750382,1.263231618,-0.426155785,0.690572529,0.309427471,15017,290,617.86,195,10125.3,617.9,-0.04,300,23.9,643.9887164,2.671747936,-26.41825314,2.346769117,0.819035533,-0.008287369,290,619.61,855,10114.1,617.87,1.74,None,None,None,None,None,None,None,None,None,None,None,None,None,50,42.14451031,0.842700486,0.164811938,2,0.5,0: Broadleaf,2,1745907007,419.6072,419.9623667,12.77398667,12.44915667,420.0747667,12.73873333,599.9639667,100.9414667,0.060263607,27.97896667,26.80426333,999.9,0,0,4997.333333,0,47.80338,-0.355147337,425.0365667,425.2565,0.324827933,419.9623667,12.44915667,1.289424333,1.256635,10.67613667,10.28996667,50.01125667,0.899926833,0.10007324,0,230.9392333,4.99918,157.7192,422.4261667,35.3393,39.2143,37.37053333,38.64146667,38.6664,40.50866667,4.501666667,0,37.4000001,0,230.8878846,-13.79894012,-35.80529918,157.6047308,15,1745906336,8:58:56,1745906336,1745906329,1,-0.167,0.016,-0.466,-0.059,420,6,2.09,0.77,-0.415419441,1.09418964,0.165039687,0,231.4662647,-12.10800609,1.326630568,0,0.329982756,-0.118551387,0.012399122,0,0,3,0/3,3.22077,2.6683,0.102248,0.103289,0.0714546,0.0710789,26653.9,24429,28197,24958.6,33565.1,24501.7,40165,27750.4,1.9482,1.5972,0.0952482,0,25.1927,999.9,32,27.1,11.4124,29.5999,18.8101,1,0.0920732,0,20.2822,5.22568,11.9021,4.9604,3.2914,9999,9999,9999,999.9,4.97247,1.8544,1.85635,1.85654,1.85623,1.85593,1.85092,1.85303,0,0,0,0,11111111,oooooooo,on,on,on,on,0,100,100,-0.467,0.0358,-1.3651146,0.00151024,1.49E-06,5.40E-12,-0.050416491,-0.011177753,0.001682567,-2.18E-05,3,2244,0,20,11.3,11.4,1.01562,2.5,1.59424,2.13135,1.50269,2.47925,33.513,24.0787,18,611.953,422.376,27.7343,28.7704,29.9999,28.8453,28.8847,20.4099,-30,-30,-999.9,420,0,100.401,74.8321
211,1745908261,1759.4,20250429 09:31:00,9:31:00,15,C,4,2%,5559.81,1745908253,0.004490149,4.49014901,20.67434246,412.4582581,241.6169945,24.40416983,41.65974085,0.218101829,1.99802495,0.20568598,0.129610316,321.5009346,30.06164327,28.25433871,3.851471299,42.37824457,1.707225883,4.028543185,2.144245415,-198.0155714,83.45223836,9.16269366,216.1002953,0,0,1,0,25645,RECT-12807-20250324-17_57_43,10114.7,315.2007692,539.79,0.416067787,-0.222077465,MPF-15023-20250429-09_30_58,10129.3,261.3218,310.5987773,0.15865155,0.5,1681.150664,20.67434246,133.358579,0.012429832,0.737901239,220.2838961,DARK-15024-20250429-09_31_05,177.27,177.27,0.42926369,0.369589959,0.632216768,-10.70774968,1.020490706,0.250714682,0.749285318,15023,290,293.56,155,10129.3,293.6,-0.04,300,23.9,310.5987773,3.252539845,-17.21724282,2.945262589,0.549641491,-0.006707649,290,293.59,775,10117.3,293.58,0.01,None,None,None,None,None,None,None,None,None,None,None,None,None,2000,1681.150664,0.840598381,0.160754875,2,0.5,0: Broadleaf,2,1745908253,412.4582581,419.9671613,16.90263548,15.43119355,413.0612581,16.82263548,599.9901935,100.9450968,0.058435194,29.02907097,28.25433871,999.9,0,0,4994.354839,0,223.1214194,-7.392674839,419.6910968,426.5492903,1.525572903,419.9671613,15.43119355,1.711702258,1.557703871,15.00294839,13.54662258,1999.945161,0.980003548,0.019996494,0,261.4608065,4.99918,5450.192903,19219.35484,36.68122581,38.667,37.33435484,37.812,38.94729032,1955.055161,39.89096774,0,1203.6,0,261.3218,-21.86215384,-455.8661531,5445.5264,15,1745908281,9:31:20,1745908280,1745908281,2,-0.137,-0.019,-0.603,0.08,420,16,1.1,0.37,-7.3802575,-0.254545441,0.11134263,1,262.7905,-29.06418641,3.001919065,0,1.5189965,0.156711895,0.016462464,0,1,3,01-Mar,3.22189,2.66729,0.101373,0.103787,0.0906097,0.0858623,26673.7,24407.1,28190.5,24950.1,32864.2,24102.3,40159.6,27740.3,1.96,1.6218,0.14782,0,25.897,999.9,35,29.9,14.6889,29.99,18.2091,1,0.100732,0,20.2603,5.22927,11.9021,4.962,3.292,9999,9999,9999,999.9,4.97244,1.85455,1.85657,1.85684,1.85638,1.85617,1.8512,1.85327,0,0,0,0,11111111,oooooooo,on,on,on,on,0,100,100,-0.603,0.08,-1.3651146,0.00151024,1.49E-06,5.40E-12,-0.050416491,-0.011177753,0.001682567,-2.18E-05,3,2244,0,20,32.1,32.2,1.03638,2.53174,1.59424,2.13379,1.50269,2.49023,36.2694,24.035,18,621.767,437.711,27.9977,28.8799,30.0005,28.9657,29.0282,20.835,-30,-30,-999.9,420,0,100.384,74.8057
212,1745908312,1810.4,20250429 09:31:51,9:31:51,15,C,4,2%,5559.99,1745908304,0.00462353,4.623529715,20.95821351,412.3874516,244.8680703,24.73317999,41.65366703,0.226199369,1.998290411,0.212876356,0.134179302,289.5716204,29.93310446,28.31370968,3.864796607,42.52362587,1.731788816,4.072533281,2.133007791,-203.8976604,97.30512886,10.69540615,193.674495,0,0,1,0,25457,RECT-12807-20250324-17_57_43,10114.7,315.2007692,539.79,0.416067787,-0.222077465,MPF-15025-20250429-09_31_49,10124.5,248,290.8155184,0.147225701,0.5,1513.211797,20.95821351,111.3918335,0.013996911,0.856125158,210.1451859,DARK-15026-20250429-09_31_56,167.46,167.46,0.424171032,0.347090418,0.668693045,-1.755795699,1.108577115,0.234370006,0.765629994,15025,290,281.49,225,10124.5,281.18,0.31,300,23.9,290.8155184,2.96463012,-9.751413298,2.67592728,0.321699617,-0.006873053,290,281.9,665,10118.4,281.18,0.72,None,None,None,None,None,None,None,None,None,None,None,None,None,1800,1513.211797,0.840658155,0.160870239,2,0.5,0: Broadleaf,2,1745908304,412.3874516,420.0091613,17.14538065,15.6306129,413.0119355,17.02440968,599.9939677,100.9473871,0.05875861,29.21692581,28.31370968,999.9,0,0,4995.322581,0,220.9123226,-7.621693871,419.5813871,426.6784194,1.51477,420.0091613,15.6306129,1.730782581,1.57787,15.17529032,13.74435806,1800.032258,0.977998516,0.022001587,0,248.1639677,4.99918,4694.490645,17282.17419,37.12283871,38.85670968,37.59045161,37.96951613,39.32632258,1755.542258,39.49,0,49.20000005,0,248,-12.58468369,-198.8581194,4691.963077,15,1745908281,9:31:20,1745908280,1745908281,2,-0.137,-0.019,-0.603,0.08,420,16,1.1,0.37,-7.610847073,-0.447409965,0.122636653,1,248.7592941,-14.55089379,1.548167105,0,1.515534878,-0.022065993,0.004794262,1,2,3,02-Mar,3.22167,2.66716,0.10133,0.103746,0.0912802,0.086607,26671,24406.6,28186.5,24948.8,32836.2,24081.2,40155.2,27738.7,1.9592,1.6198,0.148267,0,25.9298,999.9,35.1,30.1,14.8987,30.17,18.1851,1,0.105244,0,20.2622,5.22807,11.9021,4.9612,3.292,9999,9999,9999,999.9,4.97247,1.85458,1.85666,1.85684,1.85638,1.85611,1.8512,1.85333,0,0,0,0,11111111,oooooooo,on,on,on,on,0,100,100,-0.625,0.1215,-1.502391713,0.00151024,1.49E-06,5.40E-12,-0.069040696,-0.011177753,0.001682567,-2.18E-05,3,2244,0,20,0.5,0.5,1.03638,2.52808,1.59424,2.13501,1.50269,2.47681,36.4343,24.0437,18,621.872,437.003,28.0714,28.9493,30.0003,29.0323,29.0924,20.8358,-30,-30,-999.9,420,0,100.371,74.8015
213,1745908351,1849.9,20250429 09:32:31,9:32:31,15,C,4,2%,5559.99,1745908343,0.004461071,4.461070835,20.57161678,412.5270333,244.6859404,24.71518093,41.66843528,0.221082212,2.000032333,0.208347363,0.131300108,257.6660021,29.774138,28.21024,3.841599676,42.57180677,1.73859252,4.08390588,2.103007156,-196.7332238,113.7522054,12.48889931,187.173883,0,0,1,0,24740,RECT-12807-20250324-17_57_43,10114.7,315.2007692,539.79,0.416067787,-0.222077465,MPF-15027-20250429-09_32_28,10125.1,243.53924,293.1720275,0.169295781,0.5,1345.18548,20.57161678,113.8671135,0.015457864,0.841205672,211.3729014,DARK-15028-20250429-09_32_35,168.78,168.78,0.424297054,0.399002963,0.664720553,-2.253092259,1.098084586,0.276521024,0.723478976,15027,290,280.72,235,10125.1,280.2,0.52,300,23.9,293.1720275,2.407031695,-13.12955693,2.166008132,0.567523844,-0.007040909,290,279.12,855,10115.3,280.19,-1.07,None,None,None,None,None,None,None,None,None,None,None,None,None,1600,1345.18548,0.840747406,0.161042493,2,0.5,0: Broadleaf,2,1745908343,412.5270333,419.9976,17.21246333,15.75105,413.1509667,17.08972,600.0061333,100.9491,0.058668977,29.26520333,28.21024,999.9,0,0,5002.333333,0,221.5335667,-7.470545333,419.7519667,426.7188667,1.461413,419.9976,15.75105,1.737584,1.590055333,15.23632,13.86275,1599.987667,0.975006967,0.024993187,0,243.6922,4.99918,4121.527333,15341.32,37.2996,39.0124,37.80786667,38.1208,39.53306667,1555.127667,39.86133333,0,37.19999981,0,243.53924,-19.72046157,-307.4207697,4119.4476,15,1745908281,9:31:20,1745908280,1745908281,2,-0.137,-0.019,-0.603,0.08,420,16,1.1,0.37,-7.415102195,-0.787208571,0.13643221,0,246.4687941,-41.8071963,4.457426874,0,1.462577805,-0.02404223,0.004603824,1,1,3,01-Mar,3.22222,2.66677,0.101379,0.103744,0.0915318,0.0870852,26667.1,24404.2,28184.1,24946.5,32824.6,24066.6,40152.2,27736.3,1.9598,1.6184,0.13864,0,25.9604,999.9,35.1,30.2,14.9853,30.03,18.2292,1,0.108455,0,20.2637,5.22927,11.9021,4.9612,3.292,9999,9999,9999,999.9,4.9725,1.85471,1.85666,1.85684,1.85644,1.85614,1.85123,1.85333,0,0,0,0,11111111,oooooooo,on,on,on,on,0,100,100,-0.624,0.1233,-1.502391713,0.00151024,1.49E-06,5.40E-12,-0.069040696,-0.011177753,0.001682567,-2.18E-05,3,2244,0,20,1.2,1.2,1.03638,2.5293,1.59424,2.13623,1.50269,2.45361,36.5759,24.035,18,622.802,436.517,28.1291,28.9965,30.0003,29.0802,29.139,20.8363,-30,-30,-999.9,420,0,100.364,74.7948
214,1745908391,1889.4,20250429 09:33:10,9:33:10,15,C,4,2%,5559.72,1745908383,0.00428773,4.287729502,19.86072555,412.7734667,246.5786793,24.90661119,41.69374365,0.215257236,2.000121443,0.203165417,0.128008151,225.7774309,29.57969596,28.10245667,3.817564914,42.69668951,1.744505441,4.085809606,2.073059473,-189.088871,126.2498019,13.85353822,176.7918999,0,0,1,0,25926,RECT-12807-20250324-17_57_43,10114.7,315.2007692,539.79,0.416067787,-0.222077465,MPF-15029-20250429-09_33_08,10129.7,238.4514,294.9455911,0.19154106,0.5,1177.185608,19.86072555,112.7396895,0.017060014,0.830134154,212.293283,DARK-15030-20250429-09_33_15,167.94,167.94,0.430606847,0.444816568,0.658449399,-2.789123396,1.090187664,0.313281844,0.686718156,15029,290,281.39,175,10129.7,280.47,0.92,300,23.9,294.9455911,2.930232482,-14.66720521,2.628919587,0.526444726,-0.007208098,290,280.87,725,10118.8,280.45,0.42,None,None,None,None,None,None,None,None,None,None,None,None,None,1400,1177.185608,0.840867084,0.161273472,2,0.5,0: Broadleaf,2,1745908383,412.7734667,419.9836333,17.27083,15.86627667,413.3968,17.14652667,600.0024,100.9497,0.05907846,29.27327333,28.10245667,999.9,0,0,5002.666667,0,223.2710333,-7.210189,420.0277,426.7547,1.404559333,419.9836333,15.86627667,1.743485,1.601695333,15.28910333,13.97512,1399.966333,0.970992333,0.029007703,0,238.6385667,4.99918,3556.919667,13400.00667,37.375,39.17253333,37.9895,38.2437,39.687,1354.506333,40.463,0,37.19999981,0,238.4514,-17.62392312,-218.419231,3555.2572,15,1745908281,9:31:20,1745908280,1745908281,2,-0.137,-0.019,-0.603,0.08,420,16,1.1,0.37,-7.17452675,-0.387738799,0.107103802,1,241.2793529,-40.68195567,4.33509189,0,1.407804,-0.049908743,0.006820726,1,2,3,02-Mar,3.22194,2.66774,0.101437,0.103734,0.0916994,0.0875542,26663.9,24403.4,28182.7,24945.5,32817,24052.8,40150.3,27734.7,1.9586,1.6176,0.128746,0,25.9824,999.9,35.1,30.3,15.0689,29.76,18.0329,1,0.111341,0,20.2655,5.22807,11.9021,4.9616,3.292,9999,9999,9999,999.9,4.9725,1.85468,1.85669,1.85684,1.85644,1.85617,1.85123,1.85324,0,0,0,0,11111111,oooooooo,on,on,on,on,0,100,100,-0.623,0.1245,-1.502391713,0.00151024,1.49E-06,5.40E-12,-0.069040696,-0.011177753,0.001682567,-2.18E-05,3,2244,0,20,1.9,1.8,1.0376,2.5293,1.59424,2.13501,1.50269,2.46582,36.718,24.0437,18,622.379,436.36,28.185,29.0387,30.0003,29.1238,29.1828,20.8411,-30,-30,-999.9,420,0,100.359,74.7911
215,1745908430,1928.9,20250429 09:33:50,9:33:50,15,C,4,2%,5559.99,1745908422,0.004076976,4.076976385,18.89384319,413.1423333,249.2591368,25.17754952,41.73131501,0.207365506,1.997967791,0.196107768,0.123527861,193.7999474,29.38875581,27.98504333,3.791532132,42.81535407,1.749191883,4.085431315,2.042340249,-179.7946586,138.5882703,15.21485014,167.8084093,0,0,1,0,26014,RECT-12807-20250324-17_57_43,10114.7,315.2007692,539.79,0.416067787,-0.222077465,MPF-15031-20250429-09_33_47,10124.5,233.51724,298.0262273,0.216454061,0.5,1009.167941,18.89384319,109.2192497,0.018942259,0.811216432,213.8846113,DARK-15032-20250429-09_33_54,164.18,164.18,0.449108887,0.481963434,0.64365638,-3.75608196,1.076470906,0.338856166,0.661143834,15031,290,284.63,285,10124.5,283.04,1.59,300,23.9,298.0262273,2.526713268,-15.16978708,2.259734343,0.616782205,-0.007374645,290,282.54,785,10117.5,283.03,-0.49,None,None,None,None,None,None,None,None,None,None,None,None,None,1200,1009.167941,0.840985665,0.161502334,2,0.5,0: Broadleaf,2,1745908422,413.1423333,420.0018667,17.31709667,15.98161333,413.7646,17.19157,599.9887667,100.9509333,0.058601737,29.27167,27.98504333,999.9,0,0,4993.833333,0,225.288,-6.859585667,420.4229333,426.8233333,1.335477667,420.0018667,15.98161333,1.748176667,1.61336,15.33097,14.08699667,1199.982333,0.967007667,0.032992233,0,233.6657,4.99918,3016.300667,11464.14333,37.375,39.2996,38.1124,38.3708,39.75,1155.556333,39.426,0,37.19999981,0,233.51724,-12.68723079,-150.3800001,3014.6548,15,1745908281,9:31:20,1745908280,1745908281,2,-0.137,-0.019,-0.603,0.08,420,16,1.1,0.37,-6.86298475,0.081957636,0.101320419,1,235.8388824,-34.67569136,3.809363223,0,1.340176,-0.084881876,0.009563861,1,2,3,02-Mar,3.22202,2.66719,0.101474,0.103733,0.0918585,0.0879766,26660.5,24402.3,28180.4,24944.4,32808.9,24040.7,40147.5,27733.6,1.9584,1.6158,0.12213,0,25.9999,999.9,35.1,30.5,15.245,29.83,18.2812,1,0.11372,0,20.267,5.22807,11.9021,4.9612,3.292,9999,9999,9999,999.9,4.97253,1.85471,1.85669,1.85684,1.85641,1.85623,1.8512,1.85333,0,0,0,0,11111111,oooooooo,on,on,on,on,0,100,100,-0.622,0.1258,-1.502391713,0.00151024,1.49E-06,5.40E-12,-0.069040696,-0.011177753,0.001682567,-2.18E-05,3,2244,0,20,2.5,2.5,1.0376,2.5354,1.59424,2.13501,1.50269,2.39502,36.8604,24.0437,18,622.643,435.593,28.2371,29.0786,30.0006,29.1636,29.2227,20.8427,-30,-30,-999.9,420,0,100.351,74.788
216,1745908470,1968.4,20250429 09:34:29,9:34:29,15,C,4,2%,5559.99,1745908462,0.003835799,3.835799241,18.08457286,413.4242333,249.3888874,25.19093633,41.76025505,0.19763638,2.000557243,0.187394723,0.117997629,161.9064997,29.18327274,27.85433,3.762732802,42.94262126,1.751573009,4.078868399,2.011159793,-169.1587465,149.863551,16.41846608,159.0297703,0,0,1,0,25279,RECT-12807-20250324-17_57_43,10114.7,315.2007692,539.79,0.416067787,-0.222077465,MPF-15033-20250429-09_34_27,10128.3,229.4253462,305.8872778,0.249967675,0.5,841.2021963,18.08457286,105.1366786,0.021762485,0.764669665,217.9035232,DARK-15034-20250429-09_34_34,162.97,162.97,0.46722204,0.535008313,0.620727993,-8.209803216,1.041469003,0.380037804,0.619962196,15033,290,289.66,235,10128.3,288.52,1.14,300,23.9,305.8872778,2.314862754,-17.59356009,2.064045044,0.721823734,-0.007542283,290,287.87,805,10118.8,288.5,-0.63,None,None,None,None,None,None,None,None,None,None,None,None,None,1000,841.2021963,0.841194289,0.161904978,2,0.5,0: Broadleaf,2,1745908462,413.4242333,419.9809333,17.34047667,16.08406667,414.0456333,17.21433,600.0087,100.9519,0.05876091,29.24383333,27.85433,999.9,0,0,5004.333333,0,227.6071333,-6.556826667,420.7195333,426.8464333,1.256405333,419.9809333,16.08406667,1.750554,1.623717667,15.35212,14.18575,1000.0094,0.959992,0.0400082,0,229.3812667,4.99918,2490.184333,9523.962,37.28513333,39.39566667,38.187,38.4685,39.77893333,955.2,39.81,0,37.20000005,0,229.4253462,-12.19032477,-124.4304273,2490.615,15,1745908281,9:31:20,1745908280,1745908281,2,-0.137,-0.019,-0.603,0.08,420,16,1.1,0.37,-6.55160125,0.059239137,0.121585538,1,231.6898824,-33.32186402,3.628409502,0,1.26522625,-0.145300976,0.015114671,0,1,3,01-Mar,3.22227,2.66704,0.101524,0.103721,0.0919245,0.0883879,26657,24401.6,28178.4,24943.5,32804.5,24029.1,40145,27732.6,1.9588,1.6146,0.112653,0,26.0087,999.9,35.1,30.6,15.3305,29.62,18.149,1,0.116159,0,20.2689,5.22687,11.9021,4.9604,3.292,9999,9999,9999,999.9,4.97253,1.85471,1.85669,1.85693,1.85651,1.85623,1.85132,1.85333,0,0,0,0,11111111,oooooooo,on,on,on,on,0,100,100,-0.621,0.1263,-1.502391713,0.00151024,1.49E-06,5.40E-12,-0.069040696,-0.011177753,0.001682567,-2.18E-05,3,2244,0,20,3.2,3.1,1.0376,2.53418,1.59424,2.13501,1.50269,2.50488,37.027,24.0437,18,623.296,435.147,28.2861,29.1136,30.0006,29.1983,29.2593,20.8458,-30,-30,-999.9,420,0,100.345,74.7854
217,1745908509,2008,20250429 09:35:09,9:35:09,15,C,4,2%,5560.08,1745908501,0.003609983,3.609983096,17.00734073,413.8263871,252.0665074,25.46185574,41.80161768,0.188137427,2.001493265,0.17883582,0.112569766,129.9821637,28.97263349,27.73064839,3.735658658,43.0210612,1.752006547,4.07243917,1.98365211,-159.2002545,160.3328673,17.54405891,148.6588353,0,0,1,0,24808,RECT-12807-20250324-17_57_43,10114.7,315.2007692,539.79,0.416067787,-0.222077465,MPF-15035-20250429-09_35_06,10127.8,222.7642,320.047754,0.303965745,0.5,673.1931241,17.00734073,102.3138248,0.025593574,0.686592058,224.9950353,DARK-15036-20250429-09_35_13,163.83,163.83,0.48810764,0.622743264,0.584483046,20.07094282,0.978418445,0.457991136,0.542008864,15035,290,298.76,295,10127.8,298.84,-0.08,300,23.9,320.047754,3.259368,-21.47636057,2.897384254,0.662417129,-0.007710019,290,296.18,765,10121.1,298.83,-2.65,None,None,None,None,None,None,None,None,None,None,None,None,None,800,673.1931241,0.841490998,0.162477626,2,0.5,0: Broadleaf,2,1745908501,413.8263871,419.9936452,17.34446129,16.16197097,414.4469355,17.21819032,599.9829032,100.9535806,0.058870426,29.21652581,27.73064839,999.9,0,0,5008.064516,0,231.7032903,-6.167037097,421.130871,426.8929355,1.182489677,419.9936452,16.16197097,1.750985161,1.631608387,15.35596129,14.26061613,800.0003871,0.949988581,0.050011229,0,223.0558065,4.99918,1982.735806,7584.770323,37.157,39.49187097,38.20732258,38.554,39.75,755.2419355,39.76,0,37.79999995,0,222.7642,-3.449615386,-55.65923082,1980.2936,15,1745908281,9:31:20,1745908280,1745908281,2,-0.137,-0.019,-0.603,0.08,420,16,1.1,0.37,-6.17035175,0.106951632,0.105905247,1,224.9296765,-29.02027499,3.374723245,0,1.19007975,-0.159721689,0.016353945,0,1,3,01-Mar,3.22306,2.66695,0.101594,0.103697,0.0919252,0.0886818,26653.7,24400.8,28177.2,24942.1,32803.5,24020.4,40143.9,27731.6,1.9584,1.613,0.103503,0,26.0262,999.9,35,30.7,15.3731,29.9818,18.0929,1,0.118211,0,20.2707,5.22687,11.9021,4.9616,3.292,9999,9999,9999,999.9,4.9725,1.85471,1.85669,1.85693,1.85654,1.85623,1.85129,1.85336,0,0,0,0,11111111,oooooooo,on,on,on,on,0,100,100,-0.62,0.1263,-1.502391713,0.00151024,1.49E-06,5.40E-12,-0.069040696,-0.011177753,0.001682567,-2.18E-05,3,2244,0,20,3.8,3.8,1.0376,2.5354,1.59424,2.13501,1.50269,2.41821,37.1702,24.0437,18,623.362,434.446,28.3327,29.1445,30.0006,29.2332,29.2919,20.8454,-30,-30,-999.9,420,0,100.341,74.782
218,1745908549,2047.5,20250429 09:35:48,9:35:48,15,C,4,2%,5560.08,1745908541,0.003387379,3.387379109,15.69935202,414.3033,257.1135638,25.97222718,41.85068757,0.17863576,1.999170783,0.170218131,0.107109562,98.071081,28.74512411,27.59285667,3.705696107,43.07195083,1.749765027,4.062423442,1.955931079,-149.3834187,170.404814,18.65108371,137.74356,0,0,1,0,25998,RECT-12807-20250324-17_57_43,10114.7,315.2007692,539.79,0.416067787,-0.222077465,MPF-15037-20250429-09_35_46,10130.2,218.1185,342.6918188,0.363514131,0.5,505.2110576,15.69935202,91.82567937,0.031514412,0.575147028,235.9557631,DARK-15038-20250429-09_35_53,158.77,158.77,0.536697431,0.677316697,0.517290906,4.5314137,0.877594088,0.493023618,0.506976382,15037,290,318.84,275,10130.2,318.37,0.47,300,23.9,342.6918188,3.324938647,-24.63558033,2.946748767,0.713976096,-0.007878232,290,316.65,725,10124,318.36,-1.71,None,None,None,None,None,None,None,None,None,None,None,None,None,600,505.2110576,0.841993216,0.163446907,2,0.5,0: Broadleaf,2,1745908541,414.3033,420.0043667,17.3219,16.21230333,414.9223333,17.19622333,599.9843667,100.9556333,0.058979807,29.17391,27.59285667,999.9,0,0,4998.5,0,233.9236667,-5.701158,421.6063333,426.9258,1.109594,420.0043667,16.21230333,1.748742,1.636721,15.33598333,14.30895,600.0179667,0.932996633,0.067003493,0,218.0649333,4.99918,1495.937,5645.346667,36.99983333,39.5434,38.2269,38.6208,39.687,555.1506667,39.86533333,0,37.19999981,0,218.1185,-8.625606852,-52.71897447,1496.219615,15,1745908281,9:31:20,1745908280,1745908281,2,-0.137,-0.019,-0.603,0.08,420,16,1.1,0.37,-5.67872275,-0.030305854,0.111507743,1,219.4055,-21.59194807,2.552836326,0,1.1161935,-0.136926304,0.014410176,0,1,3,01-Mar,3.22179,2.66723,0.101679,0.10371,0.0917961,0.0888296,26649.9,24400.7,28175.9,24942.5,32807.3,24015.9,40142.8,27730.9,1.9576,1.6124,0.0935793,0,26.0461,999.9,34.9,30.9,15.5066,29.9818,18.3894,1,0.119553,0,20.2724,5.22807,11.9021,4.9616,3.292,9999,9999,9999,999.9,4.97253,1.85471,1.85672,1.85696,1.85654,1.85623,1.85135,1.85336,0,0,0,0,11111111,oooooooo,on,on,on,on,0,100,100,-0.62,0.1254,-1.502391713,0.00151024,1.49E-06,5.40E-12,-0.069040696,-0.011177753,0.001682567,-2.18E-05,3,2244,0,20,4.5,4.5,1.0376,2.5293,1.59424,2.13379,1.50269,2.4939,37.3138,24.0525,18,623.084,434.322,28.3791,29.1736,30,29.2631,29.3241,20.8472,-30,-30,-999.9,420,0,100.338,74.7814
219,1745908588,2087,20250429 09:36:28,9:36:28,15,C,4,2%,5559.99,1745908580,0.003196623,3.196622847,14.57660085,414.6846667,260.234522,26.28791397,41.88988747,0.168670571,1.998208857,0.16114119,0.101361717,82.08712845,28.64280067,27.5438,3.695079565,43.05458479,1.745139458,4.053318519,1.949940106,-140.9710675,171.4255915,18.7636345,131.3052869,0,0,1,0,25999,RECT-12807-20250324-17_57_43,10114.7,315.2007692,539.79,0.416067787,-0.222077465,MPF-15039-20250429-09_36_25,10136.4,218.8326923,360.7788639,0.393443701,0.5,421.1585854,14.57660085,82.85109638,0.035138019,0.496179666,244.3918311,DARK-15040-20250429-09_36_32,158.61,158.61,0.560367816,0.702116878,0.469623632,3.11435071,0.797060195,0.508894521,0.491105479,15039,290,340.19,175,10136.4,338.76,1.43,300,23.9,360.7788639,2.55833893,-22.32200002,2.263930168,0.776387367,-0.00796251,290,337.43,735,10124.9,338.73,-1.3,None,None,None,None,None,None,None,None,None,None,None,None,None,500,421.1585854,0.842376025,0.164185728,2,0.5,0: Broadleaf,2,1745908580,414.6846667,419.9854333,17.27583,16.22869,415.3028667,17.15139,599.9959,100.9573,0.058943993,29.13509,27.5438,999.9,0,0,4994.5,0,236.5450667,-5.300734,421.9747,426.9137,1.047138333,419.9854333,16.22869,1.744121,1.638404333,15.29478667,14.32481667,499.9650667,0.9200064,0.079993613,0,218.7565333,4.99918,1276.610667,4676.06,36.8288,39.562,38.187,38.67873333,39.5956,455.3723333,39.598,0,37.19999981,0,218.8326923,-17.01784618,-86.41641036,1276.882308,15,1745908281,9:31:20,1745908280,1745908281,2,-0.137,-0.019,-0.603,0.08,420,16,1.1,0.37,-5.29062,0.027130244,0.115719329,1,220.3446176,-28.26375862,3.085353874,0,1.054430488,-0.14837561,0.01555366,0,1,3,01-Mar,3.2219,2.66739,0.101765,0.103716,0.0915931,0.0888871,26645.8,24399,28174.4,24941.1,32812.3,24013.5,40139.9,27729.8,1.9558,1.6112,0.0888407,0,26.0703,999.9,34.7,31,15.5078,29.9018,18.1811,1,0.121626,0,20.2729,5.22687,11.9021,4.9608,3.292,9999,9999,9999,999.9,4.9725,1.85471,1.85669,1.85696,1.85654,1.85623,1.85135,1.85333,0,0,0,0,11111111,oooooooo,on,on,on,on,0,100,100,-0.617,0.1241,-1.502391713,0.00151024,1.49E-06,5.40E-12,-0.069040696,-0.011177753,0.001682567,-2.18E-05,3,2244,0,20,5.1,5.1,1.0376,2.53418,1.59424,2.13379,1.50269,2.36206,37.4578,24.0525,18,622.047,433.817,28.4239,29.2011,30.0002,29.2906,29.3514,20.8499,-30,-30,-999.9,420,0,100.331,74.7779
220,1745908628,2126.5,20250429 09:37:07,9:37:07,15,C,4,2%,5560.08,1745908620,0.003045383,3.045382738,13.36863889,415.1090667,266.1147322,26.88200797,41.93291047,0.160597257,1.998254646,0.15375584,0.096687787,66.12795848,28.53962827,27.49536667,3.684623969,42.92996312,1.737524069,4.047345823,1.947099901,-134.3013787,173.8994073,19.02697256,124.7529596,0,0,1,0,25796,RECT-12807-20250324-17_57_43,10114.7,315.2007692,539.79,0.416067787,-0.222077465,MPF-15041-20250429-09_37_05,10136.1,220.1696538,403.358196,0.454158472,0.5,337.1880708,13.36863889,76.56840959,0.040306041,0.338239821,263.2136675,DARK-15042-20250429-09_37_12,162.72,162.72,0.596586851,0.761261284,0.361820893,2.077970613,0.6074726,0.56262266,0.43737734,15041,290,372.52,205,10136.1,371.37,1.15,300,23.9,403.358196,2.706510296,-32.42621097,2.391507345,0.867827139,-0.008046966,290,368.78,675,10128.1,371.34,-2.56,None,None,None,None,None,None,None,None,None,None,None,None,None,400,337.1880708,0.842962942,0.165318477,2,0.5,0: Broadleaf,2,1745908620,415.1090667,419.9866667,17.20038,16.20271333,415.726,17.07794667,600.0002,100.9577,0.05890945,29.10958333,27.49536667,999.9,0,0,4994.666667,0,236.3524,-4.877605333,422.3741667,426.9036333,0.997663567,419.9866667,16.20271333,1.736511,1.635789667,15.22670667,14.30014667,400.0034333,0.899988167,0.10001187,0,220.1146,4.99918,1058.334667,3707.082,36.65393333,39.5704,38.13326667,38.687,39.4916,355.499,39.50633333,0,37.19999981,0,220.1696538,-17.61282051,-64.78290606,1058.522308,15,1745908281,9:31:20,1745908280,1745908281,2,-0.137,-0.019,-0.603,0.08,420,16,1.1,0.37,-4.895509268,0.555066481,0.117170185,0,221.6062059,-25.41566079,2.6889914,0,1.006808317,-0.155402258,0.016238551,0,0,3,0/3,3.22218,2.66683,0.101826,0.103685,0.0912871,0.0887478,26643.2,24399.9,28173.6,24941.1,32823.4,24017.1,40139.8,27729.7,1.9566,1.6096,0.0861287,0,26.0923,999.9,34.5,31.2,15.5931,30.1118,18.2332,1,0.123171,0,20.2739,5.22687,11.9021,4.9612,3.292,9999,9999,9999,999.9,4.97259,1.85474,1.85672,1.85696,1.85654,1.85623,1.85135,1.85336,0,0,0,0,11111111,oooooooo,on,on,on,on,0,100,100,-0.617,0.122,-1.502391713,0.00151024,1.49E-06,5.40E-12,-0.069040696,-0.011177753,0.001682567,-2.18E-05,3,2244,0,20,5.8,5.8,1.0376,2.53418,1.59424,2.13379,1.50269,2.40356,37.6022,24.0525,18,622.916,433.088,28.4665,29.2262,30.0004,29.318,29.3812,20.8518,-30,-30,-999.9,420,0,100.33,74.7779
221,1745908667,2166,20250429 09:37:47,9:37:47,15,C,4,2%,5560.08,1745908659,0.002918258,2.918258404,12.02585062,415.5853333,274.662759,27.74652844,41.98257643,0.153355256,2.000142637,0.147109674,0.092483492,49.58574334,28.43480891,27.45899667,3.676789541,42.68979515,1.726411204,4.044084067,1.950378337,-128.6951956,176.4820163,19.2864907,116.6590548,0,0,1,0,25146,RECT-12807-20250324-17_57_43,10114.7,315.2007692,539.79,0.416067787,-0.222077465,MPF-15043-20250429-09_37_44,10129.7,226.11648,456.0117819,0.504143338,0.5,252.8754492,12.02585062,63.74273654,0.048434627,0.183719416,284.6622886,DARK-15044-20250429-09_37_51,167.26,167.26,0.633211231,0.796169293,0.224889856,1.632651435,0.373028652,0.588932199,0.411067801,15043,290,426.31,175,10129.7,423.54,2.77,300,23.9,456.0117819,2.421825291,-32.88799474,2.134780718,0.894474428,-0.008123898,290,419.84,665,10120.4,423.52,-3.68,None,None,None,None,None,None,None,None,None,None,None,None,None,300,252.8754492,0.842949166,0.16529189,2,0.5,0: Broadleaf,2,1745908659,415.5853333,419.9982333,17.08973667,16.13360333,416.2007,16.97024,599.9971,100.9615333,0.058818103,29.09564,27.45899667,999.9,0,0,5002.166667,0,237.6269333,-4.412991333,422.8109333,426.8854,0.9561384,419.9982333,16.13360333,1.725406333,1.628872,15.12690667,14.23469333,299.9889667,0.900017233,0.09998282,0,226.19,4.99918,859.6436667,2768.481,36.47476667,39.5704,38.062,38.687,39.375,265.497,29.49033333,0,37.20000005,0,226.11648,-6.204307707,-27.59607692,859.5536,15,1745908281,9:31:20,1745908280,1745908281,2,-0.137,-0.019,-0.603,0.08,420,16,1.1,0.37,-4.40889878,-0.025078955,0.105632172,1,226.5692353,-8.071016057,1.011883772,0,0.963240244,-0.138091547,0.01483158,0,1,3,01-Mar,3.22235,2.66701,0.101906,0.103661,0.0908458,0.0884102,26638.9,24398.5,28171.7,24939.2,32837,24024.9,40136.9,27728.5,1.9564,1.608,0.0804365,0,26.1276,999.9,34.2,31.3,15.5458,30.0318,18.4014,1,0.124797,0,20.2747,5.22568,11.9033,4.9608,3.292,9999,9999,9999,999.9,4.97259,1.8548,1.85681,1.85693,1.85654,1.85623,1.85135,1.85336,0,0,0,0,11111111,oooooooo,on,on,on,on,0,100,100,-0.616,0.1189,-1.502391713,0.00151024,1.49E-06,5.40E-12,-0.069040696,-0.011177753,0.001682567,-2.18E-05,3,2244,0,20,6.5,6.4,1.0376,2.54028,1.59424,2.13379,1.50269,2.46582,37.747,24.0612,18,623.053,432.349,28.5095,29.2538,30.0004,29.3455,29.4085,20.8528,-30,-30,-999.9,420,0,100.323,74.7733
222,1745908707,2205.5,20250429 09:38:26,9:38:26,15,C,4,2%,5560.17,1745908699,0.00280084,2.800839987,9.686114077,416.3485667,295.6157743,29.86335948,42.05988989,0.146502398,1.998020768,0.140785539,0.088486011,33.04966294,28.30663807,27.41326,3.666958086,42.38109281,1.710704065,4.036479362,1.956254021,-123.5170434,177.7155849,19.43434967,106.6825541,0,0,1,0,25179,RECT-12807-20250324-17_57_43,10114.7,315.2007692,539.79,0.416067787,-0.222077465,MPF-15045-20250429-09_38_24,10124.5,234.5203462,561.6537221,0.582446734,0.5,168.5893565,9.686114077,49.09716004,0.058771157,-0.038927405,322.5322386,DARK-15046-20250429-09_38_31,178.21,178.21,0.682704854,0.853145735,-0.060467178,1.327366429,-0.097349824,0.648298128,0.351701872,15045,290,513.58,135,10124.5,513.21,0.37,300,23.9,561.6537221,2.455355742,-49.04881133,2.159146845,0.948534236,-0.008199771,290,508.43,655,10113.1,513.15,-4.72,None,None,None,None,None,None,None,None,None,None,None,None,None,200,168.5893565,0.842924305,0.165243908,2,0.5,0: Broadleaf,2,1745908699,416.3485667,419.9659667,16.93416667,16.01636667,416.9621667,16.81876,600.0022,100.9620333,0.05882577,29.06309333,27.41326,999.9,0,0,4993.5,0,236.3032,-3.617367333,423.5206,426.8017667,0.917807667,419.9659667,16.01636667,1.709708667,1.617044667,14.98484667,14.12219,200.0053333,0.900034867,0.09996502,0,234.4889,4.99918,653.0376667,1830.146,36.28723333,39.562,37.9853,38.6912,39.24993333,175.5113333,19.496,0,37.19999981,0,234.5203462,16.07107696,32.45811963,652.9007692,15,1745908281,9:31:20,1745908280,1745908281,2,-0.137,-0.019,-0.603,0.08,420,16,1.1,0.37,-3.660437317,0.838245784,0.127648536,0,232.9130294,28.34067226,3.017501016,0,0.923381951,-0.101739909,0.011346278,0,0,3,0/3,3.22189,2.6669,0.102051,0.103691,0.0901928,0.0879022,26634.5,24397.6,28171.7,24939.2,32860.7,24037.9,40136.9,27728,1.9558,1.607,0.0752509,0,26.1629,999.9,33.8,31.4,15.4495,29.9718,18.4295,1,0.12626,0,20.2756,5.22807,11.9021,4.9604,3.292,9999,9999,9999,999.9,4.97253,1.85474,1.85675,1.85699,1.85654,1.85623,1.85135,1.85339,0,0,0,0,11111111,oooooooo,on,on,on,on,0,100,100,-0.613,0.1145,-1.502391713,0.00151024,1.49E-06,5.40E-12,-0.069040696,-0.011177753,0.001682567,-2.18E-05,3,2244,0,20,7.1,7.1,1.0376,2.53418,1.59424,2.13257,1.50269,2.49756,37.8921,24.0612,18,622.897,431.977,28.5527,29.279,30,29.3731,29.4383,20.8561,-30,-30,-999.9,420,0,100.323,74.7726
223,1745908746,2245,20250429 09:39:06,9:39:06,15,C,4,2%,5560.17,1745908738,0.002688176,2.688176339,5.837773873,417.6758,336.5264087,33.99700667,42.19498557,0.139561819,1.999848575,0.134368028,0.084430555,16.50829691,28.17982968,27.37221667,3.658155039,41.95700591,1.690579382,4.029313687,1.967575658,-118.5485766,178.9915389,19.54900836,96.50026765,0,0,1,0,26188,RECT-12807-20250324-17_57_43,10114.7,315.2007692,539.79,0.416067787,-0.222077465,MPF-15047-20250429-09_39_03,10112.5,231.96512,629.4604051,0.631485764,0.5,84.27446631,5.837773873,26.60906289,0.071906137,-0.14245599,343.7996171,DARK-15048-20250429-09_39_10,183.34,183.34,0.708734658,0.891004492,-0.251565171,1.26486268,-0.399264046,0.704229859,0.295770141,15047,290,587.52,195,10112.5,585.25,2.27,300,23.9,629.4604051,2.809481278,-44.70305857,2.464534056,0.921570114,-0.008276738,290,580.78,775,10101.8,585.21,-4.43,None,None,None,None,None,None,None,None,None,None,None,None,None,100,84.27446631,0.84285179,0.165103954,2,0.5,0: Broadleaf,2,1745908738,417.6758,419.9961,16.73455,15.85344333,418.2858333,16.62435,599.9707,100.9642667,0.05902836,29.03237667,27.37221667,999.9,0,0,5000.833333,0,233.3439,-2.320168667,424.7843667,426.7616667,0.881103333,419.9961,15.85344333,1.689591333,1.600631,14.80111,13.96487,99.98729,0.899954833,0.100045233,0,231.889,4.99918,417.2113333,891.4459,36.0851,39.55166667,37.875,38.687,39.1187,85.48566667,9.505,0,37.20000005,0,231.96512,14.24215385,7.412307614,417.22576,15,1745908281,9:31:20,1745908280,1745908281,2,-0.137,-0.019,-0.603,0.08,420,16,1.1,0.37,-2.44918725,2.714237111,0.294083153,0,230.9577647,16.57427044,1.729933985,0,0.88749625,-0.121093959,0.013019813,0,0,3,0/3,3.22207,2.66783,0.102294,0.103682,0.0893377,0.0871899,26625.4,24396.4,28169.8,24937.8,32889.4,24055.9,40133.9,27727,1.9546,1.6048,0.0704527,0,26.1895,999.9,33.4,31.6,15.4426,29.6818,18.3293,1,0.128171,0,20.2768,5.22807,11.9057,4.9604,3.292,9999,9999,9999,999.9,4.97256,1.85483,1.85672,1.85699,1.85654,1.85626,1.85135,1.85339,0,0,0,0,11111111,oooooooo,on,on,on,on,0,100,100,-0.61,0.1088,-1.502391713,0.00151024,1.49E-06,5.40E-12,-0.069040696,-0.011177753,0.001682567,-2.18E-05,3,2244,0,20,7.8,7.8,1.0376,2.53784,1.59424,2.13257,1.50269,2.40845,38.0134,24.0612,18,622.279,430.885,28.5928,29.3066,30.0005,29.3991,29.4657,20.8544,-30,-30,-999.9,420,0,100.316,74.7693
224,1745908786,2284.5,20250429 09:39:45,9:39:45,15,C,4,2%,5560.47,1745908778,0.002599852,2.599852249,2.634718283,418.7327,373.3050896,37.71265534,42.30191989,0.133139104,1.998951179,0.128401586,0.080662594,8.240374029,28.11254852,27.35465,3.65439295,41.33797531,1.662713454,4.022242118,1.991679496,-114.6534842,177.5325147,19.39373024,90.51313483,0,0,1,0,26309,RECT-12807-20250324-17_57_43,10114.7,315.2007692,539.79,0.416067787,-0.222077465,RECT-15049-20250429-09_39_43,10111.1,232.1493846,625.04,0.628584755,0.5,42.13112229,2.634718283,13.2414906,0.067807255,-0.136391271,342.4767315,DARK-15050-20250429-09_39_50,181.67,181.67,0.709346602,0.886146143,-0.238048699,1.268046704,-0.379581869,0.693459386,0.306540614,15047,290,587.52,195,10112.5,585.25,2.27,300,23.9,629.4604051,2.809481278,-44.70305857,2.464534056,0.921570114,-0.008276738,290,580.78,775,10101.8,585.21,-4.43,None,None,None,None,None,None,None,None,None,None,None,None,None,50,42.13112229,0.842706717,0.164823963,2,0.5,0: Broadleaf,2,1745908778,418.7327,419.9738,16.45865,15.60631,419.3395667,16.35559,600.0099,100.9645,0.059183813,29.00201667,27.35465,999.9,0,0,4997.166667,0,230.3923333,-1.241138733,425.7397667,426.6318667,0.852337267,419.9738,15.60631,1.661739,1.575683667,14.54353667,13.72302,49.995,0.899798,0.100202013,0,232.1392667,4.99918,293.1645667,422.2554,35.88723333,39.5,37.75413333,38.62913333,38.9769,40.48766667,4.511,0,37.19999981,0,232.1493846,-2.968546997,0.883760703,293.1756923,15,1745908281,9:31:20,1745908280,1745908281,2,-0.137,-0.019,-0.603,0.08,420,16,1.1,0.37,-1.38167205,2.522805636,0.27266752,0,232.1324706,-0.078747128,0.533772161,1,0.860671225,-0.131615966,0.013897141,0,1,3,01-Mar,3.22192,2.66725,0.102501,0.103661,0.0882659,0.0861503,26619,24396.8,28169.6,24937.8,32928.4,24083,40133.9,27726.7,1.9552,1.6044,0.0686944,0,26.2028,999.9,32.8,31.7,15.2513,30.0418,18.3854,1,0.129512,0,20.2772,5.22807,11.9057,4.9612,3.292,9999,9999,9999,999.9,4.97259,1.85486,1.85681,1.85699,1.85654,1.85623,1.85135,1.85349,0,0,0,0,11111111,oooooooo,on,on,on,on,0,100,100,-0.606,0.1017,-1.502391713,0.00151024,1.49E-06,5.40E-12,-0.069040696,-0.011177753,0.001682567,-2.18E-05,3,2244,0,20,8.4,8.4,1.0376,2.5354,1.59424,2.13379,1.50269,2.45972,38.1593,24.0612,18,622.999,430.861,28.6317,29.3343,30.0002,29.4257,29.4956,20.8588,-30,-30,-999.9,420,0,100.315,74.7688
225,1745910293,3791.9,20250429 10:04:53,10:04:53,15,C,2,21%,5560.47,1745910285,0.002255092,2.255091625,8.01591433,416.9813871,226.7843772,22.91361785,42.13055712,0.074846102,2.000019924,0.073324159,0.045961762,321.4999409,31.99825296,30.19860323,4.309293574,29.97971194,1.287962253,4.296112837,3.021331321,-99.44954067,-5.75785896,-0.641216607,215.6513247,0,0,1,0,24910,RECT-12807-20250324-17_57_43,10114.7,315.2007692,539.79,0.416067787,-0.222077465,MPF-15053-20250429-10_04_50,10137.7,198.76104,224.8665593,0.116093382,0.5,1681.143309,8.01591433,97.5848061,0.004900232,1.400490324,173.3976554,DARK-15054-20250429-10_04_57,141.24,141.24,0.371894156,0.312167803,0.790172979,-0.288988185,1.402219686,0.221827077,0.778172923,15053,290,222.31,95,10137.7,222.34,-0.03,300,23.9,224.8665593,4.046321373,-2.561627505,3.665464594,0.017143752,-0.006710364,290,223.64,845,10120,222.34,1.3,None,None,None,None,None,None,None,None,None,None,None,None,None,2000,1681.143309,0.8405985,0.160755104,2,0.5,0: Broadleaf,2,1745910285,416.9813871,419.9667419,12.74742903,12.00532903,417.2232258,12.72210968,600.012129,100.9756452,0.061375723,30.14520323,30.19860323,999.9,0,0,5000.967742,0,254.7643548,-2.985350645,422.3654839,425.0699677,0.742104548,419.9667419,12.00532903,1.287179032,1.212245161,10.64991935,9.752682581,1999.936129,0.979999548,0.020000387,0,198.8782258,4.99918,4264.30871,19219.22258,36.95951613,39.187,37.687,38,39.3363871,1955.03871,39.89870968,0,1465.8,0,198.76104,-9.991461524,-206.1815385,4261.7564,15,1745910077,10:01:16,1745910077,1745910065,4,0.043,0.002,-0.233,-0.025,420,10,2.19,0.35,-2.992802439,0.085379791,0.108920802,1,199.8112647,-14.29657754,1.530042797,0,0.74390561,-0.041637512,0.006984001,1,2,3,02-Mar,3.22171,2.66923,0.101515,0.103084,0.071477,0.0691757,26639,24409.8,28160.8,24935.9,33530.2,24534.5,40125.2,27730.4,1.9428,1.5252,0.222564,0,26.6723,999.9,20.9,34.8,11.5621,29.9418,20.4567,1,0.139959,0,20.2589,5.22807,11.9021,4.9604,3.292,9999,9999,9999,999.9,4.97256,1.85486,1.85687,1.85712,1.85666,1.85638,1.8515,1.85349,0,0,0,0,11111111,oooooooo,on,on,on,on,0,100,100,-0.242,0.027,-1.131389108,0.00151024,1.49E-06,5.40E-12,-0.060005978,-0.011177753,0.001682567,-2.18E-05,3,2244,0,20,3.6,3.8,1.03027,2.56348,1.59424,2.11914,1.50269,2.41577,39.4166,24.0262,18,615.883,387.769,29.0577,29.4911,30.0003,29.6173,29.7037,20.7044,-30,-30,-999.9,420,0,100.29,74.7714
226,1745910333,3831.4,20250429 10:05:32,10:05:32,15,C,2,21%,5560.47,1745910325,0.002106534,2.106534025,7.713467101,417.1269333,223.519717,22.58317372,42.14415679,0.070482688,1.9993053,0.069130826,0.043326066,289.5632268,31.90423789,30.20578667,4.311069351,30.47623266,1.318145914,4.325160295,2.992923436,-92.8981505,6.13413241,0.68378562,203.4829944,0,0,1,0,26022,RECT-12807-20250324-17_57_43,10114.7,315.2007692,539.79,0.416067787,-0.222077465,MPF-15055-20250429-10_05_30,10127.1,192.9222308,224.0744238,0.139026099,0.5,1513.167621,7.713467101,105.1848958,0.005244326,1.408976405,172.9262587,DARK-15056-20250429-10_05_37,136.17,136.17,0.392300122,0.354387091,0.78220994,-0.341857154,1.405746727,0.250136493,0.749863507,15055,290,220.35,285,10127.1,218.55,1.8,300,23.9,224.0744238,2.642521635,-5.599604295,2.386365086,0.164330262,-0.006876263,290,219.56,615,10125.2,218.54,1.02,None,None,None,None,None,None,None,None,None,None,None,None,None,1800,1513.167621,0.840658174,0.160870277,2,0.5,0: Broadleaf,2,1745910325,417.1269333,419.9908333,13.04651,12.35353,417.3683,13.01495333,600.0320667,100.9734333,0.060936353,30.26269667,30.20578667,999.9,0,0,4998.166667,0,258.8809333,-2.86388,422.6408333,425.2440667,0.692976533,419.9908333,12.35353,1.31735,1.247378667,10.99823667,10.17929333,1799.979667,0.9780005,0.02199948,0,192.877,4.99918,3750.654,17281.69667,37.17666667,39.2269,37.75,38,39.51033333,1755.489667,39.49,0,37.19999981,0,192.9222308,-14.17859829,-242.3511113,3750.872692,15,1745910077,10:01:16,1745910077,1745910065,4,0.043,0.002,-0.233,-0.025,420,10,2.19,0.35,-2.850317805,-0.263138467,0.096876351,1,194.3366176,-24.8437433,2.741700288,0,0.695462488,-0.051450794,0.007457088,1,2,3,02-Mar,3.22065,2.66964,0.101553,0.103085,0.0726192,0.0706771,26637.5,24409.1,28160.4,24935.2,33487.8,24494.8,40124.1,27730.4,1.9412,1.5262,0.214279,0,26.7469,999.9,21.4,34.9,11.9036,29.8818,20.5088,1,0.141301,0,20.2606,5.22807,11.9021,4.9608,3.292,9999,9999,9999,999.9,4.97259,1.85486,1.85687,1.85705,1.85654,1.85638,1.8515,1.85349,0,0,0,0,11111111,oooooooo,on,on,on,on,0,100,100,-0.241,0.0327,-1.131389108,0.00151024,1.49E-06,5.40E-12,-0.060005978,-0.011177753,0.001682567,-2.18E-05,3,2244,0,20,4.3,4.5,1.03027,2.5647,1.59424,2.11914,1.50269,2.41455,39.4416,24.035,18,614.898,388.419,29.0884,29.5063,30.0004,29.6351,29.7213,20.7072,-30,-30,-999.9,420,0,100.287,74.7704
227,1745910372,3870.9,20250429 10:06:12,10:06:12,15,C,2,21%,5560.47,1745910364,0.001916783,1.916783347,7.308578152,417.3060667,220.2812423,22.25571129,42.16175304,0.06531162,2.00006657,0.064149516,0.040196135,257.6678249,31.7357384,30.07863333,4.27973058,31.04414458,1.344897935,4.332211286,2.934832645,-84.5301456,22.91120609,2.551745459,198.6006308,0,0,1,0,25609,RECT-12807-20250324-17_57_43,10114.7,315.2007692,539.79,0.416067787,-0.222077465,MPF-15057-20250429-10_06_09,10128.4,188.7195385,222.7387689,0.152731519,0.5,1345.190211,7.308578152,102.7264718,0.005598209,1.423421853,172.1296906,DARK-15058-20250429-10_06_16,139,139,0.375950578,0.406254246,0.791065723,-0.367926611,1.411693829,0.299223603,0.700776397,15057,290,219.85,285,10128.4,217.85,2,300,23.9,222.7387689,2.93992205,-4.954539976,2.646957103,0.111212311,-0.007044435,290,219.88,835,10120.9,217.84,2.04,None,None,None,None,None,None,None,None,None,None,None,None,None,1600,1345.190211,0.840747735,0.161043129,2,0.5,0: Broadleaf,2,1745910364,417.3060667,420.0090333,13.31145,12.68099333,417.5469333,13.27425,599.9677,100.9721,0.06106583,30.29111333,30.07863333,999.9,0,0,5001.333333,0,126.03566,-2.703013333,422.936,425.4035667,0.6304643,420.0090333,12.68099333,1.344085667,1.280425667,11.30106667,10.57100333,1599.992667,0.9749979,0.02500213,0,188.6948,4.99918,3200.894,15341.35667,37.25,39.2624,37.8309,38.04753333,39.625,1555.113667,39.879,0,37.19999981,0,188.7195385,-10.10023931,-368.1422224,3201.125385,15,1745910077,10:01:16,1745910077,1745910065,4,0.043,0.002,-0.233,-0.025,420,10,2.19,0.35,-2.67298025,-0.265633734,0.143941649,1,189.9095294,-20.03804429,2.257971855,0,0.632406525,-0.033374983,0.00543662,1,2,3,02-Mar,3.22138,2.66961,0.101586,0.10311,0.0736878,0.0719824,26636.2,24408.7,28160.1,24935.6,33449,24460.5,40123.9,27730.5,1.9412,1.5252,0.203133,0,26.7786,999.9,21.8,34.9,12.1256,29.8918,20.4327,1,0.141707,0,20.2621,5.22807,11.9021,4.9608,3.292,9999,9999,9999,999.9,4.97263,1.85486,1.8569,1.85715,1.85663,1.85638,1.8515,1.85349,0,0,0,0,11111111,oooooooo,on,on,on,on,0,100,100,-0.241,0.0382,-1.131389108,0.00151024,1.49E-06,5.40E-12,-0.060005978,-0.011177753,0.001682567,-2.18E-05,3,2244,0,20,4.9,5.1,1.03027,2.5647,1.59424,2.11914,1.50269,2.40845,39.4916,24.0262,18,615.05,387.991,29.1207,29.5221,30.0001,29.6503,29.739,20.711,-30,-30,-999.9,420,0,100.287,74.7711
228,1745910412,3910.4,20250429 10:06:51,10:06:51,15,C,2,21%,5560.47,1745910404,0.00176529,1.765290361,6.824949707,417.4747667,222.522971,22.48265325,42.17964725,0.061536931,1.998455105,0.060503309,0.037905989,225.7844974,31.47963681,29.86974,4.228676707,31.53167822,1.362361354,4.320611623,2.866315353,-77.84930493,40.36002971,4.493053533,192.7882757,0,0,1,0,25968,RECT-12807-20250324-17_57_43,10114.7,315.2007692,539.79,0.416067787,-0.222077465,MPF-15059-20250429-10_06_49,10136.1,185.4145,230.2319061,0.194662012,0.5,1177.223601,6.824949707,114.5803575,0.005986142,1.344549064,176.5706486,DARK-15060-20250429-10_06_56,141.7,141.7,0.384533611,0.506228862,0.777608314,-0.527456818,1.378330087,0.386877131,0.613122869,15059,290,220.62,165,10136.1,220.31,0.31,300,23.9,230.2319061,2.873715385,-10.05274859,2.579721826,0.351631494,-0.007211895,290,220.86,885,10122.1,220.3,0.56,None,None,None,None,None,None,None,None,None,None,None,None,None,1400,1177.223601,0.840866993,0.161273297,2,0.5,0: Broadleaf,2,1745910404,417.4747667,419.9954667,13.48402667,12.90351667,417.7150667,13.44308333,599.9852333,100.9742,0.061001693,30.24434333,29.86974,999.9,0,0,4994.666667,0,78.55785667,-2.520671667,423.1810333,425.4856667,0.5805046,419.9954667,12.90351667,1.361536,1.302921333,11.4959,10.83257,1400.011667,0.970994667,0.029005143,0,185.4256,4.99918,2741.740333,13400.45,37.187,39.2185,37.875,38,39.6498,1354.551667,40.46,0,37.19999981,0,185.4145,-8.963179487,-119.1131625,2742,15,1745910077,10:01:16,1745910077,1745910065,4,0.043,0.002,-0.233,-0.025,420,10,2.19,0.35,-2.50814175,-0.343381576,0.104487113,1,186.8895,-22.30400305,2.501794124,0,0.58560415,-0.086496901,0.008971313,1,2,3,02-Mar,3.22132,2.66924,0.101606,0.103111,0.0743258,0.0729365,26634.9,24408.6,28159.4,24935.5,33424.3,24435.4,40122.1,27730.6,1.9418,1.524,0.192076,0,26.7338,999.9,22.1,35,12.3619,29.9818,20.4688,1,0.142236,0,20.2642,5.22927,11.9021,4.962,3.292,9999,9999,9999,999.9,4.97256,1.85495,1.8569,1.85715,1.8566,1.85638,1.8515,1.85349,0,0,0,0,11111111,oooooooo,on,on,on,on,0,100,100,-0.24,0.0416,-1.131389108,0.00151024,1.49E-06,5.40E-12,-0.060005978,-0.011177753,0.001682567,-2.18E-05,3,2244,0,20,5.6,5.8,1.03027,2.56348,1.59424,2.11914,1.50269,2.48535,39.5416,24.035,18,615.565,387.375,29.1424,29.5292,30.0001,29.6579,29.744,20.7086,-30,-30,-999.9,420,0,100.283,74.7711
229,1745910451,3949.9,20250429 10:07:31,10:07:31,15,C,2,21%,5560.47,1745910443,0.001564136,1.564136008,6.129076384,417.7457,224.7638995,22.70920235,42.20727463,0.055709795,1.999569073,0.054861669,0.034363668,193.8033054,31.22299674,29.66105333,4.178204183,31.98172927,1.376806545,4.304978426,2.801397638,-68.97839794,56.06538268,6.229575618,187.1198657,0,0,1,0,24853,RECT-12807-20250324-17_57_43,10114.7,315.2007692,539.79,0.416067787,-0.222077465,MPF-15061-20250429-10_07_28,10133,182.7936538,231.4716956,0.210298031,0.5,1009.179021,6.129076384,106.1141804,0.006293387,1.331991385,177.2989468,DARK-15062-20250429-10_07_35,144.39,144.39,0.376208829,0.55899281,0.779763036,-0.581375616,1.372809833,0.441552374,0.558447626,15061,290,224.31,235,10133,222.8,1.51,300,23.9,231.4716956,2.182914129,-8.788893343,1.953535307,0.41957743,-0.007379053,290,223.67,825,10123.5,222.79,0.88,None,None,None,None,None,None,None,None,None,None,None,None,None,1200,1009.179021,0.840986255,0.161503472,2,0.5,0: Broadleaf,2,1745910443,417.7457,420.0066,13.62691667,13.11262667,417.9855,13.58284667,599.9812,100.9749333,0.060875357,30.18113667,29.66105333,999.9,0,0,4999.166667,0,93.29678333,-2.260857333,423.5170333,425.5872,0.514297033,420.0066,13.11262667,1.375976667,1.324046,11.65542667,11.07459333,1199.994667,0.966989333,0.033010467,0,182.7721333,4.99918,2332.527333,11464.18667,37.03513333,39.1187,37.812,37.937,39.5641,1155.544667,39.45,0,37.20000005,0,182.7936538,-8.857743585,-101.6454701,2332.585,15,1745910077,10:01:16,1745910077,1745910065,4,0.043,0.002,-0.233,-0.025,420,10,2.19,0.35,-2.263845854,0.347204948,0.126197749,1,184.0009412,-20.44134455,2.275906076,0,0.519710463,-0.108325108,0.011629293,0,1,3,01-Mar,3.22179,2.66882,0.101644,0.103126,0.0748996,0.0738054,26634.4,24408.7,28160,24936,33405,24411.9,40123.9,27730,1.9418,1.5238,0.183672,0,26.6745,999.9,22.4,35,12.5301,30.1418,20.3726,1,0.140854,0,20.2655,5.22807,11.9033,4.9612,3.292,9999,9999,9999,999.9,4.97263,1.85486,1.85696,1.85715,1.85666,1.85638,1.8515,1.85349,0,0,0,0,11111111,oooooooo,on,on,on,on,0,100,100,-0.24,0.0446,-1.131389108,0.00151024,1.49E-06,5.40E-12,-0.060005978,-0.011177753,0.001682567,-2.18E-05,3,2244,0,20,6.2,6.4,1.03027,2.56104,1.59424,2.11914,1.50269,2.38281,39.5666,24.0437,18,615.514,387.22,29.1507,29.5211,29.9999,29.6528,29.7365,20.7091,-30,-30,-999.9,420,0,100.286,74.7711
230,1745910491,3989.4,20250429 10:08:10,10:08:10,15,C,2,21%,5560.47,1745910483,0.001353983,1.353982659,5.497653844,417.9315667,223.055837,22.53601605,42.22490933,0.049270304,2.001497529,0.048606286,0.030437842,161.9070085,30.9453742,29.44906,4.127470377,32.4501191,1.389927439,4.283273767,2.737542938,-59.71063528,69.48957017,7.70228046,179.3882238,0,0,1,0,25449,RECT-12807-20250324-17_57_43,10114.7,315.2007692,539.79,0.416067787,-0.222077465,MPF-15063-20250429-10_08_08,10136.4,180.1158077,245.7259832,0.267005445,0.5,841.2054133,5.497653844,112.3032128,0.006799447,1.196715191,185.5431288,DARK-15064-20250429-10_08_15,148.07,148.07,0.397418221,0.671850033,0.750699522,-0.944373911,1.309341574,0.552315955,0.447684045,15063,290,229.43,215,10136.4,230.31,-0.88,300,23.9,245.7259832,2.954231694,-15.62560963,2.636053041,0.556520502,-0.007547104,290,229.72,745,10127.3,230.3,-0.58,None,None,None,None,None,None,None,None,None,None,None,None,None,1000,841.2054133,0.841194225,0.161904855,2,0.5,0: Broadleaf,2,1745910483,417.9315667,419.9527333,13.75715333,13.31203667,418.1706333,13.71020333,600.0025667,100.9720333,0.061036897,30.09305,29.44906,999.9,0,0,5007.166667,0,235.3400333,-2.021195333,423.7613,425.6185333,0.445112567,419.9527333,13.31203667,1.389087667,1.344143667,11.79902333,11.30172333,1000.0133,0.9599922,0.04000797,0,180.1065,4.99918,2014.714,9523.998,36.81636667,39,37.7269,37.8309,39.4475,955.205,39.808,0,37.19999981,0,180.1158077,-8.324683769,105.0502564,2014.881538,15,1745910077,10:01:16,1745910077,1745910065,4,0.043,0.002,-0.233,-0.025,420,10,2.19,0.35,-2.020541,0.29807257,0.143268865,1,181.5979706,-21.77801374,2.464085685,0,0.45220165,-0.137592563,0.013819473,0,1,3,01-Mar,3.22127,2.6695,0.101714,0.103124,0.0754655,0.0746916,26634.2,24410.1,28161.9,24937.3,33386.5,24389.8,40126.3,27731.4,1.9422,1.5244,0.173151,0,26.6231,999.9,22.7,35.1,12.7685,29.6618,20.3966,1,0.138984,0,20.2678,5.22568,11.9021,4.9612,3.292,9999,9999,9999,999.9,4.97263,1.85486,1.85693,1.85715,1.8566,1.85638,1.8515,1.85349,0,0,0,0,11111111,oooooooo,on,on,on,on,0,100,100,-0.238,0.0477,-1.131389108,0.00151024,1.49E-06,5.40E-12,-0.060005978,-0.011177753,0.001682567,-2.18E-05,3,2244,0,20,6.9,7.1,1.03149,2.56104,1.59424,2.11792,1.50269,2.50366,39.5917,24.0437,18,615.65,387.433,29.1512,29.5013,29.9999,29.6376,29.7188,20.7181,-30,-30,-999.9,420,0,100.293,74.7748
231,1745910530,4028.9,20250429 10:08:50,10:08:50,15,C,2,21%,5560.47,1745910522,0.001147935,1.147934802,4.900825264,418.2009333,218.977337,22.12416998,42.25253928,0.042726171,1.999381071,0.042225341,0.026435347,129.9810945,30.69177612,29.24828333,4.079916937,32.98814769,1.407807281,4.26761543,2.672109656,-50.62392479,84.1819687,9.3284423,172.8675807,0,0,1,0,25339,RECT-12807-20250324-17_57_43,10114.7,315.2007692,539.79,0.416067787,-0.222077465,MPF-15065-20250429-10_08_47,10137.7,178.9294615,259.951406,0.311681117,0.5,673.1880108,4.900825264,104.9099954,0.007609914,1.076503483,193.5403351,DARK-15066-20250429-10_08_54,137.65,137.65,0.470477955,0.662477621,0.695873561,-1.466477436,1.246001836,0.509642424,0.490357576,15065,290,243.39,235,10137.7,242.72,0.67,300,23.9,259.951406,3.053998163,-17.46470955,2.716971189,0.596071931,-0.007715406,290,241.93,665,10131.8,242.71,-0.78,None,None,None,None,None,None,None,None,None,None,None,None,None,800,673.1880108,0.841490939,0.162477512,2,0.5,0: Broadleaf,2,1745910522,418.2009333,419.9945333,13.93398667,13.55668,418.4394,13.88309,600.0103333,100.9729333,0.061129263,30.02926,29.24828333,999.9,0,0,4998.5,0,239.9230667,-1.793491667,424.1104667,425.7665333,0.3773039,419.9945333,13.55668,1.406954333,1.368857,11.99279333,11.57695,799.9943667,0.9499873,0.050012627,0,178.9165333,4.99918,1631.499333,7584.708333,36.5414,38.937,37.625,37.7416,39.2748,755.2353333,39.758,0,37.19999981,0,178.9294615,-9.606290626,-247.5179489,1631.793846,15,1745910077,10:01:16,1745910077,1745910065,4,0.043,0.002,-0.233,-0.025,420,10,2.19,0.35,-1.81251878,0.038717352,0.102562236,1,179.9987059,-19.50973265,2.20119479,0,0.381185829,-0.083748523,0.009775678,1,2,3,02-Mar,3.22089,2.66954,0.10176,0.103119,0.0762223,0.0757061,26634.7,24411.4,28163.8,24938.3,33361.7,24364.5,40129.5,27733.2,1.9424,1.5252,0.161082,0,26.6136,999.9,23,35.1,12.9362,29.8218,20.4848,1,0.136423,0,20.2694,5.22687,11.9021,4.96,3.292,9999,9999,9999,999.9,4.97263,1.85489,1.8569,1.85715,1.85663,1.85638,1.8515,1.85349,0,0,0,0,11111111,oooooooo,on,on,on,on,0,100,100,-0.239,0.0518,-1.131389108,0.00151024,1.49E-06,5.40E-12,-0.060005978,-0.011177753,0.001682567,-2.18E-05,3,2244,0,20,7.6,7.8,1.03027,2.56226,1.59424,2.11792,1.50269,2.52441,39.6167,24.0437,18,615.618,387.785,29.1527,29.4784,29.9997,29.6199,29.7062,20.715,-30,-30,-999.9,420,0,100.3,74.7788
232,1745910570,4068.4,20250429 10:09:29,10:09:29,15,C,2,21%,5560.47,1745910562,0.001007377,1.00737679,4.298306113,418.4324667,223.7842936,22.60996834,42.27617886,0.038336789,2.001395108,0.037933454,0.023744293,98.07114747,30.39725037,29.05703333,4.035064788,33.5306367,1.424438395,4.248169839,2.610626393,-44.42531642,96.32414516,10.6489121,160.6188883,0,0,1,0,24871,RECT-12807-20250324-17_57_43,10114.7,315.2007692,539.79,0.416067787,-0.222077465,MPF-15067-20250429-10_09_27,10144.8,181.1789615,291.9072902,0.379327041,0.5,505.2096531,4.298306113,95.8198414,0.00894754,0.849183005,210.7146725,DARK-15068-20250429-10_09_34,147.81,147.81,0.493640601,0.768427557,0.632386116,-4.753619167,1.103715922,0.626901028,0.373098972,15067,290,270.62,155,10144.8,270.38,0.24,300,23.9,291.9072902,2.770160412,-21.83549079,2.457200428,0.738236631,-0.007884061,290,268.61,625,10136.2,270.37,-1.76,None,None,None,None,None,None,None,None,None,None,None,None,None,600,505.2096531,0.841993542,0.163447536,2,0.5,0: Broadleaf,2,1745910562,418.4324667,420.0057667,14.09851333,13.76745,418.6701333,14.04389667,599.9905,100.9737,0.06095248,29.94975667,29.05703333,999.9,0,0,5006.666667,0,261.7948333,-1.573339667,424.4159333,425.8687667,0.3310559,420.0057667,13.76745,1.423578,1.390151,12.17112,11.81059667,600.0160667,0.932992267,0.067007533,0,181.1531333,4.99918,1282.250333,5645.321667,36.24973333,38.937,37.4958,37.687,39.083,555.1463333,39.872,0,37.19999981,0,181.1789615,-11.30793162,-214.5005128,1281.99,15,1745910077,10:01:16,1745910077,1745910065,4,0.043,0.002,-0.233,-0.025,420,10,2.19,0.35,-1.55824975,-0.322061876,0.135072664,1,182.2761765,-20.48806724,2.228498551,0,0.33553445,-0.099932803,0.010865841,1,2,3,02-Mar,3.22153,2.66899,0.10182,0.103149,0.0768677,0.076614,26634.7,24412.3,28165.6,24940,33339.8,24342.2,40131.3,27735.2,1.942,1.5248,0.14618,0,26.6357,999.9,23.3,35.1,13.1049,29.5518,20.4487,1,0.134715,0,20.2716,5.22807,11.9033,4.9604,3.292,9999,9999,9999,999.9,4.97263,1.85486,1.85693,1.85715,1.85666,1.85638,1.8515,1.85349,0,0,0,0,11111111,oooooooo,on,on,on,on,0,100,100,-0.238,0.0554,-1.131389108,0.00151024,1.49E-06,5.40E-12,-0.060005978,-0.011177753,0.001682567,-2.18E-05,3,2244,0,20,8.2,8.4,1.03149,2.56592,1.59424,2.11792,1.50269,2.40479,39.6669,24.0437,18,615.172,387.506,29.1559,29.4582,29.9999,29.6047,29.6962,20.7163,-30,-30,-999.9,420,0,100.306,74.784
233,1745910609,4107.9,20250429 10:10:09,10:10:09,15,C,2,21%,5560.47,1745910601,0.000924063,0.924063381,3.786771711,418.6393,234.1879089,23.6608865,42.29670526,0.035765731,2.000279655,0.03541422,0.022165182,82.09363954,30.20499717,28.91722,4.002548242,34.00720958,1.437244057,4.226292233,2.565304184,-40.75119512,101.660976,11.23238435,154.2358048,0,0,1,0,25293,RECT-12807-20250324-17_57_43,10114.7,315.2007692,539.79,0.416067787,-0.222077465,MPF-15069-20250429-10_10_06,10145.7,186.2426923,324.1880249,0.425510266,0.5,421.19056,3.786771711,89.61045353,0.009517899,0.665052249,227.0333896,DARK-15070-20250429-10_10_13,147.91,147.91,0.543752426,0.782544124,0.550173459,15.3489939,0.959983586,0.621479962,0.378520038,15069,290,299.46,165,10145.7,297.16,2.3,300,23.9,324.1880249,2.810974393,-27.42363772,2.489769021,0.812483119,-0.007968806,290,294.04,685,10135.7,297.13,-3.09,None,None,None,None,None,None,None,None,None,None,None,None,None,500,421.19056,0.842376346,0.164186349,2,0.5,0: Broadleaf,2,1745910601,418.6393,420.0304333,14.22538333,13.92176,418.8765667,14.16789,600.0317667,100.9728,0.06096645,29.85993,28.91722,999.9,0,0,5002.166667,0,147.2956667,-1.391079333,424.6805,425.9605333,0.303609033,420.0304333,13.92176,1.436377667,1.405721333,12.30721333,11.97947333,500.0028333,0.9199873,0.080012653,0,186.2303667,4.99918,1046.064333,4676.387,35.97263333,38.8519,37.3477,37.6145,38.86656667,455.3976667,39.606,0,37.19999981,0,186.2426923,-18.2877265,-91.58324769,1045.682692,15,1745910077,10:01:16,1745910077,1745910065,4,0.043,0.002,-0.233,-0.025,420,10,2.19,0.35,-1.36812175,-0.317860075,0.115656448,1,188.1992941,-33.29989303,3.532221768,0,0.308456475,-0.106486143,0.011664333,0,1,3,01-Mar,3.22141,2.6693,0.101842,0.103153,0.0772918,0.0771957,26635.9,24413.2,28167.5,24940.9,33326,24327.2,40133.2,27735.6,1.9428,1.5242,0.139058,0,26.6316,999.9,23.5,35.2,13.2929,29.9518,20.3966,1,0.132947,0,20.2725,5.22927,11.9021,4.9616,3.292,9999,9999,9999,999.9,4.97256,1.85492,1.85693,1.85715,1.85669,1.85638,1.8515,1.85349,0,0,0,0,11111111,oooooooo,on,on,on,on,0,100,100,-0.237,0.0578,-1.131389108,0.00151024,1.49E-06,5.40E-12,-0.060005978,-0.011177753,0.001682567,-2.18E-05,3,2244,0,20,8.9,9.1,1.03027,2.56104,1.59424,2.11792,1.50269,2.49756,39.692,24.0437,18,615.627,387.104,29.1545,29.4404,29.9999,29.5915,29.6836,20.7124,-30,-30,-999.9,420,0,100.311,74.7859
234,1745910649,4147.4,20250429 10:10:48,10:10:48,15,C,2,21%,5560.65,1745910641,0.000818013,0.818013163,3.336824065,418.7823,238.2394081,24.07080872,42.31217966,0.032197646,1.998921958,0.031912278,0.019970602,66.13111656,29.99766185,28.76075667,3.966430537,34.43620924,1.445918872,4.198832868,2.520511665,-36.07438049,106.2413526,11.73072682,148.0288155,0,0,1,0,25717,RECT-12807-20250324-17_57_43,10114.7,315.2007692,539.79,0.416067787,-0.222077465,MPF-15071-20250429-10_10_46,10147.6,194.2314231,370.1587336,0.47527532,0.5,337.2047775,3.336824065,80.13255423,0.010554125,0.458266282,248.6601873,DARK-15072-20250429-10_10_53,149.2,149.2,0.596929678,0.79619985,0.434294955,3.201124944,0.755295638,0.611605556,0.388394444,15071,290,340.28,165,10147.6,338.78,1.5,300,23.9,370.1587336,2.99764089,-31.84123541,2.651311851,0.837427509,-0.008053816,290,335.01,645,10139.1,338.75,-3.74,None,None,None,None,None,None,None,None,None,None,None,None,None,400,337.2047775,0.842962771,0.165318148,2,0.5,0: Broadleaf,2,1745910641,418.7823,420.0088,14.31089667,14.04212,419.0190667,14.25144333,599.9826333,100.9755667,0.060651107,29.74661,28.76075667,999.9,0,0,4996.5,0,76.12207333,-1.2264457,424.8624333,425.9905667,0.2687737,420.0088,14.04212,1.445050333,1.417911,12.3988,12.11053333,400.0233333,0.8999948,0.10000517,0,194.1978,4.99918,842.5335667,3707.276667,35.66853333,38.67883333,37.156,37.5,38.656,355.519,39.506,0,37.19999981,0,194.2314231,-17.10813676,-79.45018809,842.651,15,1745910077,10:01:16,1745910077,1745910065,4,0.043,0.002,-0.233,-0.025,420,10,2.19,0.35,-1.249397275,0.213594923,0.117281104,1,196.1195294,-29.48501143,3.073890897,0,0.274075725,-0.081907238,0.009905473,1,2,3,02-Mar,3.22161,2.66927,0.101885,0.103136,0.0776451,0.0776822,26636.5,24414.3,28169.4,24941.5,33315.4,24315.8,40135.8,27737.2,1.9434,1.5242,0.130534,0,26.5735,999.9,23.7,35.3,13.4799,30.0118,20.5008,1,0.131098,0,20.2737,5.22927,11.9021,4.962,3.292,9999,9999,9999,999.9,4.97259,1.85486,1.85687,1.85715,1.85666,1.85638,1.8515,1.85355,0,0,0,0,11111111,oooooooo,on,on,on,on,0,100,100,-0.237,0.0598,-1.131389108,0.00151024,1.49E-06,5.40E-12,-0.060005978,-0.011177753,0.001682567,-2.18E-05,3,2244,0,20,9.5,9.7,1.03149,2.5647,1.59424,2.11792,1.50269,2.41089,39.7422,24.0437,18,615.859,386.968,29.1438,29.4152,29.9999,29.5718,29.6615,20.7152,-30,-30,-999.9,420,0,100.318,74.7891
235,1745910688,4186.9,20250429 10:11:28,10:11:28,15,C,2,21%,5560.56,1745910680,0.000727076,0.727076123,2.676518091,419.0010667,257.7935312,26.04547582,42.33264543,0.029208006,2.000632045,0.028973163,0.018129169,49.5910392,29.75962581,28.55861,3.920188412,34.85250098,1.452211137,4.166734371,2.467977274,-32.06405704,113.7593496,12.52922081,143.8155526,0,0,1,0,25195,RECT-12807-20250324-17_57_43,10114.7,315.2007692,539.79,0.416067787,-0.222077465,MPF-15073-20250429-10_11_25,10139.8,206.3897692,436.3810956,0.527042369,0.5,252.8997007,2.676518091,66.64442867,0.011461443,0.236969258,276.886835,DARK-15074-20250429-10_11_32,166.05,166.05,0.619483975,0.850776437,0.276686746,1.897926283,0.460435721,0.684488519,0.315511481,15073,290,401.94,165,10139.8,399.3,2.64,300,23.9,436.3810956,2.679248103,-37.59912748,2.364067616,0.900338358,-0.008130905,290,395.73,655,10131.1,399.27,-3.54,None,None,None,None,None,None,None,None,None,None,None,None,None,300,252.8997007,0.842950205,0.165293895,2,0.5,0: Broadleaf,2,1745910680,419.0010667,419.9947667,14.37373,14.13486,419.2373333,14.31282667,600.0128333,100.9715,0.060809453,29.61332333,28.55861,999.9,0,0,5003.666667,0,71.90244,-0.993615867,425.1116333,426.0164333,0.238867667,419.9947667,14.13486,1.451336667,1.427217333,12.46488333,12.20993667,300.0173667,0.900001533,0.09999848,0,206.4221,4.99918,680.6416667,2768.733333,35.37056667,38.47896667,36.9371,37.3435,38.39563333,265.5166667,29.504,0,37.19999981,0,206.3897692,-15.72246152,-43.91859836,680.6511923,15,1745910077,10:01:16,1745910077,1745910065,4,0.043,0.002,-0.233,-0.025,420,10,2.19,0.35,-0.973472098,-0.377256794,0.115656491,1,206.9451176,-14.54682964,1.523773967,0,0.241600537,-0.054513847,0.007427849,1,2,3,02-Mar,3.22122,2.66875,0.101909,0.103149,0.0778998,0.078017,26637.6,24414.9,28171.2,24942.3,33308.5,24307.1,40138.6,27737.4,1.9428,1.5234,0.126153,0,26.4632,999.9,23.8,35.3,13.5368,29.9918,20.5489,1,0.128659,0,20.2743,5.22927,11.9021,4.9612,3.292,9999,9999,9999,999.9,4.97259,1.85489,1.85687,1.85715,1.85663,1.85638,1.8515,1.85352,0,0,0,0,11111111,oooooooo,on,on,on,on,0,100,100,-0.237,0.0612,-1.131389108,0.00151024,1.49E-06,5.40E-12,-0.060005978,-0.011177753,0.001682567,-2.18E-05,3,2244,0,20,10.2,10.4,1.03027,2.56348,1.59424,2.1167,1.50269,2.51953,39.7422,24.0525,18,615.115,386.343,29.1148,29.3823,29.9999,29.5415,29.6308,20.7169,-30,-30,-999.9,420,0,100.325,74.7904
236,1745910728,4226.4,20250429 10:12:07,10:12:07,15,C,2,21%,5560.47,1745910720,0.000654977,0.654976635,1.861690672,419.2903,293.4093005,29.64450984,42.36285422,0.026799303,1.998083443,0.026601204,0.016643429,33.05344484,29.51943729,28.37442667,3.878465594,35.21480136,1.456461819,4.135936487,2.422003775,-28.88446962,119.5879022,13.16748975,136.9243672,0,0,1,0,26213,RECT-12807-20250324-17_57_43,10114.7,315.2007692,539.79,0.416067787,-0.222077465,MPF-15075-20250429-10_12_05,10134.4,217.9968462,520.6836136,0.581325702,0.5,168.6080525,1.861690672,49.00809729,0.012358651,0.03669481,308.5885553,DARK-15076-20250429-10_12_12,171.47,171.47,0.670682934,0.866766803,0.05187442,1.473051283,0.085072585,0.681773642,0.318226358,15075,290,486.01,135,10134.4,483.99,2.02,300,23.9,520.6836136,3.037947113,-37.18429551,2.674338426,0.873488797,-0.008207489,290,479.93,625,10125.3,483.96,-4.03,None,None,None,None,None,None,None,None,None,None,None,None,None,200,168.6080525,0.842924642,0.165244558,2,0.5,0: Broadleaf,2,1745910720,419.2903,420.0024,14.41546667,14.20029,419.5257333,14.35359333,600.0045,100.9739333,0.060729803,29.48459333,28.37442667,999.9,0,0,4993.166667,0,72.36663667,-0.7121136,425.4229333,426.0524667,0.215175367,420.0024,14.20029,1.455587333,1.433861,12.50943667,12.28053,200.0274333,0.9,0.0999998,0,218.0387333,4.99918,495.9614667,1830.331667,35.0268,38.21843333,36.68296667,37.12903333,38.1289,175.5253333,19.5,0,37.19999981,0,217.9968462,10.11815384,15.91507695,495.944,15,1745910077,10:01:16,1745910077,1745910065,4,0.043,0.002,-0.233,-0.025,420,10,2.19,0.35,-0.686290561,0.109423003,0.144018479,1,216.7830294,20.31714284,2.241077137,0,0.217464902,-0.03197607,0.005065999,1,2,3,02-Mar,3.2213,2.66951,0.101993,0.103161,0.0780379,0.0783123,26638,24417,28174,24944.7,33306.7,24301.7,40142.4,27740.1,1.9428,1.5254,0.121295,0,26.3569,999.9,23.9,35.3,13.592,29.9918,20.3886,1,0.125366,0,20.2756,5.22927,11.9045,4.962,3.292,9999,9999,9999,999.9,4.97266,1.85486,1.85687,1.85715,1.85663,1.85638,1.8515,1.85349,0,0,0,0,11111111,oooooooo,on,on,on,on,0,100,100,-0.236,0.0619,-1.131389108,0.00151024,1.49E-06,5.40E-12,-0.060005978,-0.011177753,0.001682567,-2.18E-05,3,2244,0,20,10.8,11,1.03149,2.55981,1.59424,2.11792,1.50269,2.46948,39.7422,24.0525,18,614.731,387.183,29.0769,29.3394,29.9997,29.5037,29.5932,20.7188,-30,-30,-999.9,420,0,100.334,74.7976
237,1745910767,4265.9,20250429 10:12:47,10:12:47,15,C,2,21%,5560.56,1745910759,0.000583223,0.583222581,0.93684472,419.6115333,342.7905422,34.63397332,42.39561149,0.024282156,1.99981176,0.02411954,0.015089232,16.51115675,29.27389866,28.19006,3.837089691,35.52564343,1.458022735,4.104141669,2.379066956,-25.7201158,125.145647,13.74578432,129.6824723,0,0,1,0,24834,RECT-12807-20250324-17_57_43,10114.7,315.2007692,539.79,0.416067787,-0.222077465,MPF-15077-20250429-10_12_44,10118.1,216.4516,565.5320708,0.617260256,0.5,84.28750963,0.93684472,26.01366489,0.013749631,-0.045518322,323.8074463,DARK-15078-20250429-10_12_51,167.56,167.56,0.703712648,0.877148163,-0.069156357,1.394473918,-0.114618456,0.679019911,0.320980089,15077,290,541.61,275,10118.1,541.48,0.13,300,23.9,565.5320708,2.303296124,-24.33566481,2.022399903,0.837957897,-0.008284115,290,542.21,635,10115.6,541.47,0.74,None,None,None,None,None,None,None,None,None,None,None,None,None,100,84.28750963,0.842853547,0.165107346,2,0.5,0: Broadleaf,2,1745910759,419.6115333,420.0054,14.43081333,14.23920667,419.8459333,14.36859333,599.9856,100.9747,0.06068182,29.35081667,28.19006,999.9,0,0,5000.166667,0,73.06877,-0.39394322,425.7554667,426.0724,0.191616767,420.0054,14.23920667,1.457145333,1.437798667,12.52574667,12.32223667,100.0025567,0.8998654,0.10013465,0,216.4663333,4.99918,275.5601667,891.5623,34.68316667,37.9957,36.458,36.94956667,37.8498,85.49066667,9.512,0,37.20000005,0,216.4516,4.22838462,12.65946154,275.62696,15,1745910077,10:01:16,1745910077,1745910065,4,0.043,0.002,-0.233,-0.025,420,10,2.19,0.35,-0.434326137,0.834050839,0.133412358,0,216.0006176,7.974774648,0.998193044,0,0.194245317,-0.048576251,0.007016008,1,1,3,01-Mar,3.22179,2.66849,0.102101,0.103204,0.0780638,0.0784358,26638.3,24417.8,28177.6,24946.5,33308.2,24299,40145.3,27740.8,1.9444,1.5242,0.11462,0,26.2648,999.9,23.9,35.4,13.6675,30.1218,20.5529,1,0.121016,0,20.2784,5.22807,11.9057,4.9616,3.292,9999,9999,9999,999.9,4.97269,1.85486,1.85693,1.85715,1.85663,1.85638,1.8515,1.85352,0,0,0,0,11111111,oooooooo,on,on,on,on,0,100,100,-0.234,0.062,-1.131389108,0.00151024,1.49E-06,5.40E-12,-0.060005978,-0.011177753,0.001682567,-2.18E-05,3,2244,0,20,11.5,11.7,1.03149,2.56104,1.59424,2.1167,1.50269,2.41455,39.7422,24.0525,18,615.436,386.256,29.0318,29.289,29.9995,29.4584,29.5482,20.7176,-30,-30,-999.9,420,0,100.344,74.8012
238,1745910807,4305.4,20250429 10:13:26,10:13:26,15,C,2,21%,5560.56,1745910799,0.000529976,0.529975866,-0.235875403,419.9728333,420.9108544,42.52695424,42.43218078,0.022380424,1.999977866,0.022242215,0.013913731,8.238484104,29.10006483,28.03611333,3.802836233,35.78332076,1.458091659,4.074780172,2.344744574,-23.37193569,128.3479562,14.07686208,127.2913667,0,0,1,0,25349,RECT-12807-20250324-17_57_43,10114.7,315.2007692,539.79,0.416067787,-0.222077465,MPF-15079-20250429-10_13_24,10112.7,212.8362308,572.7528815,0.6283978,0.5,42.12349392,-0.235875403,13.23515545,-0.000327559,-0.057551664,326.1618527,DARK-15080-20250429-10_13_31,170.43,170.43,0.702437115,0.894596523,-0.089243235,1.397451753,-0.146769644,0.716354,0.283646,15079,290,558.23,255,10112.7,557.95,0.28,300,23.9,572.7528815,2.464771594,-14.96871658,2.161028612,0.63147546,-0.008321921,290,560.56,635,10109.4,557.95,2.61,None,None,None,None,None,None,None,None,None,None,None,None,None,50,42.12349392,0.842702127,0.164815105,2,0.5,0: Broadleaf,2,1745910799,419.9728333,419.9684,14.43147333,14.25736333,420.2063667,14.36926,599.9971667,100.9749,0.060637093,29.22647333,28.03611333,999.9,0,0,5000.833333,0,73.24817667,0.004402592,426.1224333,426.0427,0.1741255,419.9684,14.25736333,1.457217667,1.439636333,12.52650333,12.34167333,49.98622,0.8998551,0.100144897,0,212.7527333,4.99918,159.1888333,422.1811333,35.0789,39.2726,37.15806667,38.3122,38.57886667,40.48166667,4.502,0,37.19999981,0,212.8362308,-16.2339145,-10.38830772,159.1501538,15,1745910077,10:01:16,1745910077,1745910065,4,0.043,0.002,-0.233,-0.025,420,10,2.19,0.35,-0.020060499,0.317846252,0.119040524,1,213.3384118,-12.07825821,1.375672309,0,0.175835512,-0.036146634,0.005410543,1,2,3,02-Mar,3.22111,2.6686,0.102151,0.103216,0.0780912,0.0785225,26639,24419.2,28179.8,24948.1,33309.5,24298.5,40148,27742.8,1.9448,1.5258,0.112355,0,26.1611,999.9,24,35.4,13.723,29.6118,20.629,1,0.116626,0,20.2796,5.22807,11.9021,4.962,3.292,9999,9999,9999,999.9,4.97263,1.85486,1.85687,1.85715,1.85666,1.85638,1.8515,1.85352,0,0,0,0,11111111,oooooooo,on,on,on,on,0,100,100,-0.233,0.0621,-1.131389108,0.00151024,1.49E-06,5.40E-12,-0.060005978,-0.011177753,0.001682567,-2.18E-05,3,2244,0,20,12.2,12.4,1.03149,2.5647,1.59424,2.11792,1.50269,2.48657,39.7171,24.0612,18,615.217,386.808,28.9778,29.2337,29.9994,29.4082,29.4986,20.7229,-30,-30,-999.9,420,0,100.351,74.8063
239,1745912050,5548.5,20250429 10:34:09,10:34:09,15,C,2,2%,5560.74,1745912042,0.003106807,3.106806918,13.75738665,414.9574333,209.0820186,21.12436054,41.92474557,0.11765057,1.998132883,0.113933178,0.071532445,321.5022374,31.58577724,30.05777333,4.274608335,37.45003009,1.5996406,4.271400039,2.674967735,-137.0101851,-1.40866221,-0.1568346,182.9265555,0,0,1,0,24950,RECT-12807-20250324-17_57_43,10114.7,315.2007692,539.79,0.416067787,-0.222077465,MPF-15083-20250429-10_34_07,10136.3,228.18768,260.9239872,0.125463004,0.5,1681.155509,13.75738665,105.46141,0.00831539,1.06876342,194.0789391,DARK-15084-20250429-10_34_14,165.26,165.26,0.366635464,0.342200949,0.744575903,-0.603136479,1.241671348,0.247831648,0.752168352,15083,290,254.6,175,10136.3,253.99,0.61,300,23.9,260.9239872,3.683082423,-7.027375948,3.33790208,0.13666587,-0.006712851,290,255.06,855,10124.6,253.98,1.08,None,None,None,None,None,None,None,None,None,None,None,None,None,2000,1681.155509,0.840598489,0.160755084,2,0.5,0: Broadleaf,2,1745912042,414.9574333,419.9727667,15.83272,14.81355333,415.4064333,15.78172,600.0231,100.9746333,0.059213027,30.04469667,30.05777333,999.9,0,0,4993.333333,0,182.2719333,-4.813030333,421.8582667,426.2874667,1.065317,419.9727667,14.81355333,1.603361,1.495792,13.99115333,12.92521667,1999.950667,0.980001267,0.019998933,0,228.4157667,4.99918,4802.281333,19219.39333,36.3747,38.562,37.062,37.53926667,38.77686667,1955.055333,39.89833333,0,1201.8,0,228.18768,-7.765999976,-141.1923077,4800.2376,15,1745912066,10:34:26,1745912066,1745912066,5,-0.216,-0.02,-0.449,0.051,420,15,2.06,0.45,-4.80660475,-0.201268705,0.134044079,1,228.8240588,-10.00935065,1.164310751,0,1.05655425,0.194418574,0.019821562,0,1,3,01-Mar,3.2217,2.66753,0.101723,0.103651,0.0861511,0.0830004,26642.3,24396.1,28170,24936.8,33007.8,24169.1,40137.2,27730,1.9534,1.5606,0.202358,0,26.8308,999.9,24.3,36.2,14.5206,29.9408,19.6354,1,0.128333,0,20.2579,5.22687,11.9033,4.9612,3.292,9999,9999,9999,999.9,4.97259,1.85498,1.85696,1.85715,1.85669,1.85638,1.85153,1.85358,0,0,0,0,11111111,oooooooo,on,on,on,on,0,100,100,-0.449,0.051,-1.131389108,0.00151024,1.49E-06,5.40E-12,-0.060005978,-0.011177753,0.001682567,-2.18E-05,3,2244,0,20,32.9,33.1,1.04736,2.56592,1.59424,2.13135,1.50269,2.3999,40.3237,24.0262,18,621.806,405.998,28.9474,29.3343,30.0002,29.4383,29.5182,21.0419,-30,-30,-999.9,420,0,100.321,74.7722
240,1745912097,5596,20250429 10:34:57,10:34:57,15,C,2,2%,5560.83,1745912089,0.003203983,3.203983114,13.72813142,414.9681613,215.1897417,21.74149377,41.92591907,0.121434264,1.99941572,0.117480697,0.073769925,289.5688015,31.39635965,30.0286,4.267453683,37.02602309,1.591909634,4.299434562,2.67554405,-141.2956553,14.02102254,1.560695833,163.8548645,0,0,1,0,26032,RECT-12807-20250324-17_57_43,10114.7,315.2007692,539.79,0.416067787,-0.222077465,MPF-15085-20250429-10_34_54,10132.2,222.4800769,255.9634122,0.130812974,0.5,1513.194213,13.72813142,98.97271786,0.009219047,1.108856088,191.3210219,DARK-15086-20250429-10_35_02,161.95,161.95,0.367292385,0.356154877,0.75118195,-0.565240195,1.263758671,0.259255944,0.740744056,15085,290,250.76,255,10132.2,249.56,1.2,300,23.9,255.9634122,3.567077427,-6.491331441,3.222600621,0.126568445,-0.006878782,290,250.98,685,10126.9,249.55,1.43,None,None,None,None,None,None,None,None,None,None,None,None,None,1800,1513.194213,0.84065833,0.160870576,2,0.5,0: Broadleaf,2,1745912089,414.9681613,419.9875161,15.75616774,14.70497419,415.4311613,15.68132258,599.9847742,100.9748065,0.059255865,30.15867419,30.0286,999.9,0,0,4998.548387,0,170.177,-5.019319032,421.6111613,426.2555484,1.051196452,419.9875161,14.70497419,1.590976452,1.48483129,13.87166452,12.81285484,1800.010968,0.977994484,0.022005435,0,222.4924516,4.99918,4236.119355,17281.94194,36.679,38.61280645,37.187,37.562,39.038,1755.510968,39.5,0,45.5999999,0,222.4800769,-1.337709387,-61.77025642,4235.43,15,1745912066,10:34:26,1745912066,1745912066,5,-0.216,-0.02,-0.449,0.051,420,15,2.06,0.45,-5.015867317,0.104395819,0.113935882,1,222.6913529,-2.726875474,0.644424635,0,1.051051707,0.000759512,0.004295498,1,2,3,02-Mar,3.22164,2.66765,0.101726,0.103678,0.0856266,0.0824833,26640.8,24394.6,28168.7,24936.2,33025.2,24181.7,40135.3,27728.8,1.9526,1.5596,0.199318,0,26.8081,999.9,24.1,36.3,14.4824,29.4308,19.6074,1,0.130772,0,20.2599,5.22568,11.9021,4.9596,3.292,9999,9999,9999,999.9,4.97263,1.85501,1.85699,1.85724,1.85669,1.85638,1.85159,1.85361,0,0,0,0,11111111,oooooooo,on,on,on,on,0,100,100,-0.463,0.0742,-1.347718206,0.00151024,1.49E-06,5.40E-12,-0.079716443,-0.011177753,0.001682567,-2.18E-05,3,2244,0,20,0.5,0.5,1.04736,2.56836,1.59424,2.13135,1.50269,2.52319,40.4,24.035,18,621.632,405.705,28.9846,29.3696,30.0002,29.4785,29.5582,21.0416,-30,-30,-999.9,420,0,100.316,74.7694
241,1745912137,5635.5,20250429 10:35:36,10:35:36,15,C,2,2%,5560.92,1745912129,0.003076953,3.076953009,13.51204011,415.0774667,212.3705802,21.45683337,41.93729673,0.117459158,1.999086888,0.113755355,0.07142014,257.6690594,31.20223816,29.87453,4.229841418,36.59073244,1.575476762,4.305671564,2.654364656,-135.6936277,33.34695154,3.710132197,159.0325154,0,0,1,0,25442,RECT-12807-20250324-17_57_43,10114.7,315.2007692,539.79,0.416067787,-0.222077465,MPF-15087-20250429-10_35_34,10138.4,219.0907692,259.9376136,0.157140953,0.5,1345.199181,13.51204011,105.6929408,0.010209728,1.076613663,193.5326896,DARK-15088-20250429-10_35_41,166.99,166.99,0.357576621,0.439460926,0.750677002,-0.739133405,1.246063248,0.334955144,0.665044856,15087,290,250.16,155,10138.4,249.7,0.46,300,23.9,259.9376136,4.258125841,-10.3842873,3.835277477,0.207493544,-0.007046895,290,250.22,645,10129.2,249.69,0.53,None,None,None,None,None,None,None,None,None,None,None,None,None,1600,1345.199181,0.840747561,0.161042793,2,0.5,0: Broadleaf,2,1745912129,415.0774667,420.0072,15.59339667,14.58374,415.5400667,15.52257333,600.0005667,100.9756667,0.059200547,30.18394333,29.87453,999.9,0,0,4997.166667,0,158.8708333,-4.929808,421.6523667,426.2232,1.009658333,420.0072,14.58374,1.574556333,1.472605,13.71202,12.68664,1600.003667,0.975002667,0.024997573,0,219.1467,4.99918,3730.777333,15341.49,36.77893333,38.65806667,37.312,37.625,39.17873333,1555.133667,39.87,0,37.4000001,0,219.0907692,-4.007042723,-102.0670085,3730.588462,15,1745912066,10:34:26,1745912066,1745912066,5,-0.216,-0.02,-0.449,0.051,420,15,2.06,0.45,-4.8973425,-0.556683827,0.114427566,0,220.1974706,-15.61048128,1.857854443,0,1.0115125,-0.033246642,0.006540969,1,1,3,01-Mar,3.22167,2.66782,0.101765,0.103633,0.0849616,0.0819613,26638.4,24395.2,28167.4,24935.6,33048,24195.5,40133.7,27728.8,1.9532,1.5594,0.189692,0,26.8081,999.9,24,36.3,14.4206,29.9408,19.4471,1,0.132012,0,20.2614,5.22927,11.9021,4.96,3.292,9999,9999,9999,999.9,4.97263,1.85501,1.85699,1.85724,1.85669,1.85641,1.85165,1.85364,0,0,0,0,11111111,oooooooo,on,on,on,on,0,100,100,-0.463,0.07,-1.347718206,0.00151024,1.49E-06,5.40E-12,-0.079716443,-0.011177753,0.001682567,-2.18E-05,3,2244,0,20,1.2,1.2,1.04736,2.56836,1.59424,2.13135,1.50269,2.43164,40.4765,24.0262,18,622.33,405.769,29.0147,29.3949,30.0001,29.5037,29.5852,21.0414,-30,-30,-999.9,420,0,100.312,74.7687
242,1745912176,5675,20250429 10:36:16,10:36:16,15,C,2,2%,5560.83,1745912168,0.002948868,2.948868197,12.87841963,415.3128333,214.360783,21.65802931,41.96130184,0.112877582,1.999293546,0.10945289,0.068707096,225.7791741,30.98914349,29.75643,4.201206252,36.14173705,1.556685209,4.307167659,2.644521042,-130.0450875,46.73273858,5.195995955,147.6628211,0,0,1,0,25825,RECT-12807-20250324-17_57_43,10114.7,315.2007692,539.79,0.416067787,-0.222077465,MPF-15089-20250429-10_36_13,10136.8,215.7207308,263.6334816,0.181740007,0.5,1177.2009,12.87841963,106.9722501,0.011128514,1.047501693,195.574015,DARK-15090-20250429-10_36_21,166.22,166.22,0.369503452,0.491849281,0.739236337,-0.929130717,1.229607125,0.378986234,0.621013766,15089,290,250.25,215,10136.8,250.44,-0.19,300,23.9,263.6334816,3.090252749,-13.37201386,2.77510416,0.453323043,-0.007214416,290,250.15,665,10130.1,250.43,-0.28,None,None,None,None,None,None,None,None,None,None,None,None,None,1400,1177.2009,0.840866595,0.161272528,2,0.5,0: Broadleaf,2,1745912168,415.3128333,420.0139,15.40732333,14.43950667,415.7748667,15.34108667,599.9967,100.9758333,0.05957533,30.19,29.75643,999.9,0,0,4998,0,149.1183333,-4.701054333,421.8118333,426.1675,0.967817,420.0139,14.43950667,1.555767667,1.458040333,13.52753,12.53511333,1399.985333,0.971007833,0.028992573,0,215.6945,4.99918,3234.202,13400.25,36.77066667,38.6954,37.41633333,37.68286667,39.25,1354.545333,40.44066667,0,37.4000001,0,215.7207308,-5.653094042,-78.74769225,3234.038846,15,1745912066,10:34:26,1745912066,1745912066,5,-0.216,-0.02,-0.449,0.051,420,15,2.06,0.45,-4.693427561,-0.057538118,0.119357171,1,216.7526176,-15.66381972,1.761224591,0,0.971927829,-0.05159099,0.007110147,1,2,3,02-Mar,3.22178,2.66801,0.101768,0.103638,0.0841601,0.0813496,26636.3,24394.2,28165.4,24934.9,33075.8,24210.7,40132.1,27727.8,1.9526,1.5582,0.178188,0,26.8581,999.9,23.7,36.4,14.3207,29.8308,19.6835,1,0.133862,0,20.2632,5.22927,11.9033,4.9604,3.292,9999,9999,9999,999.9,4.97263,1.85498,1.85699,1.85721,1.85669,1.85641,1.85165,1.85361,0,0,0,0,11111111,oooooooo,on,on,on,on,0,100,100,-0.462,0.0651,-1.347718206,0.00151024,1.49E-06,5.40E-12,-0.079716443,-0.011177753,0.001682567,-2.18E-05,3,2244,0,20,1.8,1.8,1.04736,2.5647,1.59302,2.13135,1.50269,2.52197,40.5275,24.0262,18,622.149,405.272,29.0518,29.4202,30.0003,29.5294,29.6108,21.0378,-30,-30,-999.9,420,0,100.307,74.7662
243,1745912216,5714.5,20250429 10:36:55,10:36:55,15,C,2,2%,5560.92,1745912208,0.002781554,2.781554131,12.27350877,415.5446333,213.9845076,21.62020365,41.98509369,0.107028019,2.001432019,0.103947053,0.065236333,193.8039562,30.76161045,29.59563667,4.162491131,35.68391209,1.535058031,4.301821019,2.627433101,-122.6665372,61.79609797,6.857284418,139.7908014,0,0,1,0,25326,RECT-12807-20250324-17_57_43,10114.7,315.2007692,539.79,0.416067787,-0.222077465,MPF-15091-20250429-10_36_53,10135.9,212.08468,264.0027473,0.196657299,0.5,1009.187941,12.27350877,99.23208743,0.012381823,1.044637814,195.7771586,DARK-15092-20250429-10_37_00,167.61,167.61,0.365120243,0.538609685,0.741005032,-1.014063928,1.227962943,0.425661907,0.574338093,15091,290,252.75,245,10135.9,252.08,0.67,300,23.9,264.0027473,2.794891441,-12.08909586,2.502040001,0.4546724,-0.007381208,290,251.66,715,10129.1,252.07,-0.41,None,None,None,None,None,None,None,None,None,None,None,None,None,1200,1009.187941,0.840985746,0.161502489,2,0.5,0: Broadleaf,2,1745912208,415.5446333,420.0211,15.19313333,14.28003333,416.0062333,15.13210667,599.9986,100.9767333,0.05957017,30.16834667,29.59563667,999.9,0,0,5006.666667,0,142.0417667,-4.476465,421.9555333,426.1059667,0.913098133,420.0211,14.28003333,1.534154,1.441953333,13.31286,12.36613,1200.006,0.9670059,0.03299384,0,212.0590333,4.99918,2752.235667,11464.36667,36.6933,38.75826667,37.4454,37.7332,39.25,1155.576,39.43,0,37.4000001,0,212.08468,-5.085000012,-54.85769222,2751.642,15,1745912066,10:34:26,1745912066,1745912066,5,-0.216,-0.02,-0.449,0.051,420,15,2.06,0.45,-4.457960976,-0.078695749,0.11667428,1,212.9795588,-13.68411002,1.523406925,0,0.918291805,-0.094234913,0.010422469,1,2,3,02-Mar,3.22164,2.66803,0.101808,0.103591,0.0833379,0.0806419,26634.7,24394.2,28165,24933.6,33105.2,24228.8,40131.5,27727.1,1.9526,1.5576,0.167191,0,26.89,999.9,23.5,36.4,14.1983,29.5608,19.4391,1,0.135183,0,20.265,5.22927,11.9021,4.9616,3.292,9999,9999,9999,999.9,4.97266,1.85501,1.85699,1.8573,1.85669,1.85648,1.85162,1.85364,0,0,0,0,11111111,oooooooo,on,on,on,on,0,100,100,-0.461,0.0602,-1.347718206,0.00151024,1.49E-06,5.40E-12,-0.079716443,-0.011177753,0.001682567,-2.18E-05,3,2244,0,20,2.5,2.5,1.04736,2.56714,1.59424,2.13013,1.50269,2.41211,40.6298,24.0262,18,622.408,405.096,29.0888,29.443,30.0002,29.5542,29.6353,21.0401,-30,-30,-999.9,420,0,100.305,74.7635
244,1745912255,5754,20250429 10:37:35,10:37:35,15,C,2,2%,5560.92,1745912247,0.002620272,2.620272365,11.25678783,415.8830333,220.5871139,22.28772561,42.02007438,0.101442589,1.998225647,0.098666001,0.061909386,161.9037606,30.50650924,29.41976667,4.120502363,35.24731059,1.512022901,4.289753957,2.608479462,-115.5540113,75.36926107,8.367548229,130.0865586,0,0,1,0,26096,RECT-12807-20250324-17_57_43,10114.7,315.2007692,539.79,0.416067787,-0.222077465,MPF-15093-20250429-10_37_32,10139.7,208.1140769,276.3705274,0.246974419,0.5,841.1924467,11.25678783,103.876508,0.013645944,0.953138799,202.4972108,DARK-15094-20250429-10_37_40,156.36,156.36,0.434237791,0.568753858,0.687007987,-1.757816776,1.172894496,0.427315416,0.572684584,15093,290,256.52,205,10139.7,256.61,-0.09,300,23.9,276.3705274,3.310406897,-20.0408665,2.954705756,0.621646904,-0.007549127,290,255.21,715,10131,256.59,-1.38,None,None,None,None,None,None,None,None,None,None,None,None,None,1000,841.1924467,0.841193793,0.16190402,2,0.5,0: Broadleaf,2,1745912247,415.8830333,419.9986333,14.96486333,14.10449,416.3436,14.90932,599.9861333,100.9789,0.05930309,30.11939,29.41976667,999.9,0,0,4993.5,0,138.4408,-4.115598667,422.2012333,426.0073,0.860377333,419.9986333,14.10449,1.511135667,1.424256,13.0813,12.17835667,999.9984,0.9600072,0.03999248,0,208.1062667,4.99918,2276.664667,9523.900667,36.5809,38.812,37.5,37.75413333,39.2311,955.2056667,39.793,0,37.4000001,0,208.1140769,-5.806769208,-44.5610256,2276.564231,15,1745912066,10:34:26,1745912066,1745912066,5,-0.216,-0.02,-0.449,0.051,420,15,2.06,0.45,-4.13133175,0.693255197,0.139330667,0,209.0330294,-14.43478992,1.604100985,0,0.865513025,-0.101557362,0.010832843,0,0,3,0/3,3.22128,2.66787,0.101872,0.103625,0.0823471,0.0798779,26631.6,24392.7,28163.9,24933.1,33139.2,24248.6,40129.2,27726.6,1.9506,1.5572,0.154227,0,26.8946,999.9,23.2,36.5,14.0968,29.6908,19.6915,1,0.13689,0,20.2664,5.22927,11.9033,4.962,3.292,9999,9999,9999,999.9,4.97266,1.85501,1.85699,1.8573,1.85669,1.85641,1.85165,1.85364,0,0,0,0,11111111,oooooooo,on,on,on,on,0,100,100,-0.461,0.0544,-1.347718206,0.00151024,1.49E-06,5.40E-12,-0.079716443,-0.011177753,0.001682567,-2.18E-05,3,2244,0,20,3.1,3.2,1.04736,2.56348,1.59424,2.13013,1.50269,2.53052,40.681,24.035,18,621.147,405.013,29.1226,29.4633,30.0006,29.5749,29.6559,21.0406,-30,-30,-999.9,420,0,100.3,74.7622
245,1745912295,5793.5,20250429 10:38:14,10:38:14,15,C,2,2%,5560.92,1745912287,0.002437327,2.437326912,10.54307765,416.1317667,221.2790163,22.35792397,42.04575091,0.095047235,2.001435732,0.092608976,0.058094468,129.981014,30.24537397,29.21769667,4.072714653,34.77904123,1.486666088,4.274603426,2.586048565,-107.4861168,90.64329308,10.03402691,123.1722171,0,0,1,0,25573,RECT-12807-20250324-17_57_43,10114.7,315.2007692,539.79,0.416067787,-0.222077465,MPF-15095-20250429-10_38_12,10144.5,203.43004,282.1436659,0.278984203,0.5,673.1925634,10.54307765,93.90504553,0.015991197,0.913174263,205.5793229,DARK-15096-20250429-10_38_19,158.93,158.93,0.436705412,0.638838438,0.676485675,-2.381141053,1.147189174,0.499093413,0.500906587,15095,290,262.9,155,10144.5,262.81,0.09,300,23.9,282.1436659,2.759190964,-19.6100219,2.455298575,0.694953404,-0.007717369,290,261.36,875,10130.1,262.79,-1.43,None,None,None,None,None,None,None,None,None,None,None,None,None,800,673.1925634,0.841490248,0.162476179,2,0.5,0: Broadleaf,2,1745912287,416.1317667,419.9842333,14.71371,13.91321667,416.5917333,14.66414333,599.9962,100.9804,0.059112667,30.05775333,29.21769667,999.9,0,0,5006.5,0,137.0863,-3.852409,422.3461,425.91,0.800497867,419.9842333,13.91321667,1.485797,1.404964,12.82277,11.97129333,800.0004333,0.950012833,0.049987557,0,203.4890667,4.99918,1815.283667,7584.83,36.3915,38.812,37.437,37.7934,39.13946667,755.2616667,39.74,0,37.4000001,0,203.43004,-5.105461525,-30.6538461,1814.9064,15,1745912066,10:34:26,1745912066,1745912066,5,-0.216,-0.02,-0.449,0.051,420,15,2.06,0.45,-3.8785575,0.250405328,0.114026964,1,204.4088529,-14.61599695,1.635716395,0,0.805176325,-0.086380334,0.010220293,1,2,3,02-Mar,3.22147,2.6671,0.101897,0.103611,0.0813225,0.0790464,26629.3,24392.9,28162.3,24933.1,33176.2,24269.8,40128.9,27725.7,1.9512,1.5556,0.142455,0,26.8877,999.9,22.9,36.5,13.9114,29.3608,19.6274,1,0.137744,0,20.2681,5.22927,11.9021,4.9616,3.292,9999,9999,9999,999.9,4.97259,1.85501,1.85699,1.85727,1.85669,1.85638,1.85165,1.85364,0,0,0,0,11111111,oooooooo,on,on,on,on,0,100,100,-0.46,0.0484,-1.347718206,0.00151024,1.49E-06,5.40E-12,-0.079716443,-0.011177753,0.001682567,-2.18E-05,3,2244,0,20,3.8,3.8,1.04736,2.56348,1.59424,2.13013,1.50269,2.48413,40.758,24.035,18,621.796,404.254,29.1527,29.4835,30.0003,29.5946,29.676,21.0416,-30,-30,-999.9,420,0,100.297,74.7607
246,1745912334,5833,20250429 10:38:54,10:38:54,15,C,2,2%,5560.92,1745912326,0.002255363,2.255363291,9.756859615,416.4668,222.523846,22.48433996,42.08079844,0.088249556,1.998930016,0.086140855,0.054023296,98.06993253,29.98406953,29.05009333,4.033445328,34.27339873,1.459839486,4.259395157,2.573605843,-99.46152115,101.9034683,11.2817994,111.7936791,0,0,1,0,25166,RECT-12807-20250324-17_57_43,10114.7,315.2007692,539.79,0.416067787,-0.222077465,MPF-15097-20250429-10_38_51,10141.2,199.65296,301.3734648,0.337523096,0.5,505.2066255,9.756859615,85.25945208,0.01975219,0.791099958,215.6031594,DARK-15098-20250429-10_38_59,151.01,151.01,0.498927352,0.676497478,0.613242799,-7.356495623,1.061567086,0.511677284,0.488322716,15097,290,277.53,265,10141.2,277.13,0.4,300,23.9,301.3734648,2.620063867,-24.58509182,2.324542595,0.799797528,-0.007885684,290,276.23,795,10133.6,277.11,-0.88,None,None,None,None,None,None,None,None,None,None,None,None,None,600,505.2066255,0.84199294,0.163446373,2,0.5,0: Broadleaf,2,1745912326,416.4668,420.0322,14.44779333,13.70686333,416.9257333,14.40443,599.9968333,100.9829667,0.05941759,29.99569,29.05009333,999.9,0,0,4996.166667,0,137.2108667,-3.565377667,422.5720333,425.8694667,0.740934,420.0322,13.70686333,1.458981333,1.384159667,12.54489,11.74517667,600.0129,0.933017033,0.0669829,0,199.7219333,4.99918,1373.403333,5645.334667,36.14976667,38.812,37.375,37.80166667,39.0041,555.159,39.86,0,37.4000001,0,199.65296,-4.868538437,-24.69692305,1373.1184,15,1745912066,10:34:26,1745912066,1745912066,5,-0.216,-0.02,-0.449,0.051,420,15,2.06,0.45,-3.540682439,-0.203440348,0.121319645,1,200.6736176,-14.38626432,1.629812115,0,0.749295927,-0.129897512,0.013889337,0,1,3,01-Mar,3.22123,2.66766,0.10197,0.103592,0.0802323,0.0781377,26626.8,24393.2,28162,24932.9,33215.4,24294.6,40128.5,27726.7,1.9512,1.5554,0.130057,0,26.8991,999.9,22.6,36.6,13.8051,29.9108,19.6074,1,0.13872,0,20.2699,5.22568,11.9033,4.9608,3.292,9999,9999,9999,999.9,4.97263,1.85498,1.85699,1.85727,1.85669,1.85651,1.85165,1.85364,0,0,0,0,11111111,oooooooo,on,on,on,on,0,100,100,-0.459,0.0423,-1.347718206,0.00151024,1.49E-06,5.40E-12,-0.079716443,-0.011177753,0.001682567,-2.18E-05,3,2244,0,20,4.5,4.5,1.04736,2.56714,1.59424,2.13013,1.50269,2.4707,40.835,24.0437,18,621.976,404.258,29.183,29.4992,30.0001,29.6123,29.6936,21.0374,-30,-30,-999.9,420,0,100.296,74.7619
247,1745912374,5872.5,20250429 10:39:33,10:39:33,15,C,2,2%,5560.83,1745912366,0.002109158,2.109157651,8.807790356,416.7824,228.9850168,23.13801284,42.11418134,0.082425581,1.99971008,0.080583591,0.050526812,82.09234637,29.84239628,28.93326,4.006267042,33.75685554,1.432715296,4.244220243,2.573551745,-93.0138524,107.8417904,11.92399457,108.844279,0,0,1,0,26116,RECT-12807-20250324-17_57_43,10114.7,315.2007692,539.79,0.416067787,-0.222077465,MPF-15099-20250429-10_39_31,10144.3,199.9315769,319.1126283,0.373476449,0.5,421.1854218,8.807790356,78.65141796,0.021439175,0.691534437,224.5324803,DARK-15100-20250429-10_39_38,153.89,153.89,0.517756471,0.721336131,0.571851183,30.46660124,0.982582161,0.555222036,0.444777964,15099,290,293.56,225,10144.3,292.92,0.64,300,23.9,319.1126283,2.611179988,-26.5670907,2.313212766,0.824894561,-0.007970411,290,291.46,635,10139.2,292.91,-1.45,None,None,None,None,None,None,None,None,None,None,None,None,None,500,421.1854218,0.84237601,0.1641857,2,0.5,0: Broadleaf,2,1745912366,416.7824,420.0113,14.17884667,13.48577333,417.2405,14.14166667,600.0093,100.9865333,0.059435357,29.93357,28.93326,999.9,0,0,4999.166667,0,137.8824333,-3.228854,422.7768333,425.7528,0.693067267,420.0113,13.48577333,1.431872667,1.361881333,12.2594,11.49971667,499.9969333,0.920004267,0.079995397,0,199.9446333,4.99918,1168.535333,4676.358667,35.92476667,38.80373333,37.27273333,37.75,38.8477,455.3986667,39.6,0,37.4000001,0,199.9315769,-9.728170959,-49.37914524,1168.510769,15,1745912066,10:34:26,1745912066,1745912066,5,-0.216,-0.02,-0.449,0.051,420,15,2.06,0.45,-3.24172025,0.379039587,0.102198128,1,201.1808824,-20.52574486,2.260806542,0,0.6972872,-0.106870964,0.011162976,0,1,3,01-Mar,3.22101,2.6676,0.102011,0.103622,0.0790766,0.0772094,26625,24392.1,28161.4,24932.7,33255.7,24318.9,40126.6,27726.5,1.9504,1.5548,0.123233,0,26.8877,999.9,22.2,36.7,13.6336,30.0008,19.5793,1,0.139837,0,20.2707,5.22927,11.9033,4.96,3.292,9999,9999,9999,999.9,4.97263,1.85501,1.85699,1.85727,1.85669,1.85638,1.85165,1.85361,0,0,0,0,11111111,oooooooo,on,on,on,on,0,100,100,-0.458,0.0358,-1.347718206,0.00151024,1.49E-06,5.40E-12,-0.079716443,-0.011177753,0.001682567,-2.18E-05,3,2244,0,20,5.1,5.1,1.04736,2.5647,1.59424,2.13013,1.50269,2.45728,40.8865,24.035,18,621.57,404.041,29.2086,29.5165,30.0001,29.63,29.7113,21.0408,-30,-30,-999.9,420,0,100.293,74.7613
248,1745912413,5912,20250429 10:40:13,10:40:13,15,C,2,2%,5560.92,1745912405,0.001965324,1.965323973,8.205000668,416.9773333,228.760916,23.11529976,42.13375355,0.076508355,2.001095199,0.074919669,0.046964782,66.12584732,29.71000032,28.83891,3.984435619,33.19012215,1.404445203,4.231515622,2.579990416,-86.67078722,112.4684334,12.41792695,104.3414204,0,0,1,0,24999,RECT-12807-20250324-17_57_43,10114.7,315.2007692,539.79,0.416067787,-0.222077465,MPF-15101-20250429-10_40_10,10150.4,201.75828,342.5058293,0.410934756,0.5,337.1795806,8.205000668,69.2794043,0.024992848,0.576002374,235.8675739,DARK-15102-20250429-10_40_18,163.15,163.15,0.523657742,0.784739196,0.523800368,5.154632469,0.87842222,0.634572221,0.365427779,15101,290,318.43,145,10150.4,316.48,1.95,300,23.9,342.5058293,2.64648623,-26.4140602,2.341065767,0.819708799,-0.008055081,290,314.33,795,10136.7,316.45,-2.12,None,None,None,None,None,None,None,None,None,None,None,None,None,400,337.1795806,0.842962298,0.165317236,2,0.5,0: Broadleaf,2,1745912405,416.9773333,419.9855333,13.89911333,13.25310333,417.4349,13.86825667,599.9931,100.9860333,0.059635533,29.88141333,28.83891,999.9,0,0,5004.833333,0,138.9581333,-3.008138667,422.8547333,425.6264333,0.646016833,419.9855333,13.25310333,1.403616333,1.338377333,11.95671667,11.23686333,399.9936667,0.900014233,0.099985627,0,201.8294667,4.99918,968.5141,3707.022667,35.69976667,38.7353,37.156,37.729,38.69963333,355.5006667,39.497,0,37.4000001,0,201.75828,-9.155615426,-37.91338453,968.0934,15,1745912066,10:34:26,1745912066,1745912066,5,-0.216,-0.02,-0.449,0.051,420,15,2.06,0.45,-3.03075439,0.238183066,0.11128754,1,203.3294118,-21.87718871,2.415644039,0,0.652379976,-0.092514606,0.010671299,1,2,3,02-Mar,3.22112,2.66798,0.102061,0.103595,0.0779004,0.076133,26623.1,24393.1,28161.2,24933,33298,24347.2,40126,27726.2,1.951,1.554,0.117898,0,26.8854,999.9,21.9,36.7,13.4498,30.0108,19.5593,1,0.140569,0,20.2721,5.22927,11.9021,4.9616,3.292,9999,9999,9999,999.9,4.97263,1.85501,1.85699,1.8573,1.85669,1.85641,1.85165,1.85364,0,0,0,0,11111111,oooooooo,on,on,on,on,0,100,100,-0.457,0.0294,-1.347718206,0.00151024,1.49E-06,5.40E-12,-0.079716443,-0.011177753,0.001682567,-2.18E-05,3,2244,0,20,5.8,5.8,1.04736,2.56592,1.59424,2.13013,1.50269,2.42676,40.9896,24.0437,18,622.166,403.694,29.2318,29.5317,30.0003,29.6452,29.7264,21.039,-30,-30,-999.9,420,0,100.291,74.7614
249,1745912453,5951.5,20250429 10:40:52,10:40:52,15,C,2,2%,5560.92,1745912445,0.001833551,1.83355104,7.299286259,417.2887333,236.2941212,23.8769616,42.16603872,0.071000658,1.999562177,0.069629235,0.043639283,49.5862454,29.57654836,28.75576,3.965281814,32.56893646,1.374697132,4.220884319,2.590584682,-80.85960085,116.6296078,12.8791372,98.23538959,0,0,1,0,25653,RECT-12807-20250324-17_57_43,10114.7,315.2007692,539.79,0.416067787,-0.222077465,MPF-15103-20250429-10_40_50,10136.7,207.9145,394.5201404,0.472993952,0.5,252.8770978,7.299286259,59.80466893,0.029743159,0.368219122,259.4212973,DARK-15104-20250429-10_40_57,158.92,158.92,0.597181528,0.792043842,0.381415863,2.352585979,0.64682469,0.605400813,0.394599187,15103,290,360.97,245,10136.7,359.37,1.6,300,23.9,394.5201404,2.657060769,-35.62576153,2.344697428,0.891834758,-0.0081318,290,355.48,705,10130.5,359.35,-3.87,None,None,None,None,None,None,None,None,None,None,None,None,None,300,252.8770978,0.84294951,0.165292554,2,0.5,0: Broadleaf,2,1745912445,417.2887333,419.9769333,13.60444667,13.00156333,417.7454,13.58015333,599.9856,100.9878333,0.05979952,29.83766333,28.75576,999.9,0,0,4998.5,0,138.1589667,-2.688218667,423.0439667,425.5092667,0.6028854,419.9769333,13.00156333,1.373885,1.313000667,11.63238667,10.94847333,299.9908,0.9000123,0.099987683,0,207.8940667,4.99918,785.0182,2768.494333,35.4643,38.687,37.02686667,37.687,38.53303333,265.4956667,29.494,0,37.4000001,0,207.9145,-12.51729915,-27.53897435,784.9490385,15,1745912066,10:34:26,1745912066,1745912066,5,-0.216,-0.02,-0.449,0.051,420,15,2.06,0.45,-2.723537,0.867654934,0.145206914,0,208.9005882,-16.57561498,1.74045498,0,0.60896435,-0.09414448,0.011013396,1,1,3,01-Mar,3.221,2.66867,0.102082,0.103601,0.0766897,0.0750075,26621.2,24391.9,28159.9,24932.1,33341.6,24376.5,40125.7,27725.8,1.9502,1.5538,0.110865,0,26.8991,999.9,21.5,36.8,13.2759,29.9808,19.7276,1,0.141402,0,20.2731,5.22927,11.9021,4.962,3.292,9999,9999,9999,999.9,4.97259,1.85501,1.85699,1.8573,1.85669,1.85648,1.85165,1.85364,0,0,0,0,11111111,oooooooo,on,on,on,on,0,100,100,-0.457,0.0231,-1.347718206,0.00151024,1.49E-06,5.40E-12,-0.079716443,-0.011177753,0.001682567,-2.18E-05,3,2244,0,20,6.4,6.5,1.04736,2.5647,1.59424,2.13013,1.50269,2.51709,41.067,24.0437,18,621.734,403.682,29.2527,29.547,30.0001,29.6604,29.7415,21.0406,-30,-30,-999.9,420,0,100.289,74.7594
250,1745912492,5991,20250429 10:41:32,10:41:32,15,C,2,2%,5560.92,1745912484,0.001732764,1.732763952,6.316484481,417.6289667,249.8517867,25.24674634,42.20010881,0.066795737,1.998695314,0.06557993,0.041094848,33.05273224,29.41882534,28.65968333,3.943250357,31.92682831,1.343212285,4.207158542,2.600038073,-76.41489029,120.8299278,13.33864702,90.80641679,0,0,1,0,26188,RECT-12807-20250324-17_57_43,10114.7,315.2007692,539.79,0.416067787,-0.222077465,MPF-15105-20250429-10_41_29,10134.3,221.3595769,481.7852955,0.540543103,0.5,168.6020035,6.316484481,45.56832507,0.038781045,0.12039534,294.4968411,DARK-15106-20250429-10_41_37,175.53,175.53,0.635667585,0.850354989,0.159239841,1.563324784,0.258270195,0.674300219,0.325699781,15105,290,443.06,145,10134.3,439.65,3.41,300,23.9,481.7852955,2.223203189,-42.69863083,1.957176397,0.944439733,-0.008208133,290,435.02,635,10125.2,439.61,-4.59,None,None,None,None,None,None,None,None,None,None,None,None,None,200,168.6020035,0.842926006,0.165247192,2,0.5,0: Broadleaf,2,1745912484,417.6289667,419.9757333,13.29296,12.72303667,418.0846333,13.27543,599.9861,100.9872333,0.059658,29.78103667,28.65968333,999.9,0,0,4995,0,136.5327667,-2.346843333,423.2551333,425.3879667,0.569927433,419.9757333,12.72303667,1.342419,1.284863333,11.28232333,10.62292667,200.0199333,0.899984033,0.100015813,0,221.3532,4.99918,602.6514333,1830.251667,35.22676667,38.5935,36.88946667,37.625,38.3561,175.5153333,19.509,0,37.4000001,0,221.3595769,7.864854725,7.992376033,602.7038077,15,1745912066,10:34:26,1745912066,1745912066,5,-0.216,-0.02,-0.449,0.051,420,15,2.06,0.45,-2.402222,1.16466349,0.16807149,0,220.6133824,12.12420169,1.408719214,0,0.5740509,-0.09601603,0.01027096,1,1,3,01-Mar,3.22124,2.66811,0.102171,0.103548,0.0753423,0.0738042,26618.9,24393,28160.3,24931.8,33391.4,24408.9,40126.9,27726.6,1.9504,1.5532,0.105649,0,26.8991,999.9,21,36.9,13.0416,29.5708,19.6955,1,0.142195,0,20.2739,5.22807,11.9021,4.9616,3.292,9999,9999,9999,999.9,4.97266,1.85501,1.85702,1.8573,1.85669,1.85651,1.85165,1.85364,0,0,0,0,11111111,oooooooo,on,on,on,on,0,100,100,-0.456,0.0162,-1.347718206,0.00151024,1.49E-06,5.40E-12,-0.079716443,-0.011177753,0.001682567,-2.18E-05,3,2244,0,20,7.1,7.1,1.04736,2.56958,1.59424,2.12891,1.50269,2.49023,41.1446,24.0437,18,622.01,403.431,29.2741,29.5623,30.0001,29.6731,29.7541,21.0406,-30,-30,-999.9,420,0,100.291,74.7602
251,1745912532,6030.5,20250429 10:42:11,10:42:11,15,C,2,2%,5560.92,1745912524,0.001629232,1.629231607,4.632263794,418.2108,282.8144956,28.57742568,42.25875351,0.062400816,1.998486577,0.061338257,0.03843037,16.50869444,29.27848706,28.57762667,3.924518446,31.21187632,1.310097669,4.197433233,2.614420777,-71.84911388,125.3248919,13.82790794,83.81238044,0,0,1,0,25721,RECT-12807-20250324-17_57_43,10114.7,315.2007692,539.79,0.416067787,-0.222077465,MPF-15107-20250429-10_42_09,10127.4,231.4166923,591.8238259,0.60897706,0.5,84.27862037,4.632263794,25.66187323,0.057598727,-0.087921141,332.2589386,DARK-15108-20250429-10_42_16,184.36,184.36,0.688488378,0.884513203,-0.146396832,1.302881755,-0.231684421,0.704654675,0.295345325,15107,290,550.69,135,10127.4,546.86,3.83,300,23.9,591.8238259,3.25503901,-45.53979259,2.8587167,0.900628085,-0.00828565,290,541.9,615,10118.7,546.82,-4.92,None,None,None,None,None,None,None,None,None,None,None,None,None,100,84.27862037,0.842849389,0.165099321,2,0.5,0: Broadleaf,2,1745912524,418.2108,419.9819667,12.96529,12.42926667,418.6649333,12.95473333,600.0142333,100.9869,0.05963804,29.74081667,28.57762667,999.9,0,0,4994.166667,0,134.8601667,-1.771131333,423.7043333,425.2677,0.536027467,419.9819667,12.42926667,1.309324,1.255192333,10.90626667,10.27275667,99.99250333,0.900004867,0.09999534,0,231.4090333,4.99918,388.1780333,891.5096,34.9831,38.51033333,36.7353,37.562,38.17253333,85.49366667,9.497,0,37.4000001,0,231.4166923,23.0356923,19.82851284,388.2375385,15,1745912066,10:34:26,1745912066,1745912066,5,-0.216,-0.02,-0.449,0.051,420,15,2.06,0.45,-1.874460488,1.807054913,0.2126903,0,229.7938235,28.10380445,2.846373756,0,0.540141244,-0.079781895,0.009446718,1,1,3,01-Mar,3.22068,2.66832,0.102302,0.103551,0.0739386,0.0724658,26613.5,24393.2,28158.7,24932.2,33440.1,24444,40124.1,27726.2,1.95,1.5524,0.100583,0,26.9265,999.9,20.6,37,12.8607,29.9308,19.5553,1,0.142927,0,20.2746,5.22807,11.9069,4.9612,3.292,9999,9999,9999,999.9,4.97266,1.85501,1.85699,1.8573,1.85669,1.85638,1.85165,1.85364,0,0,0,0,11111111,oooooooo,on,on,on,on,0,100,100,-0.454,0.0093,-1.347718206,0.00151024,1.49E-06,5.40E-12,-0.079716443,-0.011177753,0.001682567,-2.18E-05,3,2244,0,20,7.8,7.8,1.04736,2.56958,1.59424,2.12769,1.50269,2.41333,41.2223,24.0437,18,621.847,403.086,29.2929,29.575,30.0001,29.6858,29.7692,21.0392,-30,-30,-999.9,420,0,100.285,74.7602
252,1745912571,6070,20250429 10:42:51,10:42:51,15,C,2,2%,5560.92,1745912563,0.001540116,1.540115723,2.507533317,418.9508,333.0473193,33.65334079,42.33360615,0.058286537,1.998775162,0.057358483,0.035931203,8.240018878,29.21315104,28.55682,3.919781049,30.45927603,1.276365304,4.190399346,2.643415746,-67.91910338,124.445006,13.72543746,78.49135897,0,0,1,0,25958,RECT-12807-20250324-17_57_43,10114.7,315.2007692,539.79,0.416067787,-0.222077465,RECT-15109-20250429-10_42_48,10123.4,234.89372,598.84,0.607752121,0.5,42.12789643,2.507533317,12.8016592,0.064793427,-0.098607307,334.4589075,DARK-15110-20250429-10_42_56,195.61,195.61,0.673351814,0.902577388,-0.171567203,1.283130965,-0.26292445,0.751629983,0.248370017,15107,290,550.69,135,10127.4,546.86,3.83,300,23.9,591.8238259,3.25503901,-45.53979259,2.8587167,0.900628085,-0.00828565,290,541.9,615,10118.7,546.82,-4.92,None,None,None,None,None,None,None,None,None,None,None,None,None,50,42.12789643,0.842709897,0.164830102,2,0.5,0: Broadleaf,2,1745912563,418.9508,420.0017,12.63143667,12.12456,419.4030333,12.62781333,600.0125667,100.9870667,0.05965804,29.71167667,28.55682,999.9,0,0,4995.333333,0,133.6328,-1.050845467,424.3105667,425.1565333,0.506882433,420.0017,12.12456,1.275612667,1.224424667,10.51448667,9.901826,49.99098333,0.8997058,0.10029419,0,234.9062333,4.99918,268.7136333,422.2047,34.756,38.43493333,36.5851,37.50206667,37.99576667,40.47933333,4.516,0,37.4000001,0,234.89372,-3.312769272,0.679923099,268.71032,15,1745912066,10:34:26,1745912066,1745912066,5,-0.216,-0.02,-0.449,0.051,420,15,2.06,0.45,-1.130494976,1.553071045,0.184714247,0,234.9042059,-0.725882361,0.641033072,1,0.510918537,-0.076959638,0.009072339,1,2,3,02-Mar,3.22084,2.66851,0.102412,0.103571,0.0724842,0.0710736,26609.9,24392.2,28158.5,24931.8,33492.9,24480.4,40124.3,27725.8,1.9492,1.5522,0.0947416,0,26.9699,999.9,20.1,37,12.5498,29.7608,19.5673,1,0.144024,0,20.2753,5.22927,11.9057,4.962,3.292,9999,9999,9999,999.9,4.97263,1.85501,1.85709,1.8573,1.85672,1.85648,1.85165,1.85364,0,0,0,0,11111111,oooooooo,on,on,on,on,0,100,100,-0.451,0.0023,-1.347718206,0.00151024,1.49E-06,5.40E-12,-0.079716443,-0.011177753,0.001682567,-2.18E-05,3,2244,0,20,8.4,8.4,1.04736,2.57202,1.59424,2.13013,1.50269,2.42554,41.3001,24.035,18,621.415,403.057,29.3153,29.5903,30.0001,29.701,29.7819,21.036,-30,-30,-999.9,420,0,100.285,74.7591
253,1745913409,6907.4,20250429 10:56:48,10:56:48,15,C,3,21%,5561.28,1745913401,0.003667717,3.667717063,10.93182461,415.8247097,233.0114831,23.54076434,42.01008194,0.108834774,1.997264514,0.105644141,0.066306463,321.502796,32.04398861,30.04821935,4.272264107,19.2410022,0.853778805,4.437288644,3.418485302,-161.7463225,71.2460828,7.961481766,238.9640381,0,0,1,0,25333,RECT-12807-20250324-17_57_43,10114.7,315.2007692,539.79,0.416067787,-0.222077465,MPF-15113-20250429-10_56_46,10122,227.26568,268.0871174,0.152269299,0.5,1681.157003,10.93182461,127.9942992,0.006634658,1.013487277,198.0143305,DARK-15114-20250429-10_56_53,170.31,170.31,0.364721432,0.417494793,0.735365602,-0.866446049,1.209776985,0.31286527,0.68713473,15113,290,259.88,185,10122,258.6,1.28,300,23.9,268.0871174,3.588714788,-9.603961155,3.247752964,0.237981124,-0.006704312,290,259.91,835,10110,258.59,1.32,None,None,None,None,None,None,None,None,None,None,None,None,None,2000,1681.157003,0.840598568,0.160755235,2,0.5,0: Broadleaf,2,1745913401,415.8247097,419.977129,8.450883871,7.238613548,416.2854839,8.517188065,599.9852581,100.9672903,0.061053974,30.7098871,30.04821935,999.9,0,0,4990.16129,0,244.5425161,-4.152370645,419.3688065,423.0393871,1.212269032,419.977129,7.238613548,0.853262452,0.730862903,4.625682581,2.430948065,1999.952258,0.979997516,0.020002755,0,227.4978065,4.99918,4793.040323,19219.40323,37.65296774,39.921,38.32622581,39.03,40.026,1955.049355,39.90354839,0,796.2,0,227.26568,-11.05269228,-217.9784616,4788.82,15,1745912066,10:34:26,1745912066,1745912066,5,-0.216,-0.02,-0.449,0.051,420,15,2.06,0.45,-4.140369024,-0.187849129,0.12451007,1,228.4570882,-16.7748663,1.783045402,0,1.203259024,0.148657422,0.015823431,0,1,3,01-Mar,3.21987,2.66999,0.101102,0.102913,0.0517,0.0458701,26619,24395.1,28129.3,24918.8,34213,25134.3,40086.6,27712.7,1.9366,1.493,0.177473,0,27.2389,999.9,12,38.4,8.08516,30.0009,20.9936,1,0.186301,0,20.2558,5.22687,11.9021,4.96,3.292,9999,9999,9999,999.9,4.97272,1.85516,1.85715,1.85733,1.85684,1.85654,1.85178,1.85376,0,0,0,0,11111111,oooooooo,on,on,on,on,0,100,100,-0.461,-0.0665,-1.347718206,0.00151024,1.49E-06,5.40E-12,-0.079716443,-0.011177753,0.001682567,-2.18E-05,3,2244,0,20,22.4,22.4,1.03271,2.58179,1.59424,2.10693,1.50269,2.45605,42.5103,24.0175,18,617.431,374.202,29.7955,30.1288,30.0003,30.2198,30.2925,20.7683,-30,-30,-999.9,420,0,100.187,74.7221
254,1745913448,6946.9,20250429 10:57:28,10:57:28,15,C,3,21%,5561.1,1745913440,0.003595287,3.595287113,10.9381841,415.8398667,229.6395448,23.20034377,42.01204922,0.106591795,2.000021578,0.103533418,0.06497586,289.5642438,31.90020235,29.99751,4.259840466,18.82639024,0.840056943,4.462124348,3.419783523,-158.5521617,87.34844599,9.749676184,228.1102043,0,0,1,0,26090,RECT-12807-20250324-17_57_43,10114.7,315.2007692,539.79,0.416067787,-0.222077465,MPF-15115-20250429-10_57_25,10117.8,221.5796154,269.0425926,0.176414362,0.5,1513.175721,10.9381841,133.4729643,0.00737539,1.006336598,198.5351129,DARK-15116-20250429-10_57_33,160.25,160.25,0.404369403,0.436270302,0.713356714,-1.028268026,1.205522662,0.315517814,0.684482186,15115,290,256.58,265,10117.8,255.66,0.92,300,23.9,269.0425926,3.373591993,-13.54327536,3.043437348,0.41425583,-0.006870268,290,255.1,635,10113.9,255.65,-0.55,None,None,None,None,None,None,None,None,None,None,None,None,None,1800,1513.175721,0.840658004,0.160869948,2,0.5,0: Broadleaf,2,1745913440,415.8398667,419.9842333,8.314975667,7.126525667,416.3004667,8.382972,600.0071333,100.9684,0.06099278,30.80760333,29.99751,999.9,0,0,5001.333333,0,242.3662667,-4.144435333,419.3265333,422.9988667,1.188451667,419.9842333,7.126525667,0.8395501,0.719553967,4.394181333,2.212086333,1799.989667,0.9780057,0.021994423,0,221.585,4.99918,4230.358667,17281.80333,37.97476667,40.02686667,38.5186,39.0935,40.28723333,1755.509667,39.48,0,37.20000005,0,221.5796154,-25.66591453,-392.6564104,4230.958462,15,1745912066,10:34:26,1745912066,1745912066,5,-0.216,-0.02,-0.449,0.051,420,15,2.06,0.45,-4.077428049,-0.914540697,0.142699352,0,224.0662647,-43.22488924,4.577243573,0,1.19014878,-0.0224377,0.005566843,1,1,3,01-Mar,3.21937,2.66908,0.101152,0.1029,0.0509803,0.0453075,26616.4,24394.4,28128.2,24917.8,34237.6,25148.3,40084.8,27711.8,1.9364,1.4936,0.169575,0,27.2666,999.9,11.8,38.5,7.99454,29.5309,21.1018,1,0.187398,0,20.2582,5.22687,11.9021,4.9596,3.292,9999,9999,9999,999.9,4.97269,1.85516,1.85715,1.85736,1.85684,1.85654,1.85171,1.8537,0,0,0,0,11111111,oooooooo,on,on,on,on,0,100,100,-0.461,-0.0683,-1.347718206,0.00151024,1.49E-06,5.40E-12,-0.079716443,-0.011177753,0.001682567,-2.18E-05,3,2244,0,20,23,23,1.03394,2.58301,1.59424,2.10693,1.50269,2.4939,42.537,24.0087,18,617.467,374.61,29.8085,30.1445,30.0001,30.2379,30.3079,20.7702,-30,-30,-999.9,420,0,100.183,74.7194
255,1745913488,6986.4,20250429 10:58:07,10:58:07,15,C,3,21%,5561.28,1745913480,0.003435511,3.435510828,10.55695768,415.9841667,228.9127526,23.12678444,42.02638797,0.102188812,1.998788272,0.099372604,0.062354438,257.6641588,31.72312995,29.87167333,4.229146773,18.42897941,0.823721245,4.469706255,3.405425527,-151.5060275,104.0589589,11.61652806,221.8336182,0,0,1,0,25442,RECT-12807-20250324-17_57_43,10114.7,315.2007692,539.79,0.416067787,-0.222077465,MPF-15117-20250429-10_58_05,10119.4,216.8464231,266.3395743,0.185827252,0.5,1345.170641,10.55695768,124.9846818,0.008013136,1.026698441,197.0593162,DARK-15118-20250429-10_58_12,157.63,157.63,0.408161553,0.455278677,0.715539109,-1.012933704,1.217558049,0.330951172,0.669048828,15117,290,255.86,245,10119.4,255.05,0.81,300,23.9,266.3395743,3.33298589,-11.42358474,2.997606998,0.341532346,-0.007037777,290,255.84,745,10111.3,255.04,0.8,None,None,None,None,None,None,None,None,None,None,None,None,None,1600,1345.170641,0.840747765,0.161043186,2,0.5,0: Broadleaf,2,1745913480,415.9841667,419.9794667,8.153329667,7.017513,416.4445,8.223283333,600.0088,100.9679333,0.060882993,30.83734,29.87167333,999.9,0,0,4996.333333,0,240.6398333,-3.995285,419.4037667,422.9475333,1.135818333,419.9794667,7.017513,0.823225067,0.7085439,4.114185667,1.996062667,1599.969333,0.974997767,0.02500205,0,216.8229,4.99918,3698.508,15341.12,38.16633333,40.12913333,38.7122,39.187,40.50413333,1555.089333,39.88,0,37.20000005,0,216.8464231,-21.45131627,-305.5753847,3699.060769,15,1745912066,10:34:26,1745912066,1745912066,5,-0.216,-0.02,-0.449,0.051,420,15,2.06,0.45,-3.952828049,-0.63697108,0.112705576,0,218.6456471,-34.99101605,3.697387208,0,1.138151951,-0.052231568,0.006608002,1,1,3,01-Mar,3.2197,2.66944,0.101142,0.102873,0.050183,0.0447241,26616.2,24394,28127.8,24916.8,34265.9,25163.3,40084.3,27711.4,1.9354,1.4922,0.160038,0,27.2898,999.9,11.6,38.5,7.85956,30.1309,20.9175,1,0.188862,0,20.2598,5.22687,11.9021,4.9608,3.292,9999,9999,9999,999.9,4.97269,1.85516,1.85715,1.85742,1.85684,1.85654,1.85175,1.85376,0,0,0,0,11111111,oooooooo,on,on,on,on,0,100,100,-0.46,-0.0702,-1.347718206,0.00151024,1.49E-06,5.40E-12,-0.079716443,-0.011177753,0.001682567,-2.18E-05,3,2244,0,20,23.7,23.7,1.03394,2.58423,1.59424,2.10693,1.50269,2.42188,42.6171,24.0087,18,616.892,373.98,29.8258,30.1601,30.0004,30.2535,30.326,20.7711,-30,-30,-999.9,420,0,100.181,74.7173
256,1745913527,7025.9,20250429 10:58:47,10:58:47,15,C,3,21%,5561.28,1745913519,0.003252663,3.252662592,10.25875151,416.1198667,225.6904344,22.8012451,42.04011169,0.097154846,2.000300672,0.094607411,0.059352945,225.7812052,31.50170127,29.72425667,4.193434677,18.05405224,0.805939771,4.464038101,3.387494906,-143.4424203,117.6382118,13.11151109,213.0885078,0,0,1,0,25623,RECT-12807-20250324-17_57_43,10114.7,315.2007692,539.79,0.416067787,-0.222077465,MPF-15119-20250429-10_58_44,10122.4,212.48128,267.5994063,0.205972528,0.5,1177.209021,10.25875151,121.2363592,0.008903116,1.017156942,197.7481289,DARK-15120-20250429-10_58_52,156.11,156.11,0.416628003,0.494379943,0.709420855,-1.157910675,1.211948555,0.363220952,0.636779048,15119,290,257.42,215,10122.4,256.36,1.06,300,23.9,267.5994063,2.968692085,-11.3761188,2.66199442,0.394765725,-0.007205058,290,257.31,865,10110.7,256.35,0.96,None,None,None,None,None,None,None,None,None,None,None,None,None,1400,1177.209021,0.84086679,0.161272904,2,0.5,0: Broadleaf,2,1745913519,416.1198667,419.9906667,7.977323,6.901737333,416.5796667,8.049343667,599.9922,100.9678,0.061050243,30.81511333,29.72425667,999.9,0,0,5002.5,0,242.4860667,-3.870842333,419.4660667,422.9094333,1.075586333,419.9906667,6.901737333,0.805451667,0.6968524,3.803708,1.763381,1399.994667,0.971004667,0.02899524,0,212.592,4.99918,3197.953,13400.31667,38.25,40.25826667,38.88326667,39.30373333,40.6374,1354.544667,40.45,0,37.20000005,0,212.48128,-19.43207691,-244.77,3196.4156,15,1745912066,10:34:26,1745912066,1745912066,5,-0.216,-0.02,-0.449,0.051,420,15,2.06,0.45,-3.88935925,0.146863902,0.095741553,1,214.2952941,-32.86615737,3.504279497,0,1.078634,-0.067163302,0.007900621,1,2,3,02-Mar,3.21906,2.66969,0.101186,0.102898,0.0492407,0.0440863,26613.1,24393.8,28125.9,24917.3,34297.7,25179.8,40081.7,27711,1.9348,1.4908,0.148714,0,27.3107,999.9,11.4,38.6,7.76322,29.5109,21.0096,1,0.190366,0,20.2616,5.22687,11.9045,4.9604,3.292,9999,9999,9999,999.9,4.97269,1.85516,1.85715,1.85745,1.85684,1.85654,1.85178,1.85376,0,0,0,0,11111111,oooooooo,on,on,on,on,0,100,100,-0.46,-0.0725,-1.347718206,0.00151024,1.49E-06,5.40E-12,-0.079716443,-0.011177753,0.001682567,-2.18E-05,3,2244,0,20,24.3,24.4,1.03394,2.58301,1.59424,2.10693,1.50269,2.4231,42.6706,24.0175,18,616.636,373.35,29.8416,30.1732,30.0005,30.2718,30.3441,20.7695,-30,-30,-999.9,420,0,100.175,74.7175
257,1745913567,7065.4,20250429 10:59:26,10:59:26,15,C,3,21%,5561.37,1745913559,0.003016898,3.016898437,9.788691678,416.3105333,221.7892255,22.40654397,42.05831121,0.090327794,2.001294515,0.088122483,0.055270206,193.8027326,31.29970566,29.59156667,4.161515224,17.66449315,0.787567699,4.458478897,3.373947524,-133.0452211,129.6584848,14.43304298,204.8490393,0,0,1,0,25213,RECT-12807-20250324-17_57_43,10114.7,315.2007692,539.79,0.416067787,-0.222077465,MPF-15121-20250429-10_59_24,10125,209.3788846,275.0201296,0.238677965,0.5,1009.181501,9.788691678,120.4346937,0.009919691,0.962729058,201.7712989,DARK-15122-20250429-10_59_31,156.97,156.97,0.429241779,0.556045514,0.691630193,-1.63365356,1.178907241,0.416863737,0.583136263,15121,290,261.85,175,10125,261.4,0.45,300,23.9,275.0201296,2.690318982,-13.79437699,2.404780588,0.540262695,-0.007371559,290,262.03,895,10110.2,261.38,0.65,None,None,None,None,None,None,None,None,None,None,None,None,None,1200,1009.181501,0.840985752,0.161502501,2,0.5,0: Broadleaf,2,1745913559,416.3105333,419.9921,7.795670333,6.797873333,416.7699333,7.869749333,599.9977333,100.9654333,0.060862773,30.79329,29.59156667,999.9,0,0,5006.666667,0,242.3863667,-3.681529,419.5814,422.8667667,0.997795967,419.9921,6.797873333,0.7870937,0.6863507,3.476614667,1.551449,1199.998333,0.9670012,0.032998887,0,209.3593333,4.99918,2718.108333,11464.27333,38.25,40.375,39.00826667,39.38946667,40.7395,1155.568333,39.43,0,37.20000005,0,209.3788846,-19.28728206,-223.614359,2718.54,15,1745912066,10:34:26,1745912066,1745912066,5,-0.216,-0.02,-0.449,0.051,420,15,2.06,0.45,-3.66766425,0.051144878,0.118841776,1,211.3230588,-34.01439269,3.615894706,0,1.003457975,-0.116551058,0.012078681,0,1,3,01-Mar,3.21935,2.6688,0.101205,0.102866,0.0483775,0.0435713,26611.1,24393.6,28124.6,24916.3,34328,25191.9,40080.6,27709.4,1.9348,1.4906,0.139475,0,27.3311,999.9,11.2,38.6,7.62827,29.3909,21.0777,1,0.191626,0,20.2634,5.22807,11.9021,4.9608,3.292,9999,9999,9999,999.9,4.97272,1.85516,1.85715,1.85742,1.85684,1.85654,1.85178,1.85379,0,0,0,0,11111111,oooooooo,on,on,on,on,0,100,100,-0.46,-0.0744,-1.347718206,0.00151024,1.49E-06,5.40E-12,-0.079716443,-0.011177753,0.001682567,-2.18E-05,3,2244,0,20,25,25,1.03394,2.58545,1.59424,2.10693,1.50269,2.47437,42.751,24.0175,18,616.812,373.353,29.8558,30.1914,30.0001,30.2899,30.3622,20.7714,-30,-30,-999.9,420,0,100.171,74.7138
258,1745913606,7104.9,20250429 11:00:06,11:00:06,15,C,3,21%,5561.28,1745913598,0.002785422,2.785421501,8.902961345,416.6412667,225.4979607,22.78216418,42.09346157,0.083639256,1.999419561,0.081743026,0.051256179,161.9059397,31.07869111,29.45973333,4.130011798,17.32990091,0.770863672,4.448171265,3.359148126,-122.8370882,139.3792044,15.51643319,193.9644891,0,0,1,0,26099,RECT-12807-20250324-17_57_43,10114.7,315.2007692,539.79,0.416067787,-0.222077465,MPF-15123-20250429-11_00_03,10123.9,206.3075769,286.2639008,0.279309838,0.5,841.2032945,8.902961345,117.4781781,0.010847602,0.885637688,207.7581491,DARK-15124-20250429-11_00_11,158.48,158.48,0.446384963,0.62571516,0.664881853,-2.763129815,1.128843526,0.480657763,0.519342237,15123,290,270.34,225,10123.9,270.49,-0.15,300,23.9,286.2639008,3.226643019,-15.97220621,2.875549655,0.524233001,-0.007538954,290,269.36,875,10112.2,270.47,-1.11,None,None,None,None,None,None,None,None,None,None,None,None,None,1000,841.2032945,0.841193845,0.161904121,2,0.5,0: Broadleaf,2,1745913598,416.6412667,419.9956667,7.630012,6.708648333,417.0997333,7.705907,600.0168667,100.9693667,0.061099917,30.75276333,29.45973333,999.9,0,0,4998.833333,0,243.3148,-3.354388667,419.8447667,422.8322667,0.921364567,419.9956667,6.708648333,0.770397767,0.677368,3.173215,1.36786,1000.011233,0.9600056,0.039994633,0,206.2714667,4.99918,2254.931,9524.015667,38.17666667,40.4454,39.0683,39.4643,40.7458,955.218,39.79533333,0,37.20000005,0,206.3075769,-19.70252995,-193.2769231,2255.270385,15,1745912066,10:34:26,1745912066,1745912066,5,-0.216,-0.02,-0.449,0.051,420,15,2.06,0.45,-3.37016275,0.30557955,0.112084442,1,207.9955294,-32.6249962,3.468853415,0,0.927380525,-0.125667636,0.012937523,0,1,3,01-Mar,3.21874,2.66985,0.10127,0.1029,0.0475457,0.0431017,26608.4,24392,28123.8,24915.7,34356.8,25203.6,40079.1,27708.6,1.934,1.4902,0.12973,0,27.3548,999.9,11.1,38.7,7.60096,29.7009,21.1138,1,0.192805,0,20.2648,5.22687,11.9021,4.9612,3.292,9999,9999,9999,999.9,4.97269,1.85516,1.85715,1.85745,1.85684,1.85657,1.85181,1.85376,0,0,0,0,11111111,oooooooo,on,on,on,on,0,100,100,-0.459,-0.0762,-1.347718206,0.00151024,1.49E-06,5.40E-12,-0.079716443,-0.011177753,0.001682567,-2.18E-05,3,2244,0,20,25.7,25.7,1.03394,2.57935,1.59424,2.10571,1.50269,2.49634,42.8315,24.0175,18,616.388,373.249,29.8719,30.2071,30,30.3056,30.3803,20.7754,-30,-30,-999.9,420,0,100.168,74.7117
259,1745913646,7144.4,20250429 11:00:45,11:00:45,15,C,3,21%,5561.37,1745913638,0.002545607,2.545607036,8.75960842,416.7159333,213.7329315,21.59330544,42.10055214,0.076745628,2.000592716,0.075146791,0.047107619,129.9806991,30.83057479,29.31225333,4.095015946,17.03619113,0.754776619,4.430430565,3.340239327,-112.2612703,147.8237761,16.42919677,181.9724016,0,0,1,0,25343,RECT-12807-20250324-17_57_43,10114.7,315.2007692,539.79,0.416067787,-0.222077465,MPF-15125-20250429-11_00_43,10128.7,204.5901923,303.5143946,0.325929195,0.5,673.1898759,8.75960842,109.7061172,0.01334198,0.778465897,216.6966764,DARK-15126-20250429-11_00_50,165.32,165.32,0.455314137,0.715833682,0.630960038,-8.464917969,1.052034439,0.578432538,0.421567462,15125,290,289.17,175,10128.7,286.83,2.34,300,23.9,303.5143946,2.870574456,-16.89541564,2.550489334,0.610475087,-0.007707032,290,285.92,695,10117.5,286.82,-0.9,None,None,None,None,None,None,None,None,None,None,None,None,None,800,673.1898759,0.841490395,0.162476463,2,0.5,0: Broadleaf,2,1745913638,416.7159333,419.9894333,7.470862667,6.628658,417.1742,7.548440333,599.9941,100.9682667,0.06111276,30.68282,29.31225333,999.9,0,0,5003.666667,0,247.0804,-3.273520333,419.8525333,422.7919667,0.842205433,419.9894333,6.628658,0.7543199,0.6692838,2.875504,1.200788333,799.9971,0.950006,0.0499936,0,204.5502667,4.99918,1816.517667,7584.783667,38.03513333,40.5062,39.125,39.53926667,40.6912,755.253,39.74366667,0,37.20000005,0,204.5901923,-20.92666667,-146.877265,1816.832308,15,1745912066,10:34:26,1745912066,1745912066,5,-0.216,-0.02,-0.449,0.051,420,15,2.06,0.45,-3.26057675,-0.184273734,0.125601232,1,206.6832353,-36.47046603,3.884269793,0,0.849078825,-0.120368972,0.01280269,0,1,3,01-Mar,3.2192,2.66994,0.101281,0.102857,0.0467552,0.0426929,26607,24391.9,28122.7,24914.5,34384.2,25214.6,40077.8,27708.8,1.935,1.4888,0.119358,0,27.371,999.9,10.9,38.7,7.4638,29.7309,21.0216,1,0.194024,0,20.2666,5.22687,11.9033,4.9612,3.292,9999,9999,9999,999.9,4.97269,1.85516,1.85715,1.85739,1.85684,1.85654,1.85181,1.85379,0,0,0,0,11111111,oooooooo,on,on,on,on,0,100,100,-0.458,-0.0779,-1.347718206,0.00151024,1.49E-06,5.40E-12,-0.079716443,-0.011177753,0.001682567,-2.18E-05,3,2244,0,20,26.3,26.3,1.03394,2.58179,1.59424,2.10571,1.50269,2.45728,42.9121,24.0175,18,617.278,372.605,29.8865,30.2228,30.0001,30.3212,30.3959,20.7725,-30,-30,-999.9,420,0,100.164,74.7104
260,1745913685,7183.9,20250429 11:01:25,11:01:25,15,C,3,21%,5561.28,1745913677,0.002307924,2.307923728,7.809008603,417.0684,218.4928695,22.07461196,42.13694989,0.069973345,2.000495937,0.06864153,0.043018503,98.07079046,30.58043497,29.14629,4.055943562,16.76207064,0.739604527,4.412369704,3.316339035,-101.7794364,158.0092387,17.54144224,171.842035,0,0,1,0,25643,RECT-12807-20250324-17_57_43,10114.7,315.2007692,539.79,0.416067787,-0.222077465,MPF-15127-20250429-11_01_22,10129.1,207.4578,349.9067964,0.407105543,0.5,505.2110332,7.809008603,102.8371061,0.015896498,0.542667949,239.3539722,DARK-15128-20250429-11_01_30,161,161,0.539877471,0.754070256,0.50128885,4.10444548,0.845468872,0.585204853,0.414795147,15127,290,324.19,205,10129.1,323.05,1.14,300,23.9,349.9067964,3.161878712,-27.20507234,2.800898607,0.771133346,-0.007875149,290,321.94,675,10120.4,323.03,-1.09,None,None,None,None,None,None,None,None,None,None,None,None,None,600,505.2110332,0.841992942,0.163446378,2,0.5,0: Broadleaf,2,1745913677,417.0684,419.9922333,7.320550667,6.556880667,417.5256,7.399665667,600.0048333,100.9704,0.060869423,30.61136333,29.14629,999.9,0,0,5003.166667,0,183.0552667,-2.923981,420.1439667,422.7643667,0.763670367,419.9922333,6.556880667,0.739159767,0.662051533,2.589603,1.049802333,600.0181333,0.9330088,0.066991133,0,207.5407667,4.99918,1378.471667,5645.37,37.8581,40.55166667,39.0935,39.562,40.6103,555.1583333,39.86,0,37.20000005,0,207.4578,-17.22461541,206.4261545,1378.4184,15,1745912066,10:34:26,1745912066,1745912066,5,-0.216,-0.02,-0.449,0.051,420,15,2.06,0.45,-2.93182275,0.163189081,0.106365366,1,209.6925294,-34.13989307,3.545322687,0,0.771820425,-0.15063018,0.015347966,0,1,3,01-Mar,3.21892,2.66957,0.101311,0.102849,0.0459942,0.0423131,26605.7,24392.1,28122.4,24914.5,34411.1,25224.4,40077.1,27708.6,1.9344,1.4878,0.108093,0,27.371,999.9,10.7,38.8,7.36589,29.5909,21.0377,1,0.195447,0,20.2681,5.22807,11.9069,4.9608,3.292,9999,9999,9999,999.9,4.97266,1.85516,1.85715,1.85745,1.85684,1.85654,1.85181,1.85376,0,0,0,0,11111111,oooooooo,on,on,on,on,0,100,100,-0.458,-0.0794,-1.347718206,0.00151024,1.49E-06,5.40E-12,-0.079716443,-0.011177753,0.001682567,-2.18E-05,3,2244,0,20,27,27,1.03394,2.58301,1.59424,2.10571,1.50269,2.42554,42.9929,24.0175,18,616.995,372.172,29.8958,30.2385,30.0003,30.3369,30.4114,20.7747,-30,-30,-999.9,420,0,100.163,74.7101
261,1745913725,7223.4,20250429 11:02:04,11:02:04,15,C,3,21%,5561.37,1745913717,0.002080975,2.080974767,7.351292986,417.2727,211.1440617,21.33254928,42.15837454,0.063068096,2.000070218,0.061983747,0.038835713,82.09215892,30.46141878,29.07173667,4.038497707,16.53057077,0.726508455,4.394938717,3.311989252,-91.77098721,158.5521325,17.59292757,166.4662317,0,0,1,0,25767,RECT-12807-20250324-17_57_43,10114.7,315.2007692,539.79,0.416067787,-0.222077465,MPF-15129-20250429-11_02_02,10129.8,213.1889231,389.8547175,0.453158027,0.5,421.1843402,7.351292986,95.4315322,0.01798113,0.384592711,257.3958256,DARK-15130-20250429-11_02_09,162.23,162.23,0.583870625,0.776127463,0.397116438,2.36646284,0.667597827,0.590608351,0.409391649,15129,290,358.23,215,10129.8,356.59,1.64,300,23.9,389.8547175,2.120704048,-33.69342268,1.875791222,0.920146535,-0.007959449,290,352.87,685,10121.4,356.57,-3.7,None,None,None,None,None,None,None,None,None,None,None,None,None,500,421.1843402,0.842376037,0.164185752,2,0.5,0: Broadleaf,2,1745913717,417.2727,420.0125333,7.190793,6.502133333,417.7294,7.271191,600.0092667,100.9724,0.060748207,30.54215667,29.07173667,999.9,0,0,5001.333333,0,165.0232,-2.739838667,420.2948333,422.7614,0.688659933,420.0125333,6.502133333,0.726071733,0.656536067,2.338588667,0.933677333,499.9956333,0.9199925,0.080007663,0,213.1212667,4.99918,1178.735667,4676.328333,37.6539,40.5,39.02273333,39.562,40.4853,455.393,39.6,0,37.20000005,0,213.1889231,-24.50249573,-76.52410258,1179.158846,15,1745912066,10:34:26,1745912066,1745912066,5,-0.216,-0.02,-0.449,0.051,420,15,2.06,0.45,-2.694541951,-0.540830383,0.126938346,0,215.7814706,-41.57417875,4.294163448,0,0.698134195,-0.140429666,0.0148909,0,0,3,0/3,3.21901,2.66942,0.101389,0.102901,0.0453549,0.0420588,26602.8,24391.1,28121.8,24914.9,34433.4,25230.2,40076.2,27707.6,1.9338,1.4874,0.104159,0,27.3506,999.9,10.6,38.9,7.33675,29.8009,21.0737,1,0.196382,0,20.2693,5.22807,11.9045,4.9612,3.292,9999,9999,9999,999.9,4.97269,1.85516,1.85718,1.85745,1.85684,1.8566,1.85181,1.85379,0,0,0,0,11111111,oooooooo,on,on,on,on,0,100,100,-0.457,-0.0807,-1.347718206,0.00151024,1.49E-06,5.40E-12,-0.079716443,-0.011177753,0.001682567,-2.18E-05,3,2244,0,20,27.6,27.6,1.03394,2.58301,1.59424,2.10571,1.50269,2.45117,43.0469,24.0262,18,616.686,372.038,29.9012,30.249,30.0002,30.3499,30.4244,20.7718,-30,-30,-999.9,420,0,100.16,74.7092
262,1745913764,7262.9,20250429 11:02:44,11:02:44,15,C,3,21%,5561.37,1745913756,0.001863067,1.863067486,6.498866179,417.5834333,213.863334,21.60712667,42.18945796,0.056407004,2.000757609,0.055538203,0.034788321,66.12423449,30.36250571,29.02065,4.026580982,16.35579751,0.716941427,4.383408556,3.309639555,-82.16127612,159.1650046,17.64638329,160.7743462,0,0,1,0,25710,RECT-12807-20250324-17_57_43,10114.7,315.2007692,539.79,0.416067787,-0.222077465,MPF-15131-20250429-11_02_41,10139.3,221.6506538,433.9555274,0.489231869,0.5,337.1728379,6.498866179,82.47784876,0.01993323,0.243883223,275.9083156,DARK-15132-20250429-11_02_49,173.49,173.49,0.600212489,0.815097782,0.288928399,1.787758881,0.471235741,0.637991865,0.362008135,15131,290,407.16,105,10139.3,404.26,2.9,300,23.9,433.9555274,3.446825272,-30.1059408,3.04432877,0.77741749,-0.008044218,290,401.93,615,10126,404.22,-2.29,None,None,None,None,None,None,None,None,None,None,None,None,None,400,337.1728379,0.842961879,0.165316427,2,0.5,0: Broadleaf,2,1745913756,417.5834333,420.0090667,7.096153333,6.479533667,418.0392333,7.177462,599.9960667,100.9717333,0.06067023,30.49624667,29.02065,999.9,0,0,5004.166667,0,264.9841333,-2.425779667,420.5677,422.7482667,0.616618967,420.0090667,6.479533667,0.716511333,0.654250233,2.152684,0.885296533,399.9858667,0.900013167,0.09998707,0,221.5136,4.99918,1035.853667,3706.948,37.46223333,40.4769,38.93493333,39.5,40.3393,355.4933333,39.49,0,37.20000005,0,221.6506538,-22.00974358,-99.92854705,1035.964231,15,1745912066,10:34:26,1745912066,1745912066,5,-0.216,-0.02,-0.449,0.051,420,15,2.06,0.45,-2.399270244,0.013728711,0.139399086,1,223.2613235,-30.07463713,3.071268044,0,0.625074878,-0.149490125,0.015302977,0,1,3,01-Mar,3.21912,2.66931,0.10145,0.102872,0.0448906,0.0419874,26600.4,24390.7,28121.2,24913.7,34448.9,25232.3,40074.7,27707.8,1.9332,1.4872,0.101537,0,27.3594,999.9,10.5,38.9,7.26678,29.7209,20.9936,1,0.197154,0,20.2703,5.22448,11.9033,4.9604,3.292,9999,9999,9999,999.9,4.97272,1.85516,1.85718,1.85745,1.85684,1.85657,1.85181,1.85379,0,0,0,0,11111111,oooooooo,on,on,on,on,0,100,100,-0.455,-0.0815,-1.347718206,0.00151024,1.49E-06,5.40E-12,-0.079716443,-0.011177753,0.001682567,-2.18E-05,3,2244,0,20,28.3,28.3,1.03394,2.58423,1.59424,2.10449,1.50269,2.43164,43.1009,24.0262,18,616.379,372.01,29.9032,30.2595,30.0001,30.363,30.4374,20.776,-30,-30,-999.9,420,0,100.157,74.7079
263,1745913804,7302.4,20250429 11:03:23,11:03:23,15,C,3,21%,5561.28,1745913796,0.001656842,1.656842153,5.5893486,417.9021,220.2964655,22.25716897,42.22181973,0.050127058,2.001415729,0.049439892,0.030960887,49.59098634,30.25741677,28.98595,4.018504188,16.28161851,0.711931236,4.372607279,3.306572952,-73.06673896,158.3106372,17.53912566,152.3740102,0,0,1,0,25418,RECT-12807-20250324-17_57_43,10114.7,315.2007692,539.79,0.416067787,-0.222077465,MPF-15133-20250429-11_03_21,10128,231.96196,519.0666243,0.553117174,0.5,252.9023491,5.5893486,69.9423163,0.022978933,0.039924308,308.0198743,DARK-15134-20250429-11_03_28,171.49,171.49,0.669618519,0.826018334,0.056267651,1.408301867,0.092272348,0.610677217,0.389322783,15133,290,474.71,145,10128,473.93,0.78,300,23.9,519.0666243,3.402921175,-45.71585739,2.998291723,0.892506224,-0.008120997,290,466.63,615,10118,473.88,-7.25,None,None,None,None,None,None,None,None,None,None,None,None,None,300,252.9023491,0.842949105,0.165291772,2,0.5,0: Broadleaf,2,1745913796,417.9021,419.996,7.046535667,6.498150667,418.3570333,7.128315,600.0044333,100.9720333,0.060767713,30.45314333,28.98595,999.9,0,0,5006.833333,0,266.9197667,-2.093924667,420.8679,422.7431,0.5483852,419.996,6.498150667,0.711502733,0.656131167,2.054422,0.9251208,300.0209,0.900025533,0.099974537,0,231.9956667,4.99918,846.9268667,2768.787333,37.2497,40.42873333,38.8393,39.4958,40.2059,265.5276667,29.493,0,37.20000005,0,231.96196,-13.01600004,-38.35092312,846.6182,15,1745912066,10:34:26,1745912066,1745912066,5,-0.216,-0.02,-0.449,0.051,420,15,2.06,0.45,-2.1168995,0.333888405,0.120868579,1,232.6031471,-11.26366694,1.267987014,0,0.5547498,-0.115360503,0.012115043,0,1,3,01-Mar,3.21955,2.66943,0.10148,0.102843,0.0447,0.0421084,26599.3,24390.7,28121,24913,34456.1,25228.5,40075.1,27707.1,1.9336,1.487,0.0947714,0,27.4148,999.9,10.5,39,7.30675,29.3909,20.9615,1,0.198049,0,20.2713,5.22687,11.9081,4.9596,3.292,9999,9999,9999,999.9,4.97269,1.85516,1.85715,1.85745,1.85684,1.85657,1.85181,1.85376,0,0,0,0,11111111,oooooooo,on,on,on,on,0,100,100,-0.455,-0.0819,-1.347718206,0.00151024,1.49E-06,5.40E-12,-0.079716443,-0.011177753,0.001682567,-2.18E-05,3,2244,0,20,29,29,1.03394,2.58667,1.59424,2.10571,1.50269,2.3877,43.155,24.0262,18,616.801,371.982,29.9094,30.2726,30.0003,30.376,30.4503,20.7804,-30,-30,-999.9,420,0,100.158,74.706
264,1745913843,7341.9,20250429 11:04:03,11:04:03,15,C,3,21%,5561.37,1745913835,0.001463949,1.463949255,4.781990172,418.1915667,226.7318907,22.9071541,42.25068927,0.044370617,1.998908203,0.043830629,0.027442112,33.04601472,30.14634294,28.93926,4.007658888,16.32397343,0.711997608,4.361668507,3.29566128,-64.56016213,158.4294823,17.56643707,144.481772,0,0,1,0,25305,RECT-12807-20250324-17_57_43,10114.7,315.2007692,539.79,0.416067787,-0.222077465,MPF-15135-20250429-11_04_00,10119.4,240.1554615,607.096394,0.604419555,0.5,168.5700482,4.781990172,50.9435168,0.02968539,-0.110866074,337.0187829,DARK-15136-20250429-11_04_08,183.52,183.52,0.697708631,0.866292215,-0.188919623,1.257096377,-0.299686649,0.661995968,0.338004032,15135,290,562.11,155,10119.4,560.69,1.42,300,23.9,607.096394,3.033765004,-46.95768694,2.666656083,0.917180349,-0.00819734,290,555,675,10107.9,560.64,-5.64,None,None,None,None,None,None,None,None,None,None,None,None,None,200,168.5700482,0.8429247,0.16524467,2,0.5,0: Broadleaf,2,1745913835,418.1915667,419.9896667,7.047255333,6.562702333,418.6458,7.129027667,599.9890333,100.9710667,0.06083506,30.40939667,28.93926,999.9,0,0,4996.666667,0,267.4286333,-1.798128667,421.1596,422.7641,0.484553267,419.9896667,6.562702333,0.711569067,0.662643233,2.055729,1.062202333,199.9823333,0.8999984,0.100001537,0,240.1076333,4.99918,629.7958333,1829.906667,37.04973333,40.3998,38.7332,39.4412,40.05786667,175.4843333,19.496,0,37.20000005,0,240.1554615,8.318974309,13.2643761,629.7588077,15,1745912066,10:34:26,1745912066,1745912066,5,-0.216,-0.02,-0.449,0.051,420,15,2.06,0.45,-1.80170175,0.162875235,0.131849655,1,239.0130588,16.15718867,1.850658785,0,0.4918507,-0.135462507,0.013636218,0,1,3,01-Mar,3.21932,2.66926,0.101506,0.102845,0.0447722,0.0425284,26596.9,24389.5,28119.3,24911.9,34451.6,25216.8,40073,27706.5,1.9334,1.4856,0.0884831,0,27.4712,999.9,10.5,39,7.30769,29.9709,20.9936,1,0.199715,0,20.2721,5.22807,11.9069,4.96,3.292,9999,9999,9999,999.9,4.97275,1.85516,1.85715,1.85742,1.85684,1.85654,1.85181,1.85379,0,0,0,0,11111111,oooooooo,on,on,on,on,0,100,100,-0.455,-0.0817,-1.347718206,0.00151024,1.49E-06,5.40E-12,-0.079716443,-0.011177753,0.001682567,-2.18E-05,3,2244,0,20,29.6,29.6,1.03394,2.58301,1.59424,2.10571,1.50269,2.40723,43.2091,24.0262,18,616.812,371.354,29.9186,30.291,30.0003,30.3922,30.4685,20.7827,-30,-30,-999.9,420,0,100.152,74.7035
265,1745913883,7381.4,20250429 11:04:42,11:04:42,15,C,3,21%,5561.37,1745913875,0.001369235,1.369235055,1.886267792,419.1403333,326.4125555,32.978979,42.34769777,0.041764915,1.999634302,0.04128629,0.025846477,16.50725974,29.98864627,28.87957667,3.993832628,16.58826891,0.721265703,4.348046845,3.272566925,-60.38326591,159.0339585,17.61707592,132.7750283,0,0,1,0,25134,RECT-12807-20250324-17_57_43,10114.7,315.2007692,539.79,0.416067787,-0.222077465,MPF-15137-20250429-11_04_40,10110.8,236.3683077,660.9816757,0.642398093,0.5,84.2684132,1.886267792,27.06693397,0.025019401,-0.183351037,352.9939132,DARK-15138-20250429-11_04_47,183.01,183.01,0.723123943,0.888365126,-0.339681809,1.227983848,-0.539614813,0.687823606,0.312176394,15137,290,622.44,165,10110.8,622.7,-0.26,300,23.9,660.9816757,2.26225405,-38.70872152,1.983692898,0.931502712,-0.008274163,290,621.1,625,10102.1,622.66,-1.56,None,None,None,None,None,None,None,None,None,None,None,None,None,100,84.2684132,0.842852646,0.165105608,2,0.5,0: Broadleaf,2,1745913875,419.1403333,419.9603667,7.138795333,6.685654667,419.2223333,7.192795333,600.0169333,100.9735667,0.061085453,30.35478667,28.87957667,999.9,0,0,4999.5,0,266.2592667,-1.1906374,421.7692333,422.7870667,0.425978767,419.9603667,6.685654667,0.718086467,0.675073833,2.183464,1.320601,99.98000667,0.8999275,0.100072563,0,236.3805333,4.99918,381.5886667,891.3697333,36.84133333,40.3708,38.625,39.437,39.91633333,85.47466667,9.507,0,37.20000005,0,236.3683077,1.267145273,-3.865948693,381.5691923,15,1745913915,11:05:14,1745913915,1745913901,6,0.368,0.03,-0.082,-0.054,420,7,2.61,0.95,-1.229381268,0.889959345,0.165928851,0,236.1156471,4.270924355,0.770240065,0,0.43085139,-0.105055923,0.012122533,0,0,3,0/3,3.21889,2.66949,0.101603,0.102827,0.0451915,0.043212,26592,24389,28117.3,24911,34435.3,25197.3,40071.7,27704.9,1.9326,1.485,0.0821054,0,27.511,999.9,10.5,39.1,7.34716,30.0009,21.0737,1,0.201463,0,20.2732,5.22807,11.9057,4.9616,3.292,9999,9999,9999,999.9,4.97269,1.85516,1.85715,1.85745,1.85684,1.85654,1.85181,1.85379,0,0,0,0,11111111,oooooooo,on,on,on,on,0,100,100,-0.082,-0.054,-1.347718206,0.00151024,1.49E-06,5.40E-12,-0.079716443,-0.011177753,0.001682567,-2.18E-05,3,2244,0,20,30.3,30.3,1.03394,2.58423,1.59424,2.10571,1.50269,2.47681,43.2904,24.0262,18,616.436,371.171,29.9275,30.3119,30.0002,30.4127,30.4914,20.7869,-30,-30,-999.9,420,0,100.147,74.6999
266,1745913946,7444.4,20250429 11:05:45,11:05:45,15,C,3,21%,5561.37,1745913938,0.001075953,1.07595304,0.898937253,419.5385161,355.3540748,35.90323819,42.38812031,0.033058531,1.99976586,0.032757902,0.020500471,8.244485132,29.93660227,28.84267742,3.985305361,17.21035853,0.744421577,4.325427478,3.240883784,-47.44952905,153.2104002,16.96008651,130.9654428,0,0,1,0,25495,RECT-12807-20250324-17_57_43,10114.7,315.2007692,539.79,0.416067787,-0.222077465,RECT-15139-20250429-11_05_43,10092.6,228.1156923,646.64,0.647229228,0.5,42.15409785,0.898937253,13.64168209,0.026593256,-0.165238773,348.8618344,DARK-15140-20250429-11_05_50,191.89,191.89,0.70325065,0.920339324,-0.307128485,1.262748247,-0.475757451,0.774185726,0.225814274,15137,290,622.44,165,10110.8,622.7,-0.26,300,23.9,660.9816757,2.26225405,-38.70872152,1.983692898,0.931502712,-0.008274163,290,621.1,625,10102.1,622.66,-1.56,None,None,None,None,None,None,None,None,None,None,None,None,None,50,42.15409785,0.842702306,0.164815451,2,0.5,0: Broadleaf,2,1745913938,419.5385161,419.9886452,7.367949355,7.01192871,419.6223871,7.416742581,599.9795161,100.9742903,0.060820116,30.26377419,28.84267742,999.9,0,0,5000,0,165.2326774,-0.450215935,422.6524194,422.9542903,0.356019323,419.9886452,7.01192871,0.743973194,0.708024419,2.680915484,1.985720645,50.02252581,0.899858452,0.100141616,0,228.2020323,4.99918,206.7403871,422.5221613,36.47554839,40.262,38.417,39.375,39.657,40.51354839,4.505483871,0,60.60000014,0,228.1156923,-11.96170937,79.7171625,207.0101154,15,1745913915,11:05:14,1745913915,1745913901,6,0.368,0.03,-0.082,-0.054,420,7,2.61,0.95,-0.47001795,0.588897433,0.139562442,0,228.6462941,-11.66542398,1.271564496,0,0.360027375,-0.078059629,0.00904738,1,1,3,01-Mar,3.21941,2.66979,0.101718,0.102833,0.0464294,0.0450517,26586.3,24387.2,28115,24909.4,34387.2,25147.2,40067.9,27703.2,1.932,1.4832,0.0786781,0,27.5461,999.9,10.8,39.2,7.59643,29.7609,20.9736,1,0.204634,0,20.2735,5.22807,11.9057,4.9616,3.292,9999,9999,9999,999.9,4.97269,1.85516,1.85721,1.85745,1.85684,1.85657,1.85181,1.85379,0,0,0,0,11111111,oooooooo,on,on,on,on,0,100,100,-0.084,-0.0484,-0.980208565,0.00151024,1.49E-06,5.40E-12,-0.049571173,-0.011177753,0.001682567,-2.18E-05,3,2244,0,20,0.5,0.8,1.03394,2.58545,1.59424,2.10449,1.50269,2.38281,43.3991,24.0262,18,616.389,370.448,29.9371,30.3513,30.0002,30.4519,30.5284,20.7842,-30,-30,-999.9,420,0,100.138,74.6952
267,1745917459,10957.9,20250429 12:04:19,12:04:19,15,C,3,2%,5561.37,1745917451,0.003727125,3.727125063,12.31567344,415.4084839,225.2292506,22.75371312,41.96650944,0.116804303,2.002393949,0.113146837,0.071035842,321.5039762,32.66305361,30.92479355,4.49206921,27.34872409,1.25897674,4.603420387,3.233092469,-164.3662153,46.40797689,5.211635603,208.7573734,0,0,1,0,24750,RECT-12807-20250324-17_57_43,10114.7,315.2007692,539.79,0.416067787,-0.222077465,MPF-15143-20250429-12_04_16,10125.5,238.90256,278.083005,0.140894784,0.5,1681.165432,12.31567344,118.4337205,0.007457773,0.941111072,203.4150378,DARK-15144-20250429-12_04_24,166.28,166.28,0.402049039,0.350441788,0.700669313,-1.055571257,1.165269564,0.243913086,0.756086914,15143,290,265.42,215,10125.5,265.53,-0.11,300,23.9,278.083005,2.991222432,-12.71204909,2.70839298,0.440331978,-0.006707561,290,265.86,895,10114.6,265.51,0.35,None,None,None,None,None,None,None,None,None,None,None,None,None,2000,1681.165432,0.840598443,0.160754996,2,0.5,0: Broadleaf,2,1745917451,415.4084839,420.03,12.46207097,11.23512581,415.7454839,12.48507097,599.9742258,100.9658065,0.058874252,31.35468387,30.92479355,999.9,0,0,5011.129032,0,203.8250645,-4.379134516,420.9190645,424.8026774,1.280745806,420.03,11.23512581,1.263675484,1.134363871,10.37359355,8.766865161,1999.962581,0.980001903,0.019998123,0,238.9765484,4.99918,5002.284516,19219.51613,37.49367742,39.60874194,38.125,38.788,39.93922581,1955.068065,39.89548387,0,3471.8,0,238.90256,-20.35869231,-475.0561549,4999.082,15,1745917494,12:04:53,1745917494,1745917475,7,-0.255,-0.027,-0.337,-0.023,420,11,2.05,0.38,-4.384602195,-0.032578537,0.113892683,1,240.5494412,-24.94033612,2.593700402,0,1.275438537,0.097803763,0.010514003,1,2,3,02-Mar,3.22078,2.66722,0.10139,0.103231,0.0716491,0.0667498,26574.1,24356.8,28092.8,24890.5,33452.4,24555.9,40041.1,27681.9,1.9334,1.5052,0.193864,0,27.8549,999.9,15,41.3,11.8023,29.7681,20.3325,1,0.23561,0,20.2558,5.22927,11.9057,4.96,3.292,9999,9999,9999,999.9,4.97275,1.85519,1.85718,1.85745,1.85684,1.8566,1.85181,1.85379,0,0,0,0,11111111,oooooooo,on,on,on,on,0,100,100,-0.337,-0.023,-0.980208565,0.00151024,1.49E-06,5.40E-12,-0.049571173,-0.011177753,0.001682567,-2.18E-05,3,2244,0,20,59.1,59.3,1.05591,2.60132,1.59424,2.11426,1.50269,2.54395,44.0019,23.9912,18,621.889,384.918,30.5006,30.7814,30.0001,30.8991,30.9915,21.2235,-30,-30,-999.9,420,0,100.066,74.6382
268,1745917525,11023.4,20250429 12:05:24,12:05:24,15,C,3,2%,5561.37,1745917517,0.003603073,3.603072702,11.66866238,415.6200968,223.2774292,22.55615443,41.9871866,0.109411333,1.99876756,0.106189692,0.066650108,289.5695223,32.64238725,31.07859355,4.531634253,25.79996658,1.201128205,4.65554171,3.330506048,-158.8955062,51.09967619,5.758911394,187.5326037,0,0,1,0,25148,RECT-12807-20250324-17_57_43,10114.7,315.2007692,539.79,0.416067787,-0.222077465,MPF-15145-20250429-12_05_22,10127.1,226.8161538,262.6162081,0.13632081,0.5,1513.198007,11.66866238,103.1401891,0.00785802,1.055432922,195.0136232,DARK-15146-20250429-12_05_29,160.44,160.44,0.389070457,0.350375639,0.730654519,-0.680809223,1.23413661,0.24784067,0.75215933,15145,290,254.93,165,10127.1,253.99,0.94,300,23.9,262.6162081,3.687322236,-8.731449277,3.327874484,0.197339001,-0.006872769,290,253.95,745,10115,253.98,-0.03,None,None,None,None,None,None,None,None,None,None,None,None,None,1800,1513.198007,0.840658328,0.160870573,2,0.5,0: Broadleaf,2,1745917517,415.6200968,420.008871,11.88965161,10.70289355,415.9697419,11.89732258,599.993129,100.9638387,0.059155439,31.55280323,31.07859355,999.9,0,0,4996.451613,0,201.7650323,-4.388703226,420.6212258,424.5528387,1.186745806,420.008871,10.70289355,1.200423548,1.080605484,9.606732258,8.050959032,1800.015484,0.977996581,0.022003516,0,226.8338387,4.99918,4303.308065,17282.00645,37.891,39.625,38.312,38.82419355,40.29,1755.515484,39.5,0,63.60000014,0,226.8161538,-5.229743587,-49.72786326,4302.851538,15,1745917494,12:04:53,1745917494,1745917475,7,-0.255,-0.027,-0.337,-0.023,420,11,2.05,0.38,-4.402725366,0.268192056,0.125538384,1,226.9982941,-3.893598165,0.676179689,0,1.191537317,-0.084069199,0.010162576,1,2,3,02-Mar,3.22056,2.66764,0.1014,0.103188,0.0689471,0.0642894,26573.3,24359.4,28092.3,24892.1,33549.8,24622.1,40040.8,27683.4,1.9322,1.5038,0.196218,0,27.8962,999.9,14.5,41.3,11.4103,29.9081,20.2324,1,0.236098,0,20.258,5.22807,11.9081,4.96,3.292,9999,9999,9999,999.9,4.97275,1.85529,1.85727,1.85745,1.85687,1.85666,1.85181,1.85379,0,0,0,0,11111111,oooooooo,on,on,on,on,0,100,100,-0.35,-0.0091,-1.235618996,0.00151024,1.49E-06,5.40E-12,-0.076210588,-0.011177753,0.001682567,-2.18E-05,3,2244,0,20,0.5,0.8,1.05591,2.6062,1.59424,2.11426,1.50269,2.48413,43.9743,23.9999,18,621.19,384.274,30.5581,30.7975,30.0001,30.9179,31.0102,21.221,-30,-30,-999.9,420,0,100.065,74.6426
269,1745917564,11062.9,20250429 12:06:04,12:06:04,15,C,3,2%,5561.37,1745917556,0.00336655,3.366549653,11.24121441,415.7791667,217.69366,21.99191277,42.00296492,0.101813455,2.000945811,0.099020518,0.062132376,257.6643246,32.48366542,30.95583333,4.500029868,24.92227358,1.161667473,4.66116171,3.338362395,-148.4648397,66.69011707,7.504012556,183.3936145,0,0,1,0,24736,RECT-12807-20250324-17_57_43,10114.7,315.2007692,539.79,0.416067787,-0.222077465,MPF-15147-20250429-12_06_01,10125.2,222.6724615,262.9880681,0.153298235,0.5,1345.174261,11.24121441,103.1064197,0.008521789,1.05252658,195.2186016,DARK-15148-20250429-12_06_09,154.94,154.94,0.410847796,0.373126584,0.719246283,-0.772141754,1.232480876,0.25962902,0.74037098,15147,290,253.13,225,10125.2,252.9,0.23,300,23.9,262.9880681,4.55368472,-10.21539769,4.097475475,0.181658039,-0.007040699,290,253.21,855,10114.4,252.89,0.32,None,None,None,None,None,None,None,None,None,None,None,None,None,1600,1345.174261,0.840747575,0.16104282,2,0.5,0: Broadleaf,2,1745917556,415.7791667,419.9927333,11.49912,10.38986333,416.1281667,11.51419,600.0121333,100.9636667,0.05862662,31.57405,30.95583333,999.9,0,0,5005.333333,0,206.5527,-4.213645,420.6158333,424.4022667,1.109266,419.9927333,10.38986333,1.160994,1.048999,9.110491333,7.615240333,1599.974,0.975003,0.024997103,0,222.6585333,4.99918,3776.222667,15341.18333,37.937,39.687,38.42873333,38.875,40.3874,1555.104,39.87,0,37.4000001,0,222.6724615,-8.803829077,-111.2133332,3776.021923,15,1745917494,12:04:53,1745917494,1745917475,7,-0.255,-0.027,-0.337,-0.023,420,11,2.05,0.38,-4.2183255,0.014053959,0.121105927,1,223.7617353,-17.65614975,1.947416498,0,1.1135725,-0.085329006,0.009036444,1,2,3,02-Mar,3.22083,2.66714,0.10142,0.103184,0.067279,0.0628141,26572.2,24359.7,28091.9,24892.4,33610.4,24661.3,40041.2,27683.9,1.9336,1.5044,0.188053,0,27.9119,999.9,14.1,41.3,11.0943,30.0081,20.1162,1,0.235549,0,20.2598,5.22328,11.9069,4.9604,3.292,9999,9999,9999,999.9,4.97275,1.85529,1.85727,1.85745,1.85684,1.8566,1.85181,1.85379,0,0,0,0,11111111,oooooooo,on,on,on,on,0,100,100,-0.349,-0.0162,-1.235618996,0.00151024,1.49E-06,5.40E-12,-0.076210588,-0.011177753,0.001682567,-2.18E-05,3,2244,0,20,1.2,1.5,1.05591,2.60376,1.59424,2.11426,1.50269,2.40601,43.9743,24.0087,18,622.278,384.615,30.5957,30.8028,30.0001,30.9232,31.0128,21.2219,-30,-30,-999.9,420,0,100.065,74.6436
270,1745917604,11102.4,20250429 12:06:43,12:06:43,15,C,3,2%,5561.37,1745917596,0.003135171,3.135170996,10.35458593,416.1079333,219.9058741,22.21603599,42.03738924,0.094649325,2.001512799,0.09223125,0.05785664,225.7853078,32.2863972,30.81622333,4.46432102,24.16308028,1.125222774,4.656785312,3.339098247,-138.2610409,79.98859175,8.990894521,176.5037531,0,0,1,0,25090,RECT-12807-20250324-17_57_43,10114.7,315.2007692,539.79,0.416067787,-0.222077465,MPF-15149-20250429-12_06_41,10129.9,219.2360385,263.6290308,0.168391896,0.5,1177.233361,10.35458593,99.11827876,0.008984339,1.047536261,195.5715656,DARK-15150-20250429-12_06_48,158.89,158.89,0.397297029,0.423843833,0.725022235,-0.860800772,1.229626943,0.307178268,0.692821732,15149,290,253.68,175,10129.9,253.18,0.5,300,23.9,263.6290308,2.955013058,-10.58903366,2.65111969,0.362962072,-0.007208267,290,252.71,755,10117.8,253.16,-0.45,None,None,None,None,None,None,None,None,None,None,None,None,None,1400,1177.233361,0.840866557,0.161272455,2,0.5,0: Broadleaf,2,1745917596,416.1079333,419.9942667,11.13804,10.10463667,416.4559667,11.15967333,600.008,100.9665667,0.058638263,31.55750667,30.81622333,999.9,0,0,5007.5,0,207.5234,-3.886444333,420.7946667,424.2815333,1.033401333,419.9942667,10.10463667,1.124569333,1.020229667,8.638688667,7.208473667,1400.024,0.971008667,0.02899097,0,219.2551667,4.99918,3266.366,13400.62333,37.8874,39.687,38.4916,38.875,40.437,1354.584,40.44,0,37.4000001,0,219.2360385,-3.352512809,-69.45572641,3266.252308,15,1745917494,12:04:53,1745917494,1745917475,7,-0.255,-0.027,-0.337,-0.023,420,11,2.05,0.38,-3.91279275,0.813921614,0.139266681,0,220.0701176,-12.75559969,1.556141188,0,1.03939675,-0.093835159,0.010816781,1,1,3,01-Mar,3.21965,2.66652,0.101478,0.103184,0.0656548,0.0614822,26572.1,24360,28093.6,24892.7,33670,24697.3,40042.2,27684.8,1.9326,1.5048,0.17947,0,27.8976,999.9,13.8,41.3,10.8573,29.3781,20.2244,1,0.234695,0,20.2611,5.22807,11.9069,4.9596,3.292,9999,9999,9999,999.9,4.97275,1.85522,1.85724,1.85745,1.85687,1.85666,1.85184,1.85379,0,0,0,0,11111111,oooooooo,on,on,on,on,0,100,100,-0.348,-0.0227,-1.235618996,0.00151024,1.49E-06,5.40E-12,-0.076210588,-0.011177753,0.001682567,-2.18E-05,3,2244,0,20,1.8,2.1,1.05591,2.60376,1.59424,2.11426,1.50269,2.42798,43.9743,24.0087,18,621.539,384.847,30.6326,30.8001,29.9999,30.9232,31.0155,21.2218,-30,-30,-999.9,420,0,100.069,74.6453
271,1745917643,11141.9,20250429 12:07:23,12:07:23,15,C,3,2%,5561.37,1745917635,0.002884085,2.884085411,9.761892616,416.3292333,215.8244499,21.80447363,42.06122056,0.086932064,1.998934953,0.084885073,0.05323307,193.8002854,32.08522175,30.68016333,4.429757934,23.46409453,1.090956224,4.649470804,3.33880171,-127.1881666,91.5653126,10.29710252,168.4745338,0,0,1,0,25095,RECT-12807-20250324-17_57_43,10114.7,315.2007692,539.79,0.416067787,-0.222077465,MPF-15151-20250429-12_07_20,10133.2,215.3866,269.9642337,0.202166164,0.5,1009.168621,9.761892616,102.0098747,0.009893263,0.99948709,199.0365364,DARK-15152-20250429-12_07_28,154.45,154.45,0.427887176,0.472475399,0.700227763,-1.206494551,1.201418988,0.338803925,0.661196075,15151,290,254.42,135,10133.2,255.12,-0.7,300,23.9,269.9642337,2.818186648,-15.04536949,2.520518867,0.559961662,-0.007375172,290,253.94,815,10117.2,255.09,-1.15,None,None,None,None,None,None,None,None,None,None,None,None,None,1200,1009.168621,0.840985765,0.161502526,2,0.5,0: Broadleaf,2,1745917635,416.3292333,419.9833667,10.79847333,9.847512,416.6768333,10.82609667,600.0121333,100.9699,0.058846453,31.52982667,30.68016333,999.9,0,0,4996.833333,0,201.7233333,-3.654148667,420.8740667,424.1603667,0.950959033,419.9833667,9.847512,1.090319667,0.994301533,8.182614333,6.833096667,1199.983,0.9670052,0.032994593,0,215.4673,4.99918,2774.339,11464.14667,37.77273333,39.7122,38.4937,38.875,40.3874,1155.553,39.43,0,37.4000001,0,215.3866,-2.930538456,-42.41153841,2773.9072,15,1745917494,12:04:53,1745917494,1745917475,7,-0.255,-0.027,-0.337,-0.023,420,11,2.05,0.38,-3.692023,0.519790694,0.133073006,0,216.2892941,-12.40565317,1.466057409,0,0.957582,-0.123933906,0.013396344,0,0,3,0/3,3.22027,2.66703,0.101564,0.10321,0.0640949,0.060324,26572.1,24362.3,28096.2,24895.7,33729,24730.4,40045.2,27687.8,1.9328,1.5044,0.172108,0,27.8763,999.9,13.5,41.3,10.6212,30.0181,20.3165,1,0.233354,0,20.2632,5.22807,11.9057,4.9592,3.292,9999,9999,9999,999.9,4.97275,1.85526,1.8573,1.85748,1.8569,1.85666,1.85181,1.85379,0,0,0,0,11111111,oooooooo,on,on,on,on,0,100,100,-0.347,-0.0287,-1.235618996,0.00151024,1.49E-06,5.40E-12,-0.076210588,-0.011177753,0.001682567,-2.18E-05,3,2244,0,20,2.5,2.8,1.05591,2.60498,1.59302,2.11426,1.50269,2.51587,43.9743,24.0087,18,621.633,384.598,30.6656,30.7921,29.9998,30.9179,31.0102,21.2179,-30,-30,-999.9,420,0,100.077,74.6538
272,1745917683,11181.4,20250429 12:08:02,12:08:02,15,C,3,2%,5561.37,1745917675,0.002630724,2.630723705,8.945120882,416.6579333,215.7497994,21.79730549,42.09515042,0.079328584,2.000713457,0.077621705,0.048663863,161.9031621,31.85801969,30.52702,4.391134271,22.85585211,1.059413681,4.635196605,3.33172059,-116.0149154,102.3269623,11.48534468,159.7005536,0,0,1,0,25040,RECT-12807-20250324-17_57_43,10114.7,315.2007692,539.79,0.416067787,-0.222077465,MPF-15153-20250429-12_08_00,10134.1,211.50204,272.8056176,0.224715232,0.5,841.1901171,8.945120882,94.51411602,0.010897891,0.978661601,200.5767601,DARK-15154-20250429-12_08_07,156.03,156.03,0.4280543,0.524968986,0.695706646,-1.44600444,1.188767518,0.387281895,0.612718105,15153,290,258.2,155,10134.1,258.09,0.11,300,23.9,272.8056176,3.375652541,-14.91549332,3.010215146,0.467190555,-0.007543077,290,257.21,735,10121.1,258.07,-0.86,None,None,None,None,None,None,None,None,None,None,None,None,None,1000,841.1901171,0.841193706,0.161903853,2,0.5,0: Broadleaf,2,1745917675,416.6579333,420.0051,10.48608,9.618344333,417.0045,10.51901,599.9840333,100.9714667,0.059011937,31.4757,30.52702,999.9,0,0,5004,0,191.0163333,-3.347223667,421.0732,424.0840667,0.867735167,420.0051,9.618344333,1.058795,0.971178367,7.751511667,6.490973333,999.9957333,0.9600088,0.03999099,0,211.5179667,4.99918,2290.686667,9523.880667,37.5809,39.6912,38.437,38.875,40.312,955.2056667,39.79,0,37.4000001,0,211.50204,-4.037153846,-31.04999997,2290.3456,15,1745917494,12:04:53,1745917494,1745917475,7,-0.255,-0.027,-0.337,-0.023,420,11,2.05,0.38,-3.35710625,0.162864878,0.116429255,1,212.3673824,-12.40682965,1.400211056,0,0.874943475,-0.127370375,0.013118832,0,1,3,01-Mar,3.22011,2.66759,0.101593,0.103239,0.0626691,0.059216,26571.6,24362.6,28096.7,24896.8,33780.9,24760.1,40045.7,27688.2,1.9334,1.5044,0.163198,0,27.8658,999.9,13.2,41.3,10.3848,29.3582,20.3085,1,0.231768,0,20.265,5.22927,11.9069,4.9612,3.292,9999,9999,9999,999.9,4.97275,1.85519,1.8573,1.85745,1.85687,1.85669,1.85181,1.85379,0,0,0,0,11111111,oooooooo,on,on,on,on,0,100,100,-0.347,-0.0339,-1.235618996,0.00151024,1.49E-06,5.40E-12,-0.076210588,-0.011177753,0.001682567,-2.18E-05,3,2244,0,20,3.1,3.5,1.05591,2.60132,1.59424,2.11426,1.50269,2.48535,43.9743,24.0087,18,621.996,384.566,30.6948,30.7814,30,30.9099,31.0049,21.2136,-30,-30,-999.9,420,0,100.079,74.6561
273,1745917722,11220.9,20250429 12:08:42,12:08:42,15,C,3,2%,5561.37,1745917714,0.002385987,2.385986617,8.476568316,416.8782333,208.8446108,21.09920003,42.11646737,0.072149688,2.001707219,0.07073548,0.044334427,129.9838874,31.61863218,30.35554,4.348234501,22.32661104,1.031166454,4.618553402,3.317068047,-105.2220098,114.0528651,12.78031487,151.5950576,0,0,1,0,25455,RECT-12807-20250324-17_57_43,10114.7,315.2007692,539.79,0.416067787,-0.222077465,MPF-15155-20250429-12_08_39,10132.4,206.7353077,276.9397337,0.253500735,0.5,673.2076332,8.476568316,85.32931487,0.012921193,0.949124428,202.8026223,DARK-15156-20250429-12_08_47,156.1,156.1,0.436339459,0.580971373,0.685058944,-1.834880447,1.170360063,0.438675098,0.561324902,15155,290,265.04,215,10132.4,263.81,1.23,300,23.9,276.9397337,2.644625669,-13.3070998,2.351243722,0.533574912,-0.007711096,290,263.11,695,10124.1,263.8,-0.69,None,None,None,None,None,None,None,None,None,None,None,None,None,800,673.2076332,0.841490222,0.162476129,2,0.5,0: Broadleaf,2,1745917714,416.8782333,420.0353,10.20671667,9.419508333,417.2243,10.24424333,600.0021667,100.9691,0.059123597,31.41240667,30.35554,999.9,0,0,5008.166667,0,182.6745667,-3.157091333,421.1771667,424.0294333,0.7872058,420.0353,9.419508333,1.030562333,0.951078733,7.355719,6.187698667,800.0183667,0.950011,0.049989,0,206.7492667,4.99918,1819.186,7584.997667,37.3477,39.687,38.375,38.875,40.1808,755.2756667,39.74,0,37.4000001,0,206.7353077,-1.6940171,-25.14803417,1819.183077,15,1745917494,12:04:53,1745917494,1745917475,7,-0.255,-0.027,-0.337,-0.023,420,11,2.05,0.38,-3.14799375,0.419967692,0.14520972,1,207.383,-9.457937372,1.200550829,0,0.794358575,-0.141535328,0.014457298,0,1,3,01-Mar,3.21981,2.66733,0.101634,0.103248,0.0614052,0.0583012,26571.6,24364.5,28097.9,24899,33827.9,24786.4,40047.3,27690.7,1.9326,1.5046,0.15229,0,27.8454,999.9,13,41.3,10.2292,29.5182,20.1282,1,0.229878,0,20.267,5.22927,11.9069,4.9604,3.292,9999,9999,9999,999.9,4.97278,1.85532,1.85724,1.85745,1.85684,1.85666,1.85181,1.85379,0,0,0,0,11111111,oooooooo,on,on,on,on,0,100,100,-0.346,-0.0384,-1.235618996,0.00151024,1.49E-06,5.40E-12,-0.076210588,-0.011177753,0.001682567,-2.18E-05,3,2244,0,20,3.8,4.1,1.05591,2.60254,1.59424,2.11426,1.50269,2.38892,43.9743,23.9999,18,621.298,384.626,30.7212,30.768,29.9999,30.8991,30.9969,21.2096,-30,-30,-999.9,420,0,100.083,74.6627
274,1745917762,11260.4,20250429 12:09:21,12:09:21,15,C,3,2%,5561.37,1745917754,0.002157683,2.157682719,7.715199001,417.1418333,209.0395083,21.11834608,42.14201263,0.065517274,1.998568642,0.064347051,0.040320306,98.06921561,31.35737672,30.18113,4.304976779,21.88979641,1.00644084,4.597762449,3.29853594,-95.15380792,124.1168089,13.91244927,140.9446659,0,0,1,0,25462,RECT-12807-20250324-17_57_43,10114.7,315.2007692,539.79,0.416067787,-0.222077465,MPF-15157-20250429-12_09_19,10140.8,201.5768846,298.381342,0.324432006,0.5,505.2027957,7.715199001,81.95197827,0.01571107,0.809060836,214.067452,DARK-15158-20250429-12_09_26,151.05,151.05,0.493768615,0.657052709,0.621002876,-5.755514512,1.074889732,0.492357107,0.507642893,15157,290,277.22,125,10140.8,277.12,0.1,300,23.9,298.381342,2.357051144,-21.55829703,2.089349943,0.79176725,-0.007879496,290,275.81,795,10124.3,277.09,-1.28,None,None,None,None,None,None,None,None,None,None,None,None,None,600,505.2027957,0.841992965,0.163446423,2,0.5,0: Broadleaf,2,1745917754,417.1418333,420.0137,9.962233667,9.250143,417.4870333,10.003667,599.9762333,100.9667,0.058920687,31.33306,30.18113,999.9,0,0,4995.5,0,181.6517,-2.871949333,421.3393,423.9353667,0.7120958,420.0137,9.250143,1.005853333,0.933955967,7.001399667,5.924838667,600.0083333,0.9330125,0.06698795,0,201.5874667,4.99918,1363.128667,5645.282333,37.07476667,39.62913333,38.26033333,38.8267,40.0165,555.1513333,39.86,0,37.39999986,0,201.5768846,-1.570700852,-13.53162397,1363.076154,15,1745917494,12:04:53,1745917494,1745917475,7,-0.255,-0.027,-0.337,-0.023,420,11,2.05,0.38,-2.879626341,0.047803902,0.121523372,1,202.2344118,-8.801833449,1.124296986,0,0.719318195,-0.134912613,0.014035067,0,1,3,01-Mar,3.21991,2.66734,0.101683,0.103212,0.0602929,0.0574532,26571.4,24365.2,28099.3,24898.7,33869.8,24808.9,40049.3,27690.9,1.9328,1.5044,0.143021,0,27.843,999.9,12.8,41.3,10.0709,29.8182,20.1442,1,0.228659,0,20.2687,5.22448,11.9069,4.9608,3.292,9999,9999,9999,999.9,4.97275,1.85519,1.85724,1.85745,1.8569,1.85654,1.85181,1.85379,0,0,0,0,11111111,oooooooo,on,on,on,on,0,100,100,-0.345,-0.0421,-1.235618996,0.00151024,1.49E-06,5.40E-12,-0.076210588,-0.011177753,0.001682567,-2.18E-05,3,2244,0,20,4.5,4.8,1.05591,2.60742,1.59424,2.11426,1.50269,2.43652,43.9743,24.0087,18,621.318,384.454,30.7421,30.752,29.9999,30.8859,30.9863,21.2104,-30,-30,-999.9,420,0,100.088,74.6625
275,1745917801,11299.9,20250429 12:10:01,12:10:01,15,C,3,2%,5561.37,1745917793,0.001973583,1.973582676,6.818312765,417.4423,216.0833207,21.82954301,42.17157813,0.059989602,1.998179201,0.059006727,0.03696617,82.09553354,31.2107639,30.06402333,4.276142483,21.52724099,0.985215673,4.576599825,3.29092681,-87.034996,127.9729082,14.33344715,137.3668929,0,0,1,0,25176,RECT-12807-20250324-17_57_43,10114.7,315.2007692,539.79,0.416067787,-0.222077465,MPF-15159-20250429-12_09_58,10137.5,200.48928,309.4164892,0.352040738,0.5,421.2021688,6.818312765,74.14016119,0.01671499,0.744541803,219.6885489,DARK-15160-20250429-12_10_06,150.45,150.45,0.513762177,0.685221205,0.591702653,-18.83159344,1.02575493,0.514199713,0.485800287,15159,290,291.22,195,10137.5,289.76,1.46,300,23.9,309.4164892,2.291250378,-19.9284195,2.028050875,0.775205029,-0.007964117,290,288.34,665,10129.2,289.74,-1.4,None,None,None,None,None,None,None,None,None,None,None,None,None,500,421.2021688,0.842375922,0.164185529,2,0.5,0: Broadleaf,2,1745917793,417.4423,419.9897333,9.752319333,9.100863,417.7868667,9.797001667,599.9897667,100.9649667,0.058763143,31.25197333,30.06402333,999.9,0,0,4994,0,185.0013333,-2.547442667,421.5534,423.8471333,0.6514561,419.9897333,9.100863,0.9846419,0.9188677,6.691046,5.689665,500.0168667,0.920001,0.0799989,0,200.4986667,4.99918,1148.799333,4676.541667,36.8081,39.562,38.1145,38.76446667,39.81833333,455.4173333,39.6,0,37.4000001,0,200.48928,-8.053538424,-31.59461539,1148.4436,15,1745917494,12:04:53,1745917494,1745917475,7,-0.255,-0.027,-0.337,-0.023,420,11,2.05,0.38,-2.551967805,0.493256446,0.144078546,1,201.4354706,-15.26490449,1.689513665,0,0.656377756,-0.115320627,0.01245071,0,1,3,01-Mar,3.21989,2.66722,0.101758,0.103214,0.0593406,0.0567701,26570.9,24366.2,28101,24899.7,33905.8,24828.4,40051.1,27692.6,1.9334,1.505,0.136048,0,27.8193,999.9,12.5,41.3,9.83706,29.7682,20.2764,1,0.226789,0,20.2697,5.22807,11.9081,4.96,3.292,9999,9999,9999,999.9,4.97275,1.85516,1.85724,1.85745,1.85684,1.8566,1.85181,1.85379,0,0,0,0,11111111,oooooooo,on,on,on,on,0,100,100,-0.345,-0.0453,-1.235618996,0.00151024,1.49E-06,5.40E-12,-0.076210588,-0.011177753,0.001682567,-2.18E-05,3,2244,0,20,5.1,5.4,1.05591,2.60742,1.59424,2.11426,1.50269,2.5061,43.9467,24.0262,18,621.622,384.697,30.7582,30.7359,29.9999,30.8725,30.973,21.213,-30,-30,-999.9,420,0,100.093,74.6663
276,1745917841,11339.4,20250429 12:10:40,12:10:40,15,C,3,2%,5561.37,1745917833,0.001808252,1.80825155,6.365616145,417.6430333,213.1977728,21.53852659,42.19282153,0.054990677,1.999677633,0.054164174,0.033925832,66.12993356,31.07152571,29.96719,4.252427207,21.20617332,0.966830613,4.559194146,3.285596594,-79.74389335,131.2919335,14.68229006,132.3602637,0,0,1,0,25475,RECT-12807-20250324-17_57_43,10114.7,315.2007692,539.79,0.416067787,-0.222077465,MPF-15161-20250429-12_10_38,10141,199.67556,337.3349517,0.408079243,0.5,337.2023975,6.365616145,68.80264955,0.019536319,0.600160307,233.4037424,DARK-15162-20250429-12_10_45,154.12,154.12,0.543124722,0.751354572,0.52494373,6.21931222,0.901445931,0.579934603,0.420065397,15161,290,311.97,165,10141,311.21,0.76,300,23.9,337.3349517,3.122169726,-26.49440433,2.759506251,0.767019785,-0.008048841,290,308.9,705,10129.8,311.18,-2.28,None,None,None,None,None,None,None,None,None,None,None,None,None,400,337.2023975,0.842961738,0.165316155,2,0.5,0: Broadleaf,2,1745917833,417.6430333,420.0167667,9.570113,8.973099,417.9869667,9.617549,599.9679667,100.9670333,0.059006047,31.18503667,29.96719,999.9,0,0,5000,0,187.4008,-2.373784667,421.6784667,423.8198,0.597015667,420.0167667,8.973099,0.966267133,0.905988033,6.41739,5.486198,400.021,0.900025933,0.099974083,0,199.7609333,4.99918,936.7702667,3707.293667,36.52053333,39.4916,37.9538,38.687,39.6082,355.5306667,39.492,0,37.4000001,0,199.67556,-10.99469227,-30.80430766,936.48972,15,1745917494,12:04:53,1745917494,1745917475,7,-0.255,-0.027,-0.337,-0.023,420,11,2.05,0.38,-2.37549925,0.175441013,0.118184393,1,200.6680294,-16.52102366,1.713861266,0,0.601373525,-0.105140364,0.011096806,0,1,3,01-Mar,3.22039,2.66788,0.101789,0.10322,0.0585119,0.0561401,26572.4,24367.1,28103.5,24900.7,33938.5,24846.1,40054.3,27693.7,1.9338,1.505,0.131518,0,27.8004,999.9,12.4,41.3,9.7567,30.0082,20.1883,1,0.224939,0,20.2706,5.22927,11.9057,4.96,3.292,9999,9999,9999,999.9,4.97278,1.85519,1.85724,1.85745,1.85684,1.85657,1.85181,1.85379,0,0,0,0,11111111,oooooooo,on,on,on,on,0,100,100,-0.343,-0.0479,-1.235618996,0.00151024,1.49E-06,5.40E-12,-0.076210588,-0.011177753,0.001682567,-2.18E-05,3,2244,0,20,5.8,6.1,1.05591,2.60254,1.59424,2.11426,1.50269,2.4353,43.9467,24.0175,18,621.758,384.6,30.7684,30.7145,29.9999,30.8564,30.957,21.2097,-30,-30,-999.9,420,0,100.101,74.6693
277,1745917880,11378.9,20250429 12:11:20,12:11:20,15,C,3,2%,5561.37,1745917872,0.001667791,1.667791416,5.80419697,417.8210333,215.8981647,21.81134685,42.21082422,0.050784408,1.999680469,0.050078636,0.031361741,49.58739288,30.91717375,29.87036,4.228827447,20.93017514,0.950555702,4.541556368,3.278271745,-73.54960144,134.3940799,15.01694138,125.4488128,0,0,1,0,24951,RECT-12807-20250324-17_57_43,10114.7,315.2007692,539.79,0.416067787,-0.222077465,MPF-15163-20250429-12_11_17,10129,201.79988,369.603151,0.454009309,0.5,252.8814536,5.80419697,57.40526694,0.023830433,0.460458328,248.409346,DARK-15164-20250429-12_11_25,154.81,154.81,0.581145346,0.781231944,0.442066728,3.084483905,0.75776941,0.599319075,0.400680925,15163,290,348.71,235,10129,345.87,2.84,300,23.9,369.603151,2.325263996,-24.04421468,2.050188684,0.83085805,-0.008125686,290,345.11,655,10123.4,345.85,-0.74,None,None,None,None,None,None,None,None,None,None,None,None,None,300,252.8814536,0.842950074,0.165293642,2,0.5,0: Broadleaf,2,1745917872,417.8210333,419.9881,9.409012333,8.858298667,418.1643667,9.458825667,599.9848,100.9672667,0.058820707,31.11698,29.87036,999.9,0,0,5000,0,186.2086,-2.167108333,421.7896,423.7417,0.5507137,419.9881,8.858298667,0.950001733,0.894397667,6.171291333,5.300902,299.9957667,0.899987,0.100013,0,201.8853667,4.99918,745.2332,2768.515667,36.26633333,39.38326667,37.7996,38.625,39.40806667,265.4933333,29.5,0,37.4000001,0,201.79988,-7.511076916,-21.56307688,745.0376,15,1745917494,12:04:53,1745917494,1745917475,7,-0.255,-0.027,-0.337,-0.023,420,11,2.05,0.38,-2.189846098,0.55622216,0.130923191,0,202.7052059,-14.19824291,1.533244364,0,0.554794756,-0.090918544,0.009936003,1,1,3,01-Mar,3.22015,2.66722,0.101772,0.103224,0.0577407,0.0555377,26573,24368.3,28103.6,24902,33967.2,24863,40055.3,27694.8,1.9336,1.5044,0.124723,0,27.8004,999.9,12.2,41.3,9.6,30.0182,20.2484,1,0.223354,0,20.2717,5.22687,11.9057,4.9612,3.292,9999,9999,9999,999.9,4.97278,1.85519,1.85727,1.85751,1.85684,1.85666,1.85181,1.85379,0,0,0,0,11111111,oooooooo,on,on,on,on,0,100,100,-0.344,-0.0503,-1.235618996,0.00151024,1.49E-06,5.40E-12,-0.076210588,-0.011177753,0.001682567,-2.18E-05,3,2244,0,20,6.4,6.8,1.05591,2.60498,1.59424,2.11304,1.50269,2.49634,43.9467,24.0175,18,621.449,384.18,30.7743,30.6985,30.0001,30.8405,30.9411,21.21,-30,-30,-999.9,420,0,100.103,74.6728
278,1745917920,11418.4,20250429 12:11:59,12:11:59,15,C,3,2%,5561.37,1745917912,0.001557625,1.55762489,4.956922544,418.1245333,232.1554239,23.45417618,42.24224577,0.047535538,1.999825917,0.04691663,0.029377829,33.04901858,30.75304742,29.77075667,4.204670943,20.68583041,0.935893015,4.524319287,3.268777928,-68.69125766,137.9477215,15.40023342,117.7057159,0,0,1,0,25251,RECT-12807-20250324-17_57_43,10114.7,315.2007692,539.79,0.416067787,-0.222077465,MPF-15165-20250429-12_11_57,10123.3,211.73372,459.9370668,0.539646323,0.5,168.5852866,4.956922544,45.488215,0.030720356,0.173617086,286.1869608,DARK-15166-20250429-12_12_04,162.49,162.49,0.646712536,0.834445434,0.211643078,1.714865939,0.355551034,0.640375272,0.359624728,15165,290,423,195,10123.3,421.01,1.99,300,23.9,459.9370668,3.062776732,-39.41159544,2.694019156,0.884305271,-0.008201893,290,415.6,665,10115.4,420.98,-5.38,None,None,None,None,None,None,None,None,None,None,None,None,None,200,168.5852866,0.842924747,0.165244762,2,0.5,0: Broadleaf,2,1745917912,418.1245333,419.9939667,9.263708,8.749300667,418.4670667,9.315621333,599.9897,100.9691333,0.058772,31.05024667,29.77075667,999.9,0,0,5000.5,0,182.9305667,-1.869489667,422.0339667,423.7010667,0.514406833,419.9939667,8.749300667,0.935349033,0.883409767,5.946382,5.123267333,200.0004,0.900006667,0.099993197,0,211.7322667,4.99918,562.8795333,1830.083333,36.01216667,39.281,37.63323333,38.55166667,39.2143,175.5026667,19.49833333,0,37.4000001,0,211.73372,-2.398461545,-2.078000002,562.86248,15,1745917494,12:04:53,1745917494,1745917475,7,-0.255,-0.027,-0.337,-0.023,420,11,2.05,0.38,-1.89528025,0.32279606,0.130769295,1,211.6458235,1.011734147,0.800146438,0,0.51720745,-0.075802852,0.008663667,1,2,3,02-Mar,3.21987,2.6676,0.101849,0.103223,0.0570564,0.0550228,26571,24368.5,28103.8,24902.1,33991.8,24876.7,40055.1,27695,1.9334,1.5054,0.119597,0,27.8098,999.9,12.1,41.2,9.47,29.7482,20.1843,1,0.222012,0,20.2731,5.22927,11.9081,4.9616,3.292,9999,9999,9999,999.9,4.97275,1.85529,1.85721,1.85745,1.85684,1.85663,1.85181,1.85379,0,0,0,0,11111111,oooooooo,on,on,on,on,0,100,100,-0.343,-0.0523,-1.235618996,0.00151024,1.49E-06,5.40E-12,-0.076210588,-0.011177753,0.001682567,-2.18E-05,3,2244,0,20,7.1,7.4,1.05591,2.60498,1.59302,2.11426,1.50269,2.4292,43.9192,24.0262,18,621.18,384.655,30.7798,30.6825,30,30.8277,30.9305,21.2092,-30,-30,-999.9,420,0,100.103,74.6732
279,1745917959,11457.9,20250429 12:12:39,12:12:39,15,C,3,2%,5561.37,1745917951,0.001455177,1.455176747,4.056438893,418.4609333,253.500317,25.61063657,42.27628196,0.044553562,1.999458051,0.04400929,0.027554153,16.50992928,30.58963974,29.66174667,4.178370998,20.45622962,0.922182843,4.508078272,3.256188155,-64.17329454,142.8733606,15.93949394,111.1494893,0,0,1,0,24962,RECT-12807-20250324-17_57_43,10114.7,315.2007692,539.79,0.416067787,-0.222077465,MPF-15167-20250429-12_12_36,10114.8,221.43492,571.7464101,0.612704311,0.5,84.28245349,4.056438893,25.82011128,0.050764022,-0.055892629,325.8352183,DARK-15168-20250429-12_12_44,168.32,168.32,0.705603748,0.868340499,-0.086026893,1.365493831,-0.142288257,0.660054307,0.339945693,15167,290,535.23,215,10114.8,532.73,2.5,300,23.9,571.7464101,2.914462091,-39.46549981,2.557492482,0.894786608,-0.008279257,290,530.09,695,10107.2,532.7,-2.61,None,None,None,None,None,None,None,None,None,None,None,None,None,100,84.28245349,0.84285218,0.165104708,2,0.5,0: Broadleaf,2,1745917951,418.4609333,420.0161,9.127990333,8.647346,418.8027,9.181824333,599.9837333,100.9691667,0.05885912,30.98716667,29.66174667,999.9,0,0,4999,0,179.4921333,-1.555072333,422.3159333,423.6797333,0.480644433,420.0161,8.647346,0.921645067,0.873114733,5.733205,4.955056,99.99672,0.8999195,0.100080627,0,221.2357333,4.99918,357.473,891.5237333,35.75803333,39.17666667,37.4643,38.4769,39.03513333,85.491,9.507,0,37.4000001,0,221.43492,17.82769226,16.32238462,357.63236,15,1745917494,12:04:53,1745917494,1745917475,7,-0.255,-0.027,-0.337,-0.023,420,11,2.05,0.38,-1.574310488,0.811183484,0.135511187,0,220.0870882,22.63472877,2.340785079,0,0.484766439,-0.085684578,0.009765466,1,1,3,01-Mar,3.21955,2.66721,0.101981,0.103228,0.0563932,0.0545487,26568.5,24369.3,28105.2,24903,34016.4,24890.2,40055.9,27696.1,1.9342,1.505,0.109971,0,27.8312,999.9,11.9,41.2,9.31441,30.0282,20.2804,1,0.221341,0,20.2741,5.22807,11.9069,4.9616,3.292,9999,9999,9999,999.9,4.97278,1.85522,1.85727,1.85745,1.85684,1.8566,1.85181,1.85379,0,0,0,0,11111111,oooooooo,on,on,on,on,0,100,100,-0.341,-0.0543,-1.235618996,0.00151024,1.49E-06,5.40E-12,-0.076210588,-0.011177753,0.001682567,-2.18E-05,3,2244,0,20,7.8,8.1,1.05591,2.60254,1.59424,2.11304,1.50269,2.4353,43.9192,24.0087,18,621.653,384.375,30.783,30.6718,29.9999,30.8165,30.92,21.2074,-30,-30,-999.9,420,0,100.106,74.676
280,1745917999,11497.4,20250429 12:13:18,12:13:18,15,C,3,2%,5561.37,1745917991,0.001369241,1.369240587,2.469845465,418.9879333,304.5974621,30.77212122,42.32847964,0.04188854,1.997627144,0.041406618,0.025921973,8.238742161,30.49757826,29.60962667,4.165847186,20.22695605,0.909027248,4.494137656,3.256819937,-60.3835099,142.5073947,15.90486354,106.2674905,0,0,1,0,25498,RECT-12807-20250324-17_57_43,10114.7,315.2007692,539.79,0.416067787,-0.222077465,RECT-15169-20250429-12_13_16,10100.1,220.4512,575.51,0.616946361,0.5,42.12154756,2.469845465,12.99336773,0.063908453,-0.062066689,327.0541058,DARK-15170-20250429-12_13_23,182.33,182.33,0.683185349,0.903043898,-0.099927265,1.363988511,-0.159045916,0.746886359,0.253113641,15167,290,535.23,215,10114.8,532.73,2.5,300,23.9,571.7464101,2.914462091,-39.46549981,2.557492482,0.894786608,-0.008279257,290,530.09,695,10107.2,532.7,-2.61,None,None,None,None,None,None,None,None,None,None,None,None,None,50,42.12154756,0.842709495,0.164829325,2,0.5,0: Broadleaf,2,1745917991,418.9879333,420.0024333,8.997995,8.545694333,419.3281333,9.053633667,600.0080333,100.9667,0.058833843,30.93286333,29.60962667,999.9,0,0,4991.666667,0,179.264,-1.0144409,422.7923333,423.6226667,0.452301733,420.0024333,8.545694333,0.908497933,0.862830633,5.526042333,4.785260667,49.98347333,0.899706467,0.10029352,0,220.3792333,4.99918,241.7320333,422.1343333,35.4997,39.05166667,37.27686667,38.38326667,38.83303333,40.47333333,4.514666667,0,37.4000001,0,220.4512,-4.765384624,-1.993538447,241.6266,15,1745917494,12:04:53,1745917494,1745917475,7,-0.255,-0.027,-0.337,-0.023,420,11,2.05,0.38,-1.067592171,1.283209547,0.181823883,0,220.6140294,-3.043009916,0.727847167,0,0.456501902,-0.074787993,0.008495695,1,1,3,01-Mar,3.21985,2.6675,0.102048,0.10324,0.0557747,0.0540027,26565.9,24369.5,28104.6,24903.6,34039.5,24904.5,40056.6,27696,1.9338,1.5048,0.106186,0,27.8454,999.9,11.8,41.2,9.23571,29.9682,20.3405,1,0.220793,0,20.2746,5.22807,11.9069,4.9604,3.292,9999,9999,9999,999.9,4.97275,1.85519,1.85724,1.85745,1.85684,1.8566,1.85181,1.85379,0,0,0,0,11111111,oooooooo,on,on,on,on,0,100,100,-0.34,-0.056,-1.235618996,0.00151024,1.49E-06,5.40E-12,-0.076210588,-0.011177753,0.001682567,-2.18E-05,3,2244,0,20,8.4,8.7,1.05591,2.6062,1.59424,2.11304,1.50269,2.50366,43.9192,24.0175,18,621.278,384.219,30.7858,30.6612,30,30.8085,30.912,21.2058,-30,-30,-999.9,420,0,100.106,74.6767
281,1745919090,12589,20250429 12:31:30,12:31:30,15,C,6,21%,5561.37,1745919082,0.00376429,3.764290454,8.643875451,416.6046333,243.5778357,24.60796458,42.08836174,0.093448993,2.000502385,0.091089879,0.057138171,321.5022977,33.25724263,31.96746,4.76629561,14.78288501,0.704387002,4.764881834,4.061908608,-166.005209,-0.565139683,-0.064043824,154.8679052,0,0,1,0,25757,RECT-12807-20250324-17_57_43,10114.7,315.2007692,539.79,0.416067787,-0.222077465,MPF-15173-20250429-12_31_27,10129.3,262.7738077,288.1704115,0.088130505,0.5,1681.15655,8.643875451,74.08058749,0.005273722,0.873162471,208.7605229,DARK-15174-20250429-12_31_35,172.56,172.56,0.401187654,0.219674019,0.685182552,-0.93955855,1.120354648,0.144256953,0.855743047,15173,290,284.75,115,10129.3,283.73,1.02,300,23.9,288.1704115,2.985572484,-4.49736967,2.702610716,0.08999831,-0.006706004,290,285.29,765,10113.7,283.72,1.57,None,None,None,None,None,None,None,None,None,None,None,None,None,2000,1681.15655,0.840598449,0.160755007,2,0.5,0: Broadleaf,2,1745919082,416.6046333,420.0086,6.972257333,5.726266333,416.9515,7.051254667,600.0115333,100.9675667,0.05954242,31.96222,31.96746,999.9,0,0,5003.333333,0,150.2612333,-3.404003333,419.5298,422.4275667,1.245992333,420.0086,5.726266333,0.7039717,0.578166933,1.905424667,-0.817278467,1999.952,0.980001533,0.019998683,0,262.9180333,4.99918,5507.094333,19219.39333,37.5665,39.562,38.125,39.187,40.11643333,1955.057667,39.89566667,0,1050,0,262.7738077,-61.27948723,-1211.577436,5503.420769,15,1745917494,12:04:53,1745917494,1745917475,7,-0.255,-0.027,-0.337,-0.023,420,11,2.05,0.38,-3.402970488,-0.113984948,0.136834305,1,267.0982647,-71.56233762,7.080196256,0,1.264672683,-0.306279512,0.030524252,0,1,3,01-Mar,3.21832,2.66812,0.101117,0.102729,0.0440557,0.0378184,26590.4,24384.7,28101.9,24905.5,34459,25335.2,40052.4,27700.1,1.9266,1.4654,0.241399,0,28.1629,999.9,8,41.1,6.22819,29.4064,21.3622,1,0.225,0,20.2558,5.22448,11.9021,4.9604,3.292,9999,9999,9999,999.9,4.97278,1.85516,1.85715,1.85745,1.85684,1.85654,1.85181,1.85379,0,0,0,0,11111111,oooooooo,on,on,on,on,0,100,100,-0.346,-0.0794,-1.235618996,0.00151024,1.49E-06,5.40E-12,-0.076210588,-0.011177753,0.001682567,-2.18E-05,3,2244,0,20,26.6,26.9,1.04126,2.60498,1.59424,2.09595,1.50269,2.47314,43.59,23.9912,18,616.456,363.609,31.1699,30.7386,29.9999,30.8564,30.9491,20.9115,-30,-30,-999.9,420,0,100.096,74.6852
282,1745919130,12628.5,20250429 12:32:09,12:32:09,15,C,6,21%,5561.37,1745919122,0.003069106,3.069106184,7.460994464,417.0748,233.2226884,23.5607771,42.13400705,0.074924963,1.999958752,0.0733998,0.046009319,289.5659932,33.35602641,32.05671,4.790431809,14.19769378,0.680699393,4.794436357,4.109732417,-135.3475827,1.592527635,0.180696788,155.991635,0,0,1,0,25280,RECT-12807-20250324-17_57_43,10114.7,315.2007692,539.79,0.416067787,-0.222077465,MPF-15175-20250429-12_32_07,10121.7,234.14356,266.1878994,0.120382405,0.5,1513.182181,7.460994464,91.08025476,0.005077427,1.027853262,196.9762737,DARK-15176-20250429-12_32_14,167.51,167.51,0.370707683,0.32473674,0.73493634,-0.653794392,1.218233393,0.232321792,0.767678208,15175,290,259.89,235,10121.7,259.13,0.76,300,23.9,266.1878994,2.718430698,-7.139754751,2.453046619,0.232275069,-0.006871672,290,260.31,845,10111.8,259.13,1.18,None,None,None,None,None,None,None,None,None,None,None,None,None,1800,1513.182181,0.840658168,0.160870264,2,0.5,0: Broadleaf,2,1745919122,417.0748,419.9884333,6.738086,5.721960333,417.4202667,6.819176333,600.0097,100.9632333,0.059429857,32.07148,32.05671,999.9,0,0,5001.333333,0,150.4912667,-2.913666,419.9042333,422.4054667,1.016127133,419.9884333,5.721960333,0.6802996,0.577707967,1.427970333,-0.828139733,1799.997,0.978,0.0220001,0,234.5221,4.99918,4480.538333,17281.83667,37.8435,39.6145,38.2479,39.2101,40.3519,1755.507,39.49,0,37.39999986,0,234.14356,-41.25023084,-642.7884625,4474.736,15,1745917494,12:04:53,1745917494,1745917475,7,-0.255,-0.027,-0.337,-0.023,420,11,2.05,0.38,-2.9197345,0.43048818,0.120767939,1,237.5283235,-57.34149732,5.848197594,0,1.0286941,-0.29978875,0.029109073,0,1,3,01-Mar,3.21867,2.66809,0.101176,0.102733,0.0429105,0.0377878,26590.3,24385.1,28103.6,24905.9,34502.8,25336.6,40055.2,27700.7,1.9266,1.4654,0.240058,0,28.2062,999.9,8,41,6.19574,29.6164,21.3021,1,0.223089,0,20.2585,5.22807,11.9021,4.9596,3.292,9999,9999,9999,999.9,4.97275,1.85519,1.85718,1.85745,1.85684,1.85654,1.85181,1.85379,0,0,0,0,11111111,oooooooo,on,on,on,on,0,100,100,-0.345,-0.0814,-1.235618996,0.00151024,1.49E-06,5.40E-12,-0.076210588,-0.011177753,0.001682567,-2.18E-05,3,2244,0,20,27.3,27.6,1.04126,2.6062,1.59424,2.09595,1.50269,2.4939,43.5627,23.9912,18,616.272,363.518,31.1858,30.7199,29.9998,30.8378,30.9332,20.9162,-30,-30,-999.9,420,0,100.103,74.6867
283,1745919169,12668,20250429 12:32:49,12:32:49,15,C,6,21%,5561.37,1745919161,0.002514077,2.514076577,6.676626193,417.4522,218.8364965,22.10769848,42.17261523,0.061102968,1.999846954,0.06008444,0.037642872,257.6662915,33.34545006,32.01153333,4.778201256,13.83012603,0.665001576,4.808355138,4.11319968,-110.870777,11.98911129,1.360466074,160.1450918,0,0,1,0,25161,RECT-12807-20250324-17_57_43,10114.7,315.2007692,539.79,0.416067787,-0.222077465,MPF-15177-20250429-12_32_46,10122.1,220.60828,252.8361234,0.127465344,0.5,1345.181591,6.676626193,85.73201709,0.005128455,1.134940184,189.5684345,DARK-15178-20250429-12_32_54,165.17,165.17,0.346731006,0.367620264,0.765986537,-0.516764636,1.277683153,0.275238259,0.724761741,15177,290,248.94,245,10122.1,247.9,1.04,300,23.9,252.8361234,3.361184524,-4.999257284,3.023800905,0.088939331,-0.007039403,290,249.14,885,10111.9,247.89,1.25,None,None,None,None,None,None,None,None,None,None,None,None,None,1600,1345.181591,0.840747777,0.16104321,2,0.5,0: Broadleaf,2,1745919161,417.4522,420.0277,6.582621667,5.750073,417.7964667,6.665028333,599.9715,100.9641333,0.059685043,32.12273333,32.01153333,999.9,0,0,5000.833333,0,151.2773,-2.575565333,420.2182333,422.4568333,0.8325476,420.0277,5.750073,0.664608767,0.580551267,1.103342667,-0.760990533,1599.982333,0.9749968,0.025003457,0,220.8800667,4.99918,3781.73,15341.22667,37.9475,39.62913333,38.375,39.27273333,40.52686667,1555.101333,39.881,0,37.39999986,0,220.60828,-23.02700001,-331.7876928,3778.6828,15,1745917494,12:04:53,1745917494,1745917475,7,-0.255,-0.027,-0.337,-0.023,420,11,2.05,0.38,-2.56825,0.169355347,0.131972566,1,223.1860588,-38.00161953,4.020316529,0,0.844430975,-0.233333099,0.022730827,0,1,3,01-Mar,3.21993,2.6677,0.101241,0.102697,0.0421912,0.0380037,26589.7,24386.4,28105,24906.1,34529.6,25331.7,40056.1,27701.6,1.9282,1.466,0.23365,0,28.2472,999.9,8,41,6.19534,29.8364,21.1979,1,0.221341,0,20.2602,5.22687,11.9045,4.9596,3.292,9999,9999,9999,999.9,4.97275,1.85516,1.85718,1.85745,1.85684,1.85654,1.85181,1.85379,0,0,0,0,11111111,oooooooo,on,on,on,on,0,100,100,-0.344,-0.0825,-1.235618996,0.00151024,1.49E-06,5.40E-12,-0.076210588,-0.011177753,0.001682567,-2.18E-05,3,2244,0,20,27.9,28.2,1.04126,2.60376,1.59424,2.09595,1.50269,2.52075,43.5627,23.9912,18,617.287,363.738,31.2047,30.6985,29.9999,30.8218,30.9173,20.9167,-30,-30,-999.9,420,0,100.106,74.6882
284,1745919209,12707.5,20250429 12:33:28,12:33:28,15,C,6,21%,5561.19,1745919201,0.002080432,2.080432403,6.004985321,417.6824333,205.3356361,20.74415336,42.1966134,0.050734185,1.999708013,0.050029807,0.0313311,225.780401,33.23495667,31.88859333,4.745055593,13.65301448,0.656327044,4.807195106,4.088728549,-91.74706898,24.78224372,2.810605576,161.6261813,0,0,1,0,24926,RECT-12807-20250324-17_57_43,10114.7,315.2007692,539.79,0.416067787,-0.222077465,MPF-15179-20250429-12_33_26,10123.3,212.26196,253.7093831,0.163365748,0.5,1177.202041,6.004985321,96.15724578,0.005289715,1.127591788,190.0589153,DARK-15180-20250429-12_33_33,153.44,153.44,0.395213539,0.413360707,0.740470084,-0.674036245,1.273794901,0.298810333,0.701189667,15179,290,244.8,255,10123.3,244.4,0.4,300,23.9,253.7093831,3.919147238,-9.42884664,3.515252971,0.204422403,-0.007206761,290,245.54,835,10114,244.39,1.15,None,None,None,None,None,None,None,None,None,None,None,None,None,1400,1177.202041,0.840867009,0.161273328,2,0.5,0: Broadleaf,2,1745919201,417.6824333,419.9737667,6.496641667,5.807664,418.0262,6.579752333,599.9952333,100.9661667,0.059421263,32.11846667,31.88859333,999.9,0,0,5000.166667,0,152.6833,-2.291258,420.4139333,422.4271,0.688976033,419.9737667,5.807664,0.6559412,0.586377933,0.921099,-0.624295033,1399.986,0.970995833,0.02900417,0,212.3668333,4.99918,3214.582667,13400.2,38,39.687,38.4979,39.3666,40.625,1354.526,40.46,0,37.39999986,0,212.26196,-14.00323078,-188.1138464,3212.8532,15,1745917494,12:04:53,1745917494,1745917475,7,-0.255,-0.027,-0.337,-0.023,420,11,2.05,0.38,-2.29139425,-0.070271707,0.123848548,1,213.7956765,-25.40924368,2.721202867,0,0.69642645,-0.179583242,0.017571295,0,1,3,01-Mar,3.21969,2.66773,0.101304,0.102714,0.041799,0.0383349,26588.8,24386.9,28105.9,24907.1,34545.2,25323.3,40057.7,27701.9,1.9272,1.467,0.222445,0,28.2858,999.9,8.1,41,6.27342,29.7164,21.1979,1,0.22,0,20.2622,5.22807,11.9021,4.9612,3.292,9999,9999,9999,999.9,4.97272,1.85516,1.85718,1.85745,1.85684,1.85654,1.85181,1.85373,0,0,0,0,11111111,oooooooo,on,on,on,on,0,100,100,-0.343,-0.0831,-1.235618996,0.00151024,1.49E-06,5.40E-12,-0.076210588,-0.011177753,0.001682567,-2.18E-05,3,2244,0,20,28.6,28.9,1.04126,2.60376,1.59424,2.09595,1.50269,2.55005,43.5627,23.9912,18,616.374,364.165,31.2253,30.6798,29.9998,30.8032,30.9014,20.9185,-30,-30,-999.9,420,0,100.11,74.6901
285,1745919248,12747,20250429 12:34:08,12:34:08,15,C,6,21%,5561.37,1745919240,0.001690768,1.690767627,5.239214671,418.0350333,193.8495352,19.58319605,42.23101181,0.041489177,1.998527331,0.041016554,0.025677361,193.8010673,33.1003896,31.74867333,4.707575696,13.60878954,0.653762297,4.803970953,4.053813399,-74.56285234,38.56502663,4.373058345,162.1762999,0,0,1,0,25747,RECT-12807-20250324-17_57_43,10114.7,315.2007692,539.79,0.416067787,-0.222077465,MPF-15181-20250429-12_34_06,10122.4,206.5259615,253.824005,0.186341885,0.5,1009.168016,5.239214671,94.02513502,0.005411678,1.12663101,190.1232317,DARK-15182-20250429-12_34_13,151.58,151.58,0.40281456,0.462599675,0.73662707,-0.770618068,1.273284538,0.339525637,0.660474363,15181,290,245.07,295,10122.4,243.89,1.18,300,23.9,253.824005,3.115509027,-10.05767791,2.785691249,0.317664869,-0.007373562,290,244.4,805,10114.6,243.88,0.52,None,None,None,None,None,None,None,None,None,None,None,None,None,1200,1009.168016,0.840986195,0.161503357,2,0.5,0: Broadleaf,2,1745919240,418.0350333,420.0170667,6.471442,5.911492,418.3778667,6.554755333,599.9914,100.9633,0.059361843,32.10660333,31.74867333,999.9,0,0,4995.5,0,153.3318333,-1.982123,420.7578333,422.5148,0.5599499,420.0170667,5.911492,0.653377767,0.596843367,0.8667899,-0.381772233,1199.981667,0.9669905,0.03300915,0,206.5559333,4.99918,2707.656,11464.07333,37.9475,39.75,38.562,39.437,40.66013333,1155.539,39.44733333,0,37.39999986,0,206.5259615,-11.25541881,-128.9873505,2707.401538,15,1745917494,12:04:53,1745917494,1745917475,7,-0.255,-0.027,-0.337,-0.023,420,11,2.05,0.38,-1.967171463,0.135809477,0.126995652,1,207.9127059,-21.66245987,2.309268977,0,0.571789585,-0.196013833,0.019749218,0,1,3,01-Mar,3.21867,2.66763,0.101374,0.102711,0.0417014,0.0389579,26588,24387.2,28107.2,24907.2,34549.3,25307.4,40058.4,27702.5,1.9282,1.4672,0.212491,0,28.31,999.9,8.1,41,6.27288,29.7564,21.3381,1,0.218415,0,20.2638,5.22687,11.9069,4.9604,3.292,9999,9999,9999,999.9,4.97275,1.85516,1.85718,1.85745,1.85684,1.85654,1.85181,1.85379,0,0,0,0,11111111,oooooooo,on,on,on,on,0,100,100,-0.342,-0.0833,-1.235618996,0.00151024,1.49E-06,5.40E-12,-0.076210588,-0.011177753,0.001682567,-2.18E-05,3,2244,0,20,29.2,29.6,1.04004,2.6001,1.59424,2.09595,1.50269,2.47925,43.5627,23.9999,18,616.971,364.179,31.2445,30.6638,30,30.7899,30.8855,20.9147,-30,-30,-999.9,420,0,100.113,74.6912
286,1745919288,12786.5,20250429 12:34:47,12:34:47,15,C,6,21%,5561.37,1745919280,0.001427281,1.427280929,4.547880753,418.2854,190.6937643,19.26428504,42.25607065,0.035321856,1.997821762,0.034978553,0.021892162,161.9035413,32.90801652,31.61818,4.67285345,13.74645571,0.659492962,4.7975491,4.013360487,-62.94308896,50.0591401,5.674127961,154.6937204,0,0,1,0,25751,RECT-12807-20250324-17_57_43,10114.7,315.2007692,539.79,0.416067787,-0.222077465,MPF-15183-20250429-12_34_45,10131.8,201.8516538,259.7693142,0.222958052,0.5,841.1870319,4.547880753,93.77471112,0.005670509,1.07795906,193.4393803,DARK-15184-20250429-12_34_52,158.79,158.79,0.388726877,0.573559652,0.73496243,-1.044851886,1.246812614,0.451200352,0.548799648,15183,290,248.28,145,10131.8,247.07,1.21,300,23.9,259.7693142,2.78628155,-12.86909594,2.483858311,0.489458261,-0.007541003,290,246.71,715,10118.3,247.05,-0.34,None,None,None,None,None,None,None,None,None,None,None,None,None,1000,841.1870319,0.841194266,0.161904934,2,0.5,0: Broadleaf,2,1745919280,418.2854,420.0002667,6.528204667,6.055577,418.6276,6.586204667,600.034,100.9625,0.05960273,32.08295333,31.61818,999.9,0,0,4992.666667,0,151.0416333,-1.714794,421.0235333,422.5591333,0.4475691,420.0002667,6.055577,0.6565735,0.611385867,0.934464133,-0.050944987,999.9914,0.959994333,0.04000593,0,201.9154667,4.99918,2233.389,9523.793333,37.8519,39.75826667,38.5956,39.4643,40.625,955.187,39.80866667,0,37.39999986,0,201.8516538,-9.225948709,-87.39863255,2233.241154,15,1745919304,12:35:03,1745917494,1745919304,8,-0.255,0.028,-0.337,-0.058,420,6,2.05,0.68,-1.71783175,0.258437561,0.125793508,1,202.8004118,-16.5011459,1.791075673,0,0.454239075,-0.164870645,0.016239161,0,1,3,01-Mar,3.2182,2.66806,0.101426,0.102768,0.0419262,0.0398248,26586.9,24386.9,28107.6,24908.5,34541.9,25285.6,40059.1,27703.7,1.9282,1.4678,0.201732,0,28.3487,999.9,8.3,41,6.42819,29.9364,21.4583,1,0.217256,0,20.2656,5.22568,11.9057,4.9616,3.292,9999,9999,9999,999.9,4.97275,1.85516,1.85718,1.85745,1.85684,1.85657,1.85181,1.85379,0,0,0,0,11111111,oooooooo,on,on,on,on,0,100,100,-0.342,-0.058,-1.235618996,0.00151024,1.49E-06,5.40E-12,-0.076210588,-0.011177753,0.001682567,-2.18E-05,3,2244,0,20,29.9,30.2,1.04126,2.60498,1.59424,2.09595,1.50269,2.42676,43.5627,23.9999,18,616.811,364.414,31.2662,30.6489,30.0001,30.7739,30.8723,20.9137,-30,-30,-999.9,420,0,100.114,74.6946
287,1745919335,12833.5,20250429 12:35:34,12:35:34,15,C,6,21%,5561.28,1745919327,0.00109209,1.092089531,2.740796514,418.9687742,236.0198653,23.84362583,42.32582149,0.027273572,1.999488245,0.027068571,0.016936147,129.9820705,32.73174536,31.49635806,4.640640008,14.03269304,0.67197401,4.788631862,3.968665998,-48.16114832,59.68791556,6.754753478,148.2635913,0,0,1,0,25987,RECT-12807-20250324-17_57_43,10114.7,315.2007692,539.79,0.416067787,-0.222077465,MPF-15185-20250429-12_35_32,10132.3,196.50116,262.2768424,0.250787228,0.5,673.1926849,2.740796514,84.41406385,0.004401227,1.058092491,194.8264261,DARK-15186-20250429-12_35_39,150.48,150.48,0.426255103,0.588350091,0.712833366,-1.242834505,1.235647661,0.450556738,0.549443262,15185,290,254.4,165,10132.3,252.28,2.12,300,23.9,262.2768424,2.598940066,-10.13011557,2.309877116,0.407196355,-0.007709169,290,253.39,795,10118.4,252.27,1.12,None,None,None,None,None,None,None,None,None,None,None,None,None,800,673.1926849,0.841490992,0.162477614,2,0.5,0: Broadleaf,2,1745919327,418.9687742,420.034871,6.65164,6.290038065,418.9517742,6.705296129,600.0108065,100.9644839,0.059325287,32.05006774,31.49635806,999.9,0,0,4999.354839,0,147.2773871,-1.424232903,421.4136774,422.6936452,0.361600774,420.034871,6.290038065,0.671579742,0.635070806,1.248395161,0.473235419,799.999871,0.949992484,0.050007313,0,196.5165806,4.99918,1775.264516,7584.775484,37.659,39.796,38.59654839,39.504,40.562,755.2451613,39.76,0,45.20000005,0,196.50116,-2.345615393,-10.7861538,1775.038,15,1745919350,12:35:49,1745919350,1745919304,9,0.356,0.028,0.017,-0.058,420,6,2.05,0.68,-1.4304905,0.033685779,0.116251684,1,196.6934706,-2.766325449,0.440357892,0,0.3699305,-0.152909448,0.015468159,0,1,3,01-Mar,3.21928,2.66769,0.101515,0.102744,0.0426338,0.041182,26585.4,24387.9,28108.7,24908.7,34517.9,25250,40060.9,27704,1.9276,1.4672,0.1885,0,28.4118,999.9,8.5,41,6.58196,30.0164,21.1659,1,0.21687,0,20.2673,5.22927,11.9069,4.9596,3.292,9999,9999,9999,999.9,4.97272,1.85516,1.85727,1.85745,1.85684,1.85654,1.85181,1.85376,0,0,0,0,11111111,oooooooo,on,on,on,on,0,100,100,0.017,-0.0534,-1.235618996,0.00151024,1.49E-06,5.40E-12,-0.047797383,-0.011177753,0.001682567,-2.18E-05,3,2244,0,20,30.7,0.5,1.04004,2.60254,1.59424,2.09595,1.50269,2.53662,43.5627,24.0087,18,616.266,364.028,31.2904,30.6372,30.0001,30.7634,30.8591,20.9103,-30,-30,-999.9,420,0,100.119,74.6953
288,1745919381,12879.5,20250429 12:36:20,12:36:20,15,C,6,21%,5561.37,1745919373,0.000811299,0.811299477,2.022721586,419.196,240.7190552,24.31821201,42.34852613,0.020633789,1.998647564,0.020516173,0.012833119,98.0703212,32.49311463,31.27572258,4.582789284,14.51722249,0.69218618,4.768034522,3.890603104,-35.77830691,75.22972375,8.504736315,146.0264744,0,0,1,0,26402,RECT-12807-20250324-17_57_43,10114.7,315.2007692,539.79,0.416067787,-0.222077465,MPF-15187-20250429-12_36_18,10137.7,193.88532,291.3529023,0.334534448,0.5,505.2057788,2.022721586,84.50436815,0.004443336,0.85270164,210.4256426,DARK-15188-20250429-12_36_25,148.63,148.63,0.489862641,0.6829148,0.635129097,-4.087056618,1.106184374,0.523513728,0.476486272,15187,290,270.62,125,10137.7,269.89,0.73,300,23.9,291.3529023,3.167206531,-21.75780078,2.806552248,0.682183963,-0.007877428,290,268.47,705,10122.9,269.86,-1.39,None,None,None,None,None,None,None,None,None,None,None,None,None,600,505.2057788,0.841993471,0.163447398,2,0.5,0: Broadleaf,2,1745919373,419.196,419.9836129,6.851753871,6.583170968,419.1808387,6.903684516,599.994,100.9637419,0.059469471,31.97390323,31.27572258,999.9,0,0,4995.967742,0,142.2586452,-0.787594613,422.0880323,422.7667419,0.268582613,419.9836129,6.583170968,0.691778677,0.664661645,1.661294516,1.104335065,600.0115161,0.932989,0.0670111,0,193.8576774,4.99918,1351.289032,5645.270968,37.43119355,39.766,38.544,39.5,40.423,555.1396774,39.87,0,43.79999995,0,193.88532,-0.442615404,2.180769254,1351.28,15,1745919350,12:35:49,1745919350,1745919304,9,0.356,0.028,0.017,-0.058,420,6,2.05,0.68,-0.781602425,-0.020219516,0.140009125,1,193.8775882,-0.361222322,0.42523005,1,0.271762325,-0.093618135,0.010040667,1,3,3,03-Mar,3.21949,2.66806,0.101554,0.102739,0.0437584,0.0427876,26584.2,24386.5,28108.6,24907.2,34476.4,25206.7,40059.9,27703,1.9274,1.4674,0.173241,0,28.4409,999.9,8.8,40.9,6.77894,29.8764,21.23,1,0.216646,0,20.2693,5.22807,11.9069,4.96,3.292,9999,9999,9999,999.9,4.97269,1.85516,1.85721,1.85745,1.85684,1.85663,1.85187,1.85379,0,0,0,0,11111111,oooooooo,on,on,on,on,0,100,100,0.015,-0.0515,-0.879881724,0.00151024,1.49E-06,5.40E-12,-0.047797383,-0.011177753,0.001682567,-2.18E-05,3,2244,0,20,0.5,1.3,1.04004,2.60254,1.59424,2.09595,1.50269,2.49634,43.59,23.9999,18,616.041,364.086,31.3145,30.6345,30.0001,30.7553,30.8511,20.913,-30,-30,-999.9,420,0,100.117,74.6917
289,1745919420,12919,20250429 12:37:00,12:37:00,15,C,6,21%,5561.37,1745919412,0.000607444,0.607444258,1.670841439,419.3629667,227.6437067,22.99754626,42.3658504,0.015641988,2.000836078,0.015574369,0.009740032,82.09594984,32.373821,31.16296667,4.553467891,15.0682846,0.715997742,4.751687144,3.837470149,-26.78829179,80.93236887,9.131614029,145.371641,0,0,1,0,24768,RECT-12807-20250324-17_57_43,10114.7,315.2007692,539.79,0.416067787,-0.222077465,MPF-15189-20250429-12_36_57,10133.6,195.7071154,309.7399029,0.368156593,0.5,421.2041011,1.670841439,77.53453351,0.004494066,0.742720247,219.8515366,DARK-15190-20250429-12_37_05,149.69,149.69,0.516723552,0.712482704,0.589720833,-20.88181267,1.024314907,0.54495482,0.45504518,15189,290,289.13,205,10133.6,287.08,2.05,300,23.9,309.7399029,2.877407021,-22.96532222,2.545951507,0.743979751,-0.007961875,290,284.6,645,10126.3,287.06,-2.46,None,None,None,None,None,None,None,None,None,None,None,None,None,500,421.2041011,0.842375967,0.164185617,2,0.5,0: Broadleaf,2,1745919412,419.3629667,420.0048333,7.087381333,6.886333,419.3473667,7.137157667,599.9941,100.9647333,0.05956725,31.91325,31.16296667,999.9,0,0,5004.833333,0,139.2135667,-0.641902667,422.3562667,422.9172333,0.201048233,420.0048333,6.886333,0.715575167,0.6952764,2.134270667,1.731625333,500.0191333,0.9200044,0.079995507,0,195.6729667,4.99918,1159.619333,4676.567,37.2331,39.7227,38.4475,39.5,40.28926667,455.4193333,39.601,0,37.20000005,0,195.7071154,-11.42970938,-48.85948717,1159.682308,15,1745919350,12:35:49,1745919350,1745919304,9,0.356,0.028,0.017,-0.058,420,6,2.05,0.68,-0.62670678,0.145227554,0.134350009,1,196.6463824,-18.65776928,2.059161152,0,0.206310805,-0.099547902,0.010907429,1,2,3,02-Mar,3.21953,2.6675,0.101564,0.102759,0.0450029,0.0444328,26583.5,24386.7,28108.1,24907.8,34432.1,25163.7,40060.7,27703.4,1.928,1.468,0.165552,0,28.4483,999.9,9.1,40.9,7.00949,29.8864,21.278,1,0.216646,0,20.27,5.22807,11.9069,4.9604,3.292,9999,9999,9999,999.9,4.97275,1.85516,1.85724,1.85745,1.85684,1.85657,1.85181,1.85379,0,0,0,0,11111111,oooooooo,on,on,on,on,0,100,100,0.015,-0.0493,-0.879881724,0.00151024,1.49E-06,5.40E-12,-0.047797383,-0.011177753,0.001682567,-2.18E-05,3,2244,0,20,1.2,1.9,1.04004,2.60132,1.59424,2.09717,1.50269,2.46826,43.59,23.9999,18,616.427,364.352,31.3308,30.6318,30.0001,30.7501,30.8432,20.9124,-30,-30,-999.9,420,0,100.118,74.6932
290,1745919460,12958.5,20250429 12:37:39,12:37:39,15,C,6,21%,5561.1,1745919452,0.00044897,0.448969701,0.926428932,419.6322333,271.6515281,27.443455,42.39312913,0.01172722,2.000961222,0.01168917,0.00730914,66.12751588,32.24957383,31.04872,4.52392562,15.71963268,0.74485765,4.738390937,3.77906797,-19.7995638,87.92562656,9.912049776,144.1656284,0,0,1,0,25359,RECT-12807-20250324-17_57_43,10114.7,315.2007692,539.79,0.416067787,-0.222077465,MPF-15191-20250429-12_37_37,10139.7,198.8522,342.410802,0.419258391,0.5,337.1873366,0.926428932,70.68431015,0.003406137,0.576439753,235.822504,DARK-15192-20250429-12_37_44,153.03,153.03,0.553080688,0.758042,0.510340258,5.275943737,0.878845336,0.583363761,0.416636239,15191,290,317.67,135,10139.7,315.22,2.45,300,23.9,342.410802,2.635272445,-27.56762928,2.328283131,0.833524878,-0.008046445,290,311.37,665,10127.1,315.19,-3.82,None,None,None,None,None,None,None,None,None,None,None,None,None,400,337.1873366,0.842962511,0.165317646,2,0.5,0: Broadleaf,2,1745919452,419.6322333,420.0038333,7.373041,7.224492,419.6158667,7.420028333,600.0167333,100.9649333,0.059548977,31.86378333,31.04872,999.9,0,0,5005.333333,0,137.8644,-0.371616567,422.7491667,423.0601333,0.1485497,420.0038333,7.224492,0.7444186,0.729420433,2.689263,2.403036333,400.0027667,0.899992367,0.10000772,0,198.9162,4.99918,968.7379333,3707.081333,37.02893333,39.687,38.3498,39.437,40.1374,355.4993333,39.5,0,37.20000005,0,198.8522,-11.56761537,-36.47738458,968.5326,15,1745919350,12:35:49,1745919350,1745919304,9,0.356,0.028,0.017,-0.058,420,6,2.05,0.68,-0.371276878,0.243358369,0.103946487,1,200.1233235,-21.61012989,2.333396158,0,0.152898585,-0.073018118,0.008415956,1,2,3,02-Mar,3.21878,2.6677,0.101615,0.102756,0.0465204,0.0462132,26581.8,24385.9,28107.9,24906.9,34376.9,25115.8,40060.2,27702.4,1.9276,1.4678,0.157326,0,28.4629,999.9,9.4,40.9,7.24163,29.6464,21.4263,1,0.216667,0,20.2711,5.22687,11.9057,4.96,3.292,9999,9999,9999,999.9,4.97269,1.85519,1.85718,1.85745,1.85684,1.85654,1.85181,1.8537,0,0,0,0,11111111,oooooooo,on,on,on,on,0,100,100,0.016,-0.0463,-0.879881724,0.00151024,1.49E-06,5.40E-12,-0.047797383,-0.011177753,0.001682567,-2.18E-05,3,2244,0,20,1.8,2.6,1.04126,2.60742,1.59424,2.09595,1.50269,2.37915,43.59,24.0087,18,616.082,364.218,31.3437,30.6318,30.0001,30.7447,30.838,20.9123,-30,-30,-999.9,420,0,100.116,74.6904
291,1745919499,12998,20250429 12:38:19,12:38:19,15,C,6,21%,5561.37,1745919491,0.000312667,0.312666596,0.776757387,419.6896667,249.4990725,25.20561335,42.39909735,0.008302355,1.999864382,0.008283254,0.005178746,49.58873811,32.10508862,30.92349667,4.49173687,16.46841609,0.777822291,4.723115366,3.713914579,-13.78859688,95.23519979,10.73232574,141.7676668,0,0,1,0,25247,RECT-12807-20250324-17_57_43,10114.7,315.2007692,539.79,0.416067787,-0.222077465,MPF-15193-20250429-12_38_17,10131.6,207.9964615,400.6086987,0.480798939,0.5,252.8907839,0.776757387,60.79481025,0.003949669,0.347424561,262.0400727,DARK-15194-20250429-12_38_24,163.67,163.67,0.591446715,0.812920128,0.370044936,2.255203216,0.619714938,0.639677407,0.360322593,15193,290,366.38,135,10131.6,363.97,2.41,300,23.9,400.6086987,2.644526813,-37.11802536,2.33080681,0.900569815,-0.008123259,290,356.69,625,10120.8,363.93,-7.24,None,None,None,None,None,None,None,None,None,None,None,None,None,300,252.8907839,0.842949143,0.165291845,2,0.5,0: Broadleaf,2,1745919491,419.6896667,419.9923333,7.699314333,7.595892333,419.6732333,7.742883667,599.987,100.9655667,0.05931129,31.80680333,30.92349667,999.9,0,0,5000.833333,0,138.4035333,-0.302630633,422.9460667,423.207,0.103421597,419.9923333,7.595892333,0.777366,0.766924,3.300419667,3.109205667,300.0071667,0.900022033,0.099978013,0,207.9309667,4.99918,793.7669333,2768.657667,36.7998,39.5956,38.2206,39.375,39.979,265.5146667,29.492,0,37.20000005,0,207.9964615,-10.78892308,-30.37548713,793.7573462,15,1745919350,12:35:49,1745919350,1745919304,9,0.356,0.028,0.017,-0.058,420,6,2.05,0.68,-0.315064195,0.231149875,0.121052627,1,209.3365294,-21.31685256,2.308500446,0,0.108185532,-0.070298588,0.008397547,1,2,3,02-Mar,3.21992,2.66788,0.101594,0.102743,0.0482228,0.0481308,26581.4,24386.5,28106.8,24907.1,34315.3,25065.1,40060.1,27702.3,1.9268,1.4682,0.148416,0,28.4702,999.9,9.8,40.9,7.5496,29.7764,21.1498,1,0.216667,0,20.2721,5.22448,11.9057,4.9608,3.292,9999,9999,9999,999.9,4.97275,1.85516,1.85721,1.85745,1.85684,1.85654,1.85181,1.85379,0,0,0,0,11111111,oooooooo,on,on,on,on,0,100,100,0.016,-0.0427,-0.879881724,0.00151024,1.49E-06,5.40E-12,-0.047797383,-0.011177753,0.001682567,-2.18E-05,3,2244,0,20,2.5,3.3,1.04004,2.60254,1.59424,2.09717,1.50269,2.52686,43.6173,24.0087,18,615.468,364.41,31.3575,30.6318,30.0001,30.7421,30.8353,20.9115,-30,-30,-999.9,420,0,100.115,74.6906
292,1745919539,13037.5,20250429 12:38:58,12:38:58,15,C,6,21%,5561.37,1745919531,0.000215726,0.215726158,0.459440678,419.8175,273.0340194,27.58329069,42.41210734,0.005830791,1.999127434,0.005821359,0.003639195,33.04848621,31.94151933,30.80032,4.460269037,17.29967589,0.814241878,4.706688629,3.646027159,-9.51352357,101.8524588,11.47183355,136.859255,0,0,1,0,25721,RECT-12807-20250324-17_57_43,10114.7,315.2007692,539.79,0.416067787,-0.222077465,MPF-15195-20250429-12_38_56,10118.7,226.9105,509.0525724,0.554249379,0.5,168.5823855,0.459440678,46.71834127,0.004042641,0.060381637,304.4656799,DARK-15196-20250429-12_39_03,176.02,176.02,0.65422039,0.847190623,0.084496873,1.455452401,0.136860648,0.657186395,0.342813605,15195,290,459.43,215,10118.7,456.8,2.63,300,23.9,509.0525724,2.41729572,-52.8704714,2.125437694,0.956707983,-0.008199523,290,445.44,645,10112.1,456.77,-11.33,None,None,None,None,None,None,None,None,None,None,None,None,None,200,168.5823855,0.842924852,0.165244965,2,0.5,0: Broadleaf,2,1745919531,419.8175,420.0008333,8.059797333,7.988469,419.8007333,8.09931,600.0068667,100.9655333,0.059572437,31.74535,30.80032,999.9,0,0,4997.833333,0,136.6535667,-0.183415703,423.2286667,423.3830667,0.07132774,420.0008333,7.988469,0.813761333,0.806559667,3.949483,3.823082,199.9969333,0.900017367,0.09998252,0,226.9306333,4.99918,620.2136667,1830.054,36.57063333,39.5062,38.0851,39.26033333,39.8121,175.5016667,19.499,0,37.20000005,0,226.9105,0.255076937,-5.420444452,620.2633846,15,1745919350,12:35:49,1745919350,1745919304,9,0.356,0.028,0.017,-0.058,420,6,2.05,0.68,-0.184249884,0.073868998,0.135455318,1,227.0549412,-1.838502658,0.537760713,0,0.074065545,-0.060655524,0.007249849,1,2,3,02-Mar,3.21903,2.66842,0.101657,0.102739,0.0500345,0.050155,26580.3,24385.6,28107.7,24906.1,34250.1,25011.2,40060.4,27701.8,1.928,1.4684,0.141531,0,28.4702,999.9,10.2,40.9,7.85722,29.9264,21.3181,1,0.216646,0,20.273,5.22328,11.9081,4.9604,3.292,9999,9999,9999,999.9,4.97269,1.85519,1.85715,1.85745,1.85684,1.85654,1.85181,1.85379,0,0,0,0,11111111,oooooooo,on,on,on,on,0,100,100,0.017,-0.0385,-0.879881724,0.00151024,1.49E-06,5.40E-12,-0.047797383,-0.011177753,0.001682567,-2.18E-05,3,2244,0,20,3.1,3.9,1.04004,2.60376,1.59424,2.09717,1.50269,2.48169,43.6173,24.0087,18,616.348,364.498,31.3679,30.6345,30.0001,30.7421,30.8327,20.9116,-30,-30,-999.9,420,0,100.116,74.6885
293,1745919578,13077,20250429 12:39:38,12:39:38,15,C,6,21%,5561.28,1745919570,0.000135471,0.135471183,0.2591104,419.9048,288.1603883,29.11116803,42.4205397,0.003732614,1.998500172,0.003728746,0.002330813,16.50959052,31.76361845,30.67183,4.427648629,18.19933673,0.853212305,4.688150551,3.574436324,-5.974279192,108.1680084,12.1750976,130.8784173,0,0,1,0,25553,RECT-12807-20250324-17_57_43,10114.7,315.2007692,539.79,0.416067787,-0.222077465,MPF-15197-20250429-12_39_35,10113.7,245.4346923,645.2482567,0.6196275,0.5,84.28099812,0.2591104,26.11141209,0.005709328,-0.163438267,348.4563524,DARK-15198-20250429-12_39_43,179.16,179.16,0.722339428,0.857806561,-0.292427853,1.211381936,-0.469560612,0.626173187,0.373826813,15197,290,601.31,175,10113.7,599.39,1.92,300,23.9,645.2482567,2.72861606,-46.37893452,2.393529904,0.930600329,-0.008276924,290,592.57,615,10106.5,599.36,-6.79,None,None,None,None,None,None,None,None,None,None,None,None,None,100,84.28099812,0.842851871,0.165104111,2,0.5,0: Broadleaf,2,1745919570,419.9048,420.0101333,8.445624333,8.400848,419.8876667,8.480474,599.9912667,100.9644333,0.059750483,31.67577333,30.67183,999.9,0,0,4995.333333,0,132.5615667,-0.105328393,423.4812667,423.5684,0.044777363,420.0101333,8.400848,0.8527077,0.848186733,4.616223,4.540198333,99.99503,0.8999624,0.100037683,0,245.4136,4.99918,407.6965333,891.5203667,36.35183333,39.437,37.9601,39.187,39.66013333,85.49233333,9.506,0,37.20000005,0,245.4346923,19.05531623,16.73193165,407.6331923,15,1745919350,12:35:49,1745919350,1745919304,9,0.356,0.028,0.017,-0.058,420,6,2.05,0.68,-0.113721472,0.110841902,0.127531503,1,243.8951176,27.81097022,2.871837726,0,0.047943425,-0.059527716,0.007168433,1,2,3,02-Mar,3.21956,2.66788,0.101683,0.102763,0.0518933,0.0522355,26578.5,24385,28106.4,24906.1,34181.1,24956.3,40058.2,27701.8,1.928,1.4678,0.132471,0,28.4872,999.9,10.6,40.9,8.16557,29.4864,21.3782,1,0.216707,0,20.2739,5.22687,11.9069,4.96,3.292,9999,9999,9999,999.9,4.97272,1.85516,1.85718,1.85745,1.85684,1.85654,1.85181,1.85376,0,0,0,0,11111111,oooooooo,on,on,on,on,0,100,100,0.017,-0.0339,-0.879881724,0.00151024,1.49E-06,5.40E-12,-0.047797383,-0.011177753,0.001682567,-2.18E-05,3,2244,0,20,3.8,4.6,1.04004,2.60254,1.59424,2.09717,1.50269,2.4292,43.6447,24.0175,18,616.348,364.173,31.3764,30.6399,30.0001,30.7421,30.83,20.91,-30,-30,-999.9,420,0,100.111,74.6885
294,1745919618,13116.5,20250429 12:40:17,12:40:17,15,C,6,21%,5561.37,1745919610,7.53E-05,0.075349484,-0.35387107,420.0964,657.4242537,66.41609811,42.44011924,0.002113082,1.998594181,0.002111842,0.001320013,8.24211367,31.65030142,30.57685,4.403669364,19.13416706,0.893660187,4.670494326,3.510009177,-3.322912234,111.2428431,12.51063851,128.672683,0,0,1,0,25910,RECT-12807-20250324-17_57_43,10114.7,315.2007692,539.79,0.416067787,-0.222077465,RECT-15199-20250429-12_40_15,10105,242.5221154,643.48,0.623108542,0.5,42.13969265,-0.35387107,13.12880122,-0.003127541,-0.161139429,347.9400119,DARK-15200-20250429-12_40_22,173.91,173.91,0.72973519,0.853883094,-0.283398929,1.221392787,-0.46168732,0.612310381,0.387689619,15197,290,601.31,175,10113.7,599.39,1.92,300,23.9,645.2482567,2.72861606,-46.37893452,2.393529904,0.930600329,-0.008276924,290,592.57,615,10106.5,599.36,-6.79,None,None,None,None,None,None,None,None,None,None,None,None,None,50,42.13969265,0.842707447,0.164825373,2,0.5,0: Broadleaf,2,1745919610,420.0964,419.989,8.845956,8.821063,420.0789333,8.875626,600.0317,100.9654333,0.05928204,31.60928333,30.57685,999.9,0,0,4995.666667,0,129.1895,0.107595747,423.8458,423.7266,0.024891853,419.989,8.821063,0.8931357,0.890622533,5.280442333,5.239925333,50.00512667,0.899759667,0.10024035,0,242.5521,4.99918,278.8507667,422.3450667,36.11636667,39.3729,37.8058,39.0683,39.4769,40.49433333,4.513,0,37.20000005,0,242.5221154,-14.22711109,-5.162188015,278.8142308,15,1745919350,12:35:49,1745919350,1745919304,9,0.356,0.028,0.017,-0.058,420,6,2.05,0.68,0.090134734,0.486801884,0.122238675,1,242.9200588,-9.152207773,1.098496136,0,0.027002637,-0.028961471,0.005684223,1,2,3,02-Mar,3.22014,2.66719,0.10175,0.102777,0.053806,0.0543028,26577,24384.7,28107,24906.2,34112.2,24901.7,40058.5,27701.7,1.927,1.4694,0.126541,0,28.4872,999.9,11.1,40.8,8.50433,29.8764,21.1058,1,0.217195,0,20.275,5.22687,11.9057,4.96,3.292,9999,9999,9999,999.9,4.97275,1.85516,1.85715,1.85745,1.85684,1.85654,1.85181,1.85379,0,0,0,0,11111111,oooooooo,on,on,on,on,0,100,100,0.018,-0.0286,-0.879881724,0.00151024,1.49E-06,5.40E-12,-0.047797383,-0.011177753,0.001682567,-2.18E-05,3,2244,0,20,4.5,5.2,1.04004,2.60498,1.59424,2.09717,1.50269,2.38647,43.6721,24.0087,18,615.615,365.002,31.3811,30.6452,30.0001,30.7421,30.83,20.9119,-30,-30,-999.9,420,0,100.113,74.6884
295,1745922437,15935.5,20250429 13:27:16,13:27:16,15,C,6,2%,5560.17,1745922429,0.00587797,5.877970159,22.49082807,411.7083333,226.4192689,22.862851,41.57254958,0.221449273,1.999064833,0.208667613,0.131504121,321.5013455,32.94033808,30.57515667,4.403242883,33.61874452,1.64402457,4.890202159,2.759218313,-259.218484,198.9906294,22.46341373,283.7369046,0,0,1,0,25588,RECT-12807-20250324-17_57_43,10114.7,315.2007692,539.79,0.416067787,-0.222077465,MPF-15203-20250429-13_27_14,10120.1,258.17288,309.9870475,0.16714946,0.5,1681.15025,22.49082807,140.501678,0.013510336,0.741330821,219.9760211,DARK-15204-20250429-13_27_21,198.47,198.47,0.359747442,0.464630015,0.673277137,-9.938038513,1.023214478,0.357183602,0.642816398,15203,290,301.82,195,10120.1,299.42,2.4,300,23.9,309.9870475,3.660214954,-10.69574179,3.311995023,0.2713835,-0.006703255,290,299.43,625,10113.5,299.41,0.02,None,None,None,None,None,None,None,None,None,None,None,None,None,2000,1681.15025,0.840598522,0.160755147,2,0.5,0: Broadleaf,2,1745922429,411.7083333,420.0119333,16.28138333,14.35396333,412.0903333,16.23238333,600.0009,100.9166333,0.059096847,32.42153333,30.57515667,999.9,0,0,5000,0,316.2604667,-7.925946667,418.9371333,426.1285,1.999461333,420.0119333,14.35396333,1.650333,1.448553667,14.43697667,12.43567333,1999.944333,0.9799988,0.020001503,0,258.5164667,4.99918,5314.899333,19219.31667,37.7206,39.66633333,38.312,39.17046667,40.37913333,1955.044333,39.90033333,0,2777.4,0,258.17288,-44.7218462,-869.632309,5308.8916,15,1745922458,13:27:37,1745922457,1745922458,10,-0.401,-0.023,-0.382,0.049,420,14,1.52,0.26,-7.85229275,-1.075838612,0.167449444,0,261.8784118,-55.19483569,5.5090538,0,1.98126175,0.312806792,0.031004704,0,0,3,0/3,3.22131,2.66725,0.100808,0.103347,0.0878814,0.0808768,26629.4,24380.7,28130.8,24916,32904.3,24209,40088.2,27711.2,1.9412,1.5176,0.148118,0,28.1836,999.9,18.1,40.9,13.9489,29.9182,20.1442,1,0.181585,0,20.2571,5.22807,11.9021,4.9616,3.292,9999,9999,9999,999.9,4.97244,1.85486,1.85684,1.85705,1.85654,1.85623,1.8515,1.85339,0,0,0,0,11111111,oooooooo,on,on,on,on,0,100,100,-0.382,0.049,-0.879881724,0.00151024,1.49E-06,5.40E-12,-0.047797383,-0.011177753,0.001682567,-2.18E-05,3,2244,0,20,51.5,52.2,1.05713,2.60498,1.59424,2.11426,1.50269,2.53052,42.537,24.1663,18,622.123,388.233,31.6202,30.2516,29.9998,30.3499,30.4374,21.2345,-30,-30,-999.9,420,0,100.191,74.7159
296,1745922489,15987.5,20250429 13:28:08,13:28:08,15,C,6,2%,5560.17,1745922481,0.006004202,6.004201995,22.05956898,411.8341935,234.4667328,23.67443792,41.58348151,0.228191078,2.001464995,0.214660079,0.135311345,289.567242,32.67885416,30.50840645,4.386459881,33.57420403,1.646588754,4.904327002,2.739871127,-264.785308,211.9486041,23.89569508,260.6262332,0,0,1,0,25061,RECT-12807-20250324-17_57_43,10114.7,315.2007692,539.79,0.416067787,-0.222077465,MPF-15205-20250429-13_28_06,10117.6,232.8477692,290.4095404,0.198208954,0.5,1513.185832,22.05956898,149.9634903,0.01472499,0.858719928,209.9331182,DARK-15206-20250429-13_28_13,182.97,182.97,0.369958715,0.535759655,0.69889709,-2.321860341,1.110384762,0.420995848,0.579004152,15205,290,276.52,235,10117.6,275.46,1.06,300,23.9,290.4095404,2.946585509,-15.12546331,2.657860065,0.536313981,-0.006868964,290,275.31,795,10108.4,275.45,-0.14,None,None,None,None,None,None,None,None,None,None,None,None,None,1800,1513.185832,0.840658344,0.160870604,2,0.5,0: Broadleaf,2,1745922481,411.8341935,420.0119032,16.30747419,14.33864516,412.2387097,16.21043226,599.9798387,100.9122581,0.059157516,32.47265806,30.50840645,999.9,0,0,5010,0,268.6896774,-8.17767,418.6614839,426.1219032,1.968833548,420.0119032,14.33864516,1.645623871,1.446944839,14.3927871,12.41874194,1800.000968,0.977992,0.0220082,0,232.9407419,4.99918,4351.743548,17281.84516,37.937,39.60670968,38.35874194,39.062,40.512,1755.500968,39.50064516,0,49.79999995,0,232.8477692,-18.94666668,-316.2348718,4349.881923,15,1745922458,13:27:37,1745922457,1745922458,10,-0.401,-0.023,-0.382,0.049,420,14,1.52,0.26,-8.20682878,0.13252892,0.130449315,1,233.7347059,-18.2345913,1.880541998,0,1.97122439,-0.068039164,0.007970206,1,2,3,02-Mar,3.22179,2.66768,0.100809,0.103356,0.0875974,0.0808101,26632.4,24382.3,28133.9,24917.7,32917.3,24212.8,40091.5,27713.4,1.9416,1.5178,0.151396,0,28.0287,999.9,18.1,40.8,13.8744,29.2082,20.0761,1,0.178008,0,20.2596,5.22807,11.9021,4.9616,3.292,9999,9999,9999,999.9,4.97247,1.8548,1.85684,1.85709,1.85654,1.85623,1.85144,1.85339,0,0,0,0,11111111,oooooooo,on,on,on,on,0,100,100,-0.406,0.0967,-1.280410844,0.00151024,1.49E-06,5.40E-12,-0.071225466,-0.011177753,0.001682567,-2.18E-05,3,2244,0,20,0.5,0.5,1.05713,2.60498,1.59424,2.11426,1.50269,2.54272,42.4304,24.1751,18,622.049,388.101,31.5899,30.2087,29.9999,30.3134,30.3985,21.2384,-30,-30,-999.9,420,0,100.201,74.7215
297,1745922528,16027,20250429 13:28:48,13:28:48,15,C,6,2%,5560.08,1745922520,0.005725943,5.725942611,21.43590884,412.0872333,232.8059913,23.50688183,41.60926376,0.218544837,1.999143764,0.206086594,0.129864225,257.6682909,32.48746787,30.38667667,4.355996827,33.36603952,1.633785869,4.896553178,2.722210958,-252.5140691,221.791703,25.01601796,251.9619427,0,0,1,0,24828,RECT-12807-20250324-17_57_43,10114.7,315.2007692,539.79,0.416067787,-0.222077465,MPF-15207-20250429-13_28_46,10123.5,223.6584,288.3023648,0.224222805,0.5,1345.193229,21.43590884,150.8114992,0.016100279,0.872305142,208.8297639,DARK-15208-20250429-13_28_53,167.33,167.33,0.419602402,0.534369688,0.675207097,-2.403263916,1.119767116,0.399788605,0.600211395,15207,290,269.94,155,10123.5,269.34,0.6,300,23.9,288.3023648,2.991659266,-19.20018816,2.690414643,0.645254687,-0.007036894,290,269.22,645,10113.3,269.32,-0.1,None,None,None,None,None,None,None,None,None,None,None,None,None,1600,1345.193229,0.840747695,0.161043051,2,0.5,0: Broadleaf,2,1745922520,412.0872333,420.0193,16.18058667,14.30276667,412.491,16.08677333,599.9822667,100.9130333,0.05894638,32.44453667,30.38667667,999.9,0,0,5000.5,0,229.5460667,-7.932091333,418.8646667,426.1139333,1.877821667,420.0193,14.30276667,1.632831667,1.443334667,14.27218333,12.38073,1599.996333,0.974999467,0.025000417,0,223.7256333,4.99918,3734.605333,15341.39,37.937,39.6082,38.38326667,39,40.562,1555.121667,39.877,0,37.20000005,0,223.6584,-18.69476922,-295.714615,3732.7292,15,1745922458,13:27:37,1745922457,1745922458,10,-0.401,-0.023,-0.382,0.049,420,14,1.52,0.26,-7.899051463,-0.332450383,0.136074788,1,225.5174706,-33.11501909,3.530824585,0,1.881322195,-0.073824669,0.008986904,1,2,3,02-Mar,3.22177,2.6675,0.1009,0.103348,0.0871092,0.0806437,26631.2,24384.5,28135.3,24919.6,32937.6,24218.4,40094.6,27714.9,1.9424,1.5186,0.14931,0,27.9666,999.9,18.1,40.8,13.8771,30.0282,19.98,1,0.174878,0,20.2614,5.22568,11.9021,4.9604,3.292,9999,9999,9999,999.9,4.97241,1.85486,1.85684,1.85702,1.85654,1.85623,1.85138,1.85336,0,0,0,0,11111111,oooooooo,on,on,on,on,0,100,100,-0.404,0.0935,-1.280410844,0.00151024,1.49E-06,5.40E-12,-0.071225466,-0.011177753,0.001682567,-2.18E-05,3,2244,0,20,1.2,1.2,1.05713,2.60376,1.59424,2.11426,1.50269,2.50122,42.3506,24.1838,18,622.295,388.345,31.5656,30.1705,29.9998,30.2795,30.3674,21.2375,-30,-30,-999.9,420,0,100.207,74.7262
298,1745922568,16066.5,20250429 13:29:27,13:29:27,15,C,6,2%,5559.99,1745922560,0.0054284,5.428399656,20.24606552,412.4983333,234.901564,23.71714648,41.64843872,0.208005115,1.999115348,0.19668598,0.123894361,225.7822692,32.25124267,30.25533333,4.323334873,33.20802514,1.618731419,4.874518771,2.704603453,-239.3924248,227.3307673,25.61446879,239.3350804,0,0,1,0,25011,RECT-12807-20250324-17_57_43,10114.7,315.2007692,539.79,0.416067787,-0.222077465,MPF-15209-20250429-13_29_25,10127,216.89588,287.3943897,0.245302317,0.5,1177.214621,20.24606552,144.3867371,0.017386926,0.87822038,208.3529603,DARK-15210-20250429-13_29_32,169.15,169.15,0.411435971,0.596210187,0.6809724,-2.535335811,1.123809941,0.464964817,0.535035183,15209,290,269.13,135,10127,269.06,0.07,300,23.9,287.3943897,2.626721125,-18.57066336,2.355283104,0.689469388,-0.007204214,290,268.25,705,10113.4,269.03,-0.78,None,None,None,None,None,None,None,None,None,None,None,None,None,1400,1177.214621,0.840866785,0.161272896,2,0.5,0: Broadleaf,2,1745922560,412.4983333,419.9934667,16.03239,14.25192333,412.9010667,15.94232333,599.9965667,100.9073333,0.05898667,32.36461667,30.25533333,999.9,0,0,5000.666667,0,194.5126667,-7.495163667,419.2193667,426.0657667,1.780461667,419.9934667,14.25192333,1.617785,1.438123667,14.12925,12.32570333,1400.001333,0.971004333,0.028995573,0,217.0117667,4.99918,3186.235667,13400.38667,37.875,39.625,38.437,38.9916,40.562,1354.551333,40.45,0,37.20000005,0,216.89588,-14.89346153,-204.9953844,3184.7724,15,1745922458,13:27:37,1745922457,1745922458,10,-0.401,-0.023,-0.382,0.049,420,14,1.52,0.26,-7.491687073,-0.066256098,0.085551442,1,219.0511176,-34.08519478,3.684573243,0,1.787327073,-0.121696307,0.012979312,0,1,3,01-Mar,3.22163,2.66777,0.100969,0.103387,0.0864469,0.0804136,26632,24385,28138.2,24921,32963.5,24225.8,40096.9,27716.5,1.943,1.5194,0.143766,0,27.9048,999.9,18.1,40.7,13.802,29.7882,19.9439,1,0.171585,0,20.2635,5.22807,11.9021,4.9604,3.292,9999,9999,9999,999.9,4.97244,1.85483,1.85684,1.85705,1.85654,1.85623,1.85138,1.85333,0,0,0,0,11111111,oooooooo,on,on,on,on,0,100,100,-0.403,0.0892,-1.280410844,0.00151024,1.49E-06,5.40E-12,-0.071225466,-0.011177753,0.001682567,-2.18E-05,3,2244,0,20,1.8,1.8,1.05713,2.60742,1.59424,2.11548,1.50269,2.49268,42.2975,24.1751,18,622.395,388.583,31.5413,30.134,29.9996,30.2457,30.3363,21.2388,-30,-30,-999.9,420,0,100.215,74.7306
299,1745922607,16106,20250429 13:30:07,13:30:07,15,C,6,2%,5560.08,1745922599,0.005076092,5.076092203,19.27391038,412.8909333,232.9698681,23.52169562,41.68734325,0.194554803,1.999176471,0.18461493,0.116235055,193.7989395,32.02826298,30.14144333,4.295186107,32.9867015,1.600156709,4.850914568,2.695029398,-223.8556661,230.347643,25.92805103,226.2189674,0,0,1,0,24902,RECT-12807-20250324-17_57_43,10114.7,315.2007692,539.79,0.416067787,-0.222077465,MPF-15211-20250429-13_30_05,10119.4,212.05416,292.9086623,0.276039983,0.5,1009.16136,19.27391038,139.2844426,0.019319,0.84286117,211.2359644,DARK-15212-20250429-13_30_12,159.17,159.17,0.45658828,0.604570891,0.648629441,-3.627046221,1.099257239,0.453797034,0.546202966,15211,290,272.34,295,10119.4,271.71,0.63,300,23.9,292.9086623,2.894446189,-21.45647488,2.587285742,0.710667826,-0.007371082,290,270.49,735,10113.2,271.69,-1.2,None,None,None,None,None,None,None,None,None,None,None,None,None,1200,1009.16136,0.840985788,0.161502571,2,0.5,0: Broadleaf,2,1745922599,412.8909333,420.0141333,15.8487,14.1835,413.2924333,15.76326667,600.0051333,100.9056333,0.05890689,32.27865333,30.14144333,999.9,0,0,5001,0,166.3723333,-7.123243,419.5401333,426.0571,1.665200667,420.0141333,14.1835,1.599223,1.431195333,13.95130333,12.25224,1199.974333,0.967000233,0.03299975,0,212.1471333,4.99918,2684.212333,11464.02333,37.7143,39.625,38.3936,38.937,40.4853,1155.544333,39.43066667,0,37.20000005,0,212.05416,-14.25430769,-166.0346152,2683.0144,15,1745922458,13:27:37,1745922457,1745922458,10,-0.401,-0.023,-0.382,0.049,420,14,1.52,0.26,-7.10624025,-0.048671707,0.137494736,1,214.0781176,-31.88351412,3.428126094,0,1.674692,-0.170817636,0.017613858,0,1,3,01-Mar,3.22151,2.66747,0.101056,0.10338,0.0857433,0.0801143,26630.4,24386.1,28139.1,24922,32990.4,24234.5,40098.6,27717.4,1.9434,1.5208,0.139475,0,27.8525,999.9,18.1,40.7,13.8015,30.0382,19.9038,1,0.16878,0,20.2653,5.22807,11.9021,4.96,3.292,9999,9999,9999,999.9,4.97241,1.85486,1.85681,1.85699,1.85651,1.85623,1.85147,1.85336,0,0,0,0,11111111,oooooooo,on,on,on,on,0,100,100,-0.402,0.0846,-1.280410844,0.00151024,1.49E-06,5.40E-12,-0.071225466,-0.011177753,0.001682567,-2.18E-05,3,2244,0,20,2.5,2.5,1.05713,2.6062,1.59424,2.11426,1.50269,2.41577,42.218,24.1751,18,622.348,389.134,31.5157,30.0976,29.9998,30.212,30.3028,21.2391,-30,-30,-999.9,420,0,100.219,74.7332
300,1745922647,16145.5,20250429 13:30:46,13:30:46,15,C,6,2%,5559.99,1745922639,0.004724961,4.724960888,17.77753095,413.3942333,234.9452845,23.72143381,41.73867106,0.180545237,1.998372599,0.171948085,0.108205851,161.9027218,31.80588052,30.05441667,4.273784593,32.72415704,1.579771168,4.827538156,2.694013426,-208.3707751,230.4202155,25.92458808,209.8767502,0,0,1,0,25962,RECT-12807-20250324-17_57_43,10114.7,315.2007692,539.79,0.416067787,-0.222077465,MPF-15213-20250429-13_30_44,10122.4,208.00796,300.4596057,0.307700749,0.5,841.1850927,17.77753095,129.4166415,0.021397917,0.796547655,215.1350425,DARK-15214-20250429-13_30_51,154.59,154.59,0.485488242,0.633796501,0.621314627,-6.271665435,1.06563611,0.471032941,0.528967059,15213,290,279.39,265,10122.4,278.63,0.76,300,23.9,300.4596057,2.689664816,-22.09473251,2.397143284,0.752113916,-0.007538848,290,277.48,755,10115,278.62,-1.14,None,None,None,None,None,None,None,None,None,None,None,None,None,1000,841.1850927,0.841194009,0.161904438,2,0.5,0: Broadleaf,2,1745922639,413.3942333,419.9710667,15.6466,14.09628,413.7944333,15.56619,600.0092,100.9068,0.05897963,32.19316,30.05441667,999.9,0,0,4997.666667,0,149.7726,-6.576871,419.9652,425.9758,1.550316333,419.9710667,14.09628,1.578848667,1.422410667,13.75388,12.15868333,999.9894,0.9600038,0.039996533,0,208.068,4.99918,2208.187333,9523.8,37.53513333,39.604,38.375,38.937,40.37496667,955.193,39.8,0,37.20000005,0,208.00796,-13.39799997,-134.7292307,2207.2456,15,1745922458,13:27:37,1745922457,1745922458,10,-0.401,-0.023,-0.382,0.049,420,14,1.52,0.26,-6.59132975,0.282196886,0.118154786,1,209.6132647,-27.32429334,2.965910844,0,1.559121,-0.209750769,0.020820773,0,1,3,01-Mar,3.22158,2.66715,0.101184,0.103385,0.0848792,0.0797222,26630.3,24387.7,28142.9,24923.5,33024.7,24246.5,40102.2,27719.3,1.9434,1.521,0.134915,0,27.8359,999.9,18.1,40.6,13.7303,29.9182,19.9199,1,0.165772,0,20.2672,5.22807,11.9033,4.9604,3.292,9999,9999,9999,999.9,4.97244,1.85483,1.85684,1.85699,1.85651,1.85623,1.8515,1.85333,0,0,0,0,11111111,oooooooo,on,on,on,on,0,100,100,-0.4,0.0793,-1.280410844,0.00151024,1.49E-06,5.40E-12,-0.071225466,-0.011177753,0.001682567,-2.18E-05,3,2244,0,20,3.2,3.1,1.05713,2.60864,1.59424,2.11548,1.50269,2.42432,42.165,24.1926,18,622.006,389.05,31.4901,30.0612,29.9998,30.1783,30.2718,21.2445,-30,-30,-999.9,420,0,100.23,74.7381
301,1745922686,16185,20250429 13:31:26,13:31:26,15,C,6,2%,5559.99,1745922678,0.004331217,4.3312174,16.43072404,413.9681333,234.4730151,23.67356103,41.79628033,0.165208404,1.999594757,0.157982604,0.099361999,129.9794834,31.57298212,29.93497333,4.244562534,32.43699993,1.556042508,4.797122147,2.688520027,-191.0066874,231.3872589,25.98782095,196.3478759,0,0,1,0,25620,RECT-12807-20250324-17_57_43,10114.7,315.2007692,539.79,0.416067787,-0.222077465,MPF-15215-20250429-13_31_24,10129.1,205.00312,318.0698139,0.355477599,0.5,673.1817992,16.43072404,119.650525,0.024737451,0.697080252,224.0157092,DARK-15216-20250429-13_31_31,159.81,159.81,0.497563135,0.714437172,0.583504885,39.40917836,0.987225368,0.556938863,0.443061137,15215,290,293.26,175,10129.1,292.65,0.61,300,23.9,318.0698139,2.785037248,-25.74510153,2.474702074,0.794463631,-0.007706848,290,290.73,735,10117.5,292.62,-1.89,None,None,None,None,None,None,None,None,None,None,None,None,None,800,673.1817992,0.841490643,0.16247694,2,0.5,0: Broadleaf,2,1745922678,413.9681333,420.0425667,15.41170667,13.99025,414.3668,15.33705667,600.0135,100.9064,0.058570413,32.08138,29.93497333,999.9,0,0,5002.666667,0,153.9196667,-6.074441667,420.4478667,426.0024667,1.421431333,420.0425667,13.99025,1.555137,1.411705,13.52128333,12.04395333,799.9872667,0.950002633,0.049997083,0,205.134,4.99918,1756.575667,7584.681,37.3039,39.562,38.2934,38.875,40.2269,755.2413333,39.75,0,37.20000005,0,205.00312,-11.40161535,-105.4092307,1755.8752,15,1745922458,13:27:37,1745922457,1745922458,10,-0.401,-0.023,-0.382,0.049,420,14,1.52,0.26,-6.079589024,0.177153031,0.106927837,1,206.9859118,-28.40533231,3.030189572,0,1.436749756,-0.24549554,0.024861002,0,1,3,01-Mar,3.22154,2.66685,0.101259,0.103421,0.0839085,0.0792941,26628.7,24388,28143.5,24924.7,33061.3,24258.7,40103.9,27720.3,1.9438,1.5218,0.130236,0,27.8122,999.9,18,40.5,13.5818,29.5982,20.004,1,0.163415,0,20.2688,5.22927,11.9021,4.962,3.292,9999,9999,9999,999.9,4.97238,1.85471,1.85678,1.85705,1.85654,1.85623,1.85138,1.85333,0,0,0,0,11111111,oooooooo,on,on,on,on,0,100,100,-0.399,0.0732,-1.280410844,0.00151024,1.49E-06,5.40E-12,-0.071225466,-0.011177753,0.001682567,-2.18E-05,3,2244,0,20,3.8,3.8,1.05713,2.60498,1.59424,2.11426,1.50269,2.5061,42.1121,24.1926,18,621.986,389.29,31.464,30.03,29.9999,30.1472,30.2409,21.2392,-30,-30,-999.9,420,0,100.233,74.7413
302,1745922726,16224.5,20250429 13:32:05,13:32:05,15,C,6,2%,5559.99,1745922718,0.003946564,3.946563842,14.98950445,414.4533667,234.718316,23.69894315,41.8463584,0.14999922,1.997578258,0.144010924,0.090524932,98.06991042,31.33227844,29.82701333,4.218299882,32.10520041,1.53008813,4.765857588,2.688211753,-174.0434654,230.3372402,25.86745581,180.231141,0,0,1,0,25277,RECT-12807-20250324-17_57_43,10114.7,315.2007692,539.79,0.416067787,-0.222077465,MPF-15217-20250429-13_32_03,10132.7,204.31564,349.576685,0.415534134,0.5,505.2063868,14.98950445,104.9652492,0.030109639,0.544124718,239.1994587,DARK-15218-20250429-13_32_10,153.97,153.97,0.559553006,0.742617999,0.49301051,4.22566328,0.846938717,0.559628687,0.440371313,15217,290,321.7,155,10132.7,319.3,2.4,300,23.9,349.576685,2.240538757,-30.67648194,1.984936148,0.895070576,-0.007875067,290,317.35,655,10122.2,319.27,-1.92,None,None,None,None,None,None,None,None,None,None,None,None,None,600,505.2063868,0.841992963,0.163446418,2,0.5,0: Broadleaf,2,1745922718,414.4533667,419.9950667,15.15425,13.85867,414.8506,15.08587667,600.0025667,100.9087667,0.058825257,31.96583667,29.82701333,999.9,0,0,4994.333333,0,185.0705333,-5.541817,420.8307667,425.8975,1.295582333,419.9950667,13.85867,1.529197333,1.398461,13.26323,11.90095667,600.0126,0.933006967,0.06699292,0,204.4451333,4.99918,1331.089667,5645.316,37.0352,39.5558,38.187,38.875,40.05376667,555.152,39.86,0,37.20000005,0,204.31564,-12.5646923,-67.50384606,1330.6512,15,1745922458,13:27:37,1745922457,1745922458,10,-0.401,-0.023,-0.382,0.049,420,14,1.52,0.26,-5.53521875,0.234062026,0.118275293,1,205.4248235,-20.0805806,2.128525097,0,1.30596425,-0.232940826,0.023044707,0,1,3,01-Mar,3.22135,2.6668,0.101369,0.103381,0.082913,0.0787039,26626.9,24389.4,28145,24925,33099.1,24275.1,40105.8,27721.2,1.944,1.523,0.124961,0,27.7957,999.9,18,40.5,13.5827,29.7482,19.9519,1,0.161585,0,20.2706,5.22807,11.9021,4.9608,3.292,9999,9999,9999,999.9,4.97241,1.85483,1.85681,1.85699,1.85654,1.85623,1.85141,1.85333,0,0,0,0,11111111,oooooooo,on,on,on,on,0,100,100,-0.397,0.0673,-1.280410844,0.00151024,1.49E-06,5.40E-12,-0.071225466,-0.011177753,0.001682567,-2.18E-05,3,2244,0,20,4.5,4.5,1.05713,2.60742,1.59424,2.11426,1.50269,2.43164,42.0329,24.1926,18,621.818,389.749,31.4348,30.0004,29.9999,30.1161,30.21,21.2424,-30,-30,-999.9,420,0,100.238,74.7429
303,1745922765,16264,20250429 13:32:45,13:32:45,15,C,6,2%,5559.99,1745922757,0.003625588,3.625588086,13.32913681,415.029,239.319414,24.16350533,41.90447941,0.136457641,1.998643973,0.131485021,0.082609811,82.09245775,31.2148817,29.78879667,4.209037191,31.73517235,1.503703304,4.738286237,2.705333887,-159.8884346,223.5396452,25.07324847,170.8169168,0,0,1,0,25640,RECT-12807-20250324-17_57_43,10114.7,315.2007692,539.79,0.416067787,-0.222077465,MPF-15219-20250429-13_32_43,10132.9,207.42052,379.1194725,0.452888772,0.5,421.1859087,13.32913681,95.37518456,0.03217395,0.423799196,252.6720231,DARK-15220-20250429-13_32_50,160.1,160.1,0.57770568,0.783943777,0.423162389,2.686208321,0.715397292,0.605096346,0.394903654,15219,290,346.11,175,10132.9,344.13,1.98,300,23.9,379.1194725,2.301943578,-35.45251909,2.036341698,0.915434643,-0.007959623,290,340.52,635,10124.6,344.1,-3.58,None,None,None,None,None,None,None,None,None,None,None,None,None,500,421.1859087,0.842376029,0.164185736,2,0.5,0: Broadleaf,2,1745922757,415.029,419.9737,14.89293,13.70238,415.4248333,14.83082,599.9903333,100.9089333,0.05866027,31.86339333,29.78879667,999.9,0,0,4998.666667,0,237.8259667,-4.94463,421.3035,425.8082,1.190551667,419.9737,13.70238,1.50283,1.382693,12.99695667,11.72913667,499.9975,0.919992467,0.080007703,0,207.5119667,4.99918,1134.957333,4676.344,36.781,39.5,38.0683,38.812,39.87696667,455.3946667,39.6,0,37.20000005,0,207.42052,-21.15261535,-103.7307691,1134.3848,15,1745922458,13:27:37,1745922457,1745922458,10,-0.401,-0.023,-0.382,0.049,420,14,1.52,0.26,-4.951171707,0.006120418,0.092899134,1,209.3694412,-30.10944233,3.039170177,0,1.20304439,-0.193945714,0.020097141,0,1,3,01-Mar,3.22129,2.66688,0.101502,0.103422,0.0818368,0.0780087,26625.4,24389.5,28147.5,24926.1,33140.6,24294.2,40108.8,27722.2,1.9444,1.5236,0.121146,0,27.8027,999.9,17.8,40.4,13.3591,29.8182,20.1202,1,0.159756,0,20.2716,5.22807,11.9021,4.9612,3.292,9999,9999,9999,999.9,4.97241,1.85471,1.85672,1.85699,1.85644,1.85623,1.85135,1.85333,0,0,0,0,11111111,oooooooo,on,on,on,on,0,100,100,-0.396,0.0608,-1.280410844,0.00151024,1.49E-06,5.40E-12,-0.071225466,-0.011177753,0.001682567,-2.18E-05,3,2244,0,20,5.1,5.1,1.05713,2.60132,1.59424,2.11426,1.50269,2.52563,41.9802,24.1838,18,621.85,389.905,31.4078,29.9756,29.9999,30.0903,30.1822,21.2435,-30,-30,-999.9,420,0,100.246,74.7459
304,1745922805,16303.5,20250429 13:33:24,13:33:24,15,C,6,2%,5559.99,1745922797,0.003332587,3.332586728,11.91515468,415.5698,243.2955076,24.56476506,41.95874639,0.12442674,2.000187511,0.120281042,0.075536619,66.12736778,31.0867166,29.72667333,4.194017995,31.3141451,1.475101161,4.710654423,2.718916834,-146.9670747,219.2838958,24.55685895,163.0010479,0,0,1,0,25296,RECT-12807-20250324-17_57_43,10114.7,315.2007692,539.79,0.416067787,-0.222077465,MPF-15221-20250429-13_33_22,10131.8,211.4491154,426.5363137,0.504264681,0.5,337.1893298,11.91515468,85.01633498,0.035995303,0.265519447,272.8903821,DARK-15222-20250429-13_33_29,165.03,165.03,0.613092732,0.822493328,0.30220324,1.931882575,0.504270334,0.64193257,0.35806743,15221,290,382.99,225,10131.8,380.14,2.85,300,23.9,426.5363137,2.708643859,-47.004623,2.392625552,0.932359072,-0.008044385,290,375.37,655,10125.5,380.11,-4.74,None,None,None,None,None,None,None,None,None,None,None,None,None,400,337.1893298,0.842961734,0.165316146,2,0.5,0: Broadleaf,2,1745922797,415.5698,420.0030667,14.60976667,13.51515667,415.9640667,14.55433333,600.0125,100.9080667,0.058717713,31.76020333,29.72667333,999.9,0,0,5005,0,290.6652667,-4.433207667,421.7312333,425.7572,1.09462,420.0030667,13.51515667,1.474244333,1.363787667,12.70358333,11.52085,400.0055,0.9000192,0.09998108,0,211.4329333,4.99918,936.1133667,3707.138333,36.54143333,39.437,37.9371,38.7934,39.69333333,355.513,39.49,0,37.20000005,0,211.4491154,-15.35791452,-68.41535033,936.1542692,15,1745922458,13:27:37,1745922457,1745922458,10,-0.401,-0.023,-0.382,0.049,420,14,1.52,0.26,-4.437079024,0.04857554,0.079842605,1,212.4105882,-18.6567456,1.916565174,0,1.106083659,-0.192143833,0.019772798,0,1,3,01-Mar,3.22127,2.66679,0.101623,0.103416,0.0806554,0.0771826,26622.6,24390.6,28148.2,24927,33183.7,24316.6,40109.2,27722.8,1.9446,1.5238,0.116765,0,27.798,999.9,17.7,40.3,13.2149,29.5182,19.9319,1,0.157927,0,20.2727,5.22807,11.9057,4.962,3.292,9999,9999,9999,999.9,4.97241,1.85474,1.85672,1.85699,1.85644,1.85623,1.85135,1.85333,0,0,0,0,11111111,oooooooo,on,on,on,on,0,100,100,-0.394,0.0539,-1.280410844,0.00151024,1.49E-06,5.40E-12,-0.071225466,-0.011177753,0.001682567,-2.18E-05,3,2244,0,20,5.8,5.8,1.05713,2.6062,1.59424,2.11426,1.50269,2.42188,41.9275,24.1926,18,621.735,389.846,31.3793,29.9522,29.9999,30.0645,30.156,21.242,-30,-30,-999.9,420,0,100.248,74.748
305,1745922844,16343,20250429 13:34:04,13:34:04,15,C,6,2%,5559.99,1745922836,0.003084316,3.08431555,9.997846293,416.2406,257.3717901,25.98645147,42.02720177,0.114167721,1.997752453,0.110662992,0.069470294,49.58587088,30.95277856,29.67210667,4.180864288,30.82914261,1.445147433,4.687601766,2.735716855,-136.0183157,215.578344,24.15447098,153.3003702,0,0,1,0,25069,RECT-12807-20250324-17_57_43,10114.7,315.2007692,539.79,0.416067787,-0.222077465,MPF-15223-20250429-13_34_02,10122.3,218.09752,471.0868268,0.537033286,0.5,252.8763736,9.997846293,67.90151499,0.040414704,0.145839725,290.4646505,DARK-15224-20250429-13_34_09,166.46,166.46,0.64664688,0.830489256,0.184028,1.622911701,0.305905911,0.63385976,0.36614024,15223,290,431.29,255,10122.3,428.2,3.09,300,23.9,471.0868268,2.417275734,-43.41237677,2.130087617,0.936846929,-0.008121008,290,424.02,725,10115.4,428.17,-4.15,None,None,None,None,None,None,None,None,None,None,None,None,None,300,252.8763736,0.842949063,0.165291691,2,0.5,0: Broadleaf,2,1745922836,416.2406,420.0011667,14.31285,13.29945667,416.6331333,14.26431,599.9980667,100.9096333,0.058897287,31.67371,29.67210667,999.9,0,0,4995,0,327.038,-3.760611333,422.2846667,425.6622333,1.013385467,420.0011667,13.29945667,1.444303333,1.342043333,12.39088667,11.27813,299.9901,0.900023367,0.09997673,0,218.1053667,4.99918,746.7316333,2768.496,36.2768,39.3708,37.77686667,38.687,39.50403333,265.4983333,29.48933333,0,37.20000005,0,218.09752,-2.819153841,-12.46269229,746.70452,15,1745922458,13:27:37,1745922457,1745922458,10,-0.401,-0.023,-0.382,0.049,420,14,1.52,0.26,-3.755918049,-0.109614983,0.131601384,1,217.9934118,1.786249053,0.672539748,0,1.024753171,-0.188398516,0.019502466,0,1,3,01-Mar,3.22147,2.66728,0.101702,0.103464,0.0793755,0.0762647,26619.9,24389.4,28147.8,24927,33229.5,24340.6,40108.4,27722.5,1.9454,1.5246,0.114292,0,27.7909,999.9,17.5,40.3,13.0631,29.9482,20.0481,1,0.156707,0,20.2735,5.22927,11.9033,4.962,3.292,9999,9999,9999,999.9,4.97238,1.85471,1.85672,1.85699,1.85641,1.8562,1.85135,1.85333,0,0,0,0,11111111,oooooooo,on,on,on,on,0,100,100,-0.393,0.0467,-1.280410844,0.00151024,1.49E-06,5.40E-12,-0.071225466,-0.011177753,0.001682567,-2.18E-05,3,2244,0,20,6.5,6.4,1.05713,2.60742,1.59424,2.11548,1.50269,2.5293,41.8749,24.1926,18,622.088,390.136,31.3484,29.9316,29.9999,30.0413,30.1329,21.2421,-30,-30,-999.9,420,0,100.246,74.7477
306,1745922884,16382.5,20250429 13:34:43,13:34:43,15,C,6,2%,5559.99,1745922876,0.002843312,2.843312256,8.144344516,416.9040333,273.3699006,27.60231627,42.0950403,0.104242943,1.999866134,0.101315656,0.063578443,33.05366045,30.81220427,29.61876667,4.168041049,30.29517298,1.41272207,4.663191958,2.755318979,-125.3900705,211.6393136,23.67104935,142.9739529,0,0,1,0,25077,RECT-12807-20250324-17_57_43,10114.7,315.2007692,539.79,0.416067787,-0.222077465,MPF-15225-20250429-13_34_41,10116.3,221.2264615,535.7707829,0.587087485,0.5,168.6084167,8.144344516,49.49394564,0.049620429,0.007501747,313.8260505,DARK-15226-20250429-13_34_48,171.17,171.17,0.68051636,0.862708848,0.010903416,1.426052055,0.017895859,0.667505471,0.332494529,15225,290,486.67,215,10116.3,484.32,2.35,300,23.9,535.7707829,2.717243937,-52.04892923,2.388682592,0.944311369,-0.008197209,290,478.31,815,10105.9,484.27,-5.96,None,None,None,None,None,None,None,None,None,None,None,None,None,200,168.6084167,0.842925057,0.165245361,2,0.5,0: Broadleaf,2,1745922876,416.9040333,420.0136667,13.99142333,13.05699667,417.2946333,13.95020333,600.0535667,100.9119,0.058675793,31.58172,29.61876667,999.9,0,0,5003.5,0,345.4753667,-3.109644,422.8198333,425.5704,0.934439533,420.0136667,13.05699667,1.411902,1.317604667,12.04601333,11.00116667,200.0277667,0.8999957,0.100004257,0,221.1895333,4.99918,538.4711333,1830.332,36.01636667,39.24996667,37.6061,38.625,39.2934,175.5246667,19.503,0,37.20000005,0,221.2264615,12.3859829,22.07675209,538.4245,15,1745922458,13:27:37,1745922457,1745922458,10,-0.401,-0.023,-0.382,0.049,420,14,1.52,0.26,-3.144148,0.899042251,0.13704066,0,220.6070882,14.39197861,1.544057896,0,0.940975,-0.176681381,0.017927448,0,0,3,0/3,3.22123,2.66688,0.101879,0.103427,0.0780639,0.075174,26616.8,24390.7,28150.1,24927.4,33279.7,24369.9,40111.6,27723.2,1.9454,1.5248,0.111461,0,27.7744,999.9,17.3,40.2,12.8472,29.7082,20.1322,1,0.155549,0,20.2748,5.22927,11.9021,4.9616,3.292,9999,9999,9999,999.9,4.97238,1.85471,1.85675,1.85699,1.85644,1.85623,1.85135,1.85333,0,0,0,0,11111111,oooooooo,on,on,on,on,0,100,100,-0.39,0.0396,-1.280410844,0.00151024,1.49E-06,5.40E-12,-0.071225466,-0.011177753,0.001682567,-2.18E-05,3,2244,0,20,7.1,7.1,1.05713,2.6001,1.59424,2.11548,1.50269,2.51221,41.7961,24.2013,18,621.879,390.116,31.3193,29.915,30,30.0207,30.1125,21.2391,-30,-30,-999.9,420,0,100.254,74.7491
307,1745922923,16422,20250429 13:35:23,13:35:23,15,C,6,2%,5559.99,1745922915,0.002634046,2.634045706,5.034525595,417.9516667,315.5104512,31.85752473,42.20115532,0.09585242,2.000645866,0.093372304,0.058575173,16.50949772,30.65230004,29.54183333,4.149606226,29.74274982,1.379173424,4.637007111,2.770432802,-116.1614156,209.3259262,23.3828218,133.0568301,0,0,1,0,25085,RECT-12807-20250324-17_57_43,10114.7,315.2007692,539.79,0.416067787,-0.222077465,MPF-15227-20250429-13_35_21,10107.3,218.29492,574.7076296,0.620163525,0.5,84.2834037,5.034525595,26.13474638,0.062368187,-0.060757206,326.7948253,DARK-15228-20250429-13_35_28,168.61,168.61,0.70661604,0.87765277,-0.094071959,1.373423073,-0.155473303,0.677894994,0.322105006,15227,290,523.09,235,10107.3,521.17,1.92,300,23.9,574.7076296,2.748492285,-54.11665346,2.41028868,0.947379121,-0.008274032,290,517.03,745,10099.4,521.12,-4.09,None,None,None,None,None,None,None,None,None,None,None,None,None,100,84.2834037,0.842848618,0.165097833,2,0.5,0: Broadleaf,2,1745922915,417.9516667,419.9967333,13.65905333,12.79306333,418.3393667,13.62524667,600.0224333,100.9121333,0.059243713,31.48257333,29.54183333,999.9,0,0,5006.666667,0,351.6911667,-2.045073,423.7395,425.4395,0.8659838,419.9967333,12.79306333,1.378365333,1.290975667,11.68162,10.69417,99.99827,0.900021933,0.09997801,0,218.2746,4.99918,313.4508,891.5681667,35.7393,39.1436,37.43716667,38.50413333,39.0893,85.50166667,9.495,0,37.20000005,0,218.29492,0.589692308,-1.605923058,313.49404,15,1745922458,13:27:37,1745922457,1745922458,10,-0.401,-0.023,-0.382,0.049,420,14,1.52,0.26,-2.16122175,2.367753433,0.258005435,0,218.1224706,1.716883118,0.483617145,0,0.8739933,-0.149326582,0.015580022,0,0,3,0/3,3.22081,2.66791,0.102088,0.10344,0.0766833,0.0739975,26611.4,24391.1,28150.8,24928,33331.2,24401.6,40113.2,27723.9,1.9452,1.5252,0.108331,0,27.7484,999.9,17.1,40.1,12.629,29.7182,19.9199,1,0.154329,0,20.2759,5.22807,11.9045,4.9612,3.292,9999,9999,9999,999.9,4.97241,1.85471,1.85672,1.85699,1.85644,1.85623,1.85135,1.85333,0,0,0,0,11111111,oooooooo,on,on,on,on,0,100,100,-0.387,0.0322,-1.280410844,0.00151024,1.49E-06,5.40E-12,-0.071225466,-0.011177753,0.001682567,-2.18E-05,3,2244,0,20,7.8,7.8,1.05713,2.60498,1.59424,2.11548,1.50269,2.40967,41.7436,24.2013,18,621.523,390.206,31.288,29.898,30,30.0001,30.092,21.2415,-30,-30,-999.9,420,0,100.257,74.7511
308,1745922963,16461.5,20250429 13:36:02,13:36:02,15,C,6,2%,5559.99,1745922955,0.002451842,2.451841986,2.455644031,418.8302667,355.7514573,35.9200929,42.28913692,0.088183191,1.999073677,0.086077766,0.053983581,8.245295597,30.5715054,29.51292333,4.142697186,29.1313104,1.344828297,4.616435987,2.797868889,-108.1262316,203.8456535,22.77647788,126.7411954,0,0,1,0,25327,RECT-12807-20250324-17_57_43,10114.7,315.2007692,539.79,0.416067787,-0.222077465,RECT-15229-20250429-13_36_00,10106.2,214.45872,540.24,0.603030653,0.5,42.1588275,2.455644031,12.71153264,0.063515085,-0.000832963,315.3541556,DARK-15230-20250429-13_36_08,165.09,165.09,0.694413594,0.868402719,-0.001200961,1.447664387,-0.002003658,0.668495106,0.331504894,15227,290,523.09,235,10107.3,521.17,1.92,300,23.9,574.7076296,2.748492285,-54.11665346,2.41028868,0.947379121,-0.008274032,290,517.03,745,10099.4,521.12,-4.09,None,None,None,None,None,None,None,None,None,None,None,None,None,50,42.1588275,0.842700986,0.164812903,2,0.5,0: Broadleaf,2,1745922955,418.8302667,419.9911667,13.31913667,12.51270667,419.2155667,13.29274667,599.9741,100.9106333,0.058996343,31.40434,29.51292333,999.9,0,0,5000.333333,0,353.1411,-1.1609243,424.4839667,425.3129,0.8064224,419.9911667,12.51270667,1.344041667,1.262664333,11.30053,10.36160333,50.02821667,0.899936967,0.100063017,0,214.4853667,4.99918,198.8665,422.5867,35.49136667,39.04753333,37.27063333,38.4184,38.87903333,40.523,4.504,0,37.20000005,0,214.45872,-5.065461518,-5.081076942,198.79924,15,1745922458,13:27:37,1745922457,1745922458,10,-0.401,-0.023,-0.382,0.049,420,14,1.52,0.26,-1.275396073,2.082249303,0.234152171,0,214.6165,-3.319037431,0.591787285,0,0.814076171,-0.124277456,0.013663596,0,0,3,0/3,3.22126,2.66718,0.102239,0.103452,0.0752449,0.0727138,26607.7,24391.2,28151.7,24928.5,33384.1,24436.2,40114.2,27724.7,1.9454,1.5258,0.107437,0,27.7342,999.9,16.9,40.1,12.4823,29.8382,20.0441,1,0.153049,0,20.2764,5.22927,11.9033,4.9616,3.292,9999,9999,9999,999.9,4.97235,1.85471,1.85669,1.85699,1.85638,1.85617,1.85135,1.85333,0,0,0,0,11111111,oooooooo,on,on,on,on,0,100,100,-0.385,0.0247,-1.280410844,0.00151024,1.49E-06,5.40E-12,-0.071225466,-0.011177753,0.001682567,-2.18E-05,3,2244,0,20,8.4,8.4,1.05713,2.60376,1.59302,2.11426,1.50269,2.54517,41.665,24.2188,18,621.487,390.403,31.2566,29.8825,29.9999,29.9821,30.0715,21.2397,-30,-30,-999.9,420,0,100.26,74.7528
309,1745992883,0,20250430 09:01:22,9:01:22,15,D,6,21%,5556.33,1745992875,0.002585019,2.58501942,10.98467773,415.9743333,240.1359951,24.07156452,41.69784292,0.110502916,1.992969404,0.107208458,0.067293099,321.5150133,28.23650594,25.88962333,3.352282731,28.42800098,0.98757551,3.473953411,2.364707222,-113.9993564,64.82799498,6.963386556,279.3070384,0,0,1,0,25611,RECT-12807-20250324-17_57_43,10114.7,315.2007692,539.79,0.416067787,-0.222077465,MPF-15233-20250430-09_01_18,10120.9,260.05,300.5097118,0.134636953,0.5,1681.22347,10.98467773,113.1774023,0.006665833,0.796248104,215.1607299,DARK-15234-20250430-09_01_25,166.56,166.56,0.445741707,0.302051503,0.641106792,-2.754036742,1.065413009,0.193461636,0.806538364,15233,290,285.45,285,10120.9,285.88,-0.43,300,23.9,300.5097118,2.943020946,-14.80202897,2.664267126,0.524347223,-0.006706602,290,287.22,735,10114.6,285.88,1.34,None,None,None,None,None,None,None,None,None,None,None,None,None,2000,1681.22347,0.840598426,0.160754961,2,0.5,0: Broadleaf,2,1745992875,415.9743333,419.994,9.851974,8.998859333,416.6983333,9.883974,600.0487333,100.182,0.05938409,26.49298333,25.88962333,999.9,0,0,5011.666667,0,163.0603333,-3.686920667,420.4495,423.8079333,0.853406367,419.994,8.998859333,0.987018967,0.9015231,6.726136667,5.415067667,2000.031667,0.9800026,0.01999736,0,260.2549333,4.99918,5505.542333,19220.18,39.1372,40.6164,39.63313333,40.77466667,41.26646667,1955.136667,39.89566667,0,1745992882,0,260.05,-38.67484609,-756.0530757,5501.6796,15,1745992917,9:01:56,1745992917,1745992901,1,-0.344,0.011,-0.724,-0.032,420,9,1.7,0.53,-3.662027805,-0.211647596,0.128564544,1,262.0507353,-42.26867838,4.180280467,0,0.850368024,0.071151993,0.007856499,1,2,3,02-Mar,3.22057,2.66721,0.10152,0.103181,0.0586098,0.0550972,26843.8,24531,28365.8,25050.4,34232.7,25014.3,40398.2,27850.8,1.986,1.6378,0.23523,0,22.1077,999.9,26.8,25.3,8.65898,29.33,19.1146,1,-0.112866,0,20.2677,5.22927,11.9021,4.962,3.292,9999,9999,9999,999.9,4.97211,1.85333,1.85532,1.85556,1.85526,1.85501,1.84998,1.85211,0,0,0,0,11111111,oooooooo,on,on,on,on,0,100,100,-0.724,-0.032,-1.279265332,0.00151024,1.49E-06,5.40E-12,-0.064594558,-0.011177753,0.001682567,-2.18E-05,3,2244,0,20,1173.8,1173.7,1.02051,2.48535,1.59302,2.146,1.50269,2.43896,29.3251,24.0612,18,611.675,426.663,25.2342,26.0885,29.9989,26.2239,26.2783,20.4964,-30,-30,-999.9,420,0,100.992,75.1048
310,1745992948,65,20250430 09:02:27,9:02:27,15,D,6,21%,5557.26,1745992940,0.002503455,2.503454539,10.89006662,416.0354516,237.5304946,23.81035504,41.70391608,0.107639179,1.989804993,0.104505842,0.065590072,289.5684399,28.08873136,25.88855484,3.352070609,28.7202087,1.002937401,3.492096493,2.349133208,-110.4023452,74.32106549,7.999267137,261.4864273,0,0,1,0,25637,RECT-12807-20250324-17_57_43,10114.7,315.2007692,539.79,0.416067787,-0.222077465,MPF-15235-20250430-09_02_23,10127.7,235.7712,273.4661855,0.137841486,0.5,1513.192316,10.89006662,104.2903391,0.007343511,0.973882069,200.9336167,DARK-15236-20250430-09_02_30,159.27,159.27,0.417587956,0.330089708,0.699894393,-0.903207416,1.185826291,0.222984774,0.777015226,15235,290,265.05,255,10127.7,264.75,0.3,300,23.9,273.4661855,2.97012914,-8.828241641,2.682045248,0.278995022,-0.006875438,290,265.27,725,10120.8,264.74,0.53,None,None,None,None,None,None,None,None,None,None,None,None,None,1800,1513.192316,0.84065833,0.160870577,2,0.5,0: Broadleaf,2,1745992940,416.0354516,420.0127742,10.00523581,9.179074194,416.7702903,10.02333871,599.981129,100.1819032,0.059352471,26.58136774,25.88855484,999.9,0,0,4998.709677,0,161.9612903,-3.977283548,420.240129,423.9039032,0.826160516,420.0127742,9.179074194,1.002342903,0.919576968,6.950482903,5.700802903,1800.00871,0.977995935,0.022004026,0,235.8573226,4.99918,4526.69871,17281.94194,37.98364516,38.80816129,38.42116129,37.77393548,40.03803226,1755.509677,39.5,0,63,0,235.7712,-12.36892313,-250.7930773,4523.0472,15,1745992917,9:01:56,1745992917,1745992901,1,-0.344,0.011,-0.724,-0.032,420,9,1.7,0.53,-3.983328,0.195290882,0.132050364,1,236.7070882,-13.90727275,1.498777862,0,0.829753275,-0.072900101,0.008120579,1,2,3,02-Mar,3.2202,2.66774,0.101558,0.103184,0.0592251,0.0560157,26853.7,24538.9,28376.9,25057.9,34222.9,24997.5,40412.9,27859.3,1.9868,1.6396,0.245899,0,21.819,999.9,27.1,25.4,8.80727,29.74,19.0104,1,-0.127927,0,20.2692,5.23047,11.9021,4.962,3.292,9999,9999,9999,999.9,4.97232,1.85364,1.85562,1.8558,1.85562,1.85532,1.85028,1.85242,0,0,0,0,11111111,oooooooo,on,on,on,on,0,100,100,-0.734,-0.0179,-1.623211731,0.00151024,1.49E-06,5.40E-12,-0.053199391,-0.011177753,0.001682567,-2.18E-05,3,2244,0,20,0.5,0.8,1.02051,2.48779,1.59424,2.14233,1.50269,2.36206,29.3676,23.9649,18,611.024,427.002,25.1793,25.9258,29.999,26.11,26.1869,20.4978,-30,-30,-999.9,420,0,101.03,75.1276
311,1745992987,104.5,20250430 09:03:07,9:03:07,15,D,6,21%,5557.71,1745992979,0.002329464,2.329463982,10.70125523,416.1077667,233.3762466,23.39399533,41.71128507,0.102784809,1.989558328,0.099923329,0.062702538,257.6688404,27.79599578,25.59712667,3.294650879,29.01498669,1.007920373,3.473792298,2.286730505,-102.7293616,96.00616467,10.31484692,261.2604904,0,0,1,0,26855,RECT-12807-20250324-17_57_43,10114.7,315.2007692,539.79,0.416067787,-0.222077465,MPF-15237-20250430-09_03_02,10136.9,232.9565385,276.4710091,0.157392526,0.5,1345.195281,10.70125523,105.8618419,0.008120258,0.952428943,202.5511494,DARK-15238-20250430-09_03_09,154.95,154.95,0.439543406,0.358081874,0.684229786,-1.123540926,1.172447094,0.238176557,0.761823443,15237,290,263.94,165,10136.9,262.96,0.98,300,23.9,276.4710091,2.8528004,-13.69414613,2.569258938,0.503624282,-0.007045496,290,263.19,855,10123.5,262.94,0.25,None,None,None,None,None,None,None,None,None,None,None,None,None,1600,1345.195281,0.840747751,0.161043159,2,0.5,0: Broadleaf,2,1745992979,416.1077667,419.9973667,10.05491667,9.286352333,416.8424667,10.07223667,600.0906667,100.1825667,0.058977503,26.49219667,25.59712667,999.9,0,0,4997.666667,0,161.7139,-3.889579667,420.3342333,423.9341667,0.7685642,419.9973667,9.286352333,1.007327667,0.930330867,7.022796333,5.868656,1599.998667,0.974997333,0.025002633,0,233.0705667,4.99918,3997.241,15341.38333,37.22893333,38.1372,37.7706,36.8122,39.35813333,1555.118667,39.88,0,37.4000001,0,232.9565385,-44.75090601,-710.5805132,3995.546923,15,1745992917,9:01:56,1745992917,1745992901,1,-0.344,0.011,-0.724,-0.032,420,9,1.7,0.53,-3.850371,-0.760197523,0.141450591,0,236.7002353,-59.84663101,6.020994744,0,0.7729588,-0.076533523,0.0081082,1,1,3,01-Mar,3.21909,2.66753,0.101582,0.103245,0.0594471,0.0565117,26859.4,24542,28383.2,25062.4,34222.4,24988.6,40421.8,27864.1,1.9874,1.6424,0.239164,0,21.6733,999.9,27.3,25.4,8.87455,29.3,18.9904,1,-0.137703,0,20.2705,5.23286,11.9021,4.9612,3.292,9999,9999,9999,999.9,4.97232,1.85379,1.85577,1.85593,1.85574,1.85547,1.85043,1.85257,0,0,0,0,11111111,oooooooo,on,on,on,on,0,100,100,-0.735,-0.0171,-1.623211731,0.00151024,1.49E-06,5.40E-12,-0.053199391,-0.011177753,0.001682567,-2.18E-05,3,2244,0,20,1.2,1.4,1.02051,2.48901,1.59424,2.14355,1.50269,2.38037,29.4739,23.9562,18,610.576,428.062,25.1432,25.8186,29.9989,26.0288,26.1162,20.4957,-30,-30,-999.9,420,0,101.052,75.1408
312,1745993027,144,20250430 09:03:46,9:03:46,15,D,6,21%,5557.71,1745993019,0.002144594,2.144594439,10.03804352,416.3337333,234.5810319,23.51487451,41.73413091,0.096693118,1.988549808,0.094155009,0.05906937,225.7829074,27.46804787,25.35203667,3.247028167,29.36332625,1.012296293,3.447485084,2.234731874,-94.57661475,108.4159888,11.63221874,251.2545002,0,0,1,0,25093,RECT-12807-20250324-17_57_43,10114.7,315.2007692,539.79,0.416067787,-0.222077465,MPF-15239-20250430-09_03_42,10147.6,226.06688,266.2326029,0.150867033,0.5,1177.214699,10.03804352,88.80144447,0.00871559,1.027512762,197.0007515,DARK-15240-20250430-09_03_49,159.63,159.63,0.400411526,0.376779945,0.719584904,-0.820241515,1.218034347,0.26605128,0.73394872,15239,290,260.47,95,10147.6,260.17,0.3,300,23.9,266.2326029,3.401199785,-6.157131745,3.055323169,0.12666724,-0.007215745,290,261.19,655,10133.6,260.16,1.03,None,None,None,None,None,None,None,None,None,None,None,None,None,1400,1177.214699,0.840867042,0.16127339,2,0.5,0: Broadleaf,2,1745993019,416.3337333,419.9774333,10.09852333,9.390865333,417.0677,10.11515667,599.9896,100.1833333,0.05867822,26.36331667,25.35203667,999.9,0,0,4993.5,0,160.4294,-3.643714333,420.5809667,423.9589,0.707661767,419.9774333,9.390865333,1.011704667,0.940808733,7.086035667,6.030561333,1400.001,0.9709928,0.029006867,0,226.4071333,4.99918,3413.158,13400.34667,36.4706,37.5956,37.14553333,36.13306667,38.72473333,1354.541,40.462,0,37.4000001,0,226.06688,-37.97438465,-529.4730769,3408.6008,15,1745992917,9:01:56,1745992917,1745992901,1,-0.344,0.011,-0.724,-0.032,420,9,1.7,0.53,-3.629673902,-0.162119791,0.124988932,1,228.9142059,-48.35732624,4.843193853,0,0.711606317,-0.080661115,0.008642535,1,2,3,02-Mar,3.2209,2.66709,0.101645,0.103263,0.0596318,0.0570338,26865.5,24547.4,28391.3,25068,34224.9,24980.1,40432.5,27870.1,1.9904,1.642,0.231743,0,21.5457,999.9,27.4,25.5,8.95853,29.66,18.8902,1,-0.147622,0,20.2717,5.23286,11.9021,4.9616,3.292,9999,9999,9999,999.9,4.97238,1.85379,1.8558,1.85605,1.85577,1.85547,1.85043,1.85257,0,0,0,0,11111111,oooooooo,on,on,on,on,0,100,100,-0.734,-0.0166,-1.623211731,0.00151024,1.49E-06,5.40E-12,-0.053199391,-0.011177753,0.001682567,-2.18E-05,3,2244,0,20,1.8,2.1,1.02051,2.48535,1.59424,2.14478,1.50269,2.44629,29.6017,23.9649,18,611.738,427.228,25.1038,25.7045,29.9988,25.938,26.0353,20.499,-30,-30,-999.9,420,0,101.08,75.1573
313,1745993066,183.5,20250430 09:04:26,9:04:26,15,D,6,21%,5557.71,1745993058,0.001954228,1.954228399,9.704576781,416.4935333,229.0490199,22.96027119,41.75003444,0.090119519,1.988750561,0.087910752,0.05513816,193.8037152,27.10278955,25.08427667,3.195688992,29.70783864,1.014138283,3.413706043,2.181550709,-86.18147242,119.2569756,12.7662093,239.6454276,0,0,1,0,26586,RECT-12807-20250324-17_57_43,10114.7,315.2007692,539.79,0.416067787,-0.222077465,MPF-15241-20250430-09_04_21,10143.9,220.4792308,274.8200807,0.197732458,0.5,1009.188321,9.704576781,99.77464346,0.009836275,0.964157781,201.6636003,DARK-15242-20250430-09_04_28,147.63,147.63,0.46281218,0.427241257,0.675667889,-1.345713806,1.179797973,0.28607514,0.71392486,15241,290,262.52,185,10143.9,261.89,0.63,300,23.9,274.8200807,3.682503757,-13.11960356,3.298535938,0.361018383,-0.007383779,290,261.67,765,10134,261.87,-0.2,None,None,None,None,None,None,None,None,None,None,None,None,None,1200,1009.188321,0.840985595,0.161502199,2,0.5,0: Broadleaf,2,1745993058,416.4935333,419.9995667,10.11692667,9.472132,417.2271667,10.13326333,600.0228333,100.1831,0.058635113,26.19656667,25.08427667,999.9,0,0,4994.333333,0,158.9716,-3.505972667,420.7502667,424.0158667,0.6447872,419.9995667,9.472132,1.013544333,0.948948233,7.112558,6.15524,1200.006667,0.967006667,0.032993397,0,220.5343333,4.99918,2881.839667,11464.36333,35.7456,37.11216667,36.5664,35.61016667,38.10393333,1155.582667,39.424,0,37.4000001,0,220.4792308,-37.65805132,-418.2523079,2880.814615,15,1745992917,9:01:56,1745992917,1745992901,1,-0.344,0.011,-0.724,-0.032,420,9,1.7,0.53,-3.462862439,-0.553079582,0.127494243,0,223.1656176,-44.61297174,4.421389594,0,0.652049659,-0.131612488,0.013413777,0,0,3,0/3,3.22031,2.66677,0.101686,0.103277,0.0597413,0.0574321,26871.5,24551.4,28398.5,25072,34229.5,24973.5,40442.5,27874.5,1.9922,1.643,0.220239,0,21.4253,999.9,27.6,25.5,9.02518,29.28,19.0946,1,-0.15752,0,20.2733,5.23047,11.9021,4.9612,3.292,9999,9999,9999,999.9,4.97232,1.85388,1.85593,1.85608,1.85577,1.85556,1.85053,1.85257,0,0,0,0,11111111,oooooooo,on,on,on,on,0,100,100,-0.733,-0.0162,-1.623211731,0.00151024,1.49E-06,5.40E-12,-0.053199391,-0.011177753,0.001682567,-2.18E-05,3,2244,0,20,2.5,2.8,1.02051,2.49023,1.59424,2.14478,1.50269,2.32056,29.7083,23.9649,18,611.982,427.151,25.057,25.5891,29.9988,25.8423,25.95,20.4983,-30,-30,-999.9,420,0,101.105,75.1692
314,1745993106,223,20250430 09:05:05,9:05:05,15,D,6,21%,5558.07,1745993098,0.001743297,1.743297179,9.234116397,416.7032,222.5378163,22.30727118,41.77047946,0.082267028,1.991869884,0.080424985,0.05042768,161.9007558,26.73891195,24.81755667,3.145255833,30.11383523,1.017555949,3.379031405,2.127699884,-76.87940561,129.5429364,13.81505728,228.3793438,0,0,1,0,24585,RECT-12807-20250324-17_57_43,10114.7,315.2007692,539.79,0.416067787,-0.222077465,MPF-15243-20250430-09_05_01,10147.8,215.2004231,279.0421456,0.228788818,0.5,841.1774602,9.234116397,96.22599826,0.011241616,0.934438967,203.9277782,DARK-15244-20250430-09_05_08,150.91,150.91,0.459185638,0.498249071,0.670509809,-1.76560157,1.16099892,0.34939879,0.65060121,15243,290,265.33,75,10147.8,265.2,0.13,300,23.9,279.0421456,2.221864092,-14.04740215,1.982923335,0.641878351,-0.00754939,290,265.86,665,10131.7,265.18,0.68,None,None,None,None,None,None,None,None,None,None,None,None,None,1000,841.1774602,0.841193723,0.161903886,2,0.5,0: Broadleaf,2,1745993098,416.7032,420.0234333,10.15116,9.575951333,417.4363,10.16694667,599.9912,100.1819,0.05846164,26.02389,24.81755667,999.9,0,0,5007.166667,0,156.1556,-3.320195667,420.9766667,424.0843333,0.575206267,420.0234333,9.575951333,1.016961,0.959335833,7.161667333,6.31299,999.9806667,0.9600091,0.03999067,0,215.3338333,4.99918,2378.28,9523.745333,36.04973333,38.0122,37.01433333,36.556,38.50803333,955.1913333,39.79,0,37.4000001,0,215.2004231,-35.0494701,-301.9685472,2377.524615,15,1745992917,9:01:56,1745992917,1745992901,1,-0.344,0.011,-0.724,-0.032,420,9,1.7,0.53,-3.278679756,-0.733628571,0.144738646,0,217.6469118,-40.45532467,4.002239244,0,0.582167073,-0.103714955,0.010881199,0,0,3,0/3,3.22047,2.66666,0.101774,0.103286,0.0599333,0.0579453,26877.3,24555.5,28407,25076.1,34231.7,24964.9,40453.2,27880.3,1.9944,1.6436,0.209957,0,21.3358,999.9,27.8,25.5,9.08963,29.52,19.1186,1,-0.166585,0,20.277,5.22927,11.9021,4.9616,3.292,9999,9999,9999,999.9,4.97232,1.85394,1.85593,1.85608,1.85593,1.85562,1.85059,1.85269,0,0,0,0,11111111,oooooooo,on,on,on,on,0,100,100,-0.732,-0.0156,-1.623211731,0.00151024,1.49E-06,5.40E-12,-0.053199391,-0.011177753,0.001682567,-2.18E-05,3,2244,0,20,3.1,3.4,1.02051,2.49146,1.59424,2.14111,1.50269,2.30713,29.7937,23.9649,18,612.471,426.808,25.003,25.4718,29.9991,25.7418,25.8589,20.4985,-30,-30,-999.9,420,0,101.133,75.1832
315,1745993145,262.5,20250430 09:05:45,9:05:45,15,D,6,21%,5558.16,1745993137,0.00154025,1.540250141,8.381333114,416.9854333,222.2903524,22.28248829,41.79881373,0.074215168,1.99036429,0.072711398,0.045577194,129.9807837,26.39260783,24.56726333,3.098562808,30.42520186,1.018771579,3.348446409,2.07979123,-67.92503123,139.8206505,14.89213556,216.7685385,0,0,1,0,25964,RECT-12807-20250324-17_57_43,10114.7,315.2007692,539.79,0.416067787,-0.222077465,MPF-15245-20250430-09_05_40,10142.1,209.4081154,291.0657532,0.280547048,0.5,673.1861585,8.381333114,94.43019471,0.012780136,0.854529412,210.2758173,DARK-15246-20250430-09_05_47,147.51,147.51,0.493207296,0.568821771,0.634047738,-3.383367866,1.107462927,0.400685997,0.599314003,15245,290,274.52,135,10142.1,274.08,0.44,300,23.9,291.0657532,2.904868343,-17.22772938,2.583843184,0.613554967,-0.007715749,290,273.24,795,10127.1,274.05,-0.81,None,None,None,None,None,None,None,None,None,None,None,None,None,800,673.1861585,0.841490973,0.162477577,2,0.5,0: Broadleaf,2,1745993137,416.9854333,419.9933,10.16327667,9.655077667,417.7177,10.17887,599.9996667,100.1819,0.05856499,25.87029,24.56726333,999.9,0,0,5001,0,157.8333,-3.007885667,421.2669,424.0879333,0.5082073,419.9933,9.655077667,1.018177667,0.967264033,7.179117333,6.43238,799.9921333,0.9499915,0.050008293,0,209.4840333,4.99918,1901.626333,7584.698333,36.65186667,39.1081,37.70806667,37.95386667,39.2227,755.2363333,39.759,0,37.4000001,0,209.4081154,-26.618906,-207.631795,1901.138846,15,1745992917,9:01:56,1745992917,1745992901,1,-0.344,0.011,-0.724,-0.032,420,9,1.7,0.53,-2.99552925,-0.203858724,0.130198288,1,211.0158529,-30.82974792,3.065795234,0,0.513194075,-0.11103752,0.011204899,0,1,3,01-Mar,3.21979,2.66699,0.101852,0.103309,0.0599638,0.0583336,26881.2,24559,28413.2,25079.8,34236.8,24958.5,40460.4,27884.7,1.9946,1.6462,0.198931,0,21.2535,999.9,27.9,25.6,9.17587,29.44,19.0865,1,-0.17561,0,20.2787,5.23406,11.9021,4.9616,3.292,9999,9999,9999,999.9,4.97241,1.85394,1.85593,1.85608,1.85593,1.85559,1.85059,1.85272,0,0,0,0,11111111,oooooooo,on,on,on,on,0,100,100,-0.732,-0.0156,-1.623211731,0.00151024,1.49E-06,5.40E-12,-0.053199391,-0.011177753,0.001682567,-2.18E-05,3,2244,0,20,3.8,4.1,1.02051,2.49023,1.59424,2.14478,1.50269,2.47925,29.9006,23.9824,18,611.548,427.592,24.945,25.3597,29.9992,25.6443,25.7679,20.5013,-30,-30,-999.9,420,0,101.153,75.1947
316,1745993185,302,20250430 09:06:24,9:06:24,15,D,6,21%,5558.16,1745993177,0.001343377,1.343376643,7.688882474,417.2565667,217.9521837,21.84756957,41.82587995,0.066179756,1.991138321,0.064981612,0.040719349,98.06812213,26.06564535,24.31062333,3.05131605,30.73387618,1.021127495,3.322481971,2.030188555,-59.24290994,153.3233633,16.29212456,208.4407,0,0,1,0,24846,RECT-12807-20250324-17_57_43,10114.7,315.2007692,539.79,0.416067787,-0.222077465,MPF-15247-20250430-09_06_20,10137,205.92292,308.6840483,0.332900676,0.5,505.1969784,7.688882474,84.0902078,0.015659159,0.748681226,219.3190623,DARK-15248-20250430-09_06_27,156.27,156.27,0.49375421,0.674223469,0.602591655,-15.7688399,1.029016177,0.511652134,0.488347866,15247,290,293.67,215,10137,293.77,-0.1,300,23.9,308.6840483,2.405718815,-15.11877708,2.132880001,0.642153697,-0.007882542,290,294,635,10130.9,293.76,0.24,None,None,None,None,None,None,None,None,None,None,None,None,None,600,505.1969784,0.841992999,0.163446489,2,0.5,0: Broadleaf,2,1745993177,417.2565667,420.0062333,10.18680667,9.743598333,417.9880667,10.20201,600.0302,100.1819667,0.058229153,25.73893,24.31062333,999.9,0,0,5004.166667,0,166.773,-2.749722667,421.5508333,424.1389667,0.443202667,420.0062333,9.743598333,1.020534333,0.9761333,7.212881333,6.564922333,600.0014,0.933006133,0.06699382,0,206.0765,4.99918,1454.227667,5645.205667,37.1123,39.92466667,38.28933333,39.12686667,39.7852,555.141,39.86,0,37.4000001,0,205.92292,-22.48969228,-118.36,1453.2376,15,1745992917,9:01:56,1745992917,1745992901,1,-0.344,0.011,-0.724,-0.032,420,9,1.7,0.53,-2.766710488,-0.076277561,0.116958655,1,207.2628529,-24.39326203,2.431091865,0,0.449467854,-0.131229324,0.01350374,0,1,3,01-Mar,3.22097,2.66669,0.101891,0.103371,0.0600846,0.0587378,26887,24562.2,28420.2,25084.4,34241.2,24951.4,40470.6,27888.8,1.9972,1.6476,0.187725,0,21.1783,999.9,28.1,25.6,9.24266,29.38,19.0304,1,-0.184695,0,20.2804,5.23406,11.9021,4.9616,3.292,9999,9999,9999,999.9,4.97235,1.85394,1.85593,1.85611,1.85593,1.85562,1.85056,1.85272,0,0,0,0,11111111,oooooooo,on,on,on,on,0,100,100,-0.732,-0.0152,-1.623211731,0.00151024,1.49E-06,5.40E-12,-0.053199391,-0.011177753,0.001682567,-2.18E-05,3,2244,0,20,4.5,4.7,1.02051,2.49512,1.59424,2.14478,1.50269,2.37671,29.9861,23.9737,18,612.292,427.673,24.883,25.2457,29.999,25.5421,25.6733,20.4995,-30,-30,-999.9,420,0,101.178,75.2072
317,1745993224,341.5,20250430 09:07:04,9:07:04,15,D,6,21%,5558.16,1745993216,0.001162843,1.162842577,6.924152035,417.5160667,214.2438694,21.47564338,41.85149465,0.058191112,1.987791215,0.057261044,0.035870477,82.094699,25.8981949,24.13623667,3.019572407,31.0350159,1.025007744,3.302745994,1.994564663,-51.28135763,160.9891086,17.11180873,208.9142587,0,0,1,0,26634,RECT-12807-20250324-17_57_43,10114.7,315.2007692,539.79,0.416067787,-0.222077465,MPF-15249-20250430-09_06_59,10139.3,208.5002308,329.7867933,0.367772649,0.5,421.1978237,6.924152035,77.45251966,0.016966445,0.636784768,229.765109,DARK-15250-20250430-09_07_06,152.88,152.88,0.536427768,0.685595846,0.542770171,8.315258624,0.935054659,0.502703966,0.497296034,15249,290,316.76,165,10139.3,315.38,1.38,300,23.9,329.7867933,2.518144497,-14.60306479,2.228727316,0.605251904,-0.007965737,290,314.86,825,10124.8,315.36,-0.5,None,None,None,None,None,None,None,None,None,None,None,None,None,500,421.1978237,0.842375936,0.164185556,2,0.5,0: Broadleaf,2,1745993216,417.5160667,419.9860667,10.22561333,9.841945,418.2468,10.24020667,599.9722667,100.1812333,0.05801011,25.63848,24.13623667,999.9,0,0,4990.5,0,174.6039667,-2.470069667,421.8295,424.1607,0.383672933,419.9860667,9.841945,1.024414667,0.985978933,7.268336,6.710808667,500.0117,0.920005367,0.079994697,0,208.6066,4.99918,1247.739667,4676.497333,37.52686667,40.6101,38.83523333,40.14136667,40.26223333,455.4143333,39.6,0,37.4000001,0,208.5002308,-28.165812,-130.6499146,1247.431923,15,1745992917,9:01:56,1745992917,1745992901,1,-0.344,0.011,-0.724,-0.032,420,9,1.7,0.53,-2.46931225,0.191523715,0.110100736,1,209.7682941,-26.4231933,2.652950428,0,0.3877086,-0.099087827,0.010017479,1,2,3,02-Mar,3.22077,2.66664,0.101999,0.103378,0.0603198,0.0592522,26890.8,24566.1,28427.1,25088.1,34240.1,24942.3,40479.3,27894,1.9986,1.649,0.182688,0,21.0972,999.9,28.3,25.7,9.3636,29.39,19.2268,1,-0.193354,0,20.2815,5.23286,11.9021,4.9616,3.292,9999,9999,9999,999.9,4.97238,1.85394,1.85599,1.85611,1.85593,1.85562,1.85059,1.85272,0,0,0,0,11111111,oooooooo,on,on,on,on,0,100,100,-0.73,-0.0144,-1.623211731,0.00151024,1.49E-06,5.40E-12,-0.053199391,-0.011177753,0.001682567,-2.18E-05,3,2244,0,20,5.1,5.4,1.02051,2.49146,1.59424,2.14355,1.50269,2.44385,30.0718,23.9737,18,612.189,427.73,24.8189,25.1367,29.9988,25.4416,25.5766,20.5058,-30,-30,-999.9,420,0,101.201,75.2198
318,1745993264,381,20250430 09:07:43,9:07:43,15,D,6,21%,5558.16,1745993256,0.001028372,1.028371765,6.283789836,417.7452667,212.3788611,21.28861473,41.8743089,0.052121498,1.990841682,0.051375117,0.032175617,66.12788089,25.71186092,23.99104333,2.993363483,31.28719256,1.027128877,3.282905218,1.966234606,-45.35119484,165.9243483,17.58750045,204.2885348,0,0,1,0,25697,RECT-12807-20250324-17_57_43,10114.7,315.2007692,539.79,0.416067787,-0.222077465,MPF-15251-20250430-09_07_39,10133.3,212.22484,368.880387,0.424678439,0.5,337.1906812,6.283789836,71.59880609,0.019294327,0.46331987,248.0826532,DARK-15252-20250430-09_07_46,155.94,155.94,0.577261341,0.735677948,0.445251043,2.918343191,0.76098757,0.540566407,0.459433593,15251,290,350.16,265,10133.3,349.45,0.71,300,23.9,368.880387,2.597959634,-19.69036387,2.295471245,0.724357021,-0.008049007,290,348.11,775,10124.9,349.43,-1.32,None,None,None,None,None,None,None,None,None,None,None,None,None,400,337.1906812,0.842962092,0.165316837,2,0.5,0: Broadleaf,2,1745993256,417.7452667,419.9830333,10.24681333,9.907539667,418.4754,10.26105333,600.0078,100.181,0.057859047,25.53696667,23.99104333,999.9,0,0,5003,0,176.2206667,-2.237756667,422.0700333,424.1856667,0.339277567,419.9830333,9.907539667,1.026536667,0.992546867,7.298553,6.807422,400.0069333,0.900008467,0.099991773,0,212.3833,4.99918,1045.289667,3707.138333,37.88946667,41.19146667,39.30186667,40.98103333,40.6831,355.5103333,39.495,0,37.4000001,0,212.22484,-22.07815382,-85.49384617,1044.6088,15,1745992917,9:01:56,1745992917,1745992901,1,-0.344,0.011,-0.724,-0.032,420,9,1.7,0.53,-2.204110976,-0.553637979,0.130384793,0,213.1207647,-17.01185637,1.852910716,0,0.345215415,-0.139928843,0.014314418,0,0,3,0/3,3.22082,2.66654,0.102045,0.103414,0.0603919,0.0595709,26896.2,24570.3,28434,25093.1,34244.9,24938.9,40487.9,27899.6,2.0002,1.6496,0.176996,0,21.0215,999.9,28.4,25.7,9.39556,29.39,19.1426,1,-0.201301,0,20.2823,5.22927,11.9021,4.962,3.292,9999,9999,9999,999.9,4.97238,1.854,1.85596,1.8562,1.85593,1.85562,1.85059,1.85272,0,0,0,0,11111111,oooooooo,on,on,on,on,0,100,100,-0.73,-0.0142,-1.623211731,0.00151024,1.49E-06,5.40E-12,-0.053199391,-0.011177753,0.001682567,-2.18E-05,3,2244,0,20,5.8,6,1.02051,2.49512,1.59302,2.14355,1.50269,2.46094,30.1361,23.9824,18,612.226,427.343,24.7538,25.0275,29.9991,25.3403,25.4806,20.5052,-30,-30,-999.9,420,0,101.224,75.2348
319,1745993303,420.5,20250430 09:08:23,9:08:23,15,D,6,21%,5558.16,1745993295,0.000866325,0.866324948,5.691310467,417.9687,201.5595829,20.20436068,41.89724073,0.044531092,1.989026641,0.043984551,0.02753889,49.59098636,25.54909584,23.84176,2.96662387,31.5819534,1.031657481,3.266604404,1.93496639,-38.2049302,172.7946537,18.31094005,202.4916499,0,0,1,0,25525,RECT-12807-20250324-17_57_43,10114.7,315.2007692,539.79,0.416067787,-0.222077465,MPF-15253-20250430-09_08_18,10123.2,220.47892,427.8175616,0.484642661,0.5,252.9004054,5.691310467,61.28316275,0.023382279,0.261729411,273.4142574,DARK-15254-20250430-09_08_25,166.44,166.44,0.610955662,0.793253408,0.299912785,1.841098803,0.498565483,0.598828665,0.401171335,15253,290,404.19,265,10123.2,403.43,0.76,300,23.9,427.8175616,2.571932891,-24.68595326,2.2664902,0.80904231,-0.008124249,290,400.86,755,10115,403.41,-2.55,None,None,None,None,None,None,None,None,None,None,None,None,None,300,252.9004054,0.842949838,0.165293187,2,0.5,0: Broadleaf,2,1745993295,417.9687,419.9865333,10.29186,10.00605267,418.6982,10.30537333,599.9908,100.1823667,0.05777269,25.45316333,23.84176,999.9,0,0,4995.5,0,174.8296,-2.017867333,422.3151,424.2314,0.285800833,419.9865333,10.00605267,1.031062667,1.002430333,7.362858,6.951733333,300.0183333,0.899996233,0.100003697,0,220.5310333,4.99918,858.2695333,2768.738,38.18493333,41.7143,39.75593333,41.7143,41.04976667,265.5173333,29.5,0,37.4000001,0,220.47892,-5.593846149,-31.23238463,858.03696,15,1745992917,9:01:56,1745992917,1745992901,1,-0.344,0.011,-0.724,-0.032,420,9,1.7,0.53,-2.034245,0.471012383,0.116423132,1,219.9872647,6.121940423,1.483676402,0,0.289319275,-0.077952709,0.008382587,1,2,3,02-Mar,3.22105,2.66618,0.102136,0.103441,0.0606215,0.0600557,26900,24573.3,28440.5,25096.5,34243.4,24929.2,40496,27903.3,2.0012,1.6508,0.173151,0,20.9474,999.9,28.5,25.8,9.48544,30,19.0625,1,-0.209431,0,20.283,5.22927,11.9021,4.962,3.292,9999,9999,9999,999.9,4.97238,1.85394,1.85593,1.85617,1.85593,1.85562,1.85059,1.85272,0,0,0,0,11111111,oooooooo,on,on,on,on,0,100,100,-0.73,-0.0134,-1.623211731,0.00151024,1.49E-06,5.40E-12,-0.053199391,-0.011177753,0.001682567,-2.18E-05,3,2244,0,20,6.4,6.7,1.02051,2.49634,1.59424,2.14355,1.50269,2.40601,30.179,23.9824,18,611.867,427.304,24.6868,24.9242,29.9991,25.2427,25.3867,20.506,-30,-30,-999.9,420,0,101.245,75.2449
320,1745993343,460,20250430 09:09:02,9:09:02,15,D,6,21%,5558.16,1745993335,0.000739367,0.739366517,4.595072802,418.3413333,215.7827319,21.6311158,41.93658012,0.038498866,1.989453158,0.038089719,0.023842472,33.05365651,25.37993072,23.71285667,2.943703003,31.87454509,1.036460968,3.251688661,1.907242034,-32.60606339,178.3982621,18.88110116,197.7269564,0,0,1,0,25297,RECT-12807-20250324-17_57_43,10114.7,315.2007692,539.79,0.416067787,-0.222077465,MPF-15255-20250430-09_08_58,10125.1,228.8654,506.0583069,0.547748951,0.5,168.6086166,4.595072802,46.17759646,0.028570012,0.066655744,303.392013,DARK-15256-20250430-09_09_05,178.95,178.95,0.646384621,0.847404059,0.093481025,1.452355041,0.150192834,0.662585766,0.337414234,15255,290,479.4,195,10125.1,478.92,0.48,300,23.9,506.0583069,2.342120606,-27.47702797,2.060368574,0.863977491,-0.008202975,290,475.85,785,10112.8,478.89,-3.04,None,None,None,None,None,None,None,None,None,None,None,None,None,200,168.6086166,0.842924933,0.165245121,2,0.5,0: Broadleaf,2,1745993335,418.3413333,419.9761,10.33929,10.09538667,419.0699,10.35202333,600.0098333,100.1873,0.057588033,25.37616,23.71285667,999.9,0,0,4997,0,169.5645667,-1.634772667,422.7119,424.2592667,0.243906767,419.9761,10.09538667,1.035864,1.011429333,7.430836333,7.082051333,200.0280333,0.900001967,0.099997913,0,228.6124333,4.99918,652.4266333,1830.337667,37.83936667,41.01433333,39.5268,40.63513333,40.6352,175.527,19.50233333,0,37.4000001,0,228.8654,24.30953849,36.63307692,652.77388,15,1745992917,9:01:56,1745992917,1745992901,1,-0.344,0.011,-0.724,-0.032,420,9,1.7,0.53,-1.664400244,0.576861951,0.150382694,0,226.8296471,34.18600461,3.509205213,0,0.248469634,-0.086185401,0.009550065,1,1,3,01-Mar,3.22087,2.66601,0.10225,0.103439,0.0608822,0.0604731,26903.3,24575.8,28447.3,25098.6,34240.9,24920.9,40504.2,27906.5,2.0032,1.6518,0.168532,0,20.8809,999.9,28.7,25.8,9.55141,29.79,19.3269,1,-0.217012,0,20.2821,5.23167,11.9021,4.9616,3.292,9999,9999,9999,999.9,4.97241,1.85397,1.85593,1.85617,1.85593,1.85562,1.85059,1.85272,0,0,0,0,11111111,oooooooo,on,on,on,on,0,100,100,-0.728,-0.0125,-1.623211731,0.00151024,1.49E-06,5.40E-12,-0.053199391,-0.011177753,0.001682567,-2.18E-05,3,2244,0,20,7.1,7.4,1.02051,2.4939,1.59424,2.14233,1.50269,2.36206,30.2434,23.9737,18,612.237,427.16,24.6216,24.8221,29.9991,25.1464,25.2928,20.5118,-30,-30,-999.9,420,0,101.267,75.2523
321,1745993382,499.5,20250430 09:09:42,9:09:42,15,D,6,21%,5558.25,1745993374,0.00063327,0.633270292,3.046891522,418.8899667,261.7648411,26.24241359,41.99450051,0.033486786,1.989944745,0.03317685,0.020763139,16.51347655,25.16976686,23.56195667,2.917067697,32.23299131,1.041266333,3.230436552,1.875801364,-27.92721987,182.8033529,19.31709623,190.7067058,0,0,1,0,26198,RECT-12807-20250324-17_57_43,10114.7,315.2007692,539.79,0.416067787,-0.222077465,MPF-15257-20250430-09_09_37,10121.3,230.1671538,557.4725244,0.587123771,0.5,84.30297671,3.046891522,24.74814078,0.038776436,-0.031719096,321.1490279,DARK-15258-20250430-09_09_44,183.97,183.97,0.669992705,0.876313677,-0.049695139,1.350984436,-0.078732735,0.7004276,0.2995724,15257,290,537.49,195,10121.3,535.66,1.83,300,23.9,557.4725244,3.259013108,-22.0759111,2.861379617,0.680084845,-0.008282722,290,535.48,705,10111.9,535.64,-0.16,None,None,None,None,None,None,None,None,None,None,None,None,None,100,84.30297671,0.842849453,0.165099445,2,0.5,0: Broadleaf,2,1745993374,418.8899667,419.9940333,10.38650333,10.17760333,419.6169,10.39844667,599.9931333,100.1942333,0.057631957,25.26591,23.56195667,999.9,0,0,4998.666667,0,157.8644333,-1.1039458,423.2863667,424.3123333,0.208886667,419.9940333,10.17760333,1.040666667,1.019737667,7.498524667,7.201479,100.0213933,0.899999467,0.100000763,0,230.1206667,4.99918,420.0818667,891.7783,36.51853333,39.3664,38.33936667,38.32263333,39.33936667,85.52,9.5,0,37.4000001,0,230.1671538,12.45285472,3.306222231,420.0805,15,1745992917,9:01:56,1745992917,1745992901,1,-0.344,0.011,-0.724,-0.032,420,9,1.7,0.53,-1.1298316,0.803050131,0.156684576,0,229.5907941,12.13654701,1.311563947,0,0.211864475,-0.071606038,0.007704626,1,1,3,01-Mar,3.22086,2.66584,0.102357,0.103521,0.0610907,0.0608753,26905.3,24578.6,28452.3,25103.4,34239.8,24914,40511.7,27910.7,2.003,1.6526,0.162721,0,20.8249,999.9,28.8,25.9,9.64238,29.47,19.2027,1,-0.224512,0,20.2833,5.23526,11.9021,4.9616,3.292,9999,9999,9999,999.9,4.97235,1.854,1.85596,1.85617,1.85593,1.85562,1.85059,1.85275,0,0,0,0,11111111,oooooooo,on,on,on,on,0,100,100,-0.727,-0.0119,-1.623211731,0.00151024,1.49E-06,5.40E-12,-0.053199391,-0.011177753,0.001682567,-2.18E-05,3,2244,0,20,7.8,8,1.02173,2.49512,1.59424,2.13989,1.50269,2.35107,30.2864,23.9824,18,611.031,426.885,24.5553,24.7239,29.999,25.0497,25.1984,20.5146,-30,-30,-999.9,420,0,101.285,75.2652
322,1745993422,539,20250430 09:10:21,9:10:21,15,D,6,21%,5558.16,1745993414,0.000531219,0.531219292,1.657242088,419.3659667,314.415917,31.52109753,42.04264105,0.028428378,1.989431729,0.028204611,0.01764784,8.241712717,24.99569192,23.44776,2.897051226,32.65405593,1.045972596,3.203193497,1.85107863,-23.42677076,179.7463139,18.97438424,183.5356401,0,0,1,0,26388,RECT-12807-20250324-17_57_43,10114.7,315.2007692,539.79,0.416067787,-0.222077465,RECT-15259-20250430-09_10_17,10115.1,232.84608,568.75,0.590600299,0.5,42.13649859,1.657242088,12.44291433,0.044600753,-0.050918681,324.859846,DARK-15260-20250430-09_10_24,185.5,185.5,0.673846154,0.876461631,-0.081740947,1.32480749,-0.128946521,0.698245092,0.301754908,15257,290,537.49,195,10121.3,535.66,1.83,300,23.9,557.4725244,3.259013108,-22.0759111,2.861379617,0.680084845,-0.008282722,290,535.48,705,10111.9,535.64,-0.16,None,None,None,None,None,None,None,None,None,None,None,None,None,50,42.13649859,0.842710028,0.164830353,2,0.5,0: Broadleaf,2,1745993414,419.3659667,419.9926667,10.43334333,10.25811,420.0916333,10.44452667,599.9736333,100.1955667,0.057301697,25.12365,23.44776,999.9,0,0,4996.5,0,145.5283,-0.6267253,423.7875,424.3457,0.1752259,419.9926667,10.25811,1.045375,1.027818,7.564615333,7.316789333,50.00118333,0.899668367,0.10033162,0,232.8678333,4.99918,299.7537667,422.2953333,35.3393,38.2581,37.25803333,36.87886667,38.24563333,40.487,4.517,0,37.4000001,0,232.84608,-2.89399999,-3.684153841,299.69616,15,1745992917,9:01:56,1745992917,1745992901,1,-0.344,0.011,-0.724,-0.032,420,9,1.7,0.53,-0.691447317,0.882284634,0.170542166,0,232.9558235,-1.578670733,0.467481832,0,0.180544098,-0.083116139,0.009229371,1,1,3,01-Mar,3.2206,2.66571,0.102514,0.103519,0.061346,0.0612616,26906.5,24581.4,28458.3,25105.9,34236.4,24906.6,40518.7,27914,2.0058,1.6532,0.160307,0,20.7588,999.9,29,25.9,9.7098,29.5,19.355,1,-0.231341,0,20.2836,5.23406,11.9021,4.9616,3.292,9999,9999,9999,999.9,4.97238,1.85407,1.85602,1.85623,1.85593,1.85562,1.85059,1.85272,0,0,0,0,11111111,oooooooo,on,on,on,on,0,100,100,-0.725,-0.011,-1.623211731,0.00151024,1.49E-06,5.40E-12,-0.053199391,-0.011177753,0.001682567,-2.18E-05,3,2244,0,20,8.4,8.7,1.02173,2.49756,1.59424,2.14111,1.50269,2.36206,30.3079,23.9737,18,611.98,426.516,24.4882,24.6268,29.9992,24.9545,25.1052,20.5165,-30,-30,-999.9,420,0,101.304,75.2735
323,1745994596,1713.1,20250430 09:29:55,9:29:55,15,D,6,2%,5557.71,1745994588,0.001700005,1.700004741,10.43795299,416.2419333,215.8390986,21.63774055,41.72800487,0.089496275,1.990499192,0.08731942,0.054765809,321.5060778,27.12884686,24.49832,3.085808125,36.85587122,1.175553894,3.189597355,1.910254232,-74.97020909,59.44393661,6.302648712,312.282454,0,0,1,0,25679,RECT-12807-20250324-17_57_43,10114.7,315.2007692,539.79,0.416067787,-0.222077465,MPF-15263-20250430-09_29_51,10140.7,265.54652,293.4326391,0.095034142,0.5,1681.172897,10.43795299,79.88441206,0.006340829,0.839570409,211.5083392,DARK-15264-20250430-09_29_58,175.27,175.27,0.402690851,0.235997768,0.67584045,-1.281052577,1.096924194,0.155766789,0.844233211,15263,290,280.99,105,10140.7,280.92,0.07,300,23.9,293.4326391,2.615750181,-12.69222131,2.370500154,0.505892771,-0.006711789,290,280.81,705,10126.5,280.9,-0.09,None,None,None,None,None,None,None,None,None,None,None,None,None,2000,1681.172897,0.840598637,0.16075537,2,0.5,0: Broadleaf,2,1745994588,416.2419333,419.9571,11.72629333,11.16627333,416.9762,11.71451,600.0035667,100.1929667,0.056435263,25.05225667,24.49832,999.9,0,0,5001,0,183.0925,-3.715044,421.1809,424.6993333,0.560013267,419.9571,11.16627333,1.174891667,1.118783,9.287148333,8.562572,1999.971,0.979996933,0.02000317,0,266.2016667,4.99918,5537.737667,19219.55333,36.83733333,38.43306667,37.63306667,36.8998,38.85386667,1955.068,39.90866667,0,1132.8,0,265.54652,-42.57269237,-839.1200014,5526.5328,15,1745992917,9:01:56,1745992917,1745992901,1,-0.344,0.011,-0.724,-0.032,420,9,1.7,0.53,-3.705135122,-0.240348084,0.112259206,1,268.4705,-44.9172956,4.463667559,0,0.553931902,0.091007833,0.010074776,1,2,3,02-Mar,3.22131,2.66476,0.102561,0.104153,0.0691046,0.0673552,26933.4,24575.5,28486.2,25115.5,33982.4,24754.5,40555.3,27925.7,2.0026,1.6934,0.258803,0,20.3311,999.9,30.3,27.1,10.8874,26.3386,18.5697,1,-0.267866,0,20.2641,5.22927,11.9021,4.9612,3.292,9999,9999,9999,999.9,4.97208,1.85385,1.8558,1.85605,1.85577,1.85547,1.85043,1.85257,0,0,0,0,11111111,oooooooo,on,on,on,on,0,100,100,-0.734,0.0118,-1.623211731,0.00151024,1.49E-06,5.40E-12,-0.053199391,-0.011177753,0.001682567,-2.18E-05,3,2244,0,20,28,28.3,1.03882,2.51099,1.59424,2.15332,1.50269,2.33643,31.107,24.105,18,602.479,443.98,23.886,24.0761,29.9998,24.2929,24.401,20.8783,-30,-30,-999.9,420,0,101.399,75.3037
324,1745994635,1752.6,20250430 09:30:35,9:30:35,15,D,6,2%,5557.71,1745994627,0.001673532,1.673532272,10.65161591,416.2213,211.2061542,21.17419589,41.72772035,0.089079883,1.990148202,0.086922603,0.054516099,289.567802,26.81289531,24.36270667,3.060853189,36.85090926,1.171397843,3.178748818,1.889455346,-73.80277318,67.8512956,7.188339748,290.8046642,0,0,1,0,25806,RECT-12807-20250324-17_57_43,10114.7,315.2007692,539.79,0.416067787,-0.222077465,MPF-15265-20250430-09_30_30,10142.4,249.78628,276.6504609,0.097105137,0.5,1513.191701,10.65161591,73.46934375,0.007185932,0.951162482,202.647453,DARK-15266-20250430-09_30_37,168.89,168.89,0.389518458,0.249295342,0.709462225,-0.69686034,1.171648071,0.168558058,0.831441942,15265,290,267.02,115,10142.4,266.02,1,300,23.9,276.6504609,2.795493569,-10.78018426,2.526238929,0.394067015,-0.006879561,290,266.31,755,10128.2,266.01,0.3,None,None,None,None,None,None,None,None,None,None,None,None,None,1800,1513.191701,0.840658164,0.160870256,2,0.5,0: Broadleaf,2,1745994627,416.2213,420.0041667,11.68433667,11.13299,416.9556667,11.67335,599.9775667,100.1975667,0.056121333,24.9951,24.36270667,999.9,0,0,4999.333333,0,182.4192667,-3.782843667,421.142,424.7326333,0.551350867,420.0041667,11.13299,1.170744,1.115499333,9.234631667,8.519189,1800.008333,0.9780008,0.021999093,0,250.0685667,4.99918,4714.830667,17281.96333,36.3414,37.76633333,37.00806667,36.18726667,38.3456,1755.518333,39.49,0,37.19999981,0,249.78628,-44.83069239,-823.2846167,4710.2992,15,1745992917,9:01:56,1745992917,1745992901,1,-0.344,0.011,-0.724,-0.032,420,9,1.7,0.53,-3.755571951,-0.441774146,0.127265198,1,252.9406471,-60.69870133,6.137803467,0,0.551324463,0.004602606,0.003967556,1,2,3,02-Mar,3.22151,2.66449,0.102563,0.104199,0.0688923,0.0672089,26935.4,24576.5,28488.2,25117.6,33992.3,24759.9,40557.7,27927.4,2.0038,1.6936,0.251532,0,20.1803,999.9,30.1,27.1,10.8162,26.4386,18.3774,1,-0.270813,0,20.2667,5.23526,11.9021,4.9616,3.292,9999,9999,9999,999.9,4.97208,1.85385,1.85583,1.85605,1.85577,1.85547,1.85046,1.85257,0,0,0,0,11111111,oooooooo,on,on,on,on,0,100,100,-0.734,0.0108,-1.623211731,0.00151024,1.49E-06,5.40E-12,-0.053199391,-0.011177753,0.001682567,-2.18E-05,3,2244,0,20,28.6,28.9,1.03882,2.50854,1.59424,2.15088,1.50269,2.45361,31.0853,24.0787,18,602.952,443.818,23.8312,24.0378,29.9998,24.2601,24.3668,20.8801,-30,-30,-999.9,420,0,101.406,75.3092
325,1745994675,1792.1,20250430 09:31:14,9:31:14,15,D,6,2%,5557.71,1745994667,0.00162734,1.62733972,10.41256565,416.2832667,215.5015893,21.6056147,41.73545027,0.088919938,1.990517736,0.086770686,0.054420454,257.6338687,26.41987864,24.05986333,3.005761316,36.94648459,1.164592861,3.152107364,1.841168454,-71.76568163,85.22209621,9.006798476,280.0970818,0,0,1,0,25702,RECT-12807-20250324-17_57_43,10114.7,315.2007692,539.79,0.416067787,-0.222077465,MPF-15267-20250430-09_31_10,10136.3,239.05408,266.2941991,0.102293325,0.5,1345.01434,10.41256565,68.79299468,0.007906714,1.02704378,197.0344757,DARK-15268-20250430-09_31_17,164.91,164.91,0.380722522,0.268682096,0.729555593,-0.556982816,1.217760086,0.185348706,0.814651294,15267,290,259.64,175,10136.3,258.41,1.23,300,23.9,266.2941991,2.585936568,-7.994450114,2.32897242,0.296178246,-0.007047014,290,258.27,695,10127.2,258.4,-0.13,None,None,None,None,None,None,None,None,None,None,None,None,None,1600,1345.01434,0.840747639,0.161042942,2,0.5,0: Broadleaf,2,1745994667,416.2832667,419.9800333,11.61603667,11.07987667,417.0175,11.60633667,599.9837667,100.2011667,0.05616678,24.85401,24.05986333,999.9,0,0,5000.666667,0,182.8932667,-3.696785333,421.1757667,424.6856,0.536169,419.9800333,11.07987667,1.163942667,1.110217333,9.148177667,8.449156333,1599.783667,0.975000533,0.024999377,0,239.2404,4.99918,4030.829667,15339.34,35.9852,37.56843333,36.7393,36.02686667,38.05596667,1554.916,39.86866667,0,37.19999981,0,239.05408,-34.12184623,-500.1369238,4028.0232,15,1745992917,9:01:56,1745992917,1745992901,1,-0.344,0.011,-0.724,-0.032,420,9,1.7,0.53,-3.713414146,0.468569686,0.121184589,1,241.6641471,-45.39277311,4.549252823,0,0.537112268,-0.014344098,0.004758259,1,2,3,02-Mar,3.22175,2.66471,0.102591,0.104219,0.0685705,0.0669286,26937.4,24577.3,28491.1,25118.8,34007.2,24767.9,40561.2,27928.1,2.0044,1.6942,0.243247,0,20.0414,999.9,30,27.2,10.8409,26.3486,18.5657,1,-0.273862,0,20.2699,5.23526,11.9021,4.962,3.292,9999,9999,9999,999.9,4.97214,1.85379,1.85583,1.85602,1.85577,1.8555,1.85043,1.85257,0,0,0,0,11111111,oooooooo,on,on,on,on,0,100,100,-0.734,0.0094,-1.623211731,0.00151024,1.49E-06,5.40E-12,-0.053199391,-0.011177753,0.001682567,-2.18E-05,3,2244,0,20,29.3,29.6,1.04004,2.51465,1.59424,2.15454,1.50269,2.36328,31.0853,24.0963,18,602.961,443.871,23.7732,23.9974,29.9998,24.2221,24.3306,20.8844,-30,-30,-999.9,420,0,101.415,75.3117
326,1745994714,1831.6,20250430 09:31:54,9:31:54,15,D,6,2%,5557.71,1745994706,0.001535843,1.535842909,10.09262308,416.4109667,215.0283376,21.5591122,41.75008212,0.08575881,1.990450056,0.083757737,0.052524485,225.7794927,26.05964083,23.77644333,2.954990198,36.89323535,1.1541926,3.128466747,1.800797599,-67.7306723,102.1039346,10.76908246,270.9218374,0,0,1,0,25832,RECT-12807-20250324-17_57_43,10114.7,315.2007692,539.79,0.416067787,-0.222077465,MPF-15269-20250430-09_31_49,10135.6,231.16636,258.2618593,0.104914831,0.5,1177.197279,10.09262308,61.7527267,0.008762083,1.09008795,192.602232,DARK-15270-20250430-09_31_56,154.15,154.15,0.403125183,0.260253726,0.73002837,-0.475869652,1.253524667,0.173546496,0.826453504,15269,290,254.43,165,10135.6,253.63,0.8,300,23.9,258.2618593,3.278833995,-4.696733747,2.94322239,0.083365066,-0.007213002,290,254.77,825,10122.7,253.62,1.15,None,None,None,None,None,None,None,None,None,None,None,None,None,1400,1177.197279,0.840867011,0.161273332,2,0.5,0: Broadleaf,2,1745994706,416.4109667,419.9884667,11.51179667,11.00572667,417.1446333,11.51679667,599.9812667,100.2056333,0.056092377,24.72793667,23.77644333,999.9,0,0,5000.166667,0,180.4106,-3.577624,421.2658667,424.6622333,0.519067833,419.9884667,11.00572667,1.154849,1.102835333,9.031892,8.350794333,1399.980333,0.970997167,0.029002773,0,231.2668,4.99918,3443.153,13400.16333,36.879,38.91433333,37.55393333,37.5164,38.98936667,1354.522667,40.46,0,37.19999981,0,231.16636,-24.93215389,-338.8192313,3441.2896,15,1745994732,9:32:12,1745992917,1745994732,2,-0.344,-0.003,-0.724,-0.005,420,11,1.7,0.51,-3.5817115,0.261382289,0.10087983,1,233.0707647,-33.03413291,3.348291206,0,0.5202565,-0.026798837,0.004345484,1,2,3,02-Mar,3.22126,2.66492,0.102606,0.104225,0.0681208,0.0665949,26938.3,24578.2,28492.3,25119.8,34025.6,24778.7,40563.4,27930.1,2.0062,1.695,0.231862,0,19.9317,999.9,29.8,27.2,10.771,26.3886,18.5938,1,-0.276911,0,20.2719,5.23406,11.9021,4.9616,3.292,9999,9999,9999,999.9,4.97211,1.85382,1.8558,1.85605,1.85574,1.85547,1.85043,1.85257,0,0,0,0,11111111,oooooooo,on,on,on,on,0,100,100,-0.734,-0.005,-1.623211731,0.00151024,1.49E-06,5.40E-12,-0.053199391,-0.011177753,0.001682567,-2.18E-05,3,2244,0,20,30,30.2,1.04004,2.50977,1.59424,2.15332,1.50269,2.33521,31.0853,24.1225,18,603.785,444.025,23.7153,23.9551,29.9998,24.1834,24.2924,20.8865,-30,-30,-999.9,420,0,101.42,75.3161
327,1745994763,1880.6,20250430 09:32:43,9:32:43,15,D,6,2%,5557.8,1745994755,0.001493075,1.493075092,9.531828141,416.604871,224.8079916,22.54039921,41.77093545,0.085208339,1.990567387,0.083232666,0.052194107,193.8073874,25.66810766,23.48825806,2.904135965,36.80006179,1.141812342,3.102745719,1.762323623,-65.84461157,118.2145665,12.44077406,258.6181163,0,0,1,0,25845,RECT-12807-20250324-17_57_43,10114.7,315.2007692,539.79,0.416067787,-0.222077465,MPF-15271-20250430-09_32_38,10131.4,221.76448,256.8695266,0.136664894,0.5,1009.203252,9.531828141,68.96132778,0.009664957,1.101417039,191.8268053,DARK-15272-20250430-09_32_45,151.63,151.63,0.409700318,0.333572829,0.72887591,-0.60182237,1.25972413,0.228078221,0.771921779,15271,290,250.64,185,10131.4,249.28,1.36,300,23.9,256.8695266,3.6346685,-7.688284638,3.251179224,0.166471377,-0.007377782,290,249.41,815,10118.9,249.27,0.14,None,None,None,None,None,None,None,None,None,None,None,None,None,1200,1009.203252,0.840985981,0.161502943,2,0.5,0: Broadleaf,2,1745994755,416.604871,419.9893226,11.38793226,10.89593226,417.186871,11.38505484,600.0292903,100.2089032,0.056212148,24.58981935,23.48825806,999.9,0,0,5000.483871,0,178.1408387,-3.536217097,421.2503871,424.6159032,0.492004581,419.9893226,10.89593226,1.141171935,1.09187,8.855459355,8.203580323,1200.023871,0.966999032,0.033000958,0,221.8880968,4.99918,2871.537742,11464.49355,37.72551613,40.03603226,38.40090323,39.1126129,39.88677419,1155.583871,39.44,0,46.79999995,0,221.76448,-8.148615389,-100.54,2870.31,15,1745994782,9:33:01,1745994782,1745994732,3,0.142,-0.003,-0.582,-0.005,420,11,1.8,0.51,-3.56141625,0.428930094,0.115340413,1,222.5035882,-12.01634837,1.246189442,0,0.49427435,-0.029104075,0.004819719,1,2,3,02-Mar,3.22088,2.66477,0.102669,0.104268,0.0675163,0.0660668,26940.2,24580.4,28496.1,25123.1,34051.2,24795.3,40567.3,27933,2.0058,1.6938,0.220388,0,19.8057,999.9,29.6,27.2,10.696,26.3386,18.6298,1,-0.280854,0,20.2736,5.23526,11.9021,4.9616,3.292,9999,9999,9999,999.9,4.97211,1.85382,1.8558,1.85605,1.85577,1.85547,1.85043,1.8526,0,0,0,0,11111111,oooooooo,on,on,on,on,0,100,100,-0.582,0.0024,-1.623211731,0.00151024,1.49E-06,5.40E-12,-0.055858114,-0.011177753,0.001682567,-2.18E-05,3,2244,0,20,30.8,0.5,1.04004,2.51465,1.59424,2.1521,1.50269,2.44507,31.0853,24.105,18,602.975,442.954,23.6427,23.9028,29.9996,24.1351,24.2463,20.8869,-30,-30,-999.9,420,0,101.431,75.3249
328,1745994813,1930.1,20250430 09:33:32,9:33:32,15,D,6,2%,5557.71,1745994805,0.001412213,1.412212681,9.034133144,416.7981935,228.3955456,22.89981165,41.7897823,0.082171076,1.990431901,0.08033198,0.050369295,161.905864,25.31094539,23.19734194,2.853577822,36.54706111,1.125948555,3.080818323,1.727629267,-62.27857923,136.7040248,14.35785242,250.6891619,0,0,1,0,25853,RECT-12807-20250324-17_57_43,10114.7,315.2007692,539.79,0.416067787,-0.222077465,MPF-15273-20250430-09_33_28,10133.9,215.7052308,256.3215463,0.158458452,0.5,841.1968979,9.034133144,66.64737932,0.01100362,1.10590958,191.5210366,DARK-15274-20250430-09_33_35,147.25,147.25,0.42552625,0.372382321,0.722139027,-0.689824246,1.262164053,0.254204761,0.745795239,15273,290,248.7,135,10133.9,248.23,0.47,300,23.9,256.3215463,3.167042904,-8.202415643,2.823497496,0.231599796,-0.007543605,290,248.63,655,10121.1,248.22,0.41,None,None,None,None,None,None,None,None,None,None,None,None,None,1000,841.1968979,0.84119451,0.161905404,2,0.5,0: Broadleaf,2,1745994805,416.7981935,420.0057097,11.22985806,10.76441613,417.3892903,11.22986774,600.012,100.2074839,0.056343919,24.47128065,23.19734194,999.9,0,0,5000,0,175.6472258,-3.207560323,421.5317742,424.576,0.465441258,420.0057097,10.76441613,1.125314839,1.078674839,8.648554516,8.024730323,1000.002839,0.959985742,0.040014242,0,215.7762903,4.99918,2357.025484,9523.881935,38.40496774,40.92516129,39.15496774,40.43116129,40.63683871,955.186129,39.81709677,0,47.39999986,0,215.7052308,-6.955965842,-53.90974361,2356.604615,15,1745994782,9:33:01,1745994782,1745994732,3,0.142,-0.003,-0.582,-0.005,420,11,1.8,0.51,-3.20933525,-0.163442814,0.112986898,1,216.2111176,-9.44916731,0.993341531,0,0.4666084,-0.043781088,0.005703056,1,2,3,02-Mar,3.2213,2.66457,0.10268,0.104236,0.0668076,0.0654572,26943.7,24583.3,28500,25125,34082.1,24814.6,40572.9,27936.5,2.0064,1.694,0.208855,0,19.6987,999.9,29.3,27.3,10.6518,26.3786,18.4054,1,-0.284837,0,20.2749,5.23047,11.9021,4.9616,3.292,9999,9999,9999,999.9,4.97208,1.85379,1.8558,1.85608,1.85577,1.85547,1.85043,1.85257,0,0,0,0,11111111,oooooooo,on,on,on,on,0,100,100,-0.591,-0.0005,-1.481183463,0.00151024,1.49E-06,5.40E-12,-0.055858114,-0.011177753,0.001682567,-2.18E-05,3,2244,0,20,0.5,1.3,1.04004,2.50732,1.59302,2.1521,1.50269,2.45117,31.0853,24.1225,18,602.885,442.712,23.5671,23.8515,29.9998,24.0888,24.2019,20.8905,-30,-30,-999.9,420,0,101.445,75.3324
329,1745994852,1969.6,20250430 09:34:12,9:34:12,15,D,6,2%,5557.71,1745994844,0.001342105,1.342104748,8.800811579,416.8699667,227.7725773,22.83762446,41.79748,0.079610505,1.990166211,0.077882717,0.04882881,129.9823205,24.98355607,22.91679667,2.80555296,36.26103183,1.11149769,3.065267682,1.69405527,-59.18681939,157.7187271,16.5366933,245.0509215,0,0,1,0,25863,RECT-12807-20250324-17_57_43,10114.7,315.2007692,539.79,0.416067787,-0.222077465,MPF-15275-20250430-09_34_07,10130,210.50652,259.2648965,0.188063934,0.5,673.1974813,8.800811579,63.30208349,0.013403034,1.082001873,193.1595339,DARK-15276-20250430-09_34_14,149.86,149.86,0.42198114,0.445669052,0.719424265,-0.871683485,1.24905857,0.317272663,0.682727337,15275,290,251.8,185,10130,251.64,0.16,300,23.9,259.2648965,2.858268199,-7.719929443,2.539870332,0.24809092,-0.007710038,290,251.34,765,10117,251.63,-0.29,None,None,None,None,None,None,None,None,None,None,None,None,None,800,673.1974813,0.841490505,0.162476675,2,0.5,0: Broadleaf,2,1745994844,416.8699667,419.9901667,11.08559667,10.64317333,417.461,11.08817333,599.9804333,100.2090667,0.05596402,24.38676667,22.91679667,999.9,0,0,4998.833333,0,173.1302333,-3.120113333,421.5430667,424.5082,0.442419167,419.9901667,10.64317333,1.110877,1.066543,8.457898333,7.858550667,800.0060333,0.950002167,0.049998173,0,210.6031,4.99918,1881.866667,7584.857,38.84143333,41.5226,39.71436667,41.3393,41.14346667,755.2576667,39.747,0,37.39999986,0,210.50652,-14.02138462,-95.93153861,1881.0224,15,1745994782,9:33:01,1745994782,1745994732,3,0.142,-0.003,-0.582,-0.005,420,11,1.8,0.51,-3.10604325,0.028470507,0.118804041,1,211.3484118,-14.41897632,1.457996855,0,0.44487335,-0.05679645,0.006328177,1,2,3,02-Mar,3.22129,2.66456,0.10272,0.104268,0.0661473,0.0648838,26943.9,24583.8,28501.3,25126.3,34107.9,24830.9,40574.6,27937.6,2.0082,1.6954,0.19744,0,19.6331,999.9,29,27.3,10.5416,26.3886,18.4816,1,-0.287927,0,20.2772,5.23406,11.9021,4.9616,3.292,9999,9999,9999,999.9,4.97208,1.85379,1.85577,1.85602,1.85577,1.85547,1.85043,1.85257,0,0,0,0,11111111,oooooooo,on,on,on,on,0,100,100,-0.591,-0.0031,-1.481183463,0.00151024,1.49E-06,5.40E-12,-0.055858114,-0.011177753,0.001682567,-2.18E-05,3,2244,0,20,1.2,2,1.04004,2.51099,1.59424,2.1521,1.50269,2.48413,31.0853,24.1488,18,603.72,443.212,23.51,23.8106,29.9998,24.0507,24.1642,20.8911,-30,-30,-999.9,420,0,101.45,75.3358
330,1745994892,2009.1,20250430 09:34:51,9:34:51,15,D,6,2%,5557.71,1745994884,0.001273138,1.273138034,8.117470412,417.1304667,236.0944963,23.67104847,41.82187916,0.076799729,1.990358075,0.075190615,0.047135899,98.08299323,24.64591546,22.65523,2.761415424,35.97278726,1.096444596,3.047983432,1.664970828,-56.1453873,175.6741188,18.38442668,235.9961514,0,0,1,0,25810,RECT-12807-20250324-17_57_43,10114.7,315.2007692,539.79,0.416067787,-0.222077465,MPF-15277-20250430-09_34_47,10130.4,203.5821923,269.992253,0.245970245,0.5,505.2705945,8.117470412,62.14076602,0.016505112,0.999279587,199.0517664,DARK-15278-20250430-09_34_54,143.33,143.33,0.469132916,0.524308222,0.680516942,-1.468972357,1.20129423,0.369133944,0.630866056,15277,290,260.28,275,10130.4,258.76,1.52,300,23.9,269.992253,3.245828276,-11.38310792,2.876564862,0.358670972,-0.007878794,290,258.32,855,10120.6,258.74,-0.42,None,None,None,None,None,None,None,None,None,None,None,None,None,600,505.2705945,0.841993557,0.163447565,2,0.5,0: Broadleaf,2,1745994884,417.1304667,420.0133,10.93591333,10.51617667,417.7207,10.94114,600.0024333,100.2047667,0.05614089,24.29239,22.65523,999.9,0,0,4999.833333,0,171.3081,-2.882871,421.7425,424.4771667,0.419739933,420.0133,10.51617667,1.095830333,1.053770667,8.256896,7.681816667,600.0884333,0.932989467,0.067010383,0,203.6168667,4.99918,1407.479,5646.002667,39.0519,41.74556667,40.08106667,41.63513333,41.42683333,555.212,39.877,0,37.39999986,0,203.5821923,-9.453504318,-75.76683765,1407.319231,15,1745994782,9:33:01,1745994782,1745994732,3,0.142,-0.003,-0.582,-0.005,420,11,1.8,0.51,-2.8681005,-0.157965028,0.1011538,1,204.0268235,-9.340657014,1.061198947,0,0.422045175,-0.054075006,0.006189012,1,2,3,02-Mar,3.22094,2.66458,0.102784,0.104259,0.0654574,0.0642679,26943.7,24585.1,28503.1,25127.2,34135.4,24848,40577,27938.3,2.0086,1.695,0.18394,0,19.581,999.9,28.7,27.3,10.4337,26.3587,18.6979,1,-0.290366,0,20.2771,5.23526,11.9021,4.962,3.292,9999,9999,9999,999.9,4.97202,1.85379,1.85577,1.85596,1.85577,1.85547,1.85043,1.85257,0,0,0,0,11111111,oooooooo,on,on,on,on,0,100,100,-0.59,-0.0058,-1.481183463,0.00151024,1.49E-06,5.40E-12,-0.055858114,-0.011177753,0.001682567,-2.18E-05,3,2244,0,20,1.8,2.7,1.04004,2.51709,1.59424,2.15088,1.50269,2.37427,31.0853,24.14,18,603.579,442.688,23.4537,23.7707,29.9998,24.0126,24.128,20.8937,-30,-30,-999.9,420,0,101.456,75.3381
331,1745994931,2048.6,20250430 09:35:31,9:35:31,15,D,6,2%,5557.71,1745994923,0.001199574,1.199574156,7.974972535,417.1759333,230.3768649,23.09760519,41.82609657,0.072881314,1.990265282,0.071430472,0.044771992,82.09216958,24.43648497,22.48190333,2.732503568,35.67694396,1.080796082,3.029396474,1.651707485,-52.90122027,183.3177909,19.15853617,231.6672764,0,0,1,0,25700,RECT-12807-20250324-17_57_43,10114.7,315.2007692,539.79,0.416067787,-0.222077465,MPF-15279-20250430-09_35_26,10142.7,201.40328,280.7828441,0.282708028,0.5,421.1819728,7.974972535,59.53576242,0.019462015,0.922446515,204.8559065,DARK-15280-20250430-09_35_33,149.39,149.39,0.467951824,0.604139172,0.663440461,-2.306343675,1.153248333,0.448117583,0.551882417,15279,290,270.35,165,10142.7,269.63,0.72,300,23.9,280.7828441,2.022072889,-11.31141779,1.790326771,0.587738546,-0.007966072,290,268.22,675,10131.6,269.62,-1.4,None,None,None,None,None,None,None,None,None,None,None,None,None,500,421.1819728,0.842376581,0.164186802,2,0.5,0: Broadleaf,2,1745994923,417.1759333,420.0011333,10.77992333,10.38436667,417.7660333,10.78785667,599.9862667,100.2038333,0.05625655,24.19037667,22.48190333,999.9,0,0,4999.5,0,169.9050667,-2.825236,421.7220667,424.4083667,0.3955459,420.0011333,10.38436667,1.080189,1.040554667,8.045344333,7.496924,499.9925,0.919984867,0.08001494,0,201.5105333,4.99918,1183.177333,4676.288333,37.7914,40.04146667,39.12883333,39.20596667,40.16433333,455.387,39.60933333,0,37.39999986,0,201.40328,-12.83046156,-79.07538474,1182.5896,15,1745994782,9:33:01,1745994782,1745994732,3,0.142,-0.003,-0.582,-0.005,420,11,1.8,0.51,-2.819767561,-0.151541394,0.109855377,1,201.9750588,-10.90521008,1.229642582,0,0.398506512,-0.05736324,0.006501604,1,2,3,02-Mar,3.22108,2.66418,0.102791,0.104281,0.0647461,0.0636365,26945.4,24585.7,28504.9,25128.3,34163.2,24865.9,40578.9,27939.6,2.0096,1.6962,0.175983,0,19.5356,999.9,28.3,27.3,10.2871,26.4287,18.6058,1,-0.293333,0,20.2781,5.23286,11.9021,4.962,3.292,9999,9999,9999,999.9,4.97208,1.85379,1.8558,1.85605,1.85577,1.85547,1.85043,1.85257,0,0,0,0,11111111,oooooooo,on,on,on,on,0,100,100,-0.59,-0.0085,-1.481183463,0.00151024,1.49E-06,5.40E-12,-0.055858114,-0.011177753,0.001682567,-2.18E-05,3,2244,0,20,2.5,3.3,1.04004,2.51221,1.59302,2.15332,1.50269,2.4646,31.107,24.14,18,603.858,443.074,23.3987,23.7307,29.9999,23.9746,24.0905,20.8928,-30,-30,-999.9,420,0,101.461,75.3416
332,1745994971,2088.1,20250430 09:36:10,9:36:10,15,D,6,2%,5557.71,1745994963,0.001144978,1.144978326,7.316898834,417.3809667,238.3049628,23.89243919,41.84658703,0.069874938,1.990142744,0.06854006,0.042955347,66.12915192,24.19175405,22.33776,2.70866175,35.44243975,1.065317915,3.005769136,1.643343834,-50.49354418,184.7735515,19.2850375,219.6941967,0,0,1,0,25892,RECT-12807-20250324-17_57_43,10114.7,315.2007692,539.79,0.416067787,-0.222077465,MPF-15281-20250430-09_36_06,10143.6,200.01664,295.9512846,0.324156878,0.5,337.1947728,7.316898834,54.6520025,0.022357928,0.823915043,212.8138055,DARK-15282-20250430-09_36_13,152.89,152.89,0.483394707,0.670584252,0.630237052,-4.983751322,1.08570974,0.512585485,0.487414515,15281,290,286.56,235,10143.6,285.53,1.03,300,23.9,295.9512846,2.985769044,-10.56916952,2.640695501,0.363916195,-0.008053058,290,284.28,865,10133.3,285.52,-1.24,None,None,None,None,None,None,None,None,None,None,None,None,None,400,337.1947728,0.842962767,0.165318141,2,0.5,0: Broadleaf,2,1745994963,417.3809667,419.9791333,10.62556,10.24797,417.9704,10.63615,600.0224,100.2038,0.05613127,24.05990667,22.33776,999.9,0,0,4999,0,168.0136333,-2.598285667,421.8634667,424.3277,0.377600067,419.9791333,10.24797,1.064722,1.026884333,7.833471,7.303507333,400.0114667,0.899991,0.100009,0,200.0195,4.99918,962.0444667,3707.160667,36.62053333,38.92476667,38.1331,37.6748,39.10183333,355.5073333,39.50466667,0,37.39999986,0,200.01664,-15.85500001,-56.08261551,961.63488,15,1745994782,9:33:01,1745994782,1745994732,3,0.142,-0.003,-0.582,-0.005,420,11,1.8,0.51,-2.650597,0.547978537,0.16572719,0,200.3314706,-8.895126056,1.195553164,0,0.379688175,-0.04502131,0.005736565,1,1,3,01-Mar,3.22083,2.66444,0.102841,0.104307,0.0639975,0.0629784,26946.4,24586,28507.5,25129.2,34193,24884.3,40581.4,27940.4,2.0096,1.6962,0.169694,0,19.5071,999.9,28,27.4,10.2373,26.3987,18.5016,1,-0.295711,0,20.2792,5.23406,11.9021,4.9612,3.292,9999,9999,9999,999.9,4.97211,1.85379,1.85577,1.85593,1.85577,1.85547,1.85043,1.85257,0,0,0,0,11111111,oooooooo,on,on,on,on,0,100,100,-0.589,-0.0113,-1.481183463,0.00151024,1.49E-06,5.40E-12,-0.055858114,-0.011177753,0.001682567,-2.18E-05,3,2244,0,20,3.1,4,1.04004,2.50977,1.59424,2.15088,1.50269,2.47681,31.0853,24.1313,18,603.452,442.766,23.3459,23.6929,29.9999,23.9375,24.0528,20.8928,-30,-30,-999.9,420,0,101.469,75.344
333,1745995010,2127.6,20250430 09:36:50,9:36:50,15,D,6,2%,5557.71,1745995002,0.001085206,1.085206246,6.390605114,417.6937333,252.9778387,25.36315241,41.87730386,0.066655211,1.990329638,0.065439475,0.041007054,49.58449532,23.9386261,22.16844,2.680888312,35.19209711,1.049196097,2.981340082,1.631692216,-47.85759544,188.3830386,19.62955769,209.7394962,0,0,1,0,25783,RECT-12807-20250324-17_57_43,10114.7,315.2007692,539.79,0.416067787,-0.222077465,MPF-15283-20250430-09_36_45,10137,201.32012,328.6496402,0.387432404,0.5,252.8668509,6.390605114,48.98440597,0.026150848,0.64244817,229.2125546,DARK-15284-20250430-09_36_52,151.99,151.99,0.537531823,0.7207618,0.544456833,9.467673588,0.940117917,0.544151205,0.455848795,15283,290,317.16,265,10137,315.47,1.69,300,23.9,328.6496402,2.881773004,-13.36276194,2.543313694,0.496450954,-0.008131888,290,314.64,715,10131.3,315.46,-0.82,None,None,None,None,None,None,None,None,None,None,None,None,None,300,252.8668509,0.842950008,0.165293515,2,0.5,0: Broadleaf,2,1745995002,417.6937333,419.9749667,10.46492,10.10698,418.2823333,10.47818333,600.0165667,100.2024333,0.055962983,23.92406333,22.16844,999.9,0,0,4999.833333,0,166.9049333,-2.281317333,422.1109667,424.2631,0.357934167,419.9749667,10.10698,1.048610333,1.012744,7.609866667,7.101016667,299.9784667,0.899999667,0.100000237,0,201.3825,4.99918,765.3415,2768.366,35.54766667,38.07473333,37.2185,36.6352,38.14143333,265.4816667,29.498,0,37.39999986,0,201.32012,-5.846153883,-15.89861539,765.321,15,1745994782,9:33:01,1745994782,1745994732,3,0.142,-0.003,-0.582,-0.005,420,11,1.8,0.51,-2.284948293,0.209479233,0.120287766,1,200.9531471,4.777647059,1.150019875,0,0.361812878,-0.0621023,0.006940144,1,2,3,02-Mar,3.22018,2.66421,0.102892,0.104289,0.0632697,0.0622997,26946.9,24587.1,28509.6,25129.7,34222.6,24903.6,40584.7,27941.8,2.01,1.6956,0.159442,0,19.5004,999.9,27.6,27.4,10.0929,26.3187,18.5697,1,-0.298171,0,20.282,5.23167,11.9021,4.962,3.292,9999,9999,9999,999.9,4.97211,1.85379,1.85577,1.85605,1.85574,1.85547,1.85043,1.85257,0,0,0,0,11111111,oooooooo,on,on,on,on,0,100,100,-0.589,-0.0139,-1.481183463,0.00151024,1.49E-06,5.40E-12,-0.055858114,-0.011177753,0.001682567,-2.18E-05,3,2244,0,20,3.8,4.6,1.04004,2.51465,1.59424,2.1521,1.50269,2.48291,31.107,24.14,18,603.344,442.129,23.2934,23.6571,29.9999,23.9028,24.017,20.9001,-30,-30,-999.9,420,0,101.477,75.3467
334,1745995050,2167.1,20250430 09:37:29,9:37:29,15,D,6,2%,5557.71,1745995042,0.001023106,1.023106085,5.939457452,417.8707667,255.9878967,25.66458511,41.89448014,0.063045431,1.990639852,0.061956816,0.038819252,33.05041045,23.68046421,22.02609667,2.657733003,34.9333625,1.032637338,2.956020445,1.625095665,-45.11897836,188.4678485,19.6070769,196.0063574,0,0,1,0,25915,RECT-12807-20250324-17_57_43,10114.7,315.2007692,539.79,0.416067787,-0.222077465,MPF-15285-20250430-09_37_25,10122.8,207.31116,392.632818,0.471997371,0.5,168.5909303,5.939457452,39.78723797,0.03654725,0.374795929,258.6039041,DARK-15286-20250430-09_37_32,167.54,167.54,0.573290891,0.823312177,0.395318152,2.393345661,0.655228131,0.665365637,0.334634363,15285,290,375.7,285,10122.8,375,0.7,300,23.9,392.632818,2.89865258,-17.84864515,2.550574484,0.636224242,-0.008205514,290,374.19,685,10118.6,374.99,-0.8,None,None,None,None,None,None,None,None,None,None,None,None,None,200,168.5909303,0.842925571,0.165246351,2,0.5,0: Broadleaf,2,1745995042,417.8707667,419.9930333,10.2999,9.962387,418.4588667,10.3159,600.0173,100.2011667,0.055858907,23.78223667,22.02609667,999.9,0,0,5001.166667,0,171.1816,-2.122262333,422.2196333,424.2193333,0.337520967,419.9930333,9.962387,1.032062667,0.998243767,7.377038333,6.890750333,200.0069,0.8999945,0.100005367,0,207.1077,4.99918,579.1277333,1830.135,35.62903333,38.9935,37.5706,37.6206,38.38926667,175.505,19.50466667,0,37.39999986,0,207.31116,21.01807696,35.96200002,579.44652,15,1745994782,9:33:01,1745994782,1745994732,3,0.142,-0.003,-0.582,-0.005,420,11,1.8,0.51,-2.175493,0.681457261,0.137392802,0,205.3239412,30.36614212,3.103515482,0,0.340901875,-0.053623598,0.006366482,1,1,3,01-Mar,3.22057,2.66398,0.102956,0.104294,0.0624998,0.0616191,26946.1,24588.5,28510.6,25131.2,34251,24923.1,40584.7,27943.4,2.0106,1.6956,0.149727,0,19.5038,999.9,27.3,27.4,9.98172,26.2587,18.6338,1,-0.30002,0,20.2832,5.23286,11.9021,4.962,3.292,9999,9999,9999,999.9,4.97202,1.85379,1.85577,1.85608,1.85577,1.85544,1.85043,1.85257,0,0,0,0,11111111,oooooooo,on,on,on,on,0,100,100,-0.588,-0.0166,-1.481183463,0.00151024,1.49E-06,5.40E-12,-0.055858114,-0.011177753,0.001682567,-2.18E-05,3,2244,0,20,4.5,5.3,1.04004,2.51221,1.59424,2.15088,1.50269,2.48291,31.1287,24.14,18,603.401,441.869,23.2437,23.6261,29.9999,23.8697,23.9853,20.8982,-30,-30,-999.9,420,0,101.478,75.351
335,1745995089,2206.6,20250430 09:38:09,9:38:09,15,D,6,2%,5557.71,1745995081,0.000971838,0.971838045,4.575430114,418.3486333,285.7729883,28.65041709,41.94190256,0.060201109,1.990339877,0.059207524,0.037092606,16.51073953,23.44679916,21.86958333,2.632474863,34.63330554,1.016815331,2.935946526,1.615659532,-42.85805777,193.0871071,20.06321757,186.8030064,0,0,1,0,25742,RECT-12807-20250324-17_57_43,10114.7,315.2007692,539.79,0.416067787,-0.222077465,MPF-15287-20250430-09_38_04,10115.1,211.99024,469.5948867,0.548567827,0.5,84.28556932,4.575430114,23.11817581,0.056919679,0.149480148,289.8967612,DARK-15288-20250430-09_38_11,172.69,172.69,0.632257495,0.86763357,0.191215237,1.668487446,0.312548884,0.706785563,0.293214437,15287,290,449.2,235,10115.1,447.86,1.34,300,23.9,469.5948867,2.350439698,-21.98772495,2.062759166,0.80229101,-0.008281474,290,445.46,675,10108.9,447.84,-2.38,None,None,None,None,None,None,None,None,None,None,None,None,None,100,84.28556932,0.842853333,0.165106933,2,0.5,0: Broadleaf,2,1745995081,418.3486333,420.0093,10.14220333,9.821542667,418.9356,10.16075,599.9996667,100.1999333,0.05592798,23.66903667,21.86958333,999.9,0,0,5000,0,174.8063333,-1.660634667,422.6351,424.1753333,0.320667767,420.0093,9.821542667,1.016248667,0.984117767,7.151416,6.683325,100.00028,0.899916033,0.100083977,0,211.8131,4.99918,375.3897333,891.5561,35.937,39.94973333,38.01853333,38.87473333,38.8373,85.495,9.511666667,0,37.39999986,0,211.99024,25.23361542,22.92638467,375.55404,15,1745994782,9:33:01,1745994782,1745994732,3,0.142,-0.003,-0.582,-0.005,420,11,1.8,0.51,-1.706144,0.953729831,0.146921454,0,210.2499706,27.0784874,2.689522782,0,0.323879525,-0.064205752,0.007159134,1,1,3,01-Mar,3.22173,2.66438,0.103031,0.1043,0.0617805,0.0609191,26943.9,24588.7,28510.6,25131.5,34279.7,24942.1,40587.2,27943.7,2.0124,1.6968,0.139624,0,19.5155,999.9,26.9,27.5,9.89422,26.3587,18.6218,1,-0.301829,0,20.2842,5.23526,11.9021,4.962,3.292,9999,9999,9999,999.9,4.97208,1.85379,1.85577,1.85602,1.85574,1.85547,1.85043,1.85257,0,0,0,0,11111111,oooooooo,on,on,on,on,0,100,100,-0.587,-0.0191,-1.481183463,0.00151024,1.49E-06,5.40E-12,-0.055858114,-0.011177753,0.001682567,-2.18E-05,3,2244,0,20,5.1,6,1.04004,2.51587,1.59424,2.1521,1.50269,2.40356,31.1287,24.1488,18,604.356,442.335,23.1952,23.6015,29.9999,23.843,23.9575,20.8967,-30,-30,-999.9,420,0,101.482,75.3519
336,1745995129,2246.1,20250430 09:38:48,9:38:48,15,D,6,2%,5557.62,1745995121,0.000929882,0.929882292,2.500370049,419.0424,338.475614,33.93364582,42.01081495,0.05742684,1.990121304,0.05652188,0.035406294,8.241924947,23.33181881,21.79800333,2.620993471,34.2345698,1.001434652,2.925214652,1.61955882,-41.00780907,194.2228621,20.1699028,181.6268807,0,0,1,0,25929,RECT-12807-20250324-17_57_43,10114.7,315.2007692,539.79,0.416067787,-0.222077465,RECT-15289-20250430-09_38_44,10108.7,220.80544,499.38,0.557840843,0.5,42.13766373,2.500370049,11.75305492,0.064608411,0.080920341,300.9789154,DARK-15290-20250430-09_38_51,172.35,172.35,0.654872041,0.85183182,0.109977139,1.512518859,0.179928485,0.664898537,0.335101463,15287,290,449.2,235,10115.1,447.86,1.34,300,23.9,469.5948867,2.350439698,-21.98772495,2.062759166,0.80229101,-0.008281474,290,445.46,675,10108.9,447.84,-2.38,None,None,None,None,None,None,None,None,None,None,None,None,None,50,42.13766373,0.842709847,0.164830005,2,0.5,0: Broadleaf,2,1745995121,419.0424,420.0057667,9.988941667,9.682069667,419.6273333,10.009913,599.9855,100.1987,0.05562975,23.60824,21.79800333,999.9,0,0,4999.166667,0,177.7736333,-0.9634107,423.2704333,424.1120333,0.306869067,420.0057667,9.682069667,1.000879567,0.9701313,6.929161333,6.475333333,50.00257667,0.899703567,0.100296423,0,220.8043,4.99918,269.4124,422.3133,36.187,40.658,38.38303333,39.94556667,39.18723333,40.49033333,4.517,0,37.39999986,0,220.80544,9.64053844,2.207076928,269.45144,15,1745994782,9:33:01,1745994782,1745994732,3,0.142,-0.003,-0.582,-0.005,420,11,1.8,0.51,-1.018513829,0.811808091,0.141699316,0,220.2190882,10.2005042,1.109783401,0,0.309585927,-0.045081972,0.00583813,1,1,3,01-Mar,3.22092,2.6646,0.103163,0.104306,0.0610715,0.0602407,26941.7,24589.3,28512.4,25132.2,34307.9,24960.4,40589.6,27943.9,2.0124,1.6966,0.134379,0,19.539,999.9,26.6,27.5,9.78412,26.3588,18.766,1,-0.302866,0,20.2846,5.23406,11.9021,4.9616,3.292,9999,9999,9999,999.9,4.97205,1.85379,1.85577,1.85593,1.85568,1.85547,1.85043,1.85254,0,0,0,0,11111111,oooooooo,on,on,on,on,0,100,100,-0.585,-0.0215,-1.481183463,0.00151024,1.49E-06,5.40E-12,-0.055858114,-0.011177753,0.001682567,-2.18E-05,3,2244,0,20,5.8,6.6,1.04004,2.51465,1.59424,2.15332,1.50269,2.42432,31.1504,24.1575,18,604.07,442.01,23.1533,23.5797,30.0001,23.8172,23.9314,20.9003,-30,-30,-999.9,420,0,101.488,75.3532
337,1745995857,2974.1,20250430 09:50:56,9:50:56,15,D,5,21%,5557.26,1745995849,0.002170376,2.170375949,8.519572698,416.8465333,257.8670154,25.849213,41.78570421,0.095227075,1.990154617,0.092766222,0.05819469,321.4945785,26.69771079,24.62506,3.109290815,25.78264065,0.809846829,3.141054635,2.299443986,-95.71357935,18.25164892,1.934226382,245.9668745,0,0,1,0,25755,RECT-12807-20250324-17_57_43,10114.7,315.2007692,539.79,0.416067787,-0.222077465,MPF-15293-20250430-09_50_52,10122,305.34056,333.8861777,0.085495057,0.5,1681.11519,8.519572698,71.86351913,0.005199911,0.616688669,231.7474851,DARK-15294-20250430-09_50_59,179.95,179.95,0.461043876,0.185438005,0.572209377,1.527695676,0.91680185,0.109286395,0.890713605,15293,290,325.83,225,10122,326.04,-0.21,300,23.9,333.8861777,3.265704575,-7.938563402,2.955976979,0.204826299,-0.006706757,290,325.78,765,10113.3,326.04,-0.26,None,None,None,None,None,None,None,None,None,None,None,None,None,2000,1681.11519,0.840598504,0.160755113,2,0.5,0: Broadleaf,2,1745995849,416.8465333,419.9879333,8.078883667,7.361276333,417.4375,8.126142333,600.0055,100.1847333,0.057684123,24.79517,24.62506,999.9,0,0,5000,0,107.6156667,-3.141365667,420.2417,423.1025333,0.717607833,419.9879333,7.361276333,0.809379833,0.737486567,3.872881333,2.557762333,1999.902667,0.9800001,0.020000043,0,305.6928333,4.99918,6286.337667,19218.92667,37.5414,39.68713333,38.2164,39.18306667,39.63726667,1955.005667,39.89833333,0,686.3999999,0,305.34056,-47.17692318,-874.7953859,6279.0672,15,1745994782,9:33:01,1745994782,1745994732,3,0.142,-0.003,-0.582,-0.005,420,11,1.8,0.51,-3.1249415,-0.483452533,0.126545678,1,308.5075588,-50.28267382,4.958129291,0,0.7156326,0.03703227,0.005218032,1,2,3,02-Mar,3.22052,2.66641,0.102225,0.103777,0.0502625,0.0470185,26957.9,24597,28500.3,25125.8,34691.6,25309.8,40573.2,27939.7,2.0212,1.649,0.225753,0,21.0079,999.9,20.3,27.9,7.6451,26.3791,19.9599,1,-0.290305,0,20.2662,5.23286,11.9021,4.9616,3.292,9999,9999,9999,999.9,4.97202,1.85367,1.85565,1.8559,1.85562,1.85535,1.85028,1.85242,0,0,0,0,11111111,oooooooo,on,on,on,on,0,100,100,-0.591,-0.0474,-1.481183463,0.00151024,1.49E-06,5.40E-12,-0.055858114,-0.011177753,0.001682567,-2.18E-05,3,2244,0,20,17.9,18.7,1.02783,2.51587,1.59424,2.13257,1.50269,2.46826,31.0636,24.14,18,610.499,415.259,23.2056,23.6758,30.0007,23.8419,23.9378,20.6422,-30,-30,-999.9,420,0,101.446,75.3382
338,1745995897,3014,20250430 09:51:36,9:51:36,15,D,5,21%,5557.26,1745995889,0.002124288,2.1242879,8.309399174,416.9511,257.4869327,25.8096623,41.79383775,0.092560835,1.990202776,0.090234096,0.056600486,289.5603729,26.63302889,24.66032333,3.1158522,25.25489509,0.80220067,3.176416561,2.31365153,-93.68109639,34.59932285,3.670709321,234.1493087,0,0,1,0,25798,RECT-12807-20250324-17_57_43,10114.7,315.2007692,539.79,0.416067787,-0.222077465,MPF-15295-20250430-09_51_32,10129.4,287.5178077,307.2501467,0.064222391,0.5,1513.15251,8.309399174,48.58913605,0.005638213,0.756842123,218.5942456,DARK-15296-20250430-09_51_39,173.15,173.15,0.436452669,0.14714629,0.634245727,-2.481860893,1.035400729,0.088614964,0.911385036,15295,290,306.33,75,10129.4,305.39,0.94,300,23.9,307.2501467,2.721913806,-1.885741296,2.455210057,0.020633557,-0.006870925,290,306.52,675,10111.3,305.39,1.13,None,None,None,None,None,None,None,None,None,None,None,None,None,1800,1513.15251,0.840658186,0.1608703,2,0.5,0: Broadleaf,2,1745995889,416.9511,420.0160333,8.003056667,7.300652333,417.5417,8.051196333,600.0211,100.1786667,0.058118293,24.98279,24.66032333,999.9,0,0,5000.5,0,108.2710333,-3.065000333,420.3147667,423.1050333,0.7024042,420.0160333,7.300652333,0.801735967,0.731370067,3.738069667,2.440702,1799.961667,0.977999,0.0220012,0,287.7934667,4.99918,5366.304667,17281.49333,38.5081,40.49973333,38.91226667,40.3601,40.52056667,1755.471667,39.49033333,0,38,0,287.5178077,-82.27627346,-1409.989401,5360.540385,15,1745994782,9:33:01,1745994782,1745994732,3,0.142,-0.003,-0.582,-0.005,420,11,1.8,0.51,-3.040454634,-0.521513519,0.118981333,0,294.4417941,-113.247288,11.36813131,0,0.702815366,0.002145784,0.003708082,1,1,3,01-Mar,3.22017,2.66647,0.102237,0.103761,0.0498375,0.0467106,26952.9,24594.7,28495.7,25123.3,34702,25315.4,40567.4,27936.8,2.0184,1.6466,0.216514,0,21.1385,999.9,20.1,27.9,7.57052,26.4191,20.0441,1,-0.284329,0,20.2681,5.22927,11.9021,4.962,3.292,9999,9999,9999,999.9,4.97202,1.85367,1.85562,1.8559,1.85562,1.85532,1.85028,1.85242,0,0,0,0,11111111,oooooooo,on,on,on,on,0,100,100,-0.591,-0.0483,-1.481183463,0.00151024,1.49E-06,5.40E-12,-0.055858114,-0.011177753,0.001682567,-2.18E-05,3,2244,0,20,18.6,19.4,1.02783,2.51831,1.59302,2.13257,1.50269,2.37427,31.107,24.1313,18,609.221,414.349,23.2759,23.7535,30.0007,23.9036,23.9912,20.6416,-30,-30,-999.9,420,0,101.431,75.3305
339,1745995936,3053.5,20250430 09:52:16,9:52:16,15,D,5,21%,5557.26,1745995928,0.002023053,2.023053404,8.230538827,416.9635333,252.0511507,25.26301508,41.79213625,0.088239147,1.990035238,0.086121758,0.054012106,257.6654356,26.50974638,24.57803333,3.10055944,24.76831324,0.79181856,3.196901428,2.30874088,-89.21665512,54.99627616,5.835906829,229.2809635,0,0,1,0,25668,RECT-12807-20250324-17_57_43,10114.7,315.2007692,539.79,0.416067787,-0.222077465,MPF-15297-20250430-09_52_11,10115.2,270.39112,312.2914578,0.134170618,0.5,1345.177361,8.230538827,90.24163872,0.006283644,0.728481476,221.1339634,DARK-15298-20250430-09_52_18,169.52,169.52,0.457173753,0.293478392,0.61441257,-14.40214941,1.012953922,0.183994419,0.816005581,15297,290,295.84,255,10115.2,295.06,0.78,300,23.9,312.2914578,2.653090735,-17.43122424,2.385092641,0.656073701,-0.007037127,290,293.3,875,10104.6,295.04,-1.74,None,None,None,None,None,None,None,None,None,None,None,None,None,1600,1345.177361,0.840747761,0.161043179,2,0.5,0: Broadleaf,2,1745995928,416.9635333,419.9882333,7.900038,7.231012667,417.5542667,7.949355333,599.9985667,100.1716,0.058115323,25.09064333,24.57803333,999.9,0,0,5000.166667,0,108.8866,-3.024408667,420.2839,423.0471333,0.669025767,419.9882333,7.231012667,0.7913602,0.724342767,3.553252667,2.305141667,1599.977333,0.974996633,0.02500298,0,270.9915333,4.99918,4522.188667,15341.19333,39.31633333,41.20386667,39.6206,41.3872,41.32886667,1555.097333,39.88,0,37.39999986,0,270.39112,-66.75515392,-1019.11154,4513.3436,15,1745994782,9:33:01,1745994782,1745994732,3,0.142,-0.003,-0.582,-0.005,420,11,1.8,0.51,-2.985633171,-0.401542997,0.118754903,1,276.5505588,-93.10773113,9.338980336,0,0.671560024,-0.035019889,0.004885318,1,2,3,02-Mar,3.2205,2.66627,0.102211,0.103729,0.0493329,0.0463152,26948.9,24592.5,28490.9,25120.4,34714.9,25323.7,40560.8,27934.2,2.018,1.6466,0.207871,0,21.1959,999.9,19.9,27.9,7.49485,26.3992,20.028,1,-0.279146,0,20.2697,5.23526,11.9021,4.962,3.292,9999,9999,9999,999.9,4.97198,1.85364,1.85565,1.8559,1.85562,1.85532,1.85028,1.85242,0,0,0,0,11111111,oooooooo,on,on,on,on,0,100,100,-0.591,-0.0495,-1.481183463,0.00151024,1.49E-06,5.40E-12,-0.055858114,-0.011177753,0.001682567,-2.18E-05,3,2244,0,20,19.2,20.1,1.02661,2.51953,1.59424,2.13257,1.50269,2.40845,31.1504,24.14,18,609.604,414.752,23.3457,23.8246,30.0008,23.9626,24.0448,20.6439,-30,-30,-999.9,420,0,101.414,75.3227
340,1745995976,3093,20250430 09:52:55,9:52:55,15,D,5,21%,5557.26,1745995968,0.001918266,1.918265524,7.707504933,417.1595333,254.8171941,25.53877065,41.80935154,0.083964954,1.989677614,0.082044984,0.05144696,225.8058482,26.34240361,24.46333333,3.079353079,24.34556832,0.781183725,3.208730701,2.298169354,-84.59550962,73.94127523,7.845580008,222.9971938,0,0,1,0,25782,RECT-12807-20250324-17_57_43,10114.7,315.2007692,539.79,0.416067787,-0.222077465,MPF-15299-20250430-09_52_51,10125.1,256.95196,299.8273564,0.143000282,0.5,1177.33589,7.707504933,84.1796819,0.006735191,0.800336055,214.8107043,DARK-15300-20250430-09_52_58,162.93,162.93,0.456587278,0.31319375,0.636742142,-2.788931571,1.068451247,0.19859221,0.80140779,15299,290,286.59,175,10125.1,286.47,0.12,300,23.9,299.8273564,2.179185919,-13.52218349,1.953996466,0.631045611,-0.007205214,290,285.76,855,10109.9,286.45,-0.69,None,None,None,None,None,None,None,None,None,None,None,None,None,1400,1177.33589,0.840866917,0.16127315,2,0.5,0: Broadleaf,2,1745995968,417.1595333,419.9954667,7.794386333,7.159943,417.7496667,7.844888333,599.9949,100.1656333,0.058257533,25.15265,24.46333333,999.9,0,0,4999,0,112.5069333,-2.836081,420.4365,423.0244333,0.6344444,419.9954667,7.159943,0.780729433,0.717180033,3.361658333,2.165765667,1400.145333,0.9709995,0.029000577,0,257.4387667,4.99918,3786.91,13401.76,39.67473333,41.25393333,40.06226667,41.3414,41.68313333,1354.686,40.46033333,0,37.39999986,0,256.95196,-53.38653856,-755.813078,3780.3868,15,1745994782,9:33:01,1745994782,1745994732,3,0.142,-0.003,-0.582,-0.005,420,11,1.8,0.51,-2.80905325,-0.51900394,0.149128575,0,261.9961471,-75.00184879,7.547642316,0,0.6377707,-0.056944886,0.006693361,1,1,3,01-Mar,3.22003,2.66644,0.10221,0.103699,0.0487879,0.0459424,26945.9,24591.6,28488,25119,34733,25331.9,40558.7,27932.3,2.0172,1.6446,0.198215,0,21.2085,999.9,19.7,27.9,7.42057,26.4292,20.1402,1,-0.274939,0,20.2694,5.23286,11.9021,4.962,3.292,9999,9999,9999,999.9,4.97202,1.85373,1.85574,1.85593,1.85562,1.85535,1.85031,1.85242,0,0,0,0,11111111,oooooooo,on,on,on,on,0,100,100,-0.59,-0.0507,-1.481183463,0.00151024,1.49E-06,5.40E-12,-0.055858114,-0.011177753,0.001682567,-2.18E-05,3,2244,0,20,19.9,20.7,1.02661,2.51709,1.59424,2.13135,1.50269,2.36938,31.1722,24.14,18,609.648,414.034,23.4106,23.8888,30.0004,24.0174,24.0945,20.6427,-30,-30,-999.9,420,0,101.407,75.318
341,1745996015,3132.5,20250430 09:53:35,9:53:35,15,D,5,21%,5557.35,1745996007,0.001816708,1.816708358,7.106950103,417.3449333,260.1114462,26.0685968,41.8266745,0.080083967,1.990048434,0.078335709,0.049113713,193.8101632,26.13168735,24.30421,3.050143483,23.97246991,0.77018854,3.212804284,2.279954943,-80.11683859,93.31293782,9.892313961,216.8985764,0,0,1,0,25660,RECT-12807-20250324-17_57_43,10114.7,315.2007692,539.79,0.416067787,-0.222077465,MPF-15301-20250430-09_53_30,10127.3,246.63612,293.9021398,0.160822306,0.5,1009.219177,7.106950103,81.15247755,0.007262077,0.836631745,211.7521654,DARK-15302-20250430-09_53_37,166.39,166.39,0.433859175,0.370678587,0.658510606,-2.219204758,1.094833708,0.250073712,0.749926288,15301,290,283.28,205,10127.3,282.1,1.18,300,23.9,293.9021398,2.73732846,-11.95347432,2.447804927,0.459950007,-0.007373664,290,281.4,715,10117.3,282.09,-0.69,None,None,None,None,None,None,None,None,None,None,None,None,None,1200,1009.219177,0.840985846,0.161502682,2,0.5,0: Broadleaf,2,1745996007,417.3449333,419.9666333,7.684911333,7.083999,417.9345333,7.736612,600.0033667,100.1626667,0.058208593,25.17395667,24.30421,999.9,0,0,5000.666667,0,125.7584,-2.621653,420.5769667,422.9629,0.600911767,419.9666333,7.083999,0.769741367,0.7095524,3.161186667,2.015984,1200.043,0.967001367,0.03299886,0,247.0423333,4.99918,3129.855333,11464.70333,38.6997,40.0268,39.38306667,39.381,40.7644,1155.611333,39.43533333,0,37.39999986,0,246.63612,-45.54815388,-549.4130777,3125.1212,15,1745994782,9:33:01,1745994782,1745994732,3,0.142,-0.003,-0.582,-0.005,420,11,1.8,0.51,-2.646224878,0.412830732,0.130927321,1,250.2484412,-61.30705883,6.155167056,0,0.603622024,-0.0599303,0.006566234,1,2,3,02-Mar,3.22034,2.66666,0.102249,0.103701,0.0482197,0.045519,26942.2,24589.9,28485.5,25117.5,34749.8,25341.7,40554.1,27930.7,2.0166,1.6442,0.188649,0,21.1959,999.9,19.4,27.9,7.30705,26.3792,20.0481,1,-0.270894,0,20.2711,5.23406,11.9021,4.9616,3.292,9999,9999,9999,999.9,4.97202,1.85379,1.85568,1.85593,1.85562,1.85541,1.85028,1.85245,0,0,0,0,11111111,oooooooo,on,on,on,on,0,100,100,-0.589,-0.0519,-1.481183463,0.00151024,1.49E-06,5.40E-12,-0.055858114,-0.011177753,0.001682567,-2.18E-05,3,2244,0,20,20.6,21.4,1.02783,2.51709,1.59424,2.13257,1.50269,2.36328,31.2156,24.14,18,609.779,414.159,23.4713,23.945,30.0004,24.0667,24.1403,20.6457,-30,-30,-999.9,420,0,101.396,75.3135
342,1745996055,3172,20250430 09:54:14,9:54:14,15,D,5,21%,5557.35,1745996047,0.001697919,1.697918552,6.866173616,417.5104667,256.8991654,25.7457991,41.84186655,0.075438569,1.98988937,0.073885008,0.046315047,161.9049516,25.8735933,24.12834,3.018141834,23.65528699,0.758481823,3.206394509,2.259660011,-74.87820814,108.574845,11.49905194,207.1006404,0,0,1,0,25784,RECT-12807-20250324-17_57_43,10114.7,315.2007692,539.79,0.416067787,-0.222077465,MPF-15303-20250430-09_54_10,10128.9,238.40152,296.8962103,0.19702067,0.5,841.1940735,6.866173616,82.86630999,0.008426416,0.818110105,213.3019714,DARK-15304-20250430-09_54_17,161.58,161.58,0.455769409,0.43228147,0.642219375,-3.195635056,1.081502389,0.292984877,0.707015123,15303,290,282.75,275,10128.9,282.17,0.58,300,23.9,296.8962103,2.830329935,-14.91601788,2.524265635,0.554968539,-0.007543442,290,282.53,685,10123.6,282.16,0.37,None,None,None,None,None,None,None,None,None,None,None,None,None,1000,841.1940735,0.841194298,0.161904995,2,0.5,0: Broadleaf,2,1745996047,417.5104667,420.0354667,7.568355,7.006671,418.0995667,7.621301,600.0057333,100.1596333,0.057893877,25.14042,24.12834,999.9,0,0,5000.166667,0,144.1919,-2.525029333,420.6944667,422.9993333,0.5616832,420.0354667,7.006671,0.7580437,0.701785667,2.944968333,1.861997333,999.9997333,0.9599933,0.04000691,0,238.7068,4.99918,2528.268667,9523.871,37.7581,39.2309,38.65386667,38.17056667,39.94763333,955.1926667,39.81,0,37.39999986,0,238.40152,-39.47392314,-393.2200006,2524.8552,15,1745994782,9:33:01,1745994782,1745994732,3,0.142,-0.003,-0.582,-0.005,420,11,1.8,0.51,-2.48958425,-0.796982927,0.154198507,0,241.2770588,-50.04149734,4.982120898,0,0.564389475,-0.067184567,0.007088404,1,1,3,01-Mar,3.22005,2.66635,0.102255,0.103688,0.0475766,0.0451254,26940.1,24589.4,28483.6,25116.8,34770.5,25351.8,40550.8,27930.2,2.0166,1.6438,0.178486,0,21.1779,999.9,19.2,28,7.27504,26.3792,20.1082,1,-0.268049,0,20.2731,5.23167,11.9021,4.9612,3.292,9999,9999,9999,999.9,4.97205,1.85376,1.85568,1.85593,1.85562,1.85538,1.85031,1.85245,0,0,0,0,11111111,oooooooo,on,on,on,on,0,100,100,-0.59,-0.0532,-1.481183463,0.00151024,1.49E-06,5.40E-12,-0.055858114,-0.011177753,0.001682567,-2.18E-05,3,2244,0,20,21.2,22,1.02661,2.52075,1.59424,2.13623,1.50269,2.38403,31.2374,24.1488,18,610.253,414.243,23.5259,23.9901,30.0002,24.1097,24.1803,20.6393,-30,-30,-999.9,420,0,101.389,75.3118
343,1745996094,3211.5,20250430 09:54:54,9:54:54,15,D,5,21%,5557.35,1745996086,0.001581727,1.581727497,6.456179184,417.6268333,257.1984806,25.7759537,41.85378504,0.070892091,1.989649656,0.069518146,0.043570067,129.983026,25.5734678,23.94201667,2.984558687,23.39359952,0.746771505,3.192204367,2.237787182,-69.7541826,120.561612,12.7533296,193.543785,0,0,1,0,25790,RECT-12807-20250324-17_57_43,10114.7,315.2007692,539.79,0.416067787,-0.222077465,MPF-15305-20250430-09_54_49,10140.9,229.75184,298.8023687,0.231090968,0.5,673.200977,6.456179184,77.78533281,0.009920153,0.806511783,214.28407,DARK-15306-20250430-09_54_56,158.67,158.67,0.468980113,0.49275217,0.632314314,-4.210808769,1.073015079,0.340301896,0.659698104,15305,290,286.72,145,10140.9,286.54,0.18,300,23.9,298.8023687,2.439240992,-12.43625759,2.169634216,0.539892707,-0.00771343,290,286.34,855,10125.7,286.52,-0.18,None,None,None,None,None,None,None,None,None,None,None,None,None,800,673.200977,0.841490527,0.162476718,2,0.5,0: Broadleaf,2,1745996086,417.6268333,419.9990333,7.451460333,6.928157667,418.2156333,7.505627333,600.0127333,100.16,0.058141413,25.06596667,23.94201667,999.9,0,0,4999.166667,0,158.0819333,-2.372239,420.7621333,422.9292,0.523303033,419.9990333,6.928157667,0.7463384,0.693924533,2.725639333,1.704594,800.0101667,0.9500064,0.04999386,0,230.0812667,4.99918,1972.665667,7584.908,36.86643333,38.62673333,37.97683333,37.38726667,39.21016667,755.265,39.748,0,37.39999986,0,229.75184,-33.9247693,-268.7961542,1970.372,15,1745994782,9:33:01,1745994782,1745994732,3,0.142,-0.003,-0.582,-0.005,420,11,1.8,0.51,-2.346276585,-0.197919094,0.111001557,1,232.7183824,-44.61752486,4.448806344,0,0.528155293,-0.080349031,0.008689965,1,2,3,02-Mar,3.21985,2.66642,0.102264,0.10367,0.0469958,0.0446784,26937.7,24589,28481.5,25116,34790.7,25362.8,40549.5,27929.1,2.0148,1.6424,0.168234,0,21.1564,999.9,19,28,7.19915,26.4792,20.1002,1,-0.265447,0,20.2752,5.22927,11.9021,4.9616,3.292,9999,9999,9999,999.9,4.97198,1.8537,1.85571,1.85593,1.85562,1.85538,1.85031,1.85245,0,0,0,0,11111111,oooooooo,on,on,on,on,0,100,100,-0.588,-0.0544,-1.481183463,0.00151024,1.49E-06,5.40E-12,-0.055858114,-0.011177753,0.001682567,-2.18E-05,3,2244,0,20,21.9,22.7,1.02783,2.51709,1.59424,2.13867,1.50269,2.36084,31.2809,24.1488,18,609.407,413.744,23.573,24.0297,30.0004,24.1471,24.2162,20.6432,-30,-30,-999.9,420,0,101.384,75.3092
344,1745996134,3251,20250430 09:55:33,9:55:33,15,D,5,21%,5557.26,1745996126,0.001450942,1.45094173,5.802439902,417.8567667,262.0668005,26.26373488,41.87664869,0.065672325,1.989681823,0.06449146,0.04041149,98.06650978,25.2515859,23.73935667,2.948402397,23.16847866,0.735120662,3.172934541,2.213281735,-63.9865303,131.4072556,13.87908434,179.3663194,0,0,1,0,25798,RECT-12807-20250324-17_57_43,10114.7,315.2007692,539.79,0.416067787,-0.222077465,MPF-15307-20250430-09_55_29,10138.2,223.40508,315.5089762,0.291921635,0.5,505.1885952,5.802439902,73.73774036,0.011925284,0.710854653,222.7424135,DARK-15308-20250430-09_55_36,160.43,160.43,0.491520013,0.593916071,0.591208941,298.8378004,0.998627686,0.426498606,0.573501394,15307,290,302.36,285,10138.2,302.48,-0.12,300,23.9,315.5089762,2.877205845,-13.21252479,2.552159876,0.489063225,-0.007883246,290,301.82,655,10134.9,302.47,-0.65,None,None,None,None,None,None,None,None,None,None,None,None,None,600,505.1885952,0.841993014,0.163446517,2,0.5,0: Broadleaf,2,1745996126,417.8567667,419.9929333,7.335237,6.855154333,418.445,7.390585,600.0211333,100.1593,0.05841102,24.96439667,23.73935667,999.9,0,0,4999.333333,0,162.5632,-2.136126333,420.9445,422.8919,0.480081067,419.9929333,6.855154333,0.734692133,0.686607533,2.504371667,1.556668,599.9914333,0.933013433,0.066986493,0,223.6779333,4.99918,1461.835667,5645.126,36.02686667,38.1143,37.3122,36.80606667,38.49153333,555.1366667,39.86,0,37.39999986,0,223.40508,-27.9671539,-164.8800002,1460.458,15,1745994782,9:33:01,1745994782,1745994732,3,0.142,-0.003,-0.582,-0.005,420,11,1.8,0.51,-2.169824634,0.528434007,0.123993413,0,225.6821176,-35.24944234,3.502710898,0,0.48530239,-0.091982383,0.009808259,1,1,3,01-Mar,3.21895,2.6666,0.10227,0.103665,0.0463722,0.0442809,26935.9,24588.8,28479.9,25115.8,34811.3,25373,40546.9,27928.7,2.0134,1.642,0.156462,0,21.1528,999.9,18.8,28,7.12358,26.5092,20.1042,1,-0.263435,0,20.2769,5.23286,11.9021,4.9616,3.292,9999,9999,9999,999.9,4.97205,1.85373,1.85565,1.85593,1.85565,1.85538,1.85031,1.85242,0,0,0,0,11111111,oooooooo,on,on,on,on,0,100,100,-0.589,-0.0556,-1.481183463,0.00151024,1.49E-06,5.40E-12,-0.055858114,-0.011177753,0.001682567,-2.18E-05,3,2244,0,20,22.5,23.4,1.02783,2.51709,1.59424,2.13501,1.50269,2.39624,31.3026,24.1488,18,608.785,413.769,23.6139,24.062,30.0005,24.1802,24.2483,20.6452,-30,-30,-999.9,420,0,101.378,75.3083
345,1745996173,3290.5,20250430 09:56:13,9:56:13,15,D,5,21%,5557.26,1745996165,0.001330365,1.330365186,5.380838728,418.0037333,261.0382715,26.16017082,41.89059713,0.060309132,1.989580113,0.059311636,0.037158019,82.08384495,25.07915233,23.64285667,2.931320998,22.94558927,0.724470695,3.157341862,2.206850303,-58.6691047,132.8932711,14.02407768,170.332089,0,0,1,0,25807,RECT-12807-20250324-17_57_43,10114.7,315.2007692,539.79,0.416067787,-0.222077465,MPF-15309-20250430-09_56_08,10147.6,223.86436,335.0131195,0.331774349,0.5,421.1422177,5.380838728,69.86209245,0.013304095,0.611250332,232.2898436,DARK-15310-20250430-09_56_16,158.69,158.69,0.526317058,0.630369743,0.537331096,5.610074433,0.911784059,0.446848147,0.553151853,15309,290,322.42,95,10147.6,321.22,1.2,300,23.9,335.0131195,2.774968508,-13.99813163,2.457133672,0.53684614,-0.007967267,290,320.63,685,10132.9,321.2,-0.57,None,None,None,None,None,None,None,None,None,None,None,None,None,500,421.1422177,0.842375917,0.16418552,2,0.5,0: Broadleaf,2,1745996165,418.0037333,419.9827333,7.229103333,6.788849333,418.5916,7.285503,599.9935667,100.1576333,0.058211153,24.88181333,23.64285667,999.9,0,0,4999,0,163.5359333,-1.978985333,421.0475667,422.8534,0.440254833,419.9827333,6.788849333,0.7240498,0.679954933,2.299458,1.420959,499.9457,0.9200028,0.079997027,0,224.1548333,4.99918,1232.228667,4675.872667,35.41443333,37.9227,36.91633333,36.64966667,37.9997,455.3523333,39.59433333,0,37.39999986,0,223.86436,-34.6628462,-151.2600002,1230.9748,15,1745994782,9:33:01,1745994782,1745994732,3,0.142,-0.003,-0.582,-0.005,420,11,1.8,0.51,-1.9874595,0.200830019,0.123659504,1,226.2393235,-36.58045839,3.655007264,0,0.4440993,-0.073981734,0.007900883,1,2,3,02-Mar,3.21966,2.66652,0.102334,0.103646,0.045871,0.0439621,26932.9,24588.5,28478.9,25115,34828.2,25381.7,40545.1,27928.9,2.0142,1.6412,0.14931,0,21.1761,999.9,18.6,28,7.04679,26.4893,19.9479,1,-0.261768,0,20.2798,5.23406,11.9021,4.9612,3.292,9999,9999,9999,999.9,4.97202,1.85379,1.85577,1.85593,1.85562,1.85547,1.8504,1.85242,0,0,0,0,11111111,oooooooo,on,on,on,on,0,100,100,-0.588,-0.0566,-1.481183463,0.00151024,1.49E-06,5.40E-12,-0.055858114,-0.011177753,0.001682567,-2.18E-05,3,2244,0,20,23.2,24,1.02783,2.51709,1.59302,2.13623,1.50269,2.47681,31.3244,24.1575,18,609.68,413.556,23.649,24.0923,30.0002,24.2096,24.2783,20.6463,-30,-30,-999.9,420,0,101.374,75.3075
346,1745996213,3330,20250430 09:56:52,9:56:52,15,D,5,21%,5557.26,1745996205,0.001210502,1.210501953,4.954333517,418.1869667,260.1379233,26.07026329,41.90947705,0.055024844,1.989794976,0.05419328,0.033944466,66.12706497,24.91591605,23.54144667,2.913463805,22.7598405,0.715468815,3.143558123,2.19799499,-53.38313613,135.9230901,14.32962474,162.9966436,0,0,1,0,25754,RECT-12807-20250324-17_57_43,10114.7,315.2007692,539.79,0.416067787,-0.222077465,MPF-15311-20250430-09_56_48,10140.3,226.2215769,370.6204389,0.389613866,0.5,337.1876078,4.954333517,65.6864837,0.015351724,0.456449627,248.8684559,DARK-15312-20250430-09_56_55,161.99,161.99,0.562922108,0.69212749,0.44777544,2.605552557,0.753239862,0.495610249,0.504389751,15311,290,353.95,185,10140.3,353.08,0.87,300,23.9,370.6204389,2.361308461,-17.78676283,2.087154781,0.721738376,-0.00805036,290,351.75,675,10131.7,353.06,-1.31,None,None,None,None,None,None,None,None,None,None,None,None,None,400,337.1876078,0.842961784,0.165316243,2,0.5,0: Broadleaf,2,1745996205,418.1869667,420.0070667,7.139190333,6.738588667,418.7742,7.196459,600.0274333,100.1585667,0.05851419,24.80851333,23.54144667,999.9,0,0,4999.833333,0,164.4365,-1.820163,421.1939,422.8565667,0.4006011,420.0070667,6.738588667,0.715050767,0.6749272,2.124091667,1.317616,400.0034333,0.900029333,0.09997105,0,226.2693,4.99918,1010.312833,3707.132,35.92476667,39.281,37.62263333,38.11226667,38.72263333,355.5153333,39.491,0,37.39999986,0,226.2215769,-28.62929919,-99.93316244,1010.098962,15,1745994782,9:33:01,1745994782,1745994732,3,0.142,-0.003,-0.582,-0.005,420,11,1.8,0.51,-1.80538275,-0.350913659,0.11544633,1,227.6473529,-26.24550041,2.692910943,0,0.405044625,-0.079586555,0.008408972,1,2,3,02-Mar,3.21889,2.66736,0.102354,0.103646,0.0454,0.0437071,26931.1,24588.8,28477.7,25115.4,34844.3,25388.2,40543.9,27928.5,2.0134,1.6404,0.141203,0,21.1959,999.9,18.4,28.1,7.01208,26.4893,20.0801,1,-0.259817,0,20.2805,5.23526,11.9021,4.9616,3.292,9999,9999,9999,999.9,4.97205,1.85379,1.85571,1.85593,1.85562,1.85535,1.85031,1.85242,0,0,0,0,11111111,oooooooo,on,on,on,on,0,100,100,-0.587,-0.0575,-1.481183463,0.00151024,1.49E-06,5.40E-12,-0.055858114,-0.011177753,0.001682567,-2.18E-05,3,2244,0,20,23.8,24.7,1.02661,2.52075,1.59424,2.13501,1.50269,2.3938,31.368,24.1575,18,609.452,413.345,23.6786,24.1195,30.0003,24.2399,24.3085,20.6434,-30,-30,-999.9,420,0,101.37,75.3075
347,1745996252,3369.5,20250430 09:57:32,9:57:32,15,D,5,21%,5557.44,1745996244,0.001093854,1.093854152,4.095567366,418.4578667,273.187338,27.37819581,41.93686829,0.049861389,1.990048087,0.049177607,0.030796658,49.58609025,24.77815904,23.45112,2.897638449,22.59788554,0.70861068,3.135738869,2.189027769,-48.23896809,141.156697,14.86957363,157.3733928,0,0,1,0,25815,RECT-12807-20250324-17_57_43,10114.7,315.2007692,539.79,0.416067787,-0.222077465,MPF-15313-20250430-09_57_27,10125.2,234.24916,426.1916257,0.450366582,0.5,252.8746192,4.095567366,56.94313896,0.017074251,0.266542953,272.7492529,DARK-15314-20250430-09_57_34,172.3,172.3,0.595721761,0.756001562,0.309119634,1.729353857,0.505805082,0.556070593,0.443929407,15313,290,408.73,285,10125.2,407.14,1.59,300,23.9,426.1916257,2.161766657,-19.29089089,1.905660203,0.785397838,-0.008125508,290,405.95,725,10119.5,407.13,-1.18,None,None,None,None,None,None,None,None,None,None,None,None,None,300,252.8746192,0.842950146,0.165293781,2,0.5,0: Broadleaf,2,1745996244,418.4578667,419.9756333,7.070716667,6.708676667,419.0444,7.128633667,599.9999,100.1593,0.058360193,24.76680667,23.45112,999.9,0,0,5000.833333,0,165.8510667,-1.517864333,421.4376333,422.8121667,0.362039567,419.9756333,6.708676667,0.708197933,0.671936133,1.989239667,1.255812667,299.9876333,0.8999828,0.100017183,0,234.4217333,4.99918,814.8076667,2768.436333,36.32883333,40.2477,38.16433333,39.38306667,39.23716667,265.486,29.5,0,37.39999986,0,234.24916,-14.72969237,-40.74969235,814.54512,15,1745994782,9:33:01,1745994782,1745994732,3,0.142,-0.003,-0.582,-0.005,420,11,1.8,0.51,-1.545656098,0.403878815,0.122209325,1,234.4724412,-4.381894584,1.229007447,0,0.366793634,-0.067869972,0.007637628,1,2,3,02-Mar,3.21961,2.66694,0.102416,0.103636,0.0450857,0.0435608,26928,24587.7,28476.5,25114.1,34854.7,25391.3,40542.6,27927.7,2.0142,1.6408,0.133961,0,21.2175,999.9,18.2,28.1,6.93551,26.4093,20.0521,1,-0.25811,0,20.2817,5.23406,11.9021,4.962,3.292,9999,9999,9999,999.9,4.97202,1.85376,1.85571,1.85593,1.85565,1.85538,1.85037,1.85248,0,0,0,0,11111111,oooooooo,on,on,on,on,0,100,100,-0.586,-0.058,-1.481183463,0.00151024,1.49E-06,5.40E-12,-0.055858114,-0.011177753,0.001682567,-2.18E-05,3,2244,0,20,24.5,25.3,1.02783,2.52075,1.59302,2.13501,1.50269,2.4353,31.3898,24.1575,18,610.307,413.76,23.705,24.145,30.0002,24.2662,24.3346,20.6462,-30,-30,-999.9,420,0,101.366,75.3045
348,1745996292,3409,20250430 09:58:11,9:58:11,15,D,5,21%,5557.26,1745996284,0.000983474,0.983474104,3.936037004,418.5494667,264.6328338,26.52124084,41.94661354,0.044884346,1.989982951,0.044329422,0.027755175,33.05033735,24.66915792,23.39225,2.887364858,22.45825111,0.70378346,3.133741167,2.183581398,-43.371208,146.3231638,15.408913,151.4112061,0,0,1,0,25816,RECT-12807-20250324-17_57_43,10114.7,315.2007692,539.79,0.416067787,-0.222077465,MPF-15315-20250430-09_58_07,10118.3,247.40708,533.5281171,0.536281084,0.5,168.591675,3.936037004,45.20626312,0.024663818,0.011736744,313.0552566,DARK-15316-20250430-09_58_14,182.49,182.49,0.657956171,0.815071137,0.017525561,1.310513959,0.027881492,0.601204831,0.398795169,15315,290,501.75,215,10118.3,502.17,-0.42,300,23.9,533.5281171,2.546785071,-31.72458852,2.239185892,0.87758478,-0.00820024,290,498.27,775,10108.2,502.14,-3.87,None,None,None,None,None,None,None,None,None,None,None,None,None,200,168.591675,0.842924939,0.165245132,2,0.5,0: Broadleaf,2,1745996284,418.5494667,419.9987333,7.022454667,6.696922333,419.1357,7.080824333,599.982,100.1606333,0.058377517,24.75613667,23.39225,999.9,0,0,5000.5,0,164.1366667,-1.449259333,421.5093667,422.8302667,0.325533167,419.9987333,6.696922333,0.7033734,0.670767867,1.893605667,1.231602333,200.0079333,0.899989,0.100011,0,247.2296333,4.99918,609.5669,1830.142333,36.67253333,41.0456,38.64346667,40.4831,39.69556667,175.505,19.5,0,37.39999986,0,247.40708,25.07461544,49.11984622,610.01624,15,1745994782,9:33:01,1745994782,1745994732,3,0.142,-0.003,-0.582,-0.005,420,11,1.8,0.51,-1.455451951,0.265372892,0.109585473,1,244.6790588,41.64632547,4.283200329,0,0.329830488,-0.07545646,0.008439369,1,2,3,02-Mar,3.22051,2.66702,0.102414,0.103629,0.0448612,0.04352,26926.5,24586.3,28475,25112.6,34860.6,25391.4,40540,27926.6,2.0136,1.6402,0.128627,0,21.2571,999.9,18.1,28.1,6.89782,26.4693,19.8998,1,-0.256545,0,20.2828,5.23526,11.9021,4.9616,3.292,9999,9999,9999,999.9,4.97205,1.85379,1.85568,1.85593,1.85565,1.85538,1.85031,1.85242,0,0,0,0,11111111,oooooooo,on,on,on,on,0,100,100,-0.586,-0.0584,-1.481183463,0.00151024,1.49E-06,5.40E-12,-0.055858114,-0.011177753,0.001682567,-2.18E-05,3,2244,0,20,25.2,26,1.02783,2.51465,1.59424,2.13623,1.50269,2.43774,31.4333,24.1575,18,610.176,413.628,23.7305,24.1714,30.0001,24.2925,24.3608,20.647,-30,-30,-999.9,420,0,101.36,75.3009
349,1745996331,3448.5,20250430 09:58:51,9:58:51,15,D,5,21%,5557.35,1745996323,0.000884147,0.884147209,2.700533756,418.9989,298.5888406,29.92412391,41.99143871,0.040487556,1.990097314,0.04003546,0.025062361,16.50829466,24.55535653,23.32238333,2.875213557,22.39962673,0.701471999,3.131623608,2.173741558,-38.9908919,152.6134098,16.0638198,146.1946323,0,0,1,0,25758,RECT-12807-20250324-17_57_43,10114.7,315.2007692,539.79,0.416067787,-0.222077465,MPF-15317-20250430-09_58_46,10106.3,250.8542,612.1217719,0.590189058,0.5,84.27706018,2.700533756,24.86969938,0.034678609,-0.118165658,338.5617806,DARK-15318-20250430-09_58_53,185.25,185.25,0.697364138,0.846314035,-0.204015829,1.216712757,-0.322062512,0.624983257,0.375016743,15317,290,583.44,265,10106.3,583.08,0.36,300,23.9,612.1217719,2.321658765,-29.34614002,2.03590785,0.88124089,-0.00827588,290,580.75,785,10098,583.06,-2.31,None,None,None,None,None,None,None,None,None,None,None,None,None,100,84.27706018,0.842848846,0.165098273,2,0.5,0: Broadleaf,2,1745996323,418.9989,420.0226,6.999426667,6.706763333,419.5839,7.058009333,599.9786,100.16,0.058493913,24.74482,23.32238333,999.9,0,0,5001,0,164.5849667,-1.0236024,421.9523,422.8585667,0.2926635,420.0226,6.706763333,0.701062867,0.671749633,1.847597667,1.251947667,99.99071667,0.900013967,0.099986093,0,250.6388667,4.99918,367.8563,891.4952667,36.9601,41.70393333,39.0893,41.39353333,40.07063333,85.49366667,9.495,0,37.39999986,0,250.8542,19.79930772,20.65746153,368.03792,15,1745994782,9:33:01,1745994782,1745994732,3,0.142,-0.003,-0.582,-0.005,420,11,1.8,0.51,-1.041392146,0.473221819,0.106277685,1,249.1930588,25.20302524,2.572861556,0,0.297785317,-0.083030801,0.008711571,1,2,3,02-Mar,3.22001,2.66611,0.102439,0.103628,0.0447452,0.0435746,26924.5,24586.4,28473.7,25112.8,34864.4,25389.6,40539.4,27926.2,2.0126,1.639,0.12055,0,21.2964,999.9,18.1,28.2,6.93878,26.3593,20.0761,1,-0.255,0,20.2834,5.23406,11.9021,4.962,3.292,9999,9999,9999,999.9,4.97198,1.85373,1.85574,1.85593,1.85562,1.85544,1.85031,1.85245,0,0,0,0,11111111,oooooooo,on,on,on,on,0,100,100,-0.585,-0.0586,-1.481183463,0.00151024,1.49E-06,5.40E-12,-0.055858114,-0.011177753,0.001682567,-2.18E-05,3,2244,0,20,25.8,26.6,1.02783,2.51953,1.59424,2.13623,1.50269,2.37305,31.4552,24.1488,18,609.742,413.159,23.7559,24.1937,30.0003,24.3168,24.3865,20.6446,-30,-30,-999.9,420,0,101.358,75.3006
350,1745996371,3488,20250430 09:59:30,9:59:30,15,D,5,21%,5557.35,1745996363,0.000788677,0.788676627,1.675067964,419.324,331.376189,33.21042017,42.02452286,0.036169218,1.990113976,0.035807957,0.02241213,8.242043476,24.50890186,23.29058,2.86969711,22.42240013,0.701670547,3.129328453,2.168026563,-34.78063925,154.7100812,16.28075364,144.452239,0,0,1,0,25819,RECT-12807-20250324-17_57_43,10114.7,315.2007692,539.79,0.416067787,-0.222077465,RECT-15319-20250430-09_59_26,10102.6,253.00976,621.74,0.593061794,0.5,42.13818963,1.675067964,12.49527517,0.045021997,-0.131807508,341.4836194,DARK-15320-20250430-09_59_33,184.12,184.12,0.703863351,0.842580869,-0.230410212,1.202881077,-0.364888377,0.613162076,0.386837924,15317,290,583.44,265,10106.3,583.08,0.36,300,23.9,612.1217719,2.321658765,-29.34614002,2.03590785,0.88124089,-0.00827588,290,580.75,785,10098,583.06,-2.31,None,None,None,None,None,None,None,None,None,None,None,None,None,50,42.13818963,0.842710028,0.164830353,2,0.5,0: Broadleaf,2,1745996363,419.324,419.9925667,7.001324,6.740282667,419.9082667,7.059889,600.0236333,100.1613667,0.05832708,24.73254667,23.29058,999.9,0,0,5001,0,165.7520333,-0.668534367,422.2806333,422.8427667,0.261041,419.9925667,6.740282667,0.701262367,0.6751162,1.851577,1.321509333,50.00319,0.899631667,0.10036833,0,252.9996667,4.99918,241.6804,422.3090667,36.82476667,41.25593333,38.97263333,40.7747,39.8164,40.487,4.517,0,37.39999986,0,253.00976,-2.653615346,-4.669769251,241.61456,15,1745994782,9:33:01,1745994782,1745994732,3,0.142,-0.003,-0.582,-0.005,420,11,1.8,0.51,-0.6870186,0.668420533,0.117351459,0,253.1368824,-2.088861718,0.593328882,0,0.263631125,-0.055424882,0.006209337,1,1,3,01-Mar,3.21965,2.66703,0.10253,0.103628,0.0448304,0.0437865,26921.2,24585.3,28473.2,25111.7,34861.2,25383.1,40539.3,27925.3,2.0124,1.6386,0.118405,0,21.313,999.9,18.1,28.2,6.93771,26.4494,19.9119,1,-0.253496,0,20.2822,5.23286,11.9021,4.9616,3.292,9999,9999,9999,999.9,4.97211,1.85379,1.85574,1.85593,1.85562,1.85541,1.85031,1.85245,0,0,0,0,11111111,oooooooo,on,on,on,on,0,100,100,-0.584,-0.0585,-1.481183463,0.00151024,1.49E-06,5.40E-12,-0.055858114,-0.011177753,0.001682567,-2.18E-05,3,2244,0,20,26.5,27.3,1.02783,2.51953,1.59424,2.13867,1.50269,2.48779,31.4988,24.1575,18,609.848,413.112,23.7818,24.2161,30.0001,24.3391,24.4091,20.6459,-30,-30,-999.9,420,0,101.357,75.2978
351,1745996810,3927.5,20250430 10:06:50,10:06:50,15,D,5,2%,5557.53,1745996802,0.001808378,1.808378342,11.0098568,416.0500968,193.5914674,19.39897137,41.69059734,0.0848351,1.989793886,0.082875741,0.05196961,321.505637,27.51924548,24.27397742,3.044621282,27.53757831,0.901145726,3.272421838,2.143475556,-79.7494849,129.7085193,13.77181179,385.2364832,0,0,1,0,25749,RECT-12807-20250324-17_57_43,10114.7,315.2007692,539.79,0.416067787,-0.222077465,MPF-15323-20250430-10_06_45,10126.7,292.3466538,316.4135012,0.076061379,0.5,1681.170446,11.0098568,63.93607149,0.006681021,0.705963867,223.1928536,DARK-15324-20250430-10_06_52,189.02,189.02,0.402617147,0.188917387,0.636817569,19.84514986,0.994600222,0.12214665,0.87785335,15323,290,306.29,265,10126.7,306.85,-0.56,300,23.9,316.4135012,2.831369208,-9.679836816,2.564612294,0.337215199,-0.006708402,290,306.1,635,10123.5,306.85,-0.75,None,None,None,None,None,None,None,None,None,None,None,None,None,2000,1681.170446,0.840598645,0.160755385,2,0.5,0: Broadleaf,2,1745996802,416.0500968,419.970871,8.992957419,8.395580968,416.5060968,9.022957419,599.9954194,100.1486774,0.057037374,25.4831129,24.27397742,999.9,0,0,5000.322581,0,168.9458387,-4.058179032,419.6843871,423.5265484,0.591664774,419.970871,8.395580968,0.900061129,0.840806645,5.391637742,4.415485484,1999.968065,0.979995161,0.020004732,0,292.6494194,4.99918,6039.859677,19219.50645,36.48577419,38.41703226,37.31229032,37.05822581,38.60251613,1955.059032,39.90903226,0,397.8,0,292.3466538,-45.31244451,-907.4229065,6034.553077,15,1745996839,10:07:18,1745996839,1745996828,4,0.127,0.012,-0.456,-0.03,420,9,3.06,0.59,-4.046299268,-0.356763136,0.124877179,1,295.1593824,-47.44267381,4.700582173,0,0.588303195,0.056487659,0.006895211,1,2,3,02-Mar,3.22002,2.66538,0.102333,0.10413,0.0565008,0.0540627,26929.4,24573.9,28475.6,25114.2,34435.6,25111.3,40543.1,27928.1,2.0116,1.6784,0.19148,0,21.1837,999.9,20.9,28.5,8.15293,26.3196,18.7179,1,-0.25439,0,20.2641,5.22927,11.9021,4.962,3.292,9999,9999,9999,999.9,4.97202,1.85379,1.85574,1.85593,1.85562,1.85544,1.85031,1.85251,0,0,0,0,11111111,oooooooo,on,on,on,on,0,100,100,-0.456,-0.03,-1.481183463,0.00151024,1.49E-06,5.40E-12,-0.055858114,-0.011177753,0.001682567,-2.18E-05,3,2244,0,20,33.8,34.6,1.04248,2.52197,1.59424,2.16309,1.50269,2.46094,31.5424,24.14,18,610.386,436.332,24.0654,24.2772,29.9998,24.4387,24.5263,20.9374,-30,-30,-999.9,420,0,101.366,75.3052
352,1745996870,3987,20250430 10:07:49,10:07:49,15,D,5,2%,5557.35,1745996862,0.001767912,1.767912129,10.83522435,416.1211613,195.2793394,19.56866199,41.69890362,0.084070796,1.989629617,0.082145996,0.051510513,289.5700244,27.33565234,24.29545806,3.048543978,28.44571809,0.934760281,3.286119472,2.113783698,-77.96492488,134.9382211,14.33488919,360.8782098,0,0,1,0,25745,RECT-12807-20250324-17_57_43,10114.7,315.2007692,539.79,0.416067787,-0.222077465,MPF-15325-20250430-10_07_45,10129.4,267.04924,290.9537979,0.082159291,0.5,1513.203397,10.83522435,62.16185945,0.007307215,0.855243011,210.2173804,DARK-15326-20250430-10_07_52,177.46,177.46,0.390074983,0.210624354,0.686766765,-0.985878092,1.107961416,0.139964442,0.860035558,15325,290,286.79,255,10129.4,285.73,1.06,300,23.9,290.9537979,3.263436055,-5.29393336,2.947565965,0.103303987,-0.006876004,290,286.1,725,10123.6,285.72,0.38,None,None,None,None,None,None,None,None,None,None,None,None,None,1800,1513.203397,0.840658159,0.160870247,2,0.5,0: Broadleaf,2,1745996862,416.1211613,419.978,9.328147742,8.744359677,416.5875484,9.347525161,600.0193871,100.1513548,0.057208184,25.55344839,24.29545806,999.9,0,0,4999.516129,0,170.7042581,-3.856756129,420.0394194,423.6827419,0.583788935,419.978,8.744359677,0.93422671,0.875759548,5.929016452,4.998396774,1800.022258,0.977999226,0.022000761,0,267.3765161,4.99918,5004.12129,17282.09355,36.02190323,37.66309677,36.64283871,36.24970968,38.12677419,1755.532258,39.49,0,57.5999999,0,267.04924,-15.03607693,-247.5299996,5000.0412,15,1745996839,10:07:18,1745996839,1745996828,4,0.127,0.012,-0.456,-0.03,420,9,3.06,0.59,-3.894070732,0.521141394,0.130659015,0,268.2111176,-17.37289535,1.803206323,0,0.58600661,-0.033490181,0.005107307,1,1,3,01-Mar,3.21997,2.6654,0.102371,0.104126,0.0580437,0.0558097,26930,24574.8,28477.3,25114.8,34380.8,25065.9,40545.3,27929.5,2.0116,1.6788,0.192672,0,21.117,999.9,21.6,28.5,8.42612,26.3096,18.5938,1,-0.256646,0,20.2661,5.23167,11.9021,4.9616,3.292,9999,9999,9999,999.9,4.97208,1.85379,1.85577,1.85593,1.85562,1.85544,1.85028,1.85245,0,0,0,0,11111111,oooooooo,on,on,on,on,0,100,100,-0.467,-0.0189,-1.354203984,0.00151024,1.49E-06,5.40E-12,-0.044139996,-0.011177753,0.001682567,-2.18E-05,3,2244,0,20,0.5,0.7,1.04248,2.52441,1.59424,2.16431,1.50269,2.48413,31.5424,24.14,18,610.251,436.513,24.087,24.2589,30,24.4265,24.5203,20.9391,-30,-30,-999.9,420,0,101.372,75.3082
353,1745996909,4026.5,20250430 10:08:29,10:08:29,15,D,5,2%,5557.35,1745996901,0.00166663,1.666630203,10.66521852,416.2161,190.9211429,19.13208071,41.70873848,0.080866836,1.989676675,0.079084315,0.049584577,257.6552316,27.05934767,24.15469,3.022917755,29.07838348,0.952991274,3.277318613,2.069926481,-73.49839195,145.1968613,15.40990656,344.7636075,0,0,1,0,25630,RECT-12807-20250324-17_57_43,10114.7,315.2007692,539.79,0.416067787,-0.222077465,MPF-15327-20250430-10_08_24,10130.3,261.08684,290.6168664,0.101611537,0.5,1345.125121,10.66521852,68.34011527,0.008093891,0.857393918,210.041438,DARK-15328-20250430-10_08_31,167.63,167.63,0.423192459,0.240107153,0.669532281,-1.201193584,1.109461628,0.154160057,0.845839943,15327,290,282.02,155,10130.3,282.06,-0.04,300,23.9,290.6168664,3.182955775,-8.672190907,2.864610109,0.246600484,-0.007042306,290,282.4,645,10121.4,282.05,0.35,None,None,None,None,None,None,None,None,None,None,None,None,None,1600,1345.125121,0.84074769,0.161043042,2,0.5,0: Broadleaf,2,1745996901,416.2161,420.0024,9.510005,8.959744667,416.6821667,9.526734667,599.9998333,100.1522,0.057134717,25.50828667,24.15469,999.9,0,0,4999.666667,0,170.1396,-3.786374333,420.2123667,423.7996,0.550259833,420.0024,8.959744667,0.952446667,0.897337033,6.208518,5.348065,1599.915333,0.9749984,0.025001537,0,261.2434333,4.99918,4371.289,15340.61333,36.20806667,38.12473333,36.8706,36.7164,38.3664,1555.040667,39.87466667,0,37.39999986,0,261.08684,-21.62315388,-305.9307696,4368.4208,15,1745996839,10:07:18,1745996839,1745996828,4,0.127,0.012,-0.456,-0.03,420,9,3.06,0.59,-3.777582195,0.05095777,0.10504613,1,262.7919412,-29.59984722,2.984865589,0,0.552045537,-0.033848258,0.004838393,1,2,3,02-Mar,3.22079,2.66551,0.102376,0.104107,0.0589081,0.0568825,26931,24575.7,28478.5,25115.2,34350.8,25038.2,40547.4,27930.6,2.0132,1.6794,0.185579,0,21.1001,999.9,22.1,28.5,8.62157,26.3496,18.6058,1,-0.257927,0,20.2697,5.23526,11.9021,4.9616,3.292,9999,9999,9999,999.9,4.97205,1.85379,1.85577,1.85593,1.85565,1.85538,1.85028,1.85245,0,0,0,0,11111111,oooooooo,on,on,on,on,0,100,100,-0.466,-0.0162,-1.354203984,0.00151024,1.49E-06,5.40E-12,-0.044139996,-0.011177753,0.001682567,-2.18E-05,3,2244,0,20,1.2,1.4,1.04248,2.52197,1.59424,2.16064,1.50269,2.48413,31.4988,24.1488,18,611.269,436.793,24.1019,24.2429,29.9999,24.4163,24.5122,20.9417,-30,-30,-999.9,420,0,101.376,75.3102
354,1745996949,4066,20250430 10:09:08,10:09:08,15,D,5,2%,5557.44,1745996941,0.001580559,1.580558907,10.29238802,416.3387667,191.9974896,19.23925377,41.71954124,0.078269536,1.989795567,0.076598502,0.048021228,225.7771957,26.76758071,24.00978333,2.996735032,29.69408806,0.969981472,3.266581114,2.026753559,-69.70264782,154.8240692,16.4141257,327.3127427,0,0,1,0,25575,RECT-12807-20250324-17_57_43,10114.7,315.2007692,539.79,0.416067787,-0.222077465,MPF-15329-20250430-10_09_04,10132,254.58264,287.999847,0.11603203,0.5,1177.185739,10.29238802,68.29562566,0.008931866,0.874271829,208.6709952,DARK-15330-20250430-10_09_11,161.95,161.95,0.437673312,0.265111048,0.666393587,-1.228532131,1.121114099,0.168647533,0.831352467,15329,290,278.38,115,10132,279.02,-0.64,300,23.9,287.999847,2.601376994,-9.097749066,2.333420422,0.35187198,-0.007207873,290,279.07,665,10118.7,279.01,0.06,None,None,None,None,None,None,None,None,None,None,None,None,None,1400,1177.185739,0.840866977,0.161273265,2,0.5,0: Broadleaf,2,1745996941,416.3387667,419.989,9.679897667,9.158132,416.8044333,9.694095,599.9855333,100.1486,0.05715689,25.45304333,24.00978333,999.9,0,0,5000.333333,0,169.9877,-3.650254667,420.4083,423.8708333,0.521764033,419.989,9.158132,0.969428,0.917174,6.464799667,5.663035667,1399.966667,0.970998633,0.02900148,0,254.7046333,4.99918,3762.934333,13400.03333,37.07893333,39.39973333,37.72053333,38.20393333,39.32893333,1354.511,40.458,0,37.39999986,0,254.58264,-14.42807696,-200.0146156,3761.046,15,1745996839,10:07:18,1745996839,1745996828,4,0.127,0.012,-0.456,-0.03,420,9,3.06,0.59,-3.6544425,0.037641726,0.099919281,1,256.1033235,-24.2471658,2.553128896,0,0.522912675,-0.03233875,0.004589112,1,2,3,02-Mar,3.22073,2.66586,0.102416,0.104112,0.0597207,0.0578775,26931.7,24576.5,28480.4,25116.1,34322.7,25013,40549.5,27932.1,2.0134,1.679,0.17941,0,21.0704,999.9,22.4,28.5,8.7385,26.3196,18.6218,1,-0.259207,0,20.2716,5.23526,11.9021,4.962,3.292,9999,9999,9999,999.9,4.97205,1.85379,1.85571,1.85593,1.85565,1.85535,1.85031,1.85248,0,0,0,0,11111111,oooooooo,on,on,on,on,0,100,100,-0.466,-0.0137,-1.354203984,0.00151024,1.49E-06,5.40E-12,-0.044139996,-0.011177753,0.001682567,-2.18E-05,3,2244,0,20,1.8,2,1.04248,2.52441,1.59424,2.16187,1.50269,2.44141,31.4988,24.14,18,611.295,436.498,24.1115,24.2283,29.9999,24.4062,24.5041,20.9427,-30,-30,-999.9,420,0,101.382,75.3135
355,1745996988,4105.5,20250430 10:09:48,10:09:48,15,D,5,2%,5557.26,1745996980,0.001476336,1.476336292,10.15247204,416.3749667,184.4158874,18.47952097,41.7231402,0.074386282,1.989955895,0.072875342,0.045680284,193.7992684,26.49058814,23.88912,2.975084276,30.2429556,0.985193871,3.257597848,1.989890405,-65.10643048,162.8101373,17.24489449,308.7478697,0,0,1,0,25581,RECT-12807-20250324-17_57_43,10114.7,315.2007692,539.79,0.416067787,-0.222077465,MPF-15331-20250430-10_09_43,10124.7,248.89084,288.2627092,0.13658329,0.5,1009.160521,10.15247204,68.91723203,0.010280376,0.87256271,208.8089569,DARK-15332-20250430-10_09_50,159.03,159.03,0.448315738,0.3046587,0.660592738,-1.461570327,1.119943685,0.194663143,0.805336857,15331,290,278.4,185,10124.7,277.77,0.63,300,23.9,288.2627092,2.351557991,-10.61894967,2.102045681,0.476830032,-0.007372747,290,276.94,765,10113,277.76,-0.82,None,None,None,None,None,None,None,None,None,None,None,None,None,1200,1009.160521,0.840986023,0.161503024,2,0.5,0: Broadleaf,2,1745996980,416.3749667,419.9638667,9.831716,9.344464,416.8406667,9.843601667,600.0268333,100.1484,0.05728849,25.40670333,23.88912,999.9,0,0,5001,0,170.5088,-3.588870333,420.5093,423.9251667,0.487250933,419.9638667,9.344464,0.984630367,0.9358331,6.690896,5.953856667,1199.973,0.966993033,0.0330066,0,249.0375,4.99918,3186.195333,11464.00333,37.781,40.35183333,38.45393333,39.48096667,40.0872,1155.533,39.44,0,37.39999986,0,248.89084,-14.00576925,-140.3907694,3184.794,15,1745996839,10:07:18,1745996839,1745996828,4,0.127,0.012,-0.456,-0.03,420,9,3.06,0.59,-3.603473902,0.112665993,0.114899102,1,250.4080294,-22.59582889,2.331660043,0,0.490289805,-0.05343393,0.00627682,1,2,3,02-Mar,3.22029,2.66572,0.102446,0.104087,0.0604376,0.0587933,26930.7,24577.4,28480.2,25116.2,34296.9,24988.3,40550.1,27931.8,2.0132,1.6798,0.171512,0,21.049,999.9,22.9,28.5,8.93389,26.3296,18.6378,1,-0.260915,0,20.2731,5.23167,11.9021,4.9616,3.292,9999,9999,9999,999.9,4.97205,1.85379,1.85574,1.85593,1.85565,1.85541,1.85034,1.85242,0,0,0,0,11111111,oooooooo,on,on,on,on,0,100,100,-0.465,-0.0114,-1.354203984,0.00151024,1.49E-06,5.40E-12,-0.044139996,-0.011177753,0.001682567,-2.18E-05,3,2244,0,20,2.5,2.7,1.04248,2.52441,1.59424,2.16187,1.50269,2.49146,31.477,24.1488,18,611.019,436.877,24.1198,24.212,30,24.3939,24.4939,20.946,-30,-30,-999.9,420,0,101.383,75.3134
356,1745997028,4145,20250430 10:10:27,10:10:27,15,D,5,2%,5557.53,1745997020,0.001393969,1.39396909,9.348818324,416.6822,194.6282202,19.50258482,41.75334873,0.071637211,1.989698335,0.070234574,0.044020342,161.9039763,26.22092558,23.74298,2.949045452,30.73825362,0.999440607,3.251455401,1.949604845,-61.47403688,175.0595218,18.52815182,294.0176131,0,0,1,0,25699,RECT-12807-20250324-17_57_43,10114.7,315.2007692,539.79,0.416067787,-0.222077465,MPF-15333-20250430-10_10_23,10120.6,243.15996,288.3516388,0.156724196,0.5,841.1941992,9.348818324,65.91774235,0.011377748,0.871985199,208.8556154,DARK-15334-20250430-10_10_30,163.45,163.45,0.433157375,0.361818141,0.668114899,-1.683171041,1.11954772,0.243210992,0.756789008,15333,290,277.38,245,10120.6,277.58,-0.2,300,23.9,288.3516388,3.694286166,-10.9018265,3.291459859,0.281505471,-0.007538718,290,276.49,665,10114.3,277.57,-1.08,None,None,None,None,None,None,None,None,None,None,None,None,None,1000,841.1941992,0.841193723,0.161903885,2,0.5,0: Broadleaf,2,1745997020,416.6822,419.9921333,9.974029,9.514000667,417.1469667,9.983709333,599.9915667,100.1473,0.05700134,25.37495333,23.74298,999.9,0,0,5000,0,169.0102333,-3.309954667,420.8801667,424.0263667,0.4600277,419.9921333,9.514000667,0.998872467,0.952802033,6.899933333,6.213932,1000.000567,0.960006333,0.039993347,0,243.2617667,4.99918,2623.866667,9523.917667,38.36843333,41.12473333,39.1164,40.57476667,40.7414,955.208,39.79066667,0,37.39999986,0,243.15996,-10.62976924,-109.0292309,2622.7428,15,1745996839,10:07:18,1745996839,1745996828,4,0.127,0.012,-0.456,-0.03,420,9,3.06,0.59,-3.324388537,0.114416028,0.112441727,1,244.4171471,-18.76869367,1.936091137,0,0.46286739,-0.051786272,0.006533139,1,2,3,02-Mar,3.22055,2.66555,0.102488,0.104079,0.0611082,0.0595801,26930.4,24577.7,28481.2,25116.2,34274.1,24967.3,40552.3,27931.7,2.0144,1.6802,0.163764,0,21.0275,999.9,23.2,28.6,9.10411,26.2996,18.8141,1,-0.261646,0,20.2754,5.23047,11.9021,4.962,3.292,9999,9999,9999,999.9,4.97208,1.85379,1.85577,1.85593,1.85562,1.85541,1.85043,1.85251,0,0,0,0,11111111,oooooooo,on,on,on,on,0,100,100,-0.464,-0.0092,-1.354203984,0.00151024,1.49E-06,5.40E-12,-0.044139996,-0.011177753,0.001682567,-2.18E-05,3,2244,0,20,3.1,3.3,1.04248,2.52441,1.59424,2.16187,1.50269,2.38037,31.4552,24.1488,18,611.754,437.025,24.1267,24.1978,29.9999,24.3838,24.4838,20.9491,-30,-30,-999.9,420,0,101.387,75.3133
357,1745997067,4184.5,20250430 10:11:07,10:11:07,15,D,5,2%,5557.44,1745997059,0.001310588,1.310588275,8.814839516,416.8397333,198.4465083,19.88519277,41.76913226,0.068640198,1.98986029,0.067351432,0.04220842,129.9808946,25.93738413,23.59444333,2.922784035,31.18400603,1.011188946,3.242652484,1.911595089,-57.79694292,186.1172589,19.67764013,277.9788507,0,0,1,0,25704,RECT-12807-20250324-17_57_43,10114.7,315.2007692,539.79,0.416067787,-0.222077465,MPF-15335-20250430-10_11_02,10120.3,235.46472,286.3290739,0.177642994,0.5,673.1906587,8.814839516,59.79380204,0.013424008,0.885208486,207.7924751,DARK-15336-20250430-10_11_09,166.73,166.73,0.417697973,0.425290533,0.67941062,-1.761737696,1.128553338,0.301143588,0.698856412,15335,290,277.79,235,10120.3,277.66,0.13,300,23.9,286.3290739,2.731484174,-8.7690733,2.425605687,0.318232864,-0.007704934,290,277.6,715,10111.6,277.66,-0.06,None,None,None,None,None,None,None,None,None,None,None,None,None,800,673.1906587,0.841490427,0.162476524,2,0.5,0: Broadleaf,2,1745997059,416.8397333,419.9602333,10.09127333,9.658802667,417.3041667,10.09910667,599.9772333,100.1472333,0.057063237,25.32936,23.59444333,999.9,0,0,5000.666667,0,164.4167,-3.120460333,421.0891333,424.0561,0.432472733,419.9602333,9.658802667,1.010613,0.9673028,7.070291667,6.432953,799.998,0.9500088,0.049991093,0,235.5107667,4.99918,2074.734333,7584.798,38.86223333,41.8164,39.758,41.54976667,41.3186,755.255,39.74466667,0,37.39999986,0,235.46472,-10.47661539,-82.67307703,2073.9144,15,1745996839,10:07:18,1745996839,1745996828,4,0.127,0.012,-0.456,-0.03,420,9,3.06,0.59,-3.175004634,0.782098118,0.13649853,0,236.5434412,-16.27191749,1.719677504,0,0.435448341,-0.051585972,0.006247441,1,1,3,01-Mar,3.22111,2.66529,0.10254,0.104102,0.0616168,0.0603035,26930.1,24577.2,28482.5,25116.3,34255.8,24948.6,40552.7,27932.5,2.0144,1.6798,0.156522,0,21.0007,999.9,23.6,28.5,9.20748,26.2797,18.7179,1,-0.262764,0,20.2772,5.23167,11.9021,4.962,3.292,9999,9999,9999,999.9,4.97208,1.85379,1.85571,1.85593,1.85562,1.85538,1.85028,1.85248,0,0,0,0,11111111,oooooooo,on,on,on,on,0,100,100,-0.464,-0.0075,-1.354203984,0.00151024,1.49E-06,5.40E-12,-0.044139996,-0.011177753,0.001682567,-2.18E-05,3,2244,0,20,3.8,4,1.04248,2.52319,1.59424,2.16064,1.50269,2.3938,31.4552,24.1488,18,611.617,436.728,24.1319,24.1856,30,24.3716,24.4749,20.951,-30,-30,-999.9,420,0,101.39,75.3144
358,1745997107,4224,20250430 10:11:46,10:11:46,15,D,5,2%,5557.44,1745997099,0.001227071,1.22707058,8.519466794,416.9844333,195.8482831,19.62448619,41.78287969,0.065366395,1.989838346,0.064196491,0.040226174,98.07157863,25.64903284,23.45277667,2.897928021,31.55284044,1.020073067,3.232904085,1.877854954,-54.11381258,195.8827013,20.69028494,260.5307523,0,0,1,0,25648,RECT-12807-20250324-17_57_43,10114.7,315.2007692,539.79,0.416067787,-0.222077465,MPF-15337-20250430-10_11_42,10126.2,225.99936,291.0970354,0.223628782,0.5,505.2130067,8.519466794,56.49008464,0.01730269,0.854330118,210.2921434,DARK-15338-20250430-10_11_49,158.96,158.96,0.453927795,0.492652762,0.653028817,-2.700729937,1.10732364,0.346514623,0.653485377,15337,290,282.83,295,10126.2,282.21,0.62,300,23.9,291.0970354,1.921470363,-8.996903915,1.702287694,0.499402603,-0.007875306,290,282.23,675,10121.2,282.21,0.02,None,None,None,None,None,None,None,None,None,None,None,None,None,600,505.2130067,0.841993331,0.163447128,2,0.5,0: Broadleaf,2,1745997099,416.9844333,419.9948,10.18011667,9.775258667,417.4485,10.18652,600.0024,100.1454333,0.057059497,25.27874333,23.45277667,999.9,0,0,5000.666667,0,157.1641333,-3.010323667,421.273,424.1408333,0.404851967,419.9948,9.775258667,1.01949,0.978946233,7.197933667,6.606731,600.0202,0.932998033,0.067002183,0,226.0748,4.99918,1537.040333,5645.369667,38.4456,41.04976667,39.62056667,40.4247,40.9018,555.1536667,39.868,0,37.39999986,0,225.99936,-10.21353845,-64.33692316,1536.438,15,1745996839,10:07:18,1745996839,1745996828,4,0.127,0.012,-0.456,-0.03,420,9,3.06,0.59,-3.006137317,0.117802369,0.136140498,1,226.9045882,-13.71428571,1.483695032,0,0.408401341,-0.065571575,0.007385514,1,2,3,02-Mar,3.22068,2.66529,0.102566,0.10411,0.0620129,0.0608088,26930.4,24577.3,28483.6,25116.6,34242.5,24934.9,40554.2,27932.2,2.0146,1.68,0.148267,0,20.9758,999.9,23.8,28.6,9.33965,26.3097,18.8542,1,-0.264024,0,20.2766,5.23406,11.9021,4.9616,3.292,9999,9999,9999,999.9,4.97202,1.85379,1.85568,1.85593,1.85562,1.85538,1.85034,1.85248,0,0,0,0,11111111,oooooooo,on,on,on,on,0,100,100,-0.464,-0.0061,-1.354203984,0.00151024,1.49E-06,5.40E-12,-0.044139996,-0.011177753,0.001682567,-2.18E-05,3,2244,0,20,4.5,4.6,1.04248,2.52441,1.59424,2.16064,1.50269,2.40479,31.4333,24.1488,18,611.646,436.766,24.1349,24.1734,29.9999,24.3615,24.4656,20.9485,-30,-30,-999.9,420,0,101.394,75.3144
359,1745997146,4263.5,20250430 10:12:26,10:12:26,15,D,5,2%,5557.62,1745997138,0.001163312,1.163311531,7.963955254,417.1761,201.2732085,20.16743769,41.80075961,0.062606851,1.989632915,0.061532657,0.038552887,82.09562341,25.47127534,23.37242667,2.883912603,31.8798537,1.026549668,3.220057651,1.857362935,-51.30203853,197.3044787,20.82713806,248.9252016,0,0,1,0,25715,RECT-12807-20250324-17_57_43,10114.7,315.2007692,539.79,0.416067787,-0.222077465,MPF-15339-20250430-10_12_21,10136.7,221.86632,305.7705427,0.27440257,0.5,421.202897,7.963955254,57.78957867,0.019434892,0.765343369,217.8442778,DARK-15340-20250430-10_12_28,155.46,155.46,0.49157954,0.55820584,0.608902395,-8.897370844,1.041988774,0.391130478,0.608869522,15339,290,288.63,175,10136.7,289.11,-0.48,300,23.9,305.7705427,2.371531156,-16.88389175,2.098678153,0.698022775,-0.007961842,290,287.68,835,10123,289.09,-1.41,None,None,None,None,None,None,None,None,None,None,None,None,None,500,421.202897,0.842375862,0.164185413,2,0.5,0: Broadleaf,2,1745997138,417.1761,419.9925,10.24507667,9.861281667,417.6395667,10.25044,600.0043333,100.1419333,0.057382043,25.21183667,23.37242667,999.9,0,0,5000,0,147.498,-2.816499333,421.4943333,424.1754333,0.383797833,419.9925,9.861281667,1.025962667,0.987528367,7.290385667,6.733658667,500.0177667,0.92,0.079999807,0,221.988,4.99918,1281.396667,4676.55,37.33096667,39.7289,38.70183333,38.6164,39.83936667,455.4183333,39.599,0,37.39999986,0,221.86632,-12.49607695,-67.83846162,1280.8612,15,1745996839,10:07:18,1745996839,1745996828,4,0.127,0.012,-0.456,-0.03,420,9,3.06,0.59,-2.78975175,-0.381304953,0.091836793,1,222.6753529,-12.55477464,1.405830504,0,0.386388725,-0.0450103,0.005667272,1,2,3,02-Mar,3.22066,2.66531,0.102609,0.1041,0.062281,0.0612101,26930.1,24577.3,28484.6,25116.2,34233.1,24924.4,40554.7,27932.5,2.0146,1.6804,0.145704,0,20.9491,999.9,24,28.6,9.41764,26.2597,18.766,1,-0.264451,0,20.278,5.23167,11.9021,4.9612,3.292,9999,9999,9999,999.9,4.97208,1.85376,1.85568,1.85593,1.85562,1.85538,1.85037,1.85254,0,0,0,0,11111111,oooooooo,on,on,on,on,0,100,100,-0.463,-0.0053,-1.354203984,0.00151024,1.49E-06,5.40E-12,-0.044139996,-0.011177753,0.001682567,-2.18E-05,3,2244,0,20,5.1,5.3,1.04248,2.52319,1.59424,2.15942,1.50269,2.46216,31.4333,24.1488,18,611.555,436.931,24.135,24.1653,30.0001,24.3534,24.4576,20.9521,-30,-30,-999.9,420,0,101.396,75.3143
360,1745997186,4303,20250430 10:13:05,10:13:05,15,D,5,2%,5557.44,1745997178,0.001095142,1.09514205,7.434924716,417.3751,205.2885077,20.56975844,41.82067999,0.059495441,1.989550718,0.058524431,0.036663691,66.12956268,25.27154345,23.28340667,2.86845414,32.1582017,1.029943612,3.202740071,1.838510528,-48.29576439,197.1307886,20.79081326,235.7554001,0,0,1,0,25782,RECT-12807-20250324-17_57_43,10114.7,315.2007692,539.79,0.416067787,-0.222077465,MPF-15341-20250430-10_13_01,10140.3,216.8124,307.7250159,0.295434597,0.5,337.1955663,7.434924716,49.80961804,0.022707897,0.754131033,218.8345013,DARK-15342-20250430-10_13_08,155.88,155.88,0.493443848,0.598719789,0.60447757,-12.16099734,1.033286339,0.430457118,0.569542882,15341,290,300.19,185,10140.3,299.44,0.75,300,23.9,307.7250159,2.845858691,-8.396754243,2.515514469,0.284658724,-0.008048246,290,298.66,785,10128.8,299.44,-0.78,None,None,None,None,None,None,None,None,None,None,None,None,None,400,337.1955663,0.842963135,0.165318851,2,0.5,0: Broadleaf,2,1745997178,417.3751,420.0058667,10.27895333,9.917645,417.838,10.28376667,599.9779333,100.1418667,0.057402513,25.12127333,23.28340667,999.9,0,0,4999.666667,0,136.4723,-2.630717333,421.7099333,424.2130333,0.361309833,420.0058667,9.917645,1.029353667,0.993170233,7.338602,6.816569667,400.0122333,0.899986,0.100014,0,216.9066333,4.99918,1030.349333,3707.164667,36.3081,38.82263333,37.84763333,37.4539,38.91846667,355.5063333,39.51,0,37.39999986,0,216.8124,-11.94915386,-50.35846161,1029.9412,15,1745996839,10:07:18,1745996839,1745996828,4,0.127,0.012,-0.456,-0.03,420,9,3.06,0.59,-2.65196575,0.168785403,0.115869504,1,217.4595882,-11.44843393,1.35215434,0,0.36375185,-0.062739895,0.007122803,1,2,3,02-Mar,3.22087,2.66585,0.10263,0.104135,0.0624176,0.0614367,26928.9,24577.4,28483.9,25117.3,34228.2,24917.7,40554.9,27931.7,2.0148,1.6802,0.140518,0,20.942,999.9,24.2,28.6,9.49581,26.3197,18.778,1,-0.264939,0,20.2789,5.23526,11.9021,4.9616,3.292,9999,9999,9999,999.9,4.97205,1.85379,1.85571,1.85593,1.85562,1.85544,1.85037,1.85248,0,0,0,0,11111111,oooooooo,on,on,on,on,0,100,100,-0.463,-0.0047,-1.354203984,0.00151024,1.49E-06,5.40E-12,-0.044139996,-0.011177753,0.001682567,-2.18E-05,3,2244,0,20,5.8,6,1.04248,2.52197,1.59424,2.15942,1.50269,2.37915,31.4115,24.1575,18,611.607,436.751,24.1333,24.1572,30.0001,24.3452,24.4494,20.9482,-30,-30,-999.9,420,0,101.395,75.3148
361,1745997225,4342.5,20250430 10:13:45,10:13:45,15,D,5,2%,5557.35,1745997217,0.001031464,1.03146428,7.082766482,417.5001,205.080401,20.54871656,41.83281861,0.056520506,1.989665885,0.055643453,0.034854824,49.58594934,25.04388875,23.18519667,2.851483951,32.37770072,1.030080725,3.181451129,1.821403226,-45.48757473,195.6715709,20.61383922,220.3837848,0,0,1,0,25731,RECT-12807-20250324-17_57_43,10114.7,315.2007692,539.79,0.416067787,-0.222077465,MPF-15343-20250430-10_13_40,10136.6,213.56096,332.7882579,0.358267743,0.5,252.8731831,7.082766482,45.29815223,0.028887381,0.622022373,231.2180157,DARK-15344-20250430-10_13_47,161.75,161.75,0.513955207,0.697079702,0.547565713,6.779097342,0.921690418,0.52796467,0.47203533,15343,290,321.5,145,10136.6,321.05,0.45,300,23.9,332.7882579,2.174011129,-11.90260514,1.91745716,0.579156147,-0.008126468,290,321.47,675,10126.1,321.03,0.44,None,None,None,None,None,None,None,None,None,None,None,None,None,300,252.8731831,0.842950416,0.165294303,2,0.5,0: Broadleaf,2,1745997217,417.5001,420.0045667,10.28041667,9.94013,417.9627333,10.28520667,600.0002333,100.1413,0.057043923,25.00935333,23.18519667,999.9,0,0,5000.166667,0,126.5433,-2.50443,421.8367667,424.2212667,0.340288333,420.0045667,9.94013,1.029494667,0.995418067,7.340625333,6.849485333,299.9858333,0.899990967,0.100009033,0,213.6362333,4.99918,807.8296,2768.428,35.4039,38.10393333,37.07683333,36.66013333,38.1185,265.486,29.503,0,37.39999986,0,213.56096,-6.62653849,-24.19138463,807.76728,15,1745996839,10:07:18,1745996839,1745996828,4,0.127,0.012,-0.456,-0.03,420,9,3.06,0.59,-2.488033171,-0.157915192,0.101706761,1,213.412,2.1204278,1.139300585,0,0.343906341,-0.056564153,0.006493021,1,2,3,02-Mar,3.22087,2.66618,0.102631,0.104119,0.0623795,0.0615088,26929.2,24577.5,28484.3,25116.9,34229.7,24916,40555,27931.9,2.0156,1.6808,0.135541,0,20.9331,999.9,24.3,28.6,9.53631,26.3297,18.7099,1,-0.265122,0,20.28,5.23286,11.9021,4.962,3.292,9999,9999,9999,999.9,4.97205,1.85379,1.85571,1.85593,1.85562,1.85547,1.85028,1.85245,0,0,0,0,11111111,oooooooo,on,on,on,on,0,100,100,-0.463,-0.0049,-1.354203984,0.00151024,1.49E-06,5.40E-12,-0.044139996,-0.011177753,0.001682567,-2.18E-05,3,2244,0,20,6.4,6.6,1.04248,2.52197,1.59424,2.16187,1.50269,2.49512,31.4115,24.1575,18,612.103,437.063,24.1281,24.1511,30,24.3391,24.4454,20.9509,-30,-30,-999.9,420,0,101.396,75.3145
362,1745997265,4382,20250430 10:14:24,10:14:24,15,D,5,2%,5557.53,1745997257,0.000980193,0.980193133,6.271449074,417.7514667,220.1122759,22.05519622,41.85859481,0.053989087,1.989396884,0.05318813,0.033313554,33.05215443,24.82426586,23.10958667,2.838478825,32.48977526,1.027541144,3.162660057,1.81093768,-43.22651718,193.1007327,20.32778405,203.254154,0,0,1,0,25742,RECT-12807-20250324-17_57_43,10114.7,315.2007692,539.79,0.416067787,-0.222077465,MPF-15345-20250430-10_14_20,10117.9,213.25444,385.4789192,0.446780539,0.5,168.6011488,6.271449074,37.66385605,0.03851413,0.400310038,255.4810668,DARK-15346-20250430-10_14_27,174.08,174.08,0.548405915,0.814689497,0.421949306,2.450612021,0.68708139,0.665032567,0.334967433,15345,290,366.22,245,10117.9,366.45,-0.23,300,23.9,385.4789192,2.519386567,-19.25341944,2.215420748,0.729539641,-0.008200242,290,365.15,805,10109.5,366.43,-1.28,None,None,None,None,None,None,None,None,None,None,None,None,None,200,168.6011488,0.842924823,0.165244909,2,0.5,0: Broadleaf,2,1745997257,417.7514667,419.9784,10.25492667,9.931552333,418.2134,10.26012,600.0113333,100.1426,0.057155483,24.91002,23.10958667,999.9,0,0,4999,0,117.548,-2.226815333,422.0800333,424.1912667,0.3233694,419.9784,9.931552333,1.026954667,0.9945717,7.304511667,6.837101,200.0192,0.899989,0.100011,0,213.1714667,4.99918,597.4723,1830.248,35.5081,38.97263333,37.43733333,37.59763333,38.4018,175.516,19.50033333,0,37.39999986,0,213.25444,16.57984615,27.40200005,597.7322,15,1745996839,10:07:18,1745996839,1745996828,4,0.127,0.012,-0.456,-0.03,420,9,3.06,0.59,-2.24608875,0.354784053,0.126029974,1,211.9041765,23.38536287,2.40908664,0,0.325191725,-0.053164086,0.006349726,1,2,3,02-Mar,3.22058,2.66554,0.102722,0.104082,0.0622733,0.061476,26926.5,24577.5,28484.3,25115.9,34234.5,24916.6,40556,27931.6,2.0152,1.6796,0.130236,0,20.942,999.9,24.4,28.6,9.57623,26.3897,18.6659,1,-0.264878,0,20.2825,5.23526,11.9021,4.9616,3.292,9999,9999,9999,999.9,4.97208,1.85379,1.85571,1.85593,1.85562,1.85547,1.85031,1.85251,0,0,0,0,11111111,oooooooo,on,on,on,on,0,100,100,-0.461,-0.0053,-1.354203984,0.00151024,1.49E-06,5.40E-12,-0.044139996,-0.011177753,0.001682567,-2.18E-05,3,2244,0,20,7.1,7.3,1.04248,2.52319,1.59424,2.15942,1.50269,2.4939,31.3898,24.1575,18,611.799,436.343,24.1208,24.149,30.0002,24.3371,24.4414,20.955,-30,-30,-999.9,420,0,101.398,75.3127
363,1745997304,4421.5,20250430 10:15:04,10:15:04,15,D,5,2%,5557.26,1745997296,0.000924824,0.924824153,4.554429842,418.3674,264.2081374,26.47310976,41.91954951,0.051163456,1.989661416,0.050443637,0.031591102,16.51171189,24.615476,23.02585333,2.824137037,32.50086292,1.022387664,3.145724675,1.801749373,-40.78474516,192.4577808,20.23963996,188.4243875,0,0,1,0,25690,RECT-12807-20250324-17_57_43,10114.7,315.2007692,539.79,0.416067787,-0.222077465,MPF-15347-20250430-10_14_59,10107.8,215.03084,455.5122546,0.527936213,0.5,84.29130863,4.554429842,22.25021713,0.056666665,0.185017515,284.4675528,DARK-15348-20250430-10_15_06,178.85,178.85,0.607365119,0.869223794,0.233495166,1.713911117,0.375252834,0.722969206,0.277030794,15347,290,433.59,245,10107.8,433.79,-0.2,300,23.9,455.5122546,2.974298749,-21.95154639,2.608494592,0.716653946,-0.008275689,290,431.88,645,10103.2,433.78,-1.9,None,None,None,None,None,None,None,None,None,None,None,None,None,100,84.29130863,0.842852457,0.165105242,2,0.5,0: Broadleaf,2,1745997296,418.3674,420.0145,10.20368,9.898553667,418.8276667,10.20971333,600.0056,100.1409333,0.057001577,24.82005333,23.02585333,999.9,0,0,5000.166667,0,112.4546667,-1.647038333,422.6803667,424.2136333,0.305126767,420.0145,9.898553667,1.021806667,0.991250867,7.231078,6.788408667,100.0071933,0.899918933,0.10008101,0,214.8334667,4.99918,385.9368667,891.6211667,35.8603,39.99556667,37.96023333,38.93726667,38.91846667,85.50033333,9.509,0,37.39999986,0,215.03084,25.30969232,27.94461543,386.16184,15,1745996839,10:07:18,1745996839,1745996828,4,0.127,0.012,-0.456,-0.03,420,9,3.06,0.59,-1.6635255,0.371044053,0.133117601,1,213.1266176,28.58467533,2.861767266,0,0.30843075,-0.059427084,0.006859249,1,2,3,02-Mar,3.22099,2.66515,0.102833,0.104131,0.0619837,0.0612816,26922.9,24576.7,28484,25116.5,34244.5,24921.4,40555.2,27931.2,2.0156,1.6798,0.124395,0,20.9527,999.9,24.4,28.6,9.57429,26.3698,18.6458,1,-0.264309,0,20.284,5.23406,11.9021,4.9616,3.292,9999,9999,9999,999.9,4.97205,1.85379,1.85568,1.85593,1.85562,1.85538,1.85031,1.85242,0,0,0,0,11111111,oooooooo,on,on,on,on,0,100,100,-0.46,-0.0063,-1.354203984,0.00151024,1.49E-06,5.40E-12,-0.044139996,-0.011177753,0.001682567,-2.18E-05,3,2244,0,20,7.8,7.9,1.04248,2.52686,1.59424,2.16187,1.50269,2.46582,31.3898,24.1663,18,612.081,436.458,24.1115,24.1531,30.0003,24.3371,24.4414,20.9512,-30,-30,-999.9,420,0,101.396,75.3129
364,1745997344,4461,20250430 10:15:43,10:15:43,15,D,5,2%,5557.35,1745997336,0.000888857,0.888857115,2.377648329,419.0606667,329.9574742,33.06056656,41.98838985,0.049244704,1.989884419,0.048577556,0.03042016,8.239414729,24.50053229,22.96270333,2.813362721,32.37990267,1.015024408,3.134735822,1.798338313,-39.19859878,192.967112,20.27845218,182.2863801,0,0,1,0,25751,RECT-12807-20250324-17_57_43,10114.7,315.2007692,539.79,0.416067787,-0.222077465,RECT-15349-20250430-10_15_39,10095.8,223.8802,485.51,0.538876233,0.5,42.12815391,2.377648329,11.35093045,0.061709939,0.111799963,295.8843723,DARK-15350-20250430-10_15_46,171.64,171.64,0.646474841,0.833561028,0.147439902,1.536204461,0.241685676,0.63905792,0.36094208,15347,290,433.59,245,10107.8,433.79,-0.2,300,23.9,455.5122546,2.974298749,-21.95154639,2.608494592,0.716653946,-0.008275689,290,431.88,645,10103.2,433.78,-1.9,None,None,None,None,None,None,None,None,None,None,None,None,None,50,42.12815391,0.842702349,0.164815533,2,0.5,0: Broadleaf,2,1745997336,419.0606667,419.9774,10.13034333,9.837052,419.5188667,10.13753333,599.9854667,100.1392,0.057246943,24.76145,22.96270333,999.9,0,0,5001.166667,0,111.5524333,-0.916718967,423.3493667,424.1497667,0.293283033,419.9774,9.837052,1.014444,0.985074433,7.125481333,6.697463,49.99173667,0.8998533,0.10014668,0,223.7782667,4.99918,281.2542,422.2326333,36.156,40.7414,38.3747,40.0247,39.31643333,40.48766667,4.503,0,37.39999986,0,223.8802,10.69392309,5.913461559,281.33184,15,1745996839,10:07:18,1745996839,1745996828,4,0.127,0.012,-0.456,-0.03,420,9,3.06,0.59,-0.990434825,0.803572514,0.139959623,0,223.0424706,12.69063407,1.364215358,0,0.295684725,-0.037923839,0.004999212,1,1,3,01-Mar,3.22096,2.66582,0.10298,0.104108,0.0616052,0.0609629,26917.9,24576.7,28483.4,25115.9,34257.2,24930.3,40553.8,27931.7,2.0152,1.6804,0.120699,0,20.9633,999.9,24.3,28.6,9.53555,26.3098,18.8341,1,-0.26378,0,20.2843,5.23526,11.9021,4.9616,3.292,9999,9999,9999,999.9,4.97208,1.85379,1.85571,1.85593,1.85562,1.85538,1.85031,1.85245,0,0,0,0,11111111,oooooooo,on,on,on,on,0,100,100,-0.458,-0.0075,-1.354203984,0.00151024,1.49E-06,5.40E-12,-0.044139996,-0.011177753,0.001682567,-2.18E-05,3,2244,0,20,8.4,8.6,1.04248,2.52441,1.59424,2.16064,1.50269,2.38525,31.4115,24.1575,18,611.867,436.834,24.103,24.1612,30.0002,24.3432,24.4454,20.9562,-30,-30,-999.9,420,0,101.393,75.3127
365,1745998017,5134.6,20250430 10:26:57,10:26:57,15,D,4,21%,5557.44,1745998009,0.001763286,1.763286083,7.714041876,417.1792903,233.8367825,23.42620613,41.79380139,0.073599172,1.989403681,0.072119294,0.045205041,321.4947266,27.46727102,25.0754871,3.194015811,24.34350128,0.793356451,3.259007165,2.40065936,-77.76091628,36.30435757,3.869595227,283.9077631,0,0,1,0,25686,RECT-12807-20250324-17_57_43,10114.7,315.2007692,539.79,0.416067787,-0.222077465,MPF-15353-20250430-10_26_52,10137.3,242.21828,273.6698291,0.114925161,0.5,1681.11569,7.714041876,96.60124553,0.004720746,0.972413261,201.0435383,DARK-15354-20250430-10_27_00,155.39,155.39,0.43219901,0.265907969,0.692300132,-0.75730405,1.184919553,0.170587617,0.829412383,15353,290,260.85,225,10137.3,261.18,-0.33,300,23.9,273.6698291,3.481610825,-12.65786178,3.156254563,0.364839634,-0.00671661,290,261.47,895,10127.4,261.17,0.3,None,None,None,None,None,None,None,None,None,None,None,None,None,2000,1681.11569,0.840598519,0.160755142,2,0.5,0: Broadleaf,2,1745998009,417.1792903,419.9957742,7.919161935,7.336068065,417.6427742,7.956677419,600.0139677,100.123129,0.058740881,25.41398065,25.0754871,999.9,0,0,5000,0,150.0547097,-2.816454516,420.5093871,423.0996452,0.583093452,419.9957742,7.336068065,0.792891839,0.734510774,3.580667419,2.500903548,1999.903226,0.979999645,0.020000526,0,242.3817419,4.99918,5078.346774,19218.90968,36.79819355,39.3323871,37.63283871,38.17919355,39.00583871,1955.005484,39.89935484,0,631.8,0,242.21828,-18.55715384,-386.1430769,5074.7144,15,1745996839,10:07:18,1745996839,1745996828,4,0.127,0.012,-0.456,-0.03,420,9,3.06,0.59,-2.772639268,-0.37136676,0.127601615,1,243.6819412,-22.73604277,2.312474088,0,0.580974122,0.040489944,0.00542208,1,2,3,02-Mar,3.21989,2.66718,0.102016,0.103504,0.0492447,0.0467053,26929.5,24584.5,28466.4,25108.2,34693.5,25303.2,40533.2,27923.2,2.0112,1.6322,0.259131,0,20.8905,999.9,18.8,29,7.55298,26.3983,20.0881,1,-0.242683,0,20.2661,5.23286,11.9021,4.9616,3.292,9999,9999,9999,999.9,4.97205,1.85379,1.85574,1.85593,1.85562,1.85547,1.85034,1.85248,0,0,0,0,11111111,oooooooo,on,on,on,on,0,100,100,-0.464,-0.0377,-1.354203984,0.00151024,1.49E-06,5.40E-12,-0.044139996,-0.011177753,0.001682567,-2.18E-05,3,2244,0,20,19.6,19.8,1.02905,2.52563,1.59424,2.14111,1.50269,2.49023,31.5861,24.14,18,611.984,411.783,24.2279,24.4471,29.9999,24.6085,24.7013,20.6685,-30,-30,-999.9,420,0,101.338,75.2897
366,1745998057,5174.1,20250430 10:27:36,10:27:36,15,D,4,21%,5557.53,1745998049,0.001726435,1.726435105,7.348808531,417.2976,238.0781885,23.85111349,41.80564578,0.071870561,1.989324392,0.070458609,0.044161178,289.5588644,27.290188,25.03585,3.186480006,23.83293303,0.780340611,3.274211403,2.406139395,-76.13578811,48.95534549,5.219259037,267.5976809,0,0,1,0,25741,RECT-12807-20250324-17_57_43,10114.7,315.2007692,539.79,0.416067787,-0.222077465,MPF-15355-20250430-10_27_32,10140.1,235.35012,257.5440927,0.086175429,0.5,1513.144661,7.348808531,65.19794518,0.005003412,1.095912954,192.2027545,DARK-15356-20250430-10_27_39,160.46,160.46,0.376961054,0.228605656,0.74406429,-0.384933264,1.256720575,0.155861673,0.844138327,15355,290,254.13,125,10140.1,252.96,1.17,300,23.9,257.5440927,3.284563112,-4.652076113,2.96729261,0.080699755,-0.006881109,290,253.16,665,10127.3,252.95,0.21,None,None,None,None,None,None,None,None,None,None,None,None,None,1800,1513.144661,0.840658184,0.160870296,2,0.5,0: Broadleaf,2,1745998049,417.2976,419.9873667,7.789241333,7.218241667,417.7607667,7.82821,599.9959667,100.1233,0.058550513,25.49231667,25.03585,999.9,0,0,4999.666667,0,154.919,-2.689658667,420.5736667,423.0409667,0.570998767,419.9873667,7.218241667,0.779885133,0.722714767,3.346337,2.273558667,1799.952333,0.9779992,0.022000797,0,235.6546,4.99918,4478.554667,17281.42,37.79136667,40.30173333,38.3727,39.4643,39.91433333,1755.462333,39.49,0,37.20000005,0,235.35012,-43.02969229,-786.7730769,4474.3092,15,1745996839,10:07:18,1745996839,1745996828,4,0.127,0.012,-0.456,-0.03,420,9,3.06,0.59,-2.716238,0.015454109,0.126780843,1,239.548,-62.51434681,6.323199255,0,0.57239765,-0.028410687,0.004774566,1,2,3,02-Mar,3.21973,2.66689,0.102047,0.103508,0.0485441,0.0460915,26930.4,24584.8,28468.4,25108.6,34720,25319.6,40534.2,27923.2,2.0114,1.6324,0.255257,0,20.8727,999.9,18.5,29,7.43112,26.4283,19.996,1,-0.243841,0,20.2683,5.23167,11.9021,4.9616,3.292,9999,9999,9999,999.9,4.97208,1.85379,1.85577,1.85593,1.85565,1.85547,1.85043,1.85251,0,0,0,0,11111111,oooooooo,on,on,on,on,0,100,100,-0.463,-0.0393,-1.354203984,0.00151024,1.49E-06,5.40E-12,-0.044139996,-0.011177753,0.001682567,-2.18E-05,3,2244,0,20,20.3,20.5,1.02905,2.52563,1.59424,2.14111,1.50269,2.47681,31.5861,24.14,18,612.076,411.862,24.2225,24.4368,30,24.6044,24.6972,20.67,-30,-30,-999.9,420,0,101.342,75.2904
367,1745998096,5213.6,20250430 10:28:16,10:28:16,15,D,4,21%,5557.71,1745998088,0.00164948,1.649480264,6.945035573,417.4343667,240.944007,24.13840447,41.819673,0.069002277,1.98965841,0.067699889,0.042427397,257.6622436,27.07638698,24.89064333,3.159005864,23.35533339,0.765911306,3.279385026,2.393094558,-72.74207963,67.39087124,7.179232268,259.4902675,0,0,1,0,25562,RECT-12807-20250324-17_57_43,10114.7,315.2007692,539.79,0.416067787,-0.222077465,MPF-15357-20250430-10_28_11,10134.3,226.57328,258.0822293,0.122088798,0.5,1345.160561,6.945035573,82.11451829,0.005328073,1.09154269,192.5023108,DARK-15358-20250430-10_28_19,158.39,158.39,0.386280875,0.31606224,0.738615025,-0.551641364,1.254324483,0.220948817,0.779051183,15357,290,249.14,185,10134.3,248.29,0.85,300,23.9,258.0822293,2.970680559,-9.922609142,2.674702767,0.329543774,-0.00704742,290,247.79,615,10126.7,248.28,-0.49,None,None,None,None,None,None,None,None,None,None,None,None,None,1600,1345.160561,0.84074777,0.161043197,2,0.5,0: Broadleaf,2,1745998088,417.4343667,419.9788333,7.645150667,7.099540667,417.8972333,7.685687667,600.0145667,100.124,0.0586307,25.5189,24.89064333,999.9,0,0,5001,0,160.1841,-2.544474333,420.6502667,422.9818,0.5456099,419.9788333,7.099540667,0.7654628,0.710834233,3.082437667,2.041240667,1599.957333,0.9749966,0.025003273,0,226.7863667,4.99918,3868.909333,15341,38.6414,41.10386667,39.10393333,40.60806667,40.7498,1555.077333,39.88,0,37.20000005,0,226.57328,-38.215,-586.5423077,3865.7968,15,1745996839,10:07:18,1745996839,1745996828,4,0.127,0.012,-0.456,-0.03,420,9,3.06,0.59,-2.5536795,0.01523955,0.105535377,1,229.685,-52.30053479,5.265023825,0,0.546765625,-0.022696019,0.004293071,1,2,3,02-Mar,3.22004,2.66718,0.102038,0.103554,0.0478141,0.0454644,26930.4,24584.3,28468,25109.4,34747.4,25336.9,40534.9,27923.8,2.0124,1.6322,0.249743,0,20.8497,999.9,18.3,29,7.35016,26.4683,20.0361,1,-0.24439,0,20.2697,5.23047,11.9021,4.962,3.292,9999,9999,9999,999.9,4.97205,1.85379,1.85574,1.85593,1.85562,1.85547,1.85043,1.85257,0,0,0,0,11111111,oooooooo,on,on,on,on,0,100,100,-0.463,-0.0408,-1.354203984,0.00151024,1.49E-06,5.40E-12,-0.044139996,-0.011177753,0.001682567,-2.18E-05,3,2244,0,20,21,21.1,1.02905,2.52441,1.59424,2.14111,1.50269,2.49634,31.5861,24.1488,18,612.715,411.707,24.2235,24.4265,30,24.5982,24.6911,20.6707,-30,-30,-999.9,420,0,101.342,75.2923
368,1745998136,5253.1,20250430 10:28:55,10:28:55,15,D,4,21%,5557.44,1745998128,0.001548326,1.548326252,7.086670531,417.4082333,228.4938125,22.89153725,41.81783313,0.065256384,1.989723479,0.064090311,0.040159476,225.7798814,26.84108979,24.70802667,3.124747532,22.91439039,0.751258917,3.278546382,2.373488615,-68.28118771,86.52038392,9.208164616,253.2272422,0,0,1,0,25682,RECT-12807-20250324-17_57_43,10114.7,315.2007692,539.79,0.416067787,-0.222077465,MPF-15359-20250430-10_28_51,10133.1,219.94996,253.4492439,0.13217354,0.5,1177.204801,7.086670531,77.79766318,0.006208561,1.129775539,189.9128924,DARK-15360-20250430-10_28_58,149.22,149.22,0.411243065,0.321400047,0.733135561,-0.542485124,1.27495319,0.218046482,0.781953518,15359,290,245.77,185,10133.1,245.13,0.64,300,23.9,253.4492439,3.175151893,-8.432295136,2.84939938,0.238252703,-0.007213103,290,245.14,715,10121.4,245.12,0.02,None,None,None,None,None,None,None,None,None,None,None,None,None,1400,1177.204801,0.840866578,0.161272496,2,0.5,0: Broadleaf,2,1745998128,417.4082333,419.9858333,7.498754333,6.986526,417.8711,7.540835,600.012,100.126,0.058495143,25.51459333,24.70802667,999.9,0,0,5001.166667,0,168.6830333,-2.57745,420.5618667,422.9405667,0.512229167,419.9858333,6.986526,0.750820367,0.699532767,2.809974,1.817041333,1399.99,0.971009,0.028990627,0,220.1139667,4.99918,3312.123,13400.30667,39.38306667,41.8164,39.83726667,41.62473333,41.49973333,1354.55,40.44,0,37.20000005,0,219.94996,-32.68430772,-439.5015385,3309.7432,15,1745996839,10:07:18,1745996839,1745996828,4,0.127,0.012,-0.456,-0.03,420,9,3.06,0.59,-2.5796655,-0.00655182,0.101019106,1,222.0287647,-41.30560737,4.163437586,0,0.513457025,-0.02851854,0.004760342,1,2,3,02-Mar,3.21963,2.66695,0.10209,0.103534,0.0470834,0.0448859,26930.5,24585.3,28469.8,25109.7,34775.8,25352.9,40536.7,27924.4,2.0122,1.6322,0.237375,0,20.8231,999.9,18,29,7.22871,26.4083,20.0841,1,-0.245183,0,20.2711,5.22927,11.9021,4.9616,3.292,9999,9999,9999,999.9,4.97202,1.85379,1.85577,1.85593,1.85562,1.85544,1.85043,1.85248,0,0,0,0,11111111,oooooooo,on,on,on,on,0,100,100,-0.462,-0.0424,-1.354203984,0.00151024,1.49E-06,5.40E-12,-0.044139996,-0.011177753,0.001682567,-2.18E-05,3,2244,0,20,21.6,21.8,1.02905,2.52563,1.59424,2.13989,1.50269,2.50366,31.5861,24.14,18,612.46,411.646,24.2272,24.4142,29.9999,24.588,24.6829,20.6695,-30,-30,-999.9,420,0,101.348,75.2936
369,1745998175,5292.6,20250430 10:29:35,10:29:35,15,D,4,21%,5557.62,1745998167,0.001446454,1.446454128,6.566542347,417.6171333,231.3746228,23.18042305,41.83925492,0.061330496,1.989532245,0.060299214,0.037778221,193.808045,26.61835452,24.54650667,3.094717936,22.48115429,0.737432332,3.280224507,2.357285603,-63.78862705,104.7608698,11.14196203,245.9222497,0,0,1,0,25623,RECT-12807-20250324-17_57_43,10114.7,315.2007692,539.79,0.416067787,-0.222077465,MPF-15361-20250430-10_29_30,10140.8,214.17184,249.1953631,0.140546448,0.5,1009.20773,6.566542347,70.92028081,0.006726682,1.166131798,187.5143723,DARK-15362-20250430-10_29_38,151.23,151.23,0.39312675,0.357509246,0.747875841,-0.530615978,1.293893905,0.252442727,0.747557273,15361,290,245.13,175,10140.8,243.99,1.14,300,23.9,249.1953631,2.651459658,-5.27459047,2.373676627,0.149913127,-0.007382507,290,244.58,675,10129.7,243.99,0.59,None,None,None,None,None,None,None,None,None,None,None,None,None,1200,1009.20773,0.840985884,0.161502756,2,0.5,0: Broadleaf,2,1745998167,417.6171333,420.0073333,7.360656333,6.882054333,418.0793,7.404148,600.0005333,100.127,0.058676247,25.52321,24.54650667,999.9,0,0,5000.333333,0,181.6381333,-2.390227,420.7138333,422.9178667,0.4786028,420.0073333,6.882054333,0.7370002,0.689079067,2.548464667,1.606782,1200.029333,0.966999133,0.033000977,0,214.3566333,4.99918,2789.219667,11464.56667,39.08936667,41.03513333,39.78513333,40.51013333,41.2039,1155.594,39.43633333,0,37.20000005,0,214.17184,-27.75053845,-339.6015385,2787.4116,15,1745996839,10:07:18,1745996839,1745996828,4,0.127,0.012,-0.456,-0.03,420,9,3.06,0.59,-2.368808293,-0.050151638,0.1207893,1,215.9230588,-34.74832697,3.484885347,0,0.481514902,-0.052905889,0.006412242,1,2,3,02-Mar,3.21957,2.66697,0.102097,0.103528,0.0463833,0.0443548,26930.8,24586,28470.3,25110.3,34801.9,25368.5,40537.1,27925.9,2.0116,1.6322,0.227064,0,20.8214,999.9,17.7,29,7.10978,26.4184,20.1162,1,-0.246301,0,20.2711,5.23526,11.9021,4.962,3.292,9999,9999,9999,999.9,4.97205,1.85379,1.85577,1.85593,1.85568,1.85544,1.85043,1.85254,0,0,0,0,11111111,oooooooo,on,on,on,on,0,100,100,-0.463,-0.0438,-1.354203984,0.00151024,1.49E-06,5.40E-12,-0.044139996,-0.011177753,0.001682567,-2.18E-05,3,2244,0,20,22.3,22.5,1.02905,2.52563,1.59424,2.13989,1.50269,2.44263,31.5861,24.14,18,611.923,411.586,24.2347,24.4019,30,24.5777,24.6747,20.673,-30,-30,-999.9,420,0,101.349,75.2966
370,1745998215,5332.1,20250430 10:30:14,10:30:14,15,D,4,21%,5557.71,1745998207,0.001344166,1.34416579,6.346474332,417.6591,226.0608347,22.64806255,41.84346854,0.057386936,1.989535902,0.056482962,0.035381883,161.9028005,26.34247711,24.37593333,3.06327931,22.13567054,0.724154115,3.271435188,2.339125195,-59.27771132,118.2114488,12.55885302,233.3953909,0,0,1,0,25627,RECT-12807-20250324-17_57_43,10114.7,315.2007692,539.79,0.416067787,-0.222077465,MPF-15363-20250430-10_30_10,10140.9,209.35612,254.8903874,0.178642545,0.5,841.1854868,6.346474332,75.13575797,0.007808684,1.117733844,190.7209001,DARK-15364-20250430-10_30_17,150.17,150.17,0.410844789,0.434817599,0.731224302,-0.754998826,1.268536392,0.311892286,0.688107714,15363,290,247.43,275,10140.9,246.56,0.87,300,23.9,254.8903874,2.776715676,-8.446908782,2.479357108,0.293053045,-0.007552406,290,247.69,835,10132.2,246.55,1.14,None,None,None,None,None,None,None,None,None,None,None,None,None,1000,841.1854868,0.841194011,0.161904441,2,0.5,0: Broadleaf,2,1745998207,417.6591,419.9618,7.228118667,6.783287667,418.1212667,7.272923667,599.9806667,100.1273,0.058398183,25.47803667,24.37593333,999.9,0,0,5000.333333,0,193.6134333,-2.302607,420.6999667,422.8299,0.444830967,419.9618,6.783287667,0.723731933,0.679192333,2.293292333,1.405316333,999.9898667,0.9600008,0.03999934,0,209.5353,4.99918,2289.500667,9523.801333,38.0373,39.83936667,38.9685,38.8269,40.29353333,955.1916667,39.8,0,37.20000005,0,209.35612,-25.49930769,-246.6230769,2288.2024,15,1745996839,10:07:18,1745996839,1745996828,4,0.127,0.012,-0.456,-0.03,420,9,3.06,0.59,-2.287299024,-0.069751359,0.126604734,1,211.2079118,-32.02271964,3.201076927,0,0.448170049,-0.05160161,0.006758539,1,2,3,02-Mar,3.22032,2.6663,0.102108,0.103529,0.0457336,0.0438283,26931.7,24587.2,28471.6,25111.6,34827.2,25383.7,40538.8,27927.2,2.013,1.6322,0.216067,0,20.8231,999.9,17.5,29,7.02958,26.4184,19.98,1,-0.247439,0,20.2732,5.23286,11.9021,4.9612,3.292,9999,9999,9999,999.9,4.97208,1.85379,1.85574,1.85593,1.85565,1.85547,1.85043,1.85257,0,0,0,0,11111111,oooooooo,on,on,on,on,0,100,100,-0.462,-0.045,-1.354203984,0.00151024,1.49E-06,5.40E-12,-0.044139996,-0.011177753,0.001682567,-2.18E-05,3,2244,0,20,22.9,23.1,1.02905,2.5293,1.59424,2.13989,1.50269,2.39136,31.608,24.1488,18,612.799,411.51,24.243,24.3896,30,24.5675,24.6646,20.6742,-30,-30,-999.9,420,0,101.353,75.3002
371,1745998254,5371.6,20250430 10:30:54,10:30:54,15,D,4,21%,5557.62,1745998246,0.001239741,1.239741068,5.873757436,417.8595667,227.4329822,22.78531538,41.86315423,0.053385462,1.989482618,0.052602209,0.032945795,129.9834577,26.02093004,24.18689667,3.028764165,21.87255629,0.711664475,3.253686791,2.31709969,-54.67258108,128.665124,13.65053059,217.6265312,0,0,1,0,25697,RECT-12807-20250324-17_57_43,10114.7,315.2007692,539.79,0.416067787,-0.222077465,MPF-15365-20250430-10_30_49,10157,204.33612,264.53252,0.227557655,0.5,673.1999385,5.873757436,76.59589975,0.009055014,1.040543068,196.0683453,DARK-15366-20250430-10_30_57,155.23,155.23,0.41319124,0.550732042,0.715772519,-1.188049733,1.225604091,0.418379946,0.581620054,15365,290,252.21,95,10157,252.72,-0.51,300,23.9,264.53252,3.26624458,-11.99676962,2.908616103,0.377943906,-0.007722491,290,252.94,695,10140.5,252.7,0.24,None,None,None,None,None,None,None,None,None,None,None,None,None,800,673.1999385,0.841490982,0.162477596,2,0.5,0: Broadleaf,2,1745998246,417.8595667,419.9902333,7.103521333,6.693196667,418.3212,7.149521667,599.9807667,100.1262667,0.05847857,25.38649333,24.18689667,999.9,0,0,5000.166667,0,200.9914,-2.130734,420.8490333,422.8202333,0.410323633,419.9902333,6.693196667,0.711249233,0.670165067,2.049418,1.219086,800.0085,0.949990033,0.050009493,0,204.4610667,4.99918,1814.590667,7584.852,37.08936667,39.04973333,38.22683333,37.8143,39.48103333,755.2503333,39.76,0,37.20000005,0,204.33612,-20.63115385,-175.7592308,1813.6704,15,1745996839,10:07:18,1745996839,1745996828,4,0.127,0.012,-0.456,-0.03,420,9,3.06,0.59,-2.14158325,0.581669606,0.140644452,0,205.8741471,-26.51164249,2.671092959,0,0.4124818,-0.037324728,0.005575252,1,1,3,01-Mar,3.22014,2.66688,0.102144,0.103509,0.0450873,0.0433721,26930.3,24588,28471.2,25111.7,34851,25395.8,40538.9,27927.1,2.0124,1.6322,0.204355,0,20.8224,999.9,17.3,29.1,6.98826,26.3984,19.9639,1,-0.248171,0,20.275,5.23286,11.9021,4.962,3.292,9999,9999,9999,999.9,4.97202,1.85379,1.85577,1.85593,1.85562,1.85547,1.8504,1.85254,0,0,0,0,11111111,oooooooo,on,on,on,on,0,100,100,-0.461,-0.0462,-1.354203984,0.00151024,1.49E-06,5.40E-12,-0.044139996,-0.011177753,0.001682567,-2.18E-05,3,2244,0,20,23.6,23.8,1.02905,2.52808,1.59424,2.14111,1.50269,2.37915,31.608,24.14,18,612.271,411.449,24.2518,24.3778,29.9999,24.5577,24.6564,20.6747,-30,-30,-999.9,420,0,101.353,75.3002
372,1745998294,5411.1,20250430 10:31:33,10:31:33,15,D,4,21%,5557.62,1745998286,0.001133229,1.133229488,5.704544588,417.9437,218.9455964,21.93535099,41.87223633,0.049342441,1.989503749,0.048672535,0.030479765,98.06986865,25.68133517,23.97254,2.990037768,21.6677399,0.700388621,3.232402754,2.289649147,-49.9754204,139.8213357,14.80973557,202.7255195,0,0,1,0,25764,RECT-12807-20250324-17_57_43,10114.7,315.2007692,539.79,0.416067787,-0.222077465,MPF-15367-20250430-10_31_29,10152,200.1548077,277.5015782,0.278725516,0.5,505.20427,5.704544588,70.40666037,0.01173114,0.945178126,203.1037543,DARK-15368-20250430-10_31_36,150.41,150.41,0.457985065,0.608590841,0.673605274,-2.051682502,1.167858409,0.457336746,0.542663254,15367,290,267.1,245,10152,266.26,0.84,300,23.9,277.5015782,2.584315022,-11.41277627,2.295100881,0.468967139,-0.007892793,290,266.26,815,10143.2,266.25,0.01,None,None,None,None,None,None,None,None,None,None,None,None,None,600,505.20427,0.841993317,0.163447102,2,0.5,0: Broadleaf,2,1745998286,417.9437,420.0031667,6.990861667,6.615745333,418.4049333,7.037911,599.9777333,100.128,0.05830818,25.27613667,23.97254,999.9,0,0,5000.166667,0,204.7345667,-2.059499,420.886,422.8003333,0.375116267,420.0031667,6.615745333,0.699980533,0.662420933,1.825985333,1.057552,600.0098333,0.933,0.066999833,0,200.1314667,4.99918,1364.349667,5645.275667,36.1789,38.4144,37.50813333,37.08936667,38.71016667,555.1436667,39.867,0,37.20000005,0,200.1548077,-21.03210257,-110.7654702,1364.440385,15,1745996839,10:07:18,1745996839,1745996828,4,0.127,0.012,-0.456,-0.03,420,9,3.06,0.59,-2.081414878,0.499641324,0.137222716,1,201.2598824,-22.10649352,2.238612146,0,0.37905278,-0.065401129,0.007277944,1,2,3,02-Mar,3.21998,2.66645,0.102177,0.103508,0.0445283,0.0429742,26929.6,24587.7,28471.5,25111.4,34871.8,25406.3,40539.1,27926.9,2.0126,1.6322,0.189543,0,20.8355,999.9,17,29.1,6.86857,26.4584,19.9479,1,-0.24939,0,20.2769,5.23286,11.9021,4.9612,3.292,9999,9999,9999,999.9,4.97205,1.85379,1.85577,1.85593,1.85565,1.85544,1.8504,1.85254,0,0,0,0,11111111,oooooooo,on,on,on,on,0,100,100,-0.461,-0.0472,-1.354203984,0.00151024,1.49E-06,5.40E-12,-0.044139996,-0.011177753,0.001682567,-2.18E-05,3,2244,0,20,24.3,24.4,1.02905,2.53052,1.59424,2.13989,1.50269,2.34131,31.6298,24.1488,18,612.313,411.389,24.2595,24.3671,29.9999,24.549,24.6483,20.6702,-30,-30,-999.9,420,0,101.354,75.2997
373,1745998333,5450.6,20250430 10:32:13,10:32:13,15,D,4,21%,5557.62,1745998325,0.001026362,1.026362148,5.14831512,418.1592667,221.0421302,22.14518126,41.89342885,0.044928564,1.989572118,0.04437244,0.027782167,82.08990298,25.47265696,23.83751333,2.965866273,21.51655259,0.69080755,3.210586578,2.275058723,-45.26257074,142.1054542,15.03228685,193.9650732,0,0,1,0,25715,RECT-12807-20250324-17_57_43,10114.7,315.2007692,539.79,0.416067787,-0.222077465,MPF-15369-20250430-10_32_08,10156.9,200.38168,292.9473282,0.315980517,0.5,421.1745128,5.14831512,66.54147015,0.012750991,0.842617932,211.2560731,DARK-15370-20250430-10_32_16,160.22,160.22,0.453075742,0.697412127,0.650321869,-4.159610559,1.099085076,0.557632668,0.442367332,15369,290,282.93,185,10156.9,281.08,1.85,300,23.9,292.9473282,3.160580692,-12.05312674,2.802872798,0.397750694,-0.007978755,290,280.18,705,10147.6,281.07,-0.89,None,None,None,None,None,None,None,None,None,None,None,None,None,500,421.1745128,0.842375645,0.164184994,2,0.5,0: Broadleaf,2,1745998325,418.1592667,420.0185,6.895295667,6.555521667,418.62,6.943214,599.9782667,100.1269333,0.058407967,25.16236,23.83751333,999.9,0,0,5000.5,0,207.5516667,-1.859178333,421.0626,422.79,0.3397734,420.0185,6.555521667,0.6904042,0.6563837,1.633592,0.930456667,499.9842,0.9200065,0.07999364,0,200.4965333,4.99918,1157.276,4676.241,35.381,37.90183333,36.8684,36.581,38.02886667,455.3903333,39.59266667,0,37.20000005,0,200.38168,-22.52230768,-118.5353846,1156.644,15,1745996839,10:07:18,1745996839,1745996828,4,0.127,0.012,-0.456,-0.03,420,9,3.06,0.59,-1.861817073,0.114403484,0.117826032,1,201.7077353,-26.62791445,2.664307705,0,0.343680902,-0.084058955,0.009063597,1,2,3,02-Mar,3.22001,2.66713,0.102187,0.103532,0.0440295,0.0426527,26929.8,24588.6,28472,25113,34890.4,25416.2,40539.5,27928.4,2.0126,1.6326,0.179797,0,20.8515,999.9,16.8,29.1,6.78712,26.4084,19.996,1,-0.249146,0,20.28,5.23286,11.9021,4.962,3.292,9999,9999,9999,999.9,4.97208,1.85379,1.85577,1.85596,1.85565,1.85547,1.85043,1.85254,0,0,0,0,11111111,oooooooo,on,on,on,on,0,100,100,-0.461,-0.0481,-1.354203984,0.00151024,1.49E-06,5.40E-12,-0.044139996,-0.011177753,0.001682567,-2.18E-05,3,2244,0,20,24.9,25.1,1.02905,2.52808,1.59424,2.13989,1.50269,2.38403,31.6298,24.1488,18,612.222,411.563,24.2649,24.3609,30.0002,24.5409,24.6421,20.6701,-30,-30,-999.9,420,0,101.355,75.3039
374,1745998373,5490.1,20250430 10:32:52,10:32:52,15,D,4,21%,5557.71,1745998365,0.000936072,0.936071897,4.62095734,418.3314667,224.9165014,22.5324792,41.90908632,0.041116786,1.989320328,0.040650437,0.025447982,66.12854579,25.28006305,23.73925333,2.948384059,21.39874007,0.683282581,3.193097251,2.265101478,-41.28077066,142.7910184,15.09225594,182.7310495,0,0,1,0,25660,RECT-12807-20250324-17_57_43,10114.7,315.2007692,539.79,0.416067787,-0.222077465,MPF-15371-20250430-10_32_48,10149.2,202.16648,324.5228835,0.377034748,0.5,337.1958724,4.62095734,63.56728033,0.014362675,0.663334167,227.1975667,DARK-15372-20250430-10_32_55,156.56,156.56,0.517568689,0.728472868,0.561717811,13.12539199,0.958492604,0.564137597,0.435862403,15371,290,308.2,295,10149.2,306.96,1.24,300,23.9,324.5228835,2.337693909,-17.82976863,2.069032145,0.726189061,-0.008060853,290,305.66,665,10145.5,306.95,-1.29,None,None,None,None,None,None,None,None,None,None,None,None,None,400,337.1958724,0.842961582,0.165315854,2,0.5,0: Broadleaf,2,1745998365,418.3314667,420.0023,6.820444667,6.510551667,418.7917333,6.869027667,600.0054667,100.1229667,0.058563207,25.07066,23.73925333,999.9,0,0,4999.666667,0,211.5208,-1.670784,421.2043,422.7547,0.309893033,420.0023,6.510551667,0.682883467,0.651855867,1.480838667,0.834455733,400.0133333,0.9000281,0.09997167,0,202.2803667,4.99918,956.7670333,3707.225,35.7143,39.10176667,37.46226667,37.8706,38.55393333,355.5243333,39.489,0,37.20000005,0,202.16648,-24.15592308,-87.29869229,956.45236,15,1745996839,10:07:18,1745996839,1745996828,4,0.127,0.012,-0.456,-0.03,420,9,3.06,0.59,-1.6776765,0.060726079,0.125815711,1,203.312,-24.78698244,2.471605206,0,0.3122533,-0.056406732,0.006646419,1,2,3,02-Mar,3.21974,2.66708,0.102225,0.103518,0.0436686,0.042444,26928.9,24589,28472.2,25113,34903.8,25422.3,40539.7,27929,2.0118,1.6322,0.171512,0,20.8869,999.9,16.7,29.1,6.74785,26.3785,20.0881,1,-0.249878,0,20.2806,5.23406,11.9021,4.962,3.292,9999,9999,9999,999.9,4.97208,1.85379,1.85577,1.85593,1.85565,1.85547,1.85043,1.85257,0,0,0,0,11111111,oooooooo,on,on,on,on,0,100,100,-0.46,-0.0487,-1.354203984,0.00151024,1.49E-06,5.40E-12,-0.044139996,-0.011177753,0.001682567,-2.18E-05,3,2244,0,20,25.6,25.7,1.02905,2.52808,1.59424,2.13989,1.50269,2.41943,31.6298,24.1488,18,611.634,411.329,24.2687,24.3569,30,24.5388,24.6401,20.6719,-30,-30,-999.9,420,0,101.356,75.3048
375,1745998412,5529.6,20250430 10:33:32,10:33:32,15,D,4,21%,5557.71,1745998404,0.000847898,0.847897673,3.925915664,418.5627333,237.052007,23.74717297,41.93038378,0.0373877,1.989426992,0.037001698,0.02316041,49.58990878,25.11106257,23.64676,2.932010242,21.3061967,0.677802325,3.181245035,2.254207917,-37.39228737,146.0270197,15.42140689,173.646048,0,0,1,0,25665,RECT-12807-20250324-17_57_43,10114.7,315.2007692,539.79,0.416067787,-0.222077465,MPF-15373-20250430-10_33_27,10139.7,209.1128077,370.0897632,0.434967328,0.5,252.8974237,3.925915664,55.00105834,0.01640188,0.458538046,248.6290612,DARK-15374-20250430-10_33_35,170.3,170.3,0.539841366,0.80573175,0.459282354,2.932772929,0.755602734,0.656182271,0.343817729,15373,290,352.38,255,10139.7,351.81,0.57,300,23.9,370.0897632,2.504537337,-18.53135159,2.210733335,0.715057361,-0.008136086,290,349.59,795,10131.4,351.8,-2.21,None,None,None,None,None,None,None,None,None,None,None,None,None,300,252.8974237,0.84294889,0.165291358,2,0.5,0: Broadleaf,2,1745998404,418.5627333,419.9896667,6.766043333,6.485324,419.0223,6.815099333,600.0019667,100.1183667,0.05869269,25.00826667,23.64676,999.9,0,0,5000.333333,0,218.0672,-1.427006333,421.4140333,422.7313,0.280719033,419.9896667,6.485324,0.677405133,0.6493,1.368633333,0.7800043,300.0151333,0.9000273,0.09997265,0,209.1295,4.99918,777.3465667,2768.735,36.14563333,40.16013333,38.0268,39.18726667,39.0935,265.522,29.49,0,37.20000005,0,209.1128077,-19.05494016,-46.40632486,777.3376538,15,1745996839,10:07:18,1745996839,1745996828,4,0.127,0.012,-0.456,-0.03,420,9,3.06,0.59,-1.461943415,0.338144111,0.122815127,1,209.5427059,-8.978701295,1.377841076,0,0.283676268,-0.049480223,0.006385441,1,2,3,02-Mar,3.21957,2.66662,0.102236,0.103541,0.0433801,0.0423044,26927.3,24587.8,28471,25112.4,34913.3,25425,40538.5,27927.8,2.013,1.6318,0.161946,0,20.9384,999.9,16.6,29.1,6.70624,26.4485,20.1122,1,-0.249187,0,20.2813,5.23286,11.9021,4.9616,3.292,9999,9999,9999,999.9,4.97205,1.85379,1.85577,1.85593,1.85568,1.85547,1.85043,1.85257,0,0,0,0,11111111,oooooooo,on,on,on,on,0,100,100,-0.46,-0.0492,-1.354203984,0.00151024,1.49E-06,5.40E-12,-0.044139996,-0.011177753,0.001682567,-2.18E-05,3,2244,0,20,26.2,26.4,1.02905,2.5293,1.59424,2.13989,1.50269,2.45361,31.6517,24.1575,18,612.496,411.125,24.2735,24.3609,30.0001,24.5405,24.6421,20.671,-30,-30,-999.9,420,0,101.352,75.3023
376,1745998452,5569.1,20250430 10:34:11,10:34:11,15,D,4,21%,5557.62,1745998444,0.00075047,0.750469983,3.474861409,418.7330667,238.09482,23.85068299,41.9457661,0.03322327,1.989377006,0.032918082,0.020600987,33.0486086,24.98416623,23.56253667,2.917169668,21.22777147,0.674353749,3.176752445,2.242815919,-33.09572623,152.5141989,16.09813943,168.5652207,0,0,1,0,25666,RECT-12807-20250324-17_57_43,10114.7,315.2007692,539.79,0.416067787,-0.222077465,MPF-15375-20250430-10_34_07,10130.1,221.54836,461.059158,0.519479537,0.5,168.5827013,3.474861409,43.78763183,0.021929527,0.170760824,286.621002,DARK-15376-20250430-10_34_14,174.41,174.41,0.621718825,0.835553817,0.215476605,1.642077634,0.35055484,0.657774859,0.342225141,15375,290,437.71,245,10130.1,436.67,1.04,300,23.9,461.059158,2.176140584,-24.70546649,1.91581421,0.855889282,-0.008210867,290,433.73,725,10122.6,436.65,-2.92,None,None,None,None,None,None,None,None,None,None,None,None,None,200,168.5827013,0.842925027,0.165245301,2,0.5,0: Broadleaf,2,1745998444,418.7330667,419.9961333,6.731888333,6.483409667,419.1922333,6.781239,599.9854333,100.1142667,0.058777793,24.98456333,23.56253667,999.9,0,0,5000.333333,0,220.5918,-1.263118667,421.5709667,422.7369667,0.248478667,419.9961333,6.483409667,0.6739587,0.649082367,1.297629333,0.775358633,199.9972667,0.9,0.0999998,0,221.3997333,4.99918,592.4747,1830.048667,36.5124,40.97893333,38.51633333,40.33726667,39.56226667,175.499,19.5,0,37.20000005,0,221.54836,14.48561536,25.69938463,592.60992,15,1745996839,10:07:18,1745996839,1745996828,4,0.127,0.012,-0.456,-0.03,420,9,3.06,0.59,-1.287467805,0.39451108,0.130600122,1,219.6117059,30.56947289,3.281708634,0,0.251262585,-0.054845916,0.005930079,1,2,3,02-Mar,3.21971,2.66734,0.10229,0.103559,0.0432318,0.0423287,26925.9,24586.9,28471.2,25112,34918.4,25423.7,40538,27927.1,2.012,1.632,0.154078,0,20.9972,999.9,16.5,29.1,6.66714,26.3885,20.0441,1,-0.248496,0,20.2824,5.23286,11.9021,4.9616,3.292,9999,9999,9999,999.9,4.97205,1.85379,1.85577,1.85593,1.85562,1.85544,1.85043,1.85254,0,0,0,0,11111111,oooooooo,on,on,on,on,0,100,100,-0.459,-0.0494,-1.354203984,0.00151024,1.49E-06,5.40E-12,-0.044139996,-0.011177753,0.001682567,-2.18E-05,3,2244,0,20,26.9,27.1,1.02905,2.52808,1.59424,2.14111,1.50269,2.49023,31.6517,24.1575,18,611.843,411.28,24.2804,24.3691,30.0002,24.545,24.6483,20.6681,-30,-30,-999.9,420,0,101.352,75.3007
377,1745998491,5608.6,20250430 10:34:51,10:34:51,15,D,4,21%,5557.44,1745998483,0.000664292,0.664291586,2.474790511,419.0873667,271.7400567,27.22021255,41.97999859,0.029572189,1.988692304,0.029330047,0.018352869,16.50976354,24.84229771,23.47579,2.901953186,21.25115304,0.673710104,3.170228469,2.228243083,-29.29525895,158.0661597,16.67970362,161.9603679,0,0,1,0,25668,RECT-12807-20250324-17_57_43,10114.7,315.2007692,539.79,0.416067787,-0.222077465,MPF-15377-20250430-10_34_46,10119,224.74588,538.4623164,0.582615397,0.5,84.2836727,2.474790511,24.55248273,0.031997514,0.002465694,314.7475961,DARK-15378-20250430-10_34_54,188.13,188.13,0.650616219,0.895482437,0.003775475,1.40515212,0.005911608,0.749589318,0.250410682,15377,290,517.33,275,10119,517.15,0.18,300,23.9,538.4623164,2.922518433,-21.56791347,2.566149765,0.716140235,-0.008286573,290,515.99,725,10112.6,517.13,-1.14,None,None,None,None,None,None,None,None,None,None,None,None,None,100,84.2836727,0.842849847,0.165100205,2,0.5,0: Broadleaf,2,1745998483,419.0873667,420.0050667,6.725664667,6.505730333,419.5455333,6.775067333,600.0189,100.1115,0.058540727,24.95009,23.47579,999.9,0,0,4997.666667,0,221.7485333,-0.917766667,421.9251,422.7555,0.219933,420.0050667,6.505730333,0.6733166,0.651298767,1.284365667,0.8226004,99.99844333,0.900042,0.0999583,0,224.6587333,4.99918,371.8053333,891.5768,36.82046667,41.67053333,38.9664,41.31226667,39.95813333,85.503,9.499666667,0,37.20000005,0,224.74588,18.49638463,19.79638461,371.92624,15,1745996839,10:07:18,1745996839,1745996828,4,0.127,0.012,-0.456,-0.03,420,9,3.06,0.59,-0.926527488,0.31723223,0.112275318,1,223.5882059,23.2134301,2.434708592,0,0.223039854,-0.072005812,0.008220465,1,2,3,02-Mar,3.21963,2.66684,0.102353,0.103488,0.0432384,0.0424671,26922.4,24587.7,28469.6,25110.9,34916.8,25419.3,40536.5,27926.4,2.0122,1.631,0.145674,0,21.0497,999.9,16.5,29.1,6.66755,26.4885,20.0361,1,-0.247276,0,20.2832,5.23286,11.9021,4.9616,3.292,9999,9999,9999,999.9,4.97202,1.85379,1.85577,1.85593,1.85568,1.85538,1.8504,1.85248,0,0,0,0,11111111,oooooooo,on,on,on,on,0,100,100,-0.458,-0.0494,-1.354203984,0.00151024,1.49E-06,5.40E-12,-0.044139996,-0.011177753,0.001682567,-2.18E-05,3,2244,0,20,27.5,27.7,1.02905,2.52808,1.59424,2.13989,1.50269,2.48291,31.6736,24.1575,18,612.098,410.809,24.2889,24.3814,30.0002,24.5552,24.6585,20.6713,-30,-30,-999.9,420,0,101.347,75.2982
378,1745998531,5648.1,20250430 10:35:30,10:35:30,15,D,4,21%,5557.71,1745998523,0.000583637,0.583636854,1.698259386,419.3430667,301.437389,30.1942301,42.00454725,0.026061289,1.989475518,0.025873106,0.016187485,8.241042358,24.78677985,23.43565,2.894935638,21.33289907,0.675662853,3.167234094,2.219272786,-25.73838525,160.7343894,16.94980099,160.1868475,0,0,1,0,25640,RECT-12807-20250324-17_57_43,10114.7,315.2007692,539.79,0.416067787,-0.222077465,RECT-15379-20250430-10_35_26,10113.4,228.3468,555.79,0.589149139,0.5,42.13767344,1.698259386,12.41268701,0.045572921,-0.028787852,320.5899354,DARK-15380-20250430-10_35_33,187.92,187.92,0.661886684,0.890105744,-0.045471339,1.361005224,-0.071241172,0.732520322,0.267479678,15377,290,517.33,275,10119,517.15,0.18,300,23.9,538.4623164,2.922518433,-21.56791347,2.566149765,0.716140235,-0.008286573,290,515.99,725,10112.6,517.13,-1.14,None,None,None,None,None,None,None,None,None,None,None,None,None,50,42.13767344,0.842699648,0.164810321,2,0.5,0: Broadleaf,2,1745998523,419.3430667,419.9907333,6.74533,6.552097,419.8005333,6.794564,600.0010667,100.109,0.05850147,24.93424667,23.43565,999.9,0,0,5001,0,222.9711,-0.647646167,422.1909,422.7605667,0.1932327,419.9907333,6.552097,0.675267767,0.655923433,1.324638667,0.920723767,50.00319333,0.900083333,0.09991632,0,228.4181667,4.99918,257.2277,422.3723333,36.72683333,41.29766667,38.8955,40.8331,39.77266667,40.50733333,4.5,0,37.20000005,0,228.3468,-4.21992311,-6.168999979,257.21948,15,1745996839,10:07:18,1745996839,1745996828,4,0.127,0.012,-0.456,-0.03,420,9,3.06,0.59,-0.66370855,0.419605238,0.122022903,1,228.4732059,-3.273720421,0.641994538,0,0.195243875,-0.042517407,0.005089773,1,2,3,02-Mar,3.21979,2.66709,0.102385,0.103505,0.0433572,0.04273,26921,24587,28469.1,25110.7,34911.9,25412.2,40535.8,27926.3,2.0124,1.631,0.140071,0,21.0972,999.9,16.5,29.1,6.66722,26.3685,19.9359,1,-0.245793,0,20.2818,5.23286,11.9021,4.962,3.292,9999,9999,9999,999.9,4.97208,1.85379,1.85577,1.85596,1.85565,1.85547,1.85043,1.85257,0,0,0,0,11111111,oooooooo,on,on,on,on,0,100,100,-0.458,-0.0492,-1.354203984,0.00151024,1.49E-06,5.40E-12,-0.044139996,-0.011177753,0.001682567,-2.18E-05,3,2244,0,20,28.2,28.4,1.02905,2.52686,1.59424,2.13989,1.50269,2.44751,31.7173,24.1575,18,612.398,410.914,24.2989,24.3999,30.0003,24.5695,24.6727,20.6717,-30,-30,-999.9,420,0,101.345,75.2976
379,1746000111,7228.5,20250430 11:01:51,11:01:51,15,D,4,2%,5557.8,1746000103,0.00180375,1.803750446,12.48066892,415.5982667,167.038973,16.72613012,41.61514263,0.085429721,1.988807552,0.083442184,0.052326086,321.5048734,28.37428479,26.03085333,3.380423714,36.78166557,1.266090922,3.442179418,2.114332792,-79.54539468,32.8488156,3.535521877,278.3438162,0,0,1,0,25535,RECT-12807-20250324-17_57_43,10114.7,315.2007692,539.79,0.416067787,-0.222077465,MPF-15383-20250430-11_01_46,10147.6,205.3313077,231.8225544,0.114273811,0.5,1681.166719,12.48066892,96.05666378,0.007555911,1.328461963,177.5047228,DARK-15384-20250430-11_01_54,147.57,147.57,0.363435536,0.31442663,0.785190571,-0.317723842,1.371247609,0.225975952,0.774024048,15383,290,223.17,135,10147.6,222.77,0.4,300,23.9,231.8225544,3.279769734,-9.181365544,2.974986372,0.253821888,-0.006718168,290,224.21,825,10133.8,222.76,1.45,None,None,None,None,None,None,None,None,None,None,None,None,None,2000,1681.166719,0.840598631,0.160755357,2,0.5,0: Broadleaf,2,1746000103,415.5982667,420.0084333,12.64408,12.05042333,416.1972667,12.62008,599.9911333,100.0742333,0.05886627,26.33722,26.03085333,999.9,0,0,5000,0,218.9094667,-4.278565333,421.0600667,425.1313667,0.608710533,420.0084333,12.05042333,1.266852333,1.205935,10.41124333,9.675027333,1999.963667,0.979996167,0.020003583,0,205.4197667,4.99918,4329.087,19219.48,36.3498,38.5893,37.1789,37.3539,38.52273333,1955.057333,39.908,0,1539,0,205.3313077,-20.14577775,-215.2560681,4328.049231,15,1746000137,11:02:17,1746000137,1746000127,5,-0.143,-0.004,-0.599,0.024,420,12,1.78,0.68,-4.275730488,-0.214300976,0.113599329,1,206.6037353,-20.46864782,2.10529955,0,0.601967146,0.131335798,0.014016354,0,1,3,01-Mar,3.22147,2.66754,0.101919,0.103707,0.0729151,0.0711394,26865.2,24529.1,28399,25061.1,33751.4,24604.9,40448.4,27870.1,2.0036,1.6532,0.238031,0,22.196,999.9,26.6,30.2,11.4552,26.3393,18.73,1,-0.154553,0,20.2631,5.22927,11.9021,4.9616,3.292,9999,9999,9999,999.9,4.97211,1.85391,1.85593,1.85608,1.85577,1.8555,1.85056,1.8526,0,0,0,0,11111111,oooooooo,on,on,on,on,0,100,100,-0.599,0.024,-1.354203984,0.00151024,1.49E-06,5.40E-12,-0.044139996,-0.011177753,0.001682567,-2.18E-05,3,2244,0,20,54.5,54.7,1.04492,2.53662,1.59424,2.16064,1.50269,2.43164,32.8424,24.1313,18,618.932,431.961,25.1648,25.6034,30.0003,25.7324,25.817,20.9914,-30,-30,-999.9,420,0,101.114,75.1474
380,1746000168,7285.5,20250430 11:02:48,11:02:48,15,D,4,2%,5558.07,1746000160,0.001650247,1.65024676,11.60417365,415.9200968,-3756.464633,-376.1413112,41.64679981,0.003396381,1.57612364,0.003392321,0.002120565,289.5667968,28.82430337,75.51333871,39.95163326,36.27637297,1.266637667,3.491632605,38.6849956,-72.77588213,-4158.037942,-721.6043793,-4662.851406,0,0,1,0,25114,RECT-12807-20250324-17_57_43,10114.7,315.2007692,539.79,0.416067787,-0.222077465,MPF-15385-20250430-11_02_43,10147.9,196.1145769,223.8214355,0.123790014,0.5,1513.187312,11.60417365,93.65873898,0.007815457,1.411699303,172.7755461,DARK-15386-20250430-11_02_51,150.16,150.16,0.329108047,0.376137912,0.810945165,-0.303207054,1.406873177,0.287999341,0.712000659,15385,290,214.52,155,10147.9,214.95,-0.43,300,23.9,223.8214355,3.198867619,-9.005240037,2.893106207,0.257070132,-0.006885575,290,215.45,765,10136.3,214.94,0.51,None,None,None,None,None,None,None,None,None,None,None,None,None,1800,1513.187312,0.840658111,0.160870154,2,0.5,0: Broadleaf,2,1746000160,415.9200968,420.0254516,12.6497129,12.10546129,416.5297097,12.61460645,598.7567419,100.0735806,0.058151706,26.5791129,75.51333871,999.9,0,0,3392.258065,0,197.9352903,-4.105369677,421.2484194,425.1723226,0.544243903,420.0254516,12.10546129,1.26590129,1.211439032,10.39849258,9.742855484,1800.003226,0.978002484,0.021997219,0,196.1832581,4.99918,3717.790645,17281.93226,36.151,38.1146129,36.79809677,36.87274194,38.33232258,1755.519032,39.48677419,0,54.79999995,0,196.1145769,-13.75080345,-260.9422225,3717.222308,15,1746000137,11:02:17,1746000137,1746000127,5,-0.143,-0.004,-0.599,0.024,420,12,1.78,0.68,-4.10326475,-5.357706529,1.371494392,0,196.6080588,-10.54368222,1.194534464,0,0.554567625,0.582544244,0.168359899,0,0,3,0/3,3.22131,2.6668,0.101837,0.103706,0.0733012,0.0713677,26865.2,24528.9,28396.5,25060.9,33735.1,24598,40446,27869.2,2.0014,1.6526,0.259131,0,22.0301,999.9,26.7,30.3,11.5642,29.7,18.5296,1,-0.151585,0,20.2653,5.23047,11.9021,4.962,3.292,9999,9999,9999,999.9,4.97208,1.85394,1.85593,1.85608,1.85577,1.8555,1.85059,1.85269,0,0,0,0,11111111,oooooooo,on,on,on,on,0,100,100,-0.612,0.0376,-1.497315381,0.00151024,1.49E-06,5.40E-12,-0.047991962,-0.011177753,0.001682567,-2.18E-05,3,2244,0,20,0.5,0.7,1.04492,2.53784,1.59424,2.16187,1.50269,2.48291,32.8647,24.14,18,617.919,431.994,25.2085,25.6517,30.0002,25.7841,25.8667,20.9892,-30,-30,-999.9,420,0,101.107,75.1459
381,1746000208,7325,20250430 11:03:27,11:03:27,15,D,4,2%,5557.8,1746000200,0.00183163,1.831629954,12.62420645,415.5410333,175.8765053,17.61042285,41.60790719,0.089779397,1.9887726,0.087587076,0.054934435,257.6703956,27.83863849,25.72516667,3.319771735,36.98163117,1.273885282,3.444643304,2.045886453,-80.77488098,66.92341601,7.192511189,251.0114418,0,0,1,0,25835,RECT-12807-20250324-17_57_43,10114.7,315.2007692,539.79,0.416067787,-0.222077465,MPF-15387-20250430-11_03_23,10149.7,194.23512,222.9298238,0.128716308,0.5,1345.208961,12.62420645,86.57516517,0.009549657,1.421344937,172.2437664,DARK-15388-20250430-11_03_30,140.97,140.97,0.367648538,0.350106948,0.794494198,-0.31098309,1.410843143,0.254097078,0.745902922,15387,290,215.31,175,10149.7,214.95,0.36,300,23.9,222.9298238,3.0378489,-8.096010992,2.739683094,0.237733474,-0.007054875,290,215.64,715,10140.3,214.95,0.69,None,None,None,None,None,None,None,None,None,None,None,None,None,1600,1345.208961,0.840747368,0.16104242,2,0.5,0: Broadleaf,2,1746000200,415.5410333,420.0026667,12.72238,12.11962333,416.1518333,12.68582333,600.019,100.0713667,0.058112387,26.34934333,25.72516667,999.9,0,0,5000,0,92.89001333,-4.461632667,420.8958,425.1553667,0.602768433,420.0026667,12.11962333,1.273147333,1.212827,10.48554,9.759938,1600.015667,0.9750078,0.024991967,0,194.3293,4.99918,3245.003333,15341.62667,35.84976667,37.7726,36.54136667,36.56643333,38.1019,1555.155667,39.86,0,37.20000005,0,194.23512,-13.03523075,-242.9215385,3243.602,15,1746000137,11:02:17,1746000137,1746000127,5,-0.143,-0.004,-0.599,0.024,420,12,1.78,0.68,-4.425984878,-0.06500007,0.127763501,1,195.8212059,-23.24203209,2.396237894,0,0.603923463,-0.017912509,0.003990004,1,2,3,02-Mar,3.22111,2.66682,0.101878,0.103723,0.0730473,0.0713905,26863.5,24528.3,28396.1,25060.9,33742.9,24597.6,40444.1,27869.4,2.002,1.652,0.232607,0,21.898,999.9,26.7,30.3,11.5653,29.76,18.5016,1,-0.151667,0,20.2672,5.23167,11.9021,4.962,3.292,9999,9999,9999,999.9,4.97211,1.85394,1.8559,1.85611,1.85583,1.8555,1.85056,1.8526,0,0,0,0,11111111,oooooooo,on,on,on,on,0,100,100,-0.611,0.0364,-1.497315381,0.00151024,1.49E-06,5.40E-12,-0.047991962,-0.011177753,0.001682567,-2.18E-05,3,2244,0,20,1.2,1.4,1.04492,2.53418,1.59424,2.16064,1.50269,2.48047,32.8869,24.1313,18,618.56,431.814,25.2215,25.6647,30,25.8035,25.8877,20.9899,-30,-30,-999.9,420,0,101.104,75.1462
382,1746000247,7364.5,20250430 11:04:07,11:04:07,15,D,4,2%,5557.8,1746000239,0.00174727,1.74727006,12.09034269,415.732,181.5242455,18.17630757,41.62789758,0.087969097,1.989978747,0.085864423,0.053850167,225.7712114,27.47088844,25.42885333,3.261889052,37.16485646,1.270408605,3.418306234,1.991480446,-77.05460966,84.80850711,9.089706019,242.6148148,0,0,1,0,25670,RECT-12807-20250324-17_57_43,10114.7,315.2007692,539.79,0.416067787,-0.222077465,MPF-15389-20250430-11_04_02,10145.4,191.779,227.4218637,0.156725757,0.5,1177.15487,12.09034269,92.24524399,0.010459473,1.373518496,174.9131389,DARK-15390-20250430-11_04_10,138.87,138.87,0.389372694,0.402508341,0.779128346,-0.406052724,1.390842006,0.291462221,0.708537779,15389,290,216.45,195,10145.4,215.97,0.48,300,23.9,227.4218637,3.904604866,-11.62148214,3.509039684,0.281470577,-0.00722077,290,215.87,815,10134.8,215.95,-0.08,None,None,None,None,None,None,None,None,None,None,None,None,None,1400,1177.15487,0.840866951,0.161273215,2,0.5,0: Broadleaf,2,1746000239,415.732,420.0042667,12.68739333,12.11235667,416.3421667,12.65153667,599.9971333,100.0735667,0.05800267,26.21936,25.42885333,999.9,0,0,5004.833333,0,85.31826,-4.272254667,421.0743,425.1539,0.575036067,420.0042667,12.11235667,1.269672,1.212127,10.44457333,9.751324667,1399.93,0.970997533,0.029002503,0,191.7107,4.99918,2807.268,13399.68,36.0289,38.27266667,36.8163,37.07683333,38.37056667,1354.475,40.45566667,0,37.20000005,0,191.779,-17.66037608,-222.9866667,2807.641538,15,1746000137,11:02:17,1746000137,1746000127,5,-0.143,-0.004,-0.599,0.024,420,12,1.78,0.68,-4.266074878,-0.073807108,0.122774654,1,192.9374412,-21.78317801,2.188574653,0,0.577206512,-0.038345415,0.005546474,1,2,3,02-Mar,3.22128,2.66652,0.101911,0.103681,0.0729026,0.0713397,26863.3,24529.3,28396.9,25060.7,33749.2,24599.4,40445.3,27869.9,2.0026,1.6518,0.222921,0,21.7575,999.9,26.7,30.3,11.5647,29.44,18.5457,1,-0.151829,0,20.2705,5.23047,11.9021,4.962,3.292,9999,9999,9999,999.9,4.97205,1.85394,1.85593,1.85608,1.85577,1.85547,1.85059,1.8526,0,0,0,0,11111111,oooooooo,on,on,on,on,0,100,100,-0.611,0.0357,-1.497315381,0.00151024,1.49E-06,5.40E-12,-0.047991962,-0.011177753,0.001682567,-2.18E-05,3,2244,0,20,1.8,2,1.04492,2.53662,1.59424,2.16064,1.50269,2.46704,32.9092,24.14,18,619.038,431.733,25.2207,25.6581,29.9999,25.8078,25.892,20.9936,-30,-30,-999.9,420,0,101.107,75.1468
383,1746000287,7404,20250430 11:04:46,11:04:46,15,D,4,2%,5557.8,1746000279,0.001663471,1.663471478,11.69524485,415.8451667,183.4985302,18.3735775,41.63828119,0.085688495,1.987672264,0.083687938,0.052480813,193.8025633,27.11865118,25.16134,3.210391581,37.24795875,1.264588873,3.395055502,1.945802708,-73.35909217,101.0020087,10.81705935,232.2625392,0,0,1,0,26447,RECT-12807-20250324-17_57_43,10114.7,315.2007692,539.79,0.416067787,-0.222077465,MPF-15391-20250430-11_04_42,10142.5,189.05828,223.5894003,0.154439881,0.5,1009.18318,11.69524485,77.92906494,0.011808879,1.414202101,172.6372475,DARK-15392-20250430-11_04_49,141.33,141.33,0.367903846,0.419783273,0.793556693,-0.376930513,1.40790633,0.313807837,0.686192163,15391,290,218.59,195,10142.5,216.65,1.94,300,23.9,223.5894003,2.735840163,-7.034054931,2.450113845,0.227418283,-0.007386014,290,216.35,775,10131.9,216.65,-0.3,None,None,None,None,None,None,None,None,None,None,None,None,None,1200,1009.18318,0.840985516,0.161502046,2,0.5,0: Broadleaf,2,1746000279,415.8451667,419.9743333,12.62956,12.08205,416.455,12.5949,599.9753667,100.0712,0.058089763,26.10388,25.16134,999.9,0,0,4995.5,0,72.14378667,-4.129159667,421.1643,425.1106,0.547512367,419.9743333,12.08205,1.263855333,1.209063667,10.37576333,9.713629333,1200.000667,0.967010533,0.032989357,0,189.1627,4.99918,2379.740667,11464.33,36.83306667,39.56636667,37.6684,38.55806667,39.29553333,1155.580667,39.42066667,0,37.20000005,0,189.05828,-14.95199998,-152.72,2378.8708,15,1746000137,11:02:17,1746000137,1746000127,5,-0.143,-0.004,-0.599,0.024,420,12,1.78,0.68,-4.134098537,0.151437491,0.093704462,1,190.0777353,-19.61648586,2.01707892,0,0.549941463,-0.054022453,0.006957413,1,2,3,02-Mar,3.2212,2.66676,0.10197,0.103686,0.0726333,0.0711953,26864.1,24530.9,28399.5,25062.4,33761.9,24604.7,40448.6,27871.6,2.0028,1.652,0.213981,0,21.6275,999.9,26.7,30.4,11.6315,30.01,18.6378,1,-0.154573,0,20.273,5.22927,11.9021,4.9616,3.292,9999,9999,9999,999.9,4.97211,1.85394,1.85593,1.85608,1.85577,1.85547,1.85056,1.8526,0,0,0,0,11111111,oooooooo,on,on,on,on,0,100,100,-0.609,0.0343,-1.497315381,0.00151024,1.49E-06,5.40E-12,-0.047991962,-0.011177753,0.001682567,-2.18E-05,3,2244,0,20,2.5,2.7,1.04492,2.53906,1.59424,2.15698,1.50269,2.45239,32.8869,24.1488,18,619.087,431.782,25.2068,25.6366,29.9997,25.7991,25.8834,20.9981,-30,-30,-999.9,420,0,101.115,75.1514
384,1746000326,7443.5,20250430 11:05:26,11:05:26,15,D,4,2%,5557.71,1746000318,0.001550852,1.550851714,11.15121108,416.0661,184.3192271,18.45579251,41.66049159,0.081769104,1.989091051,0.079946544,0.050126956,161.9037365,26.77686577,24.87499,3.156056539,37.26058629,1.256482071,3.372147881,1.899574468,-68.39256059,119.507593,12.76411286,225.7828818,0,0,1,0,25689,RECT-12807-20250324-17_57_43,10114.7,315.2007692,539.79,0.416067787,-0.222077465,MPF-15393-20250430-11_05_21,10142.9,185.6778077,226.7434373,0.181110554,0.5,841.1903894,11.15121108,76.17422876,0.013520469,1.380620169,174.5115493,DARK-15394-20250430-11_05_29,138.11,138.11,0.390897476,0.463319835,0.779343166,-0.464242236,1.39386275,0.344624397,0.655375603,15393,290,220.64,175,10142.9,219.36,1.28,300,23.9,226.7434373,2.885412301,-7.488378311,2.575538912,0.231899306,-0.007552099,290,220.65,665,10133.2,219.35,1.3,None,None,None,None,None,None,None,None,None,None,None,None,None,1000,841.1903894,0.841194007,0.161904433,2,0.5,0: Broadleaf,2,1746000318,416.0661,419.9981,12.54857,12.03812667,416.6753,12.51556333,600.0238,100.0708,0.058702487,25.98942667,24.87499,999.9,0,0,5001.333333,0,197.9261333,-3.932005333,421.3535,425.1157,0.5104519,419.9981,12.03812667,1.255746,1.204663667,10.27937333,9.659314,999.9957,0.959997633,0.040002643,0,185.6628667,4.99918,2028.724333,9523.853667,37.46436667,40.47683333,38.36646667,39.81226667,40.00386667,955.1953333,39.8,0,37.19999981,0,185.6778077,-14.04386328,87.95897449,2027.794615,15,1746000137,11:02:17,1746000137,1746000127,5,-0.143,-0.004,-0.599,0.024,420,12,1.78,0.68,-3.928385366,0.082533031,0.112181806,1,186.5446176,-16.12236823,1.642130324,0,0.515546341,-0.081734028,0.009687918,1,2,3,02-Mar,3.22158,2.6671,0.101978,0.103679,0.0722809,0.0709907,26865.7,24533.6,28401.4,25064.9,33777.4,24612.4,40451.6,27874.1,2.0032,1.6528,0.204891,0,21.5067,999.9,26.6,30.3,11.5214,26.39,18.6939,1,-0.158171,0,20.2746,5.23167,11.9021,4.962,3.292,9999,9999,9999,999.9,4.97205,1.85394,1.85593,1.85608,1.85577,1.85547,1.85049,1.85257,0,0,0,0,11111111,oooooooo,on,on,on,on,0,100,100,-0.61,0.0327,-1.497315381,0.00151024,1.49E-06,5.40E-12,-0.047991962,-0.011177753,0.001682567,-2.18E-05,3,2244,0,20,3.1,3.3,1.04492,2.5354,1.59424,2.1582,1.50269,2.44629,32.8647,24.1488,18,619.106,432.076,25.1786,25.6021,29.9996,25.7741,25.8619,20.9961,-30,-30,-999.9,420,0,101.123,75.1585
385,1746000366,7483,20250430 11:06:05,11:06:05,15,D,4,2%,5557.98,1746000358,0.00143972,1.439720092,10.6152429,416.2654,183.1905755,18.34267722,41.68021117,0.077232331,1.988472036,0.075603737,0.047395798,129.982293,26.48311142,24.65306333,3.114500357,37.19345364,1.249297374,3.358917367,1.865202983,-63.49165608,136.1418205,14.5242179,217.1566753,0,0,1,0,25692,RECT-12807-20250324-17_57_43,10114.7,315.2007692,539.79,0.416067787,-0.222077465,MPF-15395-20250430-11_06_01,10136.3,181.838,235.0026622,0.226230042,0.5,673.1988049,10.6152429,76.1488971,0.016098247,1.296952702,179.3631974,DARK-15396-20250430-11_06_08,133.28,133.28,0.432857489,0.522643245,0.749765904,-0.662916673,1.357087945,0.383076649,0.616923351,15395,290,226.21,285,10136.3,224.85,1.36,300,23.9,235.0026622,3.044097349,-10.29533867,2.708167018,0.340432804,-0.007718493,290,225.44,755,10129.3,224.84,0.6,None,None,None,None,None,None,None,None,None,None,None,None,None,800,673.1988049,0.841490302,0.162476282,2,0.5,0: Broadleaf,2,1746000358,416.2654,420.0034333,12.47688667,12.00298667,416.8740667,12.44532667,600.024,100.0700667,0.058868307,25.92301333,24.65306333,999.9,0,0,4998.833333,0,233.2763333,-3.738022333,421.5247,425.1059667,0.473896467,420.0034333,12.00298667,1.248564333,1.20114,10.19354667,9.615693667,800.0078,0.950008,0.049992073,0,181.8989667,4.99918,1635.535333,7584.89,38.0039,41.27266667,39.0268,40.94143333,40.62466667,755.265,39.74166667,0,37.20000005,0,181.838,-13.07853844,-92.16846155,1635.042,15,1746000137,11:02:17,1746000137,1746000127,5,-0.143,-0.004,-0.599,0.024,420,12,1.78,0.68,-3.7653415,0.306796548,0.091589893,1,182.6974706,-15.34090146,1.586932487,0,0.4776178,-0.07366773,0.007987761,1,2,3,02-Mar,3.22133,2.66693,0.10205,0.103698,0.0719565,0.0708357,26867.6,24534.7,28405.5,25066.3,33792.9,24617.7,40455.9,27875.5,2.0036,1.6528,0.194758,0,21.4434,999.9,26.6,30.4,11.5881,26.45,18.6378,1,-0.161667,0,20.2763,5.23047,11.9021,4.9612,3.292,9999,9999,9999,999.9,4.97211,1.85394,1.85587,1.85608,1.85577,1.85547,1.85059,1.85266,0,0,0,0,11111111,oooooooo,on,on,on,on,0,100,100,-0.609,0.0312,-1.497315381,0.00151024,1.49E-06,5.40E-12,-0.047991962,-0.011177753,0.001682567,-2.18E-05,3,2244,0,20,3.8,4,1.04492,2.5415,1.59424,2.15698,1.50269,2.46582,32.8424,24.1488,18,619.072,431.913,25.1525,25.5633,29.9998,25.7453,25.8406,20.9966,-30,-30,-999.9,420,0,101.135,75.1626
386,1746000405,7522.5,20250430 11:06:45,11:06:45,15,D,4,2%,5557.71,1746000397,0.001347573,1.347573083,10.02910714,416.4759,185.466973,18.57086801,41.70186662,0.073541474,1.989021502,0.072063613,0.045170065,98.07135747,26.18483307,24.43085333,3.073371082,37.09486035,1.241298599,3.346281903,1.832072483,-59.42797298,153.1832384,16.31430418,208.140927,0,0,1,0,25580,RECT-12807-20250324-17_57_43,10114.7,315.2007692,539.79,0.416067787,-0.222077465,MPF-15397-20250430-11_06_40,10140.4,178.1218,248.8617441,0.284253992,0.5,505.212261,10.02910714,71.80430091,0.020290847,1.16903567,187.3254062,DARK-15398-20250430-11_06_48,136.65,136.65,0.450899935,0.630414799,0.721655643,-1.066339821,1.295379368,0.483636379,0.516363621,15397,290,237.16,215,10140.4,236.12,1.04,300,23.9,248.8617441,3.147419133,-12.92060945,2.791256831,0.433510847,-0.007885033,290,236.62,765,10129.6,236.11,0.51,None,None,None,None,None,None,None,None,None,None,None,None,None,600,505.212261,0.841993257,0.163446987,2,0.5,0: Broadleaf,2,1746000397,416.4759,420.0059667,12.39683,11.95321333,417.084,12.36686333,600.0078667,100.0717667,0.058556883,25.85937333,24.43085333,999.9,0,0,5001,0,190.8087333,-3.530100333,421.7037667,425.0871667,0.4436118,420.0059667,11.95321333,1.240572,1.196179,10.09754,9.554075,600.0193667,0.932997733,0.06700241,0,178.2006,4.99918,1213.409667,5645.359667,38.42476667,41.956,39.61843333,41.87266667,41.13723333,555.1523333,39.86633333,0,37.20000005,0,178.1218,-14.12823078,-239.5423077,1212.474,15,1746000137,11:02:17,1746000137,1746000127,5,-0.143,-0.004,-0.599,0.024,420,12,1.78,0.68,-3.5203135,-0.049542664,0.093467844,1,178.6774118,-12.60629489,1.346160796,0,0.445746125,-0.05125057,0.006553246,1,2,3,02-Mar,3.22139,2.66671,0.102094,0.103662,0.0716193,0.0706021,26868.3,24536.9,28407.5,25067.4,33808.4,24625.9,40459.6,27877.8,2.0048,1.6536,0.182092,0,21.4108,999.9,26.5,30.4,11.5438,26.4001,18.6458,1,-0.164756,0,20.2757,5.23167,11.9021,4.9616,3.292,9999,9999,9999,999.9,4.97205,1.85388,1.8558,1.85605,1.85577,1.85547,1.85053,1.85257,0,0,0,0,11111111,oooooooo,on,on,on,on,0,100,100,-0.608,0.0297,-1.497315381,0.00151024,1.49E-06,5.40E-12,-0.047991962,-0.011177753,0.001682567,-2.18E-05,3,2244,0,20,4.5,4.6,1.04492,2.5354,1.59424,2.1582,1.50269,2.49023,32.8424,24.1488,18,619.641,432.207,25.1289,25.5268,29.9998,25.7181,25.8187,20.9983,-30,-30,-999.9,420,0,101.143,75.1674
387,1746000445,7562,20250430 11:07:24,11:07:24,15,D,4,2%,5557.8,1746000437,0.001293229,1.293228592,9.499458354,416.6381667,190.0413676,19.0285036,41.71723743,0.071030459,1.989157752,0.069650868,0.043653512,82.09769043,26.01554669,24.30463333,3.05022087,36.90265822,1.230854163,3.335407861,1.819366707,-57.03138091,160.8381187,17.1127938,203.017222,0,0,1,0,25586,RECT-12807-20250324-17_57_43,10114.7,315.2007692,539.79,0.416067787,-0.222077465,MPF-15399-20250430-11_07_20,10150.7,178.80128,260.7265859,0.314219225,0.5,421.21351,9.499458354,66.17669144,0.023079829,1.070329722,193.9697038,DARK-15400-20250430-11_07_27,147.29,147.29,0.435078707,0.722212373,0.71098959,-1.503929033,1.242550291,0.594932321,0.405067679,15399,290,249.77,165,10150.7,248.77,1,300,23.9,260.7265859,3.28975397,-12.13257078,2.914994535,0.382215967,-0.007972547,290,247.76,825,10136,248.76,-1,None,None,None,None,None,None,None,None,None,None,None,None,None,500,421.21351,0.84237586,0.164185409,2,0.5,0: Broadleaf,2,1746000437,416.6381667,419.9842,12.29278,11.86701,417.2458667,12.26490667,600.0099667,100.0696,0.058618607,25.80443667,24.30463333,999.9,0,0,5001.666667,0,115.5126667,-3.346022333,421.8236,425.0280333,0.425763833,419.9842,11.86701,1.230132667,1.187525667,9.971292333,9.446085,500.0303667,0.920004533,0.079995817,0,178.8737667,4.99918,994.9294,4676.674,37.67266667,40.57683333,39.07056667,39.99553333,40.2873,455.4303333,39.6,0,37.20000005,0,178.80128,-18.8024615,90.15084609,995.48304,15,1746000137,11:02:17,1746000137,1746000127,5,-0.143,-0.004,-0.599,0.024,420,12,1.78,0.68,-3.359381,0.363508143,0.104860077,1,179.5265882,-15.41161191,1.711411322,0,0.428134125,-0.043724882,0.006883111,1,2,3,02-Mar,3.22122,2.6671,0.10215,0.103712,0.0711599,0.0702115,26869.3,24538.3,28410.2,25070.2,33827.9,24638.8,40462.7,27880.5,2.004,1.654,0.177622,0,21.3836,999.9,26.4,30.4,11.4987,26.3401,18.6939,1,-0.167805,0,20.2774,5.23286,11.9021,4.9616,3.292,9999,9999,9999,999.9,4.97208,1.85391,1.85587,1.85608,1.85577,1.85547,1.85053,1.8526,0,0,0,0,11111111,oooooooo,on,on,on,on,0,100,100,-0.607,0.0275,-1.497315381,0.00151024,1.49E-06,5.40E-12,-0.047991962,-0.011177753,0.001682567,-2.18E-05,3,2244,0,20,5.1,5.3,1.04492,2.53906,1.59424,2.15698,1.50269,2.42676,32.8202,24.14,18,618.747,432.239,25.1067,25.4881,29.9998,25.6894,25.7935,20.9985,-30,-30,-999.9,420,0,101.152,75.1752
388,1746000484,7601.5,20250430 11:08:04,11:08:04,15,D,4,2%,5557.8,1746000476,0.001215389,1.215388809,8.518631834,416.9722667,201.5645874,20.18222084,41.75052016,0.06712574,1.988991828,0.065892139,0.041291533,66.12617022,25.83077699,24.17712333,3.026988988,36.72764914,1.219280381,3.319788795,1.807708608,-53.59864647,166.0067965,17.64584153,196.1801617,0,0,1,0,25531,RECT-12807-20250324-17_57_43,10114.7,315.2007692,539.79,0.416067787,-0.222077465,MPF-15401-20250430-11_07_59,10154.1,179.9802,282.2807155,0.362407029,0.5,337.180379,8.518631834,61.09826972,0.025922948,0.912245401,205.6520738,DARK-15402-20250430-11_08_07,144.05,144.05,0.48969238,0.740070795,0.6507032,-3.107544001,1.14657895,0.592327367,0.407672633,15401,290,271.59,175,10154.1,269.81,1.78,300,23.9,282.2807155,2.335887076,-12.66324132,2.067372338,0.572643675,-0.008059127,290,268.18,885,10140.1,269.79,-1.61,None,None,None,None,None,None,None,None,None,None,None,None,None,400,337.180379,0.842962538,0.165317699,2,0.5,0: Broadleaf,2,1746000476,416.9722667,419.9807667,12.17724,11.77704,417.5789,12.15164667,599.9943667,100.0693333,0.0584773,25.72525333,24.17712333,999.9,0,0,5001,0,191.4939333,-3.008622667,422.1123667,424.9859333,0.400201567,419.9807667,11.77704,1.218569,1.178521333,9.830347,9.332946667,399.9945,0.900001067,0.099999873,0,180.0199333,4.99918,850.9640333,3707.015333,36.71643333,39.46436667,38.25393333,38.4935,39.37063333,355.4956667,39.5,0,37.20000005,0,179.9802,-16.26438464,254.9404616,851.69008,15,1746000137,11:02:17,1746000137,1746000127,5,-0.143,-0.004,-0.599,0.024,420,12,1.78,0.68,-3.04414475,0.468213096,0.116748512,1,180.4604412,-9.166768534,1.239155196,0,0.40337145,-0.054759602,0.007024334,1,2,3,02-Mar,3.22137,2.66667,0.102183,0.103733,0.0706079,0.0698038,26870.4,24539.1,28412.3,25071.5,33850.6,24650,40465.6,27881,2.0056,1.6538,0.170767,0,21.3582,999.9,26.2,30.4,11.4147,26.4101,18.6538,1,-0.170935,0,20.2785,5.23406,11.9021,4.962,3.292,9999,9999,9999,999.9,4.97208,1.85388,1.85583,1.85608,1.85577,1.85547,1.85046,1.8526,0,0,0,0,11111111,oooooooo,on,on,on,on,0,100,100,-0.607,0.025,-1.497315381,0.00151024,1.49E-06,5.40E-12,-0.047991962,-0.011177753,0.001682567,-2.18E-05,3,2244,0,20,5.8,6,1.04492,2.53662,1.59424,2.15576,1.50269,2.48901,32.798,24.1488,18,619.589,431.945,25.0818,25.4495,29.9997,25.6615,25.7696,20.9985,-30,-30,-999.9,420,0,101.159,75.1777
389,1746000524,7641,20250430 11:08:43,11:08:43,15,D,4,2%,5557.71,1746000516,0.001128139,1.12813878,7.883254262,417.2009667,203.3232998,20.35748076,41.77170377,0.062512266,1.988738079,0.061440813,0.038495244,49.58761217,25.62253744,24.06375,3.006462831,36.56884353,1.206732532,3.299892518,1.799730299,-49.7509202,167.2757939,17.76378582,184.8762717,0,0,1,0,25599,RECT-12807-20250324-17_57_43,10114.7,315.2007692,539.79,0.416067787,-0.222077465,MPF-15403-20250430-11_08_39,10144.6,184.48128,320.7834931,0.424904074,0.5,252.8827284,7.883254262,53.72545077,0.032051741,0.682723743,225.3584008,DARK-15404-20250430-11_08_46,152.13,152.13,0.525754899,0.80817901,0.564944815,24.41500193,0.975142513,0.666453923,0.333546077,15403,290,303.14,245,10144.6,303.97,-0.83,300,23.9,320.7834931,1.940971501,-17.05989306,1.714121026,0.779620325,-0.008137595,290,302.03,715,10137.8,303.96,-1.93,None,None,None,None,None,None,None,None,None,None,None,None,None,300,252.8827284,0.842950015,0.165293528,2,0.5,0: Broadleaf,2,1746000516,417.2009667,419.9856,12.05241667,11.68090333,417.8070333,12.02926,600.0010667,100.0652,0.05849843,25.62391333,24.06375,999.9,0,0,5000.166667,0,227.6702667,-2.784585667,422.2906,424.9494333,0.371513833,419.9856,11.68090333,1.206026,1.168850667,9.676137333,9.210615,299.9973,0.900001,0.0999986,0,184.5428,4.99918,705.0563667,2768.545,35.81643333,38.6914,37.48313333,37.506,38.57053333,265.4993333,29.5,0,37.20000005,0,184.48128,-4.478538487,-23.65069229,704.985,15,1746000137,11:02:17,1746000137,1746000127,5,-0.143,-0.004,-0.599,0.024,420,12,1.78,0.68,-2.787300976,-0.02249561,0.094249204,1,184.2253235,2.181344528,0.81950418,0,0.375489488,-0.07756223,0.008722296,1,2,3,02-Mar,3.22124,2.66625,0.10222,0.103734,0.070081,0.0693318,26871.4,24539.6,28414.5,25071.9,33872.9,24663.3,40469,27881.9,2.0062,1.6542,0.161678,0,21.3546,999.9,26.1,30.4,11.3706,26.3501,18.8141,1,-0.173232,0,20.2795,5.23406,11.9021,4.9616,3.292,9999,9999,9999,999.9,4.97205,1.85388,1.8559,1.85608,1.85577,1.85547,1.85053,1.85257,0,0,0,0,11111111,oooooooo,on,on,on,on,0,100,100,-0.606,0.0226,-1.497315381,0.00151024,1.49E-06,5.40E-12,-0.047991962,-0.011177753,0.001682567,-2.18E-05,3,2244,0,20,6.4,6.6,1.04492,2.53784,1.59424,2.15576,1.50269,2.43896,32.798,24.1488,18,619.713,431.994,25.057,25.4174,29.9999,25.6336,25.7465,21.0009,-30,-30,-999.9,420,0,101.167,75.1795
390,1746000563,7680.5,20250430 11:09:23,11:09:23,15,D,4,2%,5557.71,1746000555,0.001069302,1.069301803,6.774469527,417.5695,223.4426126,22.37157566,41.80799513,0.059493816,1.988964611,0.058522578,0.036662553,33.05021764,25.39817486,23.94183,2.984525207,36.39193048,1.193298281,3.279018908,1.791226926,-47.1562095,168.9061432,17.91422037,172.7143717,0,0,1,0,25609,RECT-12807-20250324-17_57_43,10114.7,315.2007692,539.79,0.416067787,-0.222077465,MPF-15405-20250430-11_09_18,10137.1,191.01156,383.5305639,0.50196522,0.5,168.5911333,6.774469527,42.31344267,0.041500089,0.407423686,254.6237818,DARK-15406-20250430-11_09_26,157.76,157.76,0.588663812,0.852719684,0.409023993,2.817497181,0.695756584,0.704277047,0.295722953,15405,290,363.27,285,10137.1,362.23,1.04,300,23.9,383.5305639,2.472981754,-21.59551617,2.179175816,0.778142335,-0.008215174,290,361.06,665,10133.8,362.22,-1.16,None,None,None,None,None,None,None,None,None,None,None,None,None,200,168.5911333,0.8429249,0.165245057,2,0.5,0: Broadleaf,2,1746000555,417.5695,419.9765667,11.91841333,11.56621667,418.1745,11.89785667,599.9815,100.0637667,0.05847678,25.51702,23.94183,999.9,0,0,5001.166667,0,219.6844667,-2.407094,422.6061667,424.8911,0.3521912,419.9765667,11.56621667,1.192601333,1.15736,9.509498,9.064073333,200.0073,0.8999987,0.10000112,0,190.915,4.99918,530.453,1830.141,35.03513333,38.12473333,36.8164,36.85596667,37.85813333,175.5076667,19.5,0,37.20000005,0,191.01156,16.09761537,35.472,530.62724,15,1746000137,11:02:17,1746000137,1746000127,5,-0.143,-0.004,-0.599,0.024,420,12,1.78,0.68,-2.436136341,0.919178258,0.135843156,0,189.5878529,23.85379679,2.457207814,0,0.355417146,-0.049087484,0.00662359,1,1,3,01-Mar,3.22126,2.66718,0.102295,0.103707,0.0694722,0.0687882,26870.5,24541.1,28415.8,25072.5,33896.9,24678.6,40471,27882.8,2.006,1.6544,0.15378,0,21.3618,999.9,25.9,30.4,11.284,26.3601,18.8742,1,-0.175122,0,20.2807,5.23167,11.9021,4.9616,3.292,9999,9999,9999,999.9,4.97208,1.85391,1.85587,1.85608,1.85577,1.85547,1.85049,1.85257,0,0,0,0,11111111,oooooooo,on,on,on,on,0,100,100,-0.605,0.02,-1.497315381,0.00151024,1.49E-06,5.40E-12,-0.047991962,-0.011177753,0.001682567,-2.18E-05,3,2244,0,20,7.1,7.3,1.04492,2.53906,1.59424,2.15576,1.50269,2.37549,32.798,24.1488,18,619.336,431.961,25.0345,25.3918,29.9998,25.6122,25.7274,21.0032,-30,-30,-999.9,420,0,101.172,75.1819
391,1746000603,7720,20250430 11:10:02,11:10:02,15,D,4,2%,5557.71,1746000595,0.001024533,1.02453305,4.811896818,418.2317667,271.8081097,27.21329903,41.87316613,0.057214685,1.988889392,0.056315796,0.035276958,16.50849179,25.15833306,23.80988667,2.960941858,36.14987314,1.177144644,3.256289835,1.783797214,-45.18190751,170.4941913,18.06065798,159.8814336,0,0,1,0,25618,RECT-12807-20250324-17_57_43,10114.7,315.2007692,539.79,0.416067787,-0.222077465,MPF-15407-20250430-11_09_58,10124.5,194.00088,433.0437365,0.552006267,0.5,84.27758136,4.811896818,23.26087654,0.059730882,0.246502269,275.5394511,DARK-15408-20250430-11_10_05,169.23,169.23,0.609208064,0.906104662,0.288067421,2.028486401,0.475295557,0.79040926,0.20959074,15407,290,415.46,295,10124.5,414,1.46,300,23.9,433.0437365,2.903665984,-19.2785594,2.551225756,0.670983084,-0.008290315,290,411.55,665,10121.2,414,-2.45,None,None,None,None,None,None,None,None,None,None,None,None,None,100,84.27758136,0.842849394,0.165099331,2,0.5,0: Broadleaf,2,1746000595,418.2317667,419.9785333,11.75739333,11.41990333,418.8351,11.73992667,600.0102,100.0609333,0.058592407,25.39994667,23.80988667,999.9,0,0,5001,0,213.6861667,-1.746730667,423.2077667,424.83,0.3375097,419.9785333,11.41990333,1.176457,1.142684667,9.306893333,8.875056333,99.99127,0.900042,0.0999583,0,193.9334333,4.99918,333.8649,891.5089,35.0165,38.88726667,37.07473333,37.63513333,38.05386667,85.49666667,9.497333333,0,37.20000005,0,194.00088,20.60307694,88.41723073,334.5182,15,1746000137,11:02:17,1746000137,1746000127,5,-0.143,-0.004,-0.599,0.024,420,12,1.78,0.68,-1.81918325,1.434174371,0.177146724,0,192.9467059,20.07917496,2.064084892,0,0.3397561,-0.04772436,0.005852386,1,1,3,01-Mar,3.22124,2.66664,0.102446,0.103736,0.0687202,0.0680931,26866.8,24540.9,28416.6,25073.1,33925.2,24696.7,40471.8,27882.4,2.0066,1.6552,0.14618,0,21.3673,999.9,25.6,30.4,11.1516,26.3601,18.8421,1,-0.176829,0,20.2833,5.23406,11.9021,4.962,3.292,9999,9999,9999,999.9,4.97208,1.85391,1.85583,1.85608,1.85577,1.85547,1.85043,1.85257,0,0,0,0,11111111,oooooooo,on,on,on,on,0,100,100,-0.603,0.0167,-1.497315381,0.00151024,1.49E-06,5.40E-12,-0.047991962,-0.011177753,0.001682567,-2.18E-05,3,2244,0,20,7.8,7.9,1.04492,2.53662,1.59424,2.15576,1.50269,2.38892,32.7758,24.1488,18,619.555,432.289,25.0095,25.3683,29.9999,25.593,25.7103,21.0005,-30,-30,-999.9,420,0,101.174,75.182
392,1746000642,7759.5,20250430 11:10:42,11:10:42,15,D,4,2%,5557.71,1746000634,0.000978544,0.978544488,2.49434491,419.0337333,333.8389245,33.42329715,41.95283401,0.054462667,1.988667763,0.053647418,0.033601867,8.241640025,25.04006113,23.74716333,2.949788047,35.79653664,1.161097887,3.243603979,1.78869016,-43.15381192,170.1610583,18.01571515,153.2646015,0,0,1,0,25684,RECT-12807-20250324-17_57_43,10114.7,315.2007692,539.79,0.416067787,-0.222077465,RECT-15409-20250430-11_10_37,10114.3,198.52048,448.47,0.557338328,0.5,42.13525681,2.49434491,11.74179679,0.064469107,0.203625661,281.7050317,DARK-15410-20250430-11_10_45,180.39,180.39,0.597765737,0.932369144,0.25409015,1.875523094,0.406608989,0.847217727,0.152782273,15407,290,415.46,295,10124.5,414,1.46,300,23.9,433.0437365,2.903665984,-19.2785594,2.551225756,0.670983084,-0.008290315,290,411.55,665,10121.2,414,-2.45,None,None,None,None,None,None,None,None,None,None,None,None,None,50,42.13525681,0.84271199,0.164834141,2,0.5,0: Broadleaf,2,1746000634,419.0337333,420.0018667,11.59729,11.27489,419.6348,11.58281667,599.9975333,100.0594333,0.058601727,25.33429333,23.74716333,999.9,0,0,5000.166667,0,231.9801,-0.968122367,423.9504333,424.7914333,0.3223922,420.0018667,11.27489,1.160419667,1.128161333,9.103201,8.685864333,49.99959333,0.899575,0.100425,0,198.5535,4.99918,239.7347333,422.2670333,35.3645,40.0539,37.62883333,38.99146667,38.58936667,40.481,4.52,0,37.20000005,0,198.52048,1.55769235,1.941153847,239.76472,15,1746000137,11:02:17,1746000137,1746000127,5,-0.143,-0.004,-0.599,0.024,420,12,1.78,0.68,-1.030114275,1.071462248,0.144043321,0,198.4576765,1.414132947,0.658139433,0,0.32347365,-0.039138844,0.005883966,1,1,3,01-Mar,3.22141,2.66711,0.102585,0.103714,0.0680306,0.0674407,26864.2,24541.6,28418.2,25073.1,33951.9,24714.7,40473.4,27883.1,2.0068,1.6552,0.141263,0,21.3836,999.9,25.4,30.4,11.0666,26.3402,18.726,1,-0.177866,0,20.2837,5.23286,11.9021,4.9616,3.292,9999,9999,9999,999.9,4.97208,1.85382,1.85583,1.85608,1.85577,1.85547,1.85053,1.85257,0,0,0,0,11111111,oooooooo,on,on,on,on,0,100,100,-0.601,0.0138,-1.497315381,0.00151024,1.49E-06,5.40E-12,-0.047991962,-0.011177753,0.001682567,-2.18E-05,3,2244,0,20,8.4,8.6,1.04492,2.54028,1.59424,2.15576,1.50269,2.46582,32.7758,24.1575,18,619.51,432.174,24.9858,25.3512,30.0001,25.5759,25.6954,21.0026,-30,-30,-999.9,420,0,101.179,75.183
393,1746000973,8090.5,20250430 11:16:13,11:16:13,15,D,1,21%,5557.71,1746000965,0.001604147,1.604146764,5.947109671,417.7900667,262.7223159,26.30380234,41.82921156,0.068084191,1.988647011,0.066815253,0.041871572,321.5038647,28.26336079,26.06179333,3.386616184,30.42748595,1.035952053,3.404658717,2.350664132,-70.74287231,9.634779462,1.036272169,261.432044,0,0,1,0,25665,RECT-12807-20250324-17_57_43,10114.7,315.2007692,539.79,0.416067787,-0.222077465,MPF-15413-20250430-11_16_08,10125,227.0598077,257.6437031,0.118706163,0.5,1681.16241,5.947109671,99.78216946,0.003669596,1.09510263,192.258227,DARK-15414-20250430-11_16_16,156.27,156.27,0.393464703,0.301694566,0.735675576,-0.531366476,1.256277053,0.207636087,0.792363913,15413,290,246.79,175,10125,245.74,1.05,300,23.9,257.6437031,2.932148995,-12.0564756,2.654430082,0.424223131,-0.006705015,290,245.57,635,10118.1,245.73,-0.16,None,None,None,None,None,None,None,None,None,None,None,None,None,2000,1681.16241,0.840598578,0.160755255,2,0.5,0: Broadleaf,2,1746000965,417.7900667,419.9959,10.34708667,9.817888333,418.3944667,10.35456667,599.9824333,100.0610667,0.05910108,26.15166,26.06179333,999.9,0,0,5000,0,250.5643667,-2.205938333,422.1581667,424.1603667,0.529192967,419.9959,9.817888333,1.035341,0.982388833,7.423423,6.657751667,1999.958667,0.979997333,0.020002857,0,227.1085333,4.99918,4758.248333,19219.43333,36.0538,38.1996,36.89153333,37.17873333,38.208,1955.054667,39.90433333,0,289.2,0,227.0598077,-27.06075215,-509.6023935,4757.744231,15,1746000137,11:02:17,1746000137,1746000127,5,-0.143,-0.004,-0.599,0.024,420,12,1.78,0.68,-2.174093,-0.407083902,0.109178469,1,228.5672353,-29.84241407,2.972834259,0,0.525675075,0.08793367,0.009661701,1,2,3,02-Mar,3.22086,2.66753,0.101838,0.103223,0.0605797,0.0588061,26874.8,24547.8,28406.3,25066.4,34212.2,24938.2,40458.1,27876.1,1.9966,1.608,0.251234,0,22.0339,999.9,22.4,30.5,9.81415,26.4403,20.2163,1,-0.166179,0,20.2633,5.22927,11.9021,4.962,3.292,9999,9999,9999,999.9,4.97205,1.85394,1.8559,1.85608,1.85577,1.85547,1.85046,1.85257,0,0,0,0,11111111,oooooooo,on,on,on,on,0,100,100,-0.604,-0.0079,-1.497315381,0.00151024,1.49E-06,5.40E-12,-0.047991962,-0.011177753,0.001682567,-2.18E-05,3,2244,0,20,13.9,14.1,1.03027,2.5415,1.59424,2.13135,1.50269,2.35962,32.8869,24.1313,18,613.18,406.38,25.0274,25.471,30.0002,25.6637,25.7768,20.7097,-30,-30,-999.9,420,0,101.139,75.1636
394,1746001013,8130,20250430 11:16:52,11:16:52,15,D,1,21%,5557.71,1746001005,0.00161425,1.614249953,5.929845753,417.8106,261.95308,26.2275849,41.83254109,0.06758072,1.9885205,0.066330216,0.04156681,289.5644504,28.16729344,26.14697667,3.403716375,29.67378427,1.020900702,3.4404129,2.382815673,-71.18842294,19.46273168,2.096206736,239.9349659,0,0,1,0,25654,RECT-12807-20250324-17_57_43,10114.7,315.2007692,539.79,0.416067787,-0.222077465,MPF-15415-20250430-11_16_48,10129.3,217.09988,256.2289121,0.152711229,0.5,1513.174061,5.929845753,115.5393352,0.004065575,1.106670928,191.4693147,DARK-15416-20250430-11_16_55,148.61,148.61,0.420010807,0.363588809,0.724886466,-0.66352043,1.262576513,0.248885135,0.751114865,15415,290,238.97,115,10129.3,238.21,0.76,300,23.9,256.2289121,3.708474712,-18.25289486,3.346947556,0.515081764,-0.006871211,290,238.19,865,10113.7,238.18,0.01,None,None,None,None,None,None,None,None,None,None,None,None,None,1800,1513.174061,0.840658172,0.160870271,2,0.5,0: Broadleaf,2,1746001005,417.8106,420.012,10.19644333,9.663854333,418.4150667,10.20636333,600.0087667,100.0640333,0.059183007,26.32852333,26.14697667,999.9,0,0,4999.333333,0,244.6167333,-2.201355,422.1147333,424.1105667,0.5325806,420.012,9.663854333,1.020296667,0.967004067,7.20946,6.428465333,1799.987333,0.9780012,0.0219989,0,217.3155667,4.99918,4126.982667,17281.76,36.125,38.062,36.812,37.03306667,38.25,1755.497333,39.49,0,37.20000005,0,217.09988,-39.38861542,-677.7969231,4123.1272,15,1746000137,11:02:17,1746000137,1746000127,5,-0.143,-0.004,-0.599,0.024,420,12,1.78,0.68,-2.182763415,-0.247123693,0.108117825,1,221.5677941,-66.9432391,6.889316148,0,0.53161939,0.015131436,0.004491159,1,2,3,02-Mar,3.22086,2.66774,0.101873,0.103165,0.0598802,0.0580677,26872.2,24547.2,28404.9,25064.3,34236.5,24956,40456.7,27874,1.996,1.6076,0.241548,0,22.2278,999.9,22,30.5,9.63931,26.4103,20,1,-0.162154,0,20.2647,5.22927,11.9021,4.962,3.292,9999,9999,9999,999.9,4.97205,1.85394,1.85587,1.85608,1.85577,1.8555,1.85046,1.85257,0,0,0,0,11111111,oooooooo,on,on,on,on,0,100,100,-0.604,-0.0103,-1.497315381,0.00151024,1.49E-06,5.40E-12,-0.047991962,-0.011177753,0.001682567,-2.18E-05,3,2244,0,20,14.6,14.8,1.03027,2.53906,1.59424,2.13135,1.50269,2.45728,32.8869,24.1313,18,613.126,406.391,25.0752,25.516,30.0007,25.698,25.8084,20.7112,-30,-30,-999.9,420,0,101.135,75.1576
395,1746001052,8169.5,20250430 11:17:32,11:17:32,15,D,1,21%,5557.71,1746001044,0.001591018,1.591018444,5.841552734,417.8242333,261.5005113,26.1820061,41.83348082,0.06635599,1.988629101,0.065150029,0.040825294,257.6660052,28.00068341,26.10858,3.395999096,29.04106887,1.004664853,3.459462384,2.391334243,-70.1639134,33.61278398,3.621023006,224.7358988,0,0,1,0,25646,RECT-12807-20250324-17_57_43,10114.7,315.2007692,539.79,0.416067787,-0.222077465,MPF-15417-20250430-11_17_27,10125.6,208.9972,234.5728306,0.10903066,0.5,1345.178161,5.841552734,73.3328315,0.004507678,1.301161642,179.1126975,DARK-15418-20250430-11_17_35,144.13,144.13,0.385563965,0.282782288,0.771412752,-0.317205562,1.359001802,0.19501415,0.80498585,15417,290,232.69,205,10125.6,231.68,1.01,300,23.9,234.5728306,2.881445202,-2.933187087,2.592844631,0.043707817,-0.007039557,290,233.66,805,10116.1,231.67,1.99,None,None,None,None,None,None,None,None,None,None,None,None,None,1600,1345.178161,0.840747911,0.161043468,2,0.5,0: Broadleaf,2,1746001044,417.8242333,419.993,10.03438667,9.509370333,418.4287,10.04689333,600.0017333,100.0629333,0.05926515,26.4221,26.10858,999.9,0,0,4999.833333,0,243.2188333,-2.168701333,422.0593333,424.0251667,0.525013267,419.993,9.509370333,1.004071,0.951536033,6.975561667,6.194673667,1599.978,0.974992667,0.025007563,0,209.1825333,4.99918,3556.410333,15341.17667,36.062,37.937,36.75,36.937,38.25,1555.09,39.888,0,37.20000005,0,208.9972,-33.94815383,-490.3715385,3553.5844,15,1746000137,11:02:17,1746000137,1746000127,5,-0.143,-0.004,-0.599,0.024,420,12,1.78,0.68,-2.16523075,0.208758011,0.106678106,1,212.6130882,-54.77092435,5.62524088,0,0.525078325,0.004422946,0.004853261,1,2,3,02-Mar,3.22013,2.66778,0.101848,0.103178,0.0591209,0.0573285,26869.2,24545.9,28401.2,25063.5,34260.4,24974.6,40452,27872.8,1.9962,1.6064,0.226319,0,22.4089,999.9,21.7,30.5,9.50684,26.4503,20.1322,1,-0.157927,0,20.2665,5.23167,11.9021,4.962,3.292,9999,9999,9999,999.9,4.97205,1.85388,1.85587,1.85608,1.85577,1.8555,1.85046,1.85257,0,0,0,0,11111111,oooooooo,on,on,on,on,0,100,100,-0.604,-0.013,-1.497315381,0.00151024,1.49E-06,5.40E-12,-0.047991962,-0.011177753,0.001682567,-2.18E-05,3,2244,0,20,15.2,15.4,1.03027,2.5415,1.59424,2.13013,1.50269,2.48413,32.9315,24.14,18,613.664,405.965,25.1305,25.5612,30.0009,25.7345,25.8406,20.7127,-30,-30,-999.9,420,0,101.123,75.1548
396,1746001092,8209,20250430 11:18:11,11:18:11,15,D,1,21%,5557.98,1746001084,0.001551125,1.551124719,5.914114259,417.841,256.4325122,25.6742888,41.83467382,0.064796499,1.988942253,0.063646204,0.039880526,225.7806138,27.7768177,26.00351333,3.374959996,28.51092859,0.98807121,3.465587614,2.386888786,-68.40460012,48.10027109,5.178960933,210.6552457,0,0,1,0,25645,RECT-12807-20250324-17_57_43,10114.7,315.2007692,539.79,0.416067787,-0.222077465,MPF-15419-20250430-11_18_07,10132.7,203.11064,242.2028062,0.161402615,0.5,1177.203161,5.914114259,95.00183405,0.005212517,1.228669471,183.5273179,DARK-15420-20250430-11_18_14,146.95,146.95,0.393277054,0.410404352,0.757527731,-0.535524069,1.325028777,0.296926441,0.703073559,15419,290,230.99,125,10132.7,231.12,-0.13,300,23.9,242.2028062,2.944826436,-11.23148782,2.642182139,0.392224234,-0.007207225,290,231.41,865,10117.5,231.1,0.31,None,None,None,None,None,None,None,None,None,None,None,None,None,1400,1177.203161,0.840867008,0.161273326,2,0.5,0: Broadleaf,2,1746001084,417.841,420.0284667,9.868767333,9.356815667,418.4452667,9.883874667,599.9851667,100.0619333,0.05910271,26.45209333,26.00351333,999.9,0,0,5001.166667,0,226.2701333,-2.187430667,422.0056667,423.9955333,0.511953133,420.0284667,9.356815667,0.987487433,0.9362606,6.733038333,5.960468667,1399.987333,0.970995,0.029005,0,203.2598667,4.99918,3034.968333,13400.23333,35.94333333,37.875,36.687,36.8603,38.2395,1354.527333,40.46,0,37.20000005,0,203.11064,-28.67638463,-520.9976923,3032.0712,15,1746000137,11:02:17,1746000137,1746000127,5,-0.143,-0.004,-0.599,0.024,420,12,1.78,0.68,-2.142972927,-0.629070314,0.139553155,0,206.1728529,-46.41975553,4.741125345,0,0.512399854,-0.009421087,0.004319147,1,1,3,01-Mar,3.22065,2.6677,0.10181,0.103173,0.0583499,0.0565944,26866.5,24543.4,28397.3,25061.1,34284.9,24991.9,40447.8,27870.2,1.9948,1.6058,0.211447,0,22.545,999.9,21.4,30.6,9.43023,26.3904,20.0841,1,-0.155,0,20.2683,5.23286,11.9021,4.962,3.292,9999,9999,9999,999.9,4.97208,1.85394,1.85593,1.85608,1.85577,1.85547,1.85059,1.85266,0,0,0,0,11111111,oooooooo,on,on,on,on,0,100,100,-0.605,-0.0156,-1.497315381,0.00151024,1.49E-06,5.40E-12,-0.047991962,-0.011177753,0.001682567,-2.18E-05,3,2244,0,20,15.9,16.1,1.03027,2.54028,1.59424,2.13135,1.50269,2.39502,32.9537,24.14,18,613.086,405.909,25.1903,25.6086,30.0003,25.7733,25.8791,20.7096,-30,-30,-999.9,420,0,101.111,75.1476
397,1746001131,8248.5,20250430 11:18:51,11:18:51,15,D,1,21%,5557.71,1746001123,0.001505583,1.505583251,5.938441075,417.8094333,251.7847704,25.20922396,41.8319645,0.063022089,1.988629508,0.061933193,0.038804512,193.8056336,27.52699478,25.89203333,3.352761218,28.0253272,0.971372487,3.466052259,2.381388731,-66.39622135,60.28831564,6.48871834,194.1864462,0,0,1,0,25646,RECT-12807-20250324-17_57_43,10114.7,315.2007692,539.79,0.416067787,-0.222077465,MPF-15421-20250430-11_18_46,10135.8,198.83004,237.526719,0.162915057,0.5,1009.195121,5.938441075,82.20654042,0.006104388,1.272544336,180.8298162,DARK-15422-20250430-11_18_54,144.21,144.21,0.392868303,0.414681093,0.764101524,-0.498193141,1.345849398,0.300765218,0.699234782,15421,290,232.13,95,10135.8,230.89,1.24,300,23.9,237.526719,2.814603608,-6.728486845,2.517578617,0.203250828,-0.007374211,290,231.99,815,10119,230.88,1.11,None,None,None,None,None,None,None,None,None,None,None,None,None,1200,1009.195121,0.840985889,0.161502766,2,0.5,0: Broadleaf,2,1746001123,417.8094333,419.9986,9.701877333,9.204884333,418.4139,9.719536667,599.9989,100.0629667,0.059149207,26.45436667,25.89203333,999.9,0,0,4999.833333,0,240.6425667,-2.189197,421.9026667,423.9006,0.496992667,419.9986,9.204884333,0.970798467,0.921067933,6.48531,5.724167333,1200.014333,0.967001,0.032998763,0,198.9635333,4.99918,2573.538,11464.41333,35.73936667,37.812,36.625,36.75,38.12913333,1155.578333,39.436,0,37.20000005,0,198.83004,-25.68376923,-296.7315385,2571.8976,15,1746000137,11:02:17,1746000137,1746000127,5,-0.143,-0.004,-0.599,0.024,420,12,1.78,0.68,-2.18013225,-0.154112533,0.100911333,1,200.6088824,-34.48828114,3.495973632,0,0.49845565,-0.032269216,0.004783043,1,2,3,02-Mar,3.22011,2.66788,0.101778,0.103139,0.0575887,0.0558579,26864,24542.3,28393.7,25059.2,34308.9,25010.1,40443.2,27868.7,1.9946,1.6048,0.197083,0,22.6525,999.9,21.1,30.6,9.29891,26.4204,20.0962,1,-0.150366,0,20.2703,5.23047,11.9021,4.962,3.292,9999,9999,9999,999.9,4.97211,1.85394,1.85587,1.85611,1.85577,1.8555,1.85059,1.85257,0,0,0,0,11111111,oooooooo,on,on,on,on,0,100,100,-0.605,-0.0181,-1.497315381,0.00151024,1.49E-06,5.40E-12,-0.047991962,-0.011177753,0.001682567,-2.18E-05,3,2244,0,20,16.6,16.7,1.03027,2.53784,1.59424,2.13013,1.50269,2.48047,32.9983,24.14,18,613.392,405.627,25.2477,25.656,30.0006,25.8151,25.9156,20.7102,-30,-30,-999.9,420,0,101.099,75.1429
398,1746001171,8288.1,20250430 11:19:30,11:19:30,15,D,1,21%,5557.98,1746001163,0.001461738,1.46173831,5.667318764,417.8994333,255.3726473,25.56807893,41.84036862,0.061527557,1.989013016,0.060489432,0.037897707,161.8982273,27.25028576,25.74079667,3.322849698,27.59539204,0.955104108,3.46109998,2.36774559,-64.46265947,73.91764944,7.947091413,179.3003086,0,0,1,0,25647,RECT-12807-20250324-17_57_43,10114.7,315.2007692,539.79,0.416067787,-0.222077465,MPF-15423-20250430-11_19_26,10131,194.2879231,244.9899596,0.206955569,0.5,841.1596661,5.667318764,87.04133877,0.00700152,1.203314784,185.1231784,DARK-15424-20250430-11_19_33,139.86,139.86,0.429119462,0.482279616,0.737129098,-0.722140036,1.312618772,0.347173545,0.652826455,15423,290,235.25,165,10131,235.05,0.2,300,23.9,244.9899596,2.90881953,-10.07062565,2.593576775,0.350001031,-0.007541597,290,236.12,735,10120.4,235.04,1.08,None,None,None,None,None,None,None,None,None,None,None,None,None,1000,841.1596661,0.841194239,0.161904882,2,0.5,0: Broadleaf,2,1746001163,417.8994333,419.9921667,9.539530333,9.056930667,418.5036333,9.55962,599.9979333,100.0610667,0.05959703,26.43012333,25.74079667,999.9,0,0,5001.5,0,225.6732667,-2.092769,421.9243667,423.8307667,0.482599467,419.9921667,9.056930667,0.954535433,0.906246033,6.240263667,5.490293333,999.9589,0.9599923,0.040007897,0,194.4679333,4.99918,2122.851667,9523.469667,35.51653333,37.7874,36.5477,36.7412,37.9978,955.1533333,39.80633333,0,37.79999995,0,194.2879231,-20.6926496,-219.7774361,2121.215769,15,1746000137,11:02:17,1746000137,1746000127,5,-0.143,-0.004,-0.599,0.024,420,12,1.78,0.68,-2.0806065,0.147972608,0.107267512,1,195.9116765,-29.9499007,3.059636087,0,0.484053025,-0.03722525,0.005354713,1,2,3,02-Mar,3.22117,2.66787,0.101784,0.103167,0.0567893,0.0551119,26861.9,24541.2,28391.9,25059,34335.2,25028.8,40439.8,27867.5,1.9944,1.6032,0.181645,0,22.732,999.9,20.7,30.6,9.12215,26.324,19.9359,1,-0.146646,0,20.2737,5.22927,11.9021,4.962,3.292,9999,9999,9999,999.9,4.97211,1.85394,1.85593,1.85608,1.85577,1.85547,1.85059,1.85266,0,0,0,0,11111111,oooooooo,on,on,on,on,0,100,100,-0.604,-0.0206,-1.497315381,0.00151024,1.49E-06,5.40E-12,-0.047991962,-0.011177753,0.001682567,-2.18E-05,3,2244,0,20,17.2,17.4,1.03027,2.53784,1.59424,2.13135,1.50269,2.49146,33.0429,24.14,18,613.688,405.014,25.3023,25.7014,30.0006,25.8553,25.9522,20.7084,-30,-30,-999.9,420,0,101.091,75.1407
399,1746001210,8327.6,20250430 11:20:10,11:20:10,15,D,1,21%,5557.89,1746001202,0.0014069,1.406899616,5.480167991,417.9699667,256.0195106,25.63144604,41.84514931,0.05966429,1.988823945,0.05868746,0.036766094,129.9838805,26.97543789,25.56417,3.288211868,27.16819491,0.938842425,3.45566729,2.349369444,-62.04427308,89.99348708,9.666514653,167.5996092,0,0,1,0,25647,RECT-12807-20250324-17_57_43,10114.7,315.2007692,539.79,0.416067787,-0.222077465,MPF-15425-20250430-11_20_05,10127.3,190.9506154,254.9789769,0.251112316,0.5,673.207251,5.480167991,84.52531614,0.008470267,1.116998062,190.7704947,DARK-15426-20250430-11_20_13,144.84,144.84,0.431953168,0.581341532,0.721131847,-1.063209166,1.268141941,0.440959602,0.559040398,15425,290,243.81,195,10127.3,242.36,1.45,300,23.9,254.9789769,3.212259375,-12.78419621,2.85423601,0.417415173,-0.007707215,290,242.21,815,10116.2,242.34,-0.13,None,None,None,None,None,None,None,None,None,None,None,None,None,800,673.207251,0.84149027,0.162476222,2,0.5,0: Broadleaf,2,1746001202,417.9699667,419.9927,9.377620667,8.913052667,418.5740333,9.400080667,600.0009667,100.0555667,0.059639317,26.40349333,25.56417,999.9,0,0,5001,0,202.1653,-2.022837667,421.9265667,423.7698667,0.464566767,419.9927,8.913052667,0.938282533,0.891800167,5.991661667,5.259075667,800.0178667,0.950009467,0.049990557,0,190.9473667,4.99918,1699.371,7584.99,36.12466667,39.17266667,37.32053333,38.156,38.83096667,755.2753333,39.74133333,0,37.20000005,0,190.9506154,-22.33511113,-165.2670086,1699.453077,15,1746000137,11:02:17,1746000137,1746000127,5,-0.143,-0.004,-0.599,0.024,420,12,1.78,0.68,-2.002675854,-0.387672544,0.096313214,1,192.8739412,-30.42074867,3.094026968,0,0.467232902,-0.039139213,0.005543597,1,2,3,02-Mar,3.22025,2.6678,0.101796,0.103141,0.0560227,0.0544201,26858.8,24540,28389.2,25057.2,34360.4,25046,40436.5,27866,1.9934,1.6032,0.169128,0,22.7888,999.9,20.5,30.6,9.03436,26.364,20.1923,1,-0.143455,0,20.2759,5.23047,11.9021,4.9616,3.292,9999,9999,9999,999.9,4.97205,1.85394,1.85593,1.85608,1.85577,1.8555,1.85059,1.85263,0,0,0,0,11111111,oooooooo,on,on,on,on,0,100,100,-0.603,-0.0229,-1.497315381,0.00151024,1.49E-06,5.40E-12,-0.047991962,-0.011177753,0.001682567,-2.18E-05,3,2244,0,20,17.9,18.1,1.03027,2.54028,1.59424,2.13013,1.50269,2.39746,33.0652,24.14,18,613.396,405.274,25.352,25.7469,30.0004,25.8942,25.9887,20.7089,-30,-30,-999.9,420,0,101.082,75.1362
400,1746001250,8367.1,20250430 11:20:49,11:20:49,15,D,1,21%,5557.89,1746001242,0.00135304,1.353040187,5.232053422,418.0686333,258.0468852,25.83363139,41.85375446,0.057671,1.988057364,0.056757464,0.035554287,98.06848505,26.71578529,25.41966333,3.260108039,26.73884298,0.923401272,3.453407735,2.336706767,-59.66907226,104.258775,11.1943818,153.8525696,0,0,1,0,25529,RECT-12807-20250324-17_57_43,10114.7,315.2007692,539.79,0.416067787,-0.222077465,MPF-15427-20250430-11_20_45,10122.5,188.87268,273.8226154,0.310237105,0.5,505.1938343,5.232053422,78.36493622,0.010796115,0.971312703,201.1259799,DARK-15428-20250430-11_20_52,142.73,142.73,0.47875014,0.648014651,0.669841799,-2.053014151,1.184239261,0.489700952,0.510299048,15427,290,260.03,295,10122.5,259.93,0.1,300,23.9,273.8226154,2.822628963,-14.06362402,2.499724502,0.530616063,-0.007873418,290,259.85,655,10118.9,259.92,-0.07,None,None,None,None,None,None,None,None,None,None,None,None,None,600,505.1938343,0.841993934,0.163448292,2,0.5,0: Broadleaf,2,1746001242,418.0686333,420.0011333,9.223667333,8.776830667,418.6723,9.248332333,600.0224667,100.0527333,0.059427973,26.39240667,25.41966333,999.9,0,0,4998,0,175.0847333,-1.932516,421.9605667,423.7201,0.4468367,420.0011333,8.776830667,0.922853367,0.878146167,5.752109333,5.037475667,599.997,0.932981733,0.067018427,0,188.9797333,4.99918,1297.995333,5645.119333,36.68313333,40.3122,38.0456,39.5164,39.55393333,555.122,39.87866667,0,37.20000005,0,188.87268,-20.31361542,-98.19769243,1297.4236,15,1746000137,11:02:17,1746000137,1746000127,5,-0.143,-0.004,-0.599,0.024,420,12,1.78,0.68,-1.920799024,-0.375743833,0.10962356,1,190.3051471,-25.89330788,2.608201072,0,0.449584854,-0.063342585,0.00787146,1,2,3,02-Mar,3.22049,2.66777,0.101811,0.103123,0.0553052,0.0537747,26856.9,24539.5,28387.8,25056.3,34384.9,25062.6,40434.4,27865.4,1.993,1.6028,0.15527,0,22.8492,999.9,20.1,30.6,8.85845,26.3941,19.9519,1,-0.140447,0,20.2779,5.22927,11.9021,4.9616,3.292,9999,9999,9999,999.9,4.97208,1.85394,1.85593,1.85608,1.85577,1.85547,1.85056,1.85263,0,0,0,0,11111111,oooooooo,on,on,on,on,0,100,100,-0.603,-0.0251,-1.497315381,0.00151024,1.49E-06,5.40E-12,-0.047991962,-0.011177753,0.001682567,-2.18E-05,3,2244,0,20,18.5,18.7,1.03027,2.53906,1.59424,2.13013,1.50269,2.48657,33.0875,24.14,18,613.533,405.316,25.3998,25.7881,30.0004,25.9332,26.0254,20.7083,-30,-30,-999.9,420,0,101.077,75.1341
401,1746001289,8406.6,20250430 11:21:29,11:21:29,15,D,1,21%,5558.07,1746001281,0.001295967,1.295966699,4.844522088,418.2157333,263.1168105,26.34010199,41.8667475,0.05525042,1.988693443,0.054411623,0.034081566,82.09311829,26.60443147,25.33685333,3.244097825,26.3245433,0.909203596,3.453824766,2.334894229,-57.15213143,113.3899927,12.16599055,150.4969701,0,0,1,0,25528,RECT-12807-20250324-17_57_43,10114.7,315.2007692,539.79,0.416067787,-0.222077465,MPF-15429-20250430-11_21_24,10121.8,190.85724,293.2054361,0.349066502,0.5,421.1894316,4.844522088,73.51156088,0.012029266,0.840995881,211.3902674,DARK-15430-20250430-11_21_32,149.57,149.57,0.489879854,0.712555334,0.63191165,-4.653177806,1.097935832,0.558411624,0.441588376,15429,290,277.84,265,10121.8,277.18,0.66,300,23.9,293.2054361,2.286773603,-16.21611891,2.02154503,0.696795147,-0.007956006,290,276.3,635,10117.9,277.18,-0.88,None,None,None,None,None,None,None,None,None,None,None,None,None,500,421.1894316,0.842375999,0.164185678,2,0.5,0: Broadleaf,2,1746001281,418.2157333,420.0111667,9.082225667,8.654177333,418.819,9.10887,600.0240333,100.0482,0.05981641,26.39445333,25.33685333,999.9,0,0,5000.833333,0,151.7621667,-1.795364333,422.0488,423.6776333,0.428047633,420.0111667,8.654177333,0.9086604,0.865834867,5.528616667,4.835042667,500.0017,0.919996567,0.080003307,0,191.0154333,4.99918,1115.142,4676.390667,37.1664,41.23306667,38.6664,40.68726667,40.13726667,455.401,39.6,0,37.20000005,0,190.85724,-25.24738468,-109.2623079,1114.5432,15,1746000137,11:02:17,1746000137,1746000127,5,-0.143,-0.004,-0.599,0.024,420,12,1.78,0.68,-1.7649965,-0.604208555,0.108955508,0,192.6650294,-30.79148972,3.115870292,0,0.43130185,-0.054406424,0.006911408,1,1,3,01-Mar,3.22065,2.66818,0.101833,0.10309,0.0546533,0.0531884,26854.8,24538.6,28386.5,25054.6,34407.4,25077.1,40433,27864.2,1.992,1.6022,0.147074,0,22.8935,999.9,19.9,30.6,8.77057,26.4041,19.976,1,-0.13752,0,20.2786,5.22927,11.9021,4.9616,3.292,9999,9999,9999,999.9,4.97211,1.85394,1.85593,1.85608,1.85577,1.85547,1.85059,1.85269,0,0,0,0,11111111,oooooooo,on,on,on,on,0,100,100,-0.603,-0.027,-1.497315381,0.00151024,1.49E-06,5.40E-12,-0.047991962,-0.011177753,0.001682567,-2.18E-05,3,2244,0,20,19.2,19.4,1.03027,2.53906,1.59424,2.13013,1.50269,2.47437,33.1099,24.1488,18,613.22,405.249,25.4455,25.8294,30.0002,25.9701,26.0621,20.708,-30,-30,-999.9,420,0,101.073,75.1299
402,1746001329,8446.1,20250430 11:22:08,11:22:08,15,D,1,21%,5557.71,1746001321,0.001230607,1.230606706,4.620852307,418.2855333,262.6627089,26.29322503,41.8714773,0.052465675,1.988463311,0.05170859,0.03238498,66.13344253,26.51126915,25.26204,3.229692769,25.92970031,0.896461161,3.457275444,2.333231608,-54.26975573,123.2115858,13.21747867,148.2927512,0,0,1,0,25526,RECT-12807-20250324-17_57_43,10114.7,315.2007692,539.79,0.416067787,-0.222077465,MPF-15431-20250430-11_22_04,10130.4,195.75256,325.6686575,0.398921095,0.5,337.2184277,4.620852307,67.26177223,0.014361403,0.657482191,227.7585579,DARK-15432-20250430-11_22_11,156.52,156.52,0.519388813,0.768058697,0.558669717,12.41091751,0.953390961,0.614125032,0.385874968,15431,290,308.37,145,10130.4,306.27,2.1,300,23.9,325.6686575,2.437714478,-19.64832683,2.151867377,0.748590277,-0.008039919,290,305.86,685,10117.7,306.25,-0.39,None,None,None,None,None,None,None,None,None,None,None,None,None,400,337.2184277,0.842962265,0.165317171,2,0.5,0: Broadleaf,2,1746001321,418.2855333,419.9973667,8.955421667,8.548900667,418.8886333,8.983809,600.0113667,100.0426667,0.059952143,26.41138,25.26204,999.9,0,0,5000.166667,0,139.2535333,-1.711851667,422.0653333,423.6188333,0.4065203,419.9973667,8.548900667,0.895923233,0.8552539,5.325409667,4.659022333,400.0397667,0.900006067,0.09999414,0,195.8951667,4.99918,936.8293333,3707.445,37.58513333,41.92886667,39.2164,41.5289,40.6102,355.5386667,39.50066667,0,37.20000005,0,195.75256,-21.69323081,-85.26600011,936.3548,15,1746000137,11:02:17,1746000137,1746000127,5,-0.143,-0.004,-0.599,0.024,420,12,1.78,0.68,-1.728955,0.308598124,0.116089606,1,196.9122059,-23.77608862,2.420764327,0,0.409485425,-0.059080514,0.007692316,1,2,3,02-Mar,3.22009,2.66813,0.101794,0.103109,0.0540315,0.0526746,26854.1,24537.6,28384.6,25054.3,34427.2,25090.5,40429.5,27863.8,1.9916,1.601,0.140965,0,22.9224,999.9,19.7,30.6,8.68351,26.4341,20.1442,1,-0.135041,0,20.2776,5.23167,11.9021,4.9616,3.292,9999,9999,9999,999.9,4.97208,1.85394,1.85593,1.85608,1.8558,1.8555,1.85059,1.85257,0,0,0,0,11111111,oooooooo,on,on,on,on,0,100,100,-0.604,-0.0287,-1.497315381,0.00151024,1.49E-06,5.40E-12,-0.047991962,-0.011177753,0.001682567,-2.18E-05,3,2244,0,20,19.9,20,1.03027,2.53906,1.59424,2.13135,1.50269,2.39746,33.1322,24.14,18,613.309,404.839,25.4886,25.8665,30.0003,26.0049,26.0967,20.706,-30,-30,-999.9,420,0,101.065,75.129
403,1746001368,8485.6,20250430 11:22:48,11:22:48,15,D,1,21%,5557.8,1746001360,0.001158142,1.158142201,4.430556135,418.3372667,260.3657964,26.06360067,41.87714214,0.049432328,1.988481196,0.048759656,0.03053446,49.59080925,26.40469816,25.18333333,3.214598423,25.60740764,0.885621921,3.458459887,2.328976502,-51.07407107,132.2727767,14.18420353,144.9737184,0,0,1,0,25644,RECT-12807-20250324-17_57_43,10114.7,315.2007692,539.79,0.416067787,-0.222077465,MPF-15433-20250430-11_22_43,10122.2,205.895,380.4354767,0.458791273,0.5,252.8999602,4.430556135,58.01414736,0.018397131,0.418873983,253.2558941,DARK-15434-20250430-11_22_51,154.19,154.19,0.594701311,0.771465044,0.413263805,2.675576904,0.709537687,0.577732316,0.422267684,15433,290,356.04,195,10122.2,355.49,0.55,300,23.9,380.4354767,2.770813976,-25.25322595,2.440856232,0.79265525,-0.008118141,290,353.29,695,10112.9,355.46,-2.17,None,None,None,None,None,None,None,None,None,None,None,None,None,300,252.8999602,0.842949665,0.165292853,2,0.5,0: Broadleaf,2,1746001360,418.3372667,419.9755667,8.847037667,8.464417333,418.9402,8.876887,600.0183333,100.0441333,0.059647693,26.41718667,25.18333333,999.9,0,0,5000.166667,0,134.4226333,-1.638289667,422.0713667,423.5606667,0.382621167,419.9755667,8.464417333,0.885094367,0.846815367,5.150627667,4.517257,300.0178667,0.900017267,0.099982753,0,205.9053,4.99918,769.7227,2768.752667,36.91426667,40.59763333,38.6206,39.76846667,39.75606667,265.5226667,29.49866667,0,37.20000005,0,205.895,-11.09504273,-35.18789744,769.7200769,15,1746000137,11:02:17,1746000137,1746000127,5,-0.143,-0.004,-0.599,0.024,420,12,1.78,0.68,-1.63810475,0.140980525,0.125952795,1,206.0151471,-6.27671505,0.985172906,0,0.38590565,-0.063396135,0.00731568,1,2,3,02-Mar,3.22007,2.66781,0.101817,0.10307,0.0535425,0.052263,26851.3,24537.7,28382.5,25053.4,34444,25100.3,40428.3,27862.6,1.9904,1.6002,0.135452,0,22.9379,999.9,19.4,30.7,8.6,26.3841,20.012,1,-0.13252,0,20.2785,5.22927,11.9021,4.9608,3.292,9999,9999,9999,999.9,4.97205,1.85394,1.85593,1.85611,1.8558,1.85556,1.85059,1.8526,0,0,0,0,11111111,oooooooo,on,on,on,on,0,100,100,-0.603,-0.0301,-1.497315381,0.00151024,1.49E-06,5.40E-12,-0.047991962,-0.011177753,0.001682567,-2.18E-05,3,2244,0,20,20.5,20.7,1.03027,2.5415,1.59424,2.13013,1.50269,2.45972,33.1545,24.1488,18,612.805,404.617,25.5292,25.8992,30.0004,26.0376,26.1274,20.7074,-30,-30,-999.9,420,0,101.06,75.126
404,1746001408,8525.1,20250430 11:23:27,11:23:27,15,D,1,21%,5558.07,1746001400,0.001091679,1.091679231,3.5017412,418.6981667,284.4233025,28.4725545,41.91430964,0.046817586,1.988307133,0.046213674,0.028937156,33.04685288,26.25286102,25.07484333,3.193893294,25.42035332,0.877225027,3.450876611,2.316668267,-48.1430541,139.9023162,14.99270316,139.7988182,0,0,1,0,25649,RECT-12807-20250324-17_57_43,10114.7,315.2007692,539.79,0.416067787,-0.222077465,MPF-15435-20250430-11_23_23,10113.2,218.43976,455.8329505,0.520789886,0.5,168.5739914,3.5017412,43.89581491,0.022090114,0.18418381,284.5925914,DARK-15436-20250430-11_23_30,165.33,165.33,0.637301341,0.817179964,0.224208325,1.688043152,0.373824912,0.618497124,0.381502876,15435,290,429.79,285,10113.2,429.54,0.25,300,23.9,455.8329505,2.836977391,-26.59377045,2.493973464,0.802405171,-0.008196388,290,427.23,705,10108.2,429.52,-2.29,None,None,None,None,None,None,None,None,None,None,None,None,None,200,168.5739914,0.842924887,0.165245033,2,0.5,0: Broadleaf,2,1746001400,418.6981667,420.0177667,8.762938333,8.402236333,419.3000667,8.793904667,600.0038333,100.0465333,0.059731687,26.37998,25.07484333,999.9,0,0,4999.333333,0,134.1093333,-1.319789,422.3995667,423.5768333,0.3607016,420.0177667,8.402236333,0.876702167,0.840615133,5.013871667,4.412297333,199.9869667,0.900001367,0.099998517,0,218.4030667,4.99918,586.6254,1829.953,36.09556667,39.6289,37.89146667,38.4831,38.98726667,175.49,19.498,0,37.20000005,0,218.43976,16.15707696,25.44969234,586.77256,15,1746000137,11:02:17,1746000137,1746000127,5,-0.143,-0.004,-0.599,0.024,420,12,1.78,0.68,-1.319586,-0.139716023,0.092510494,1,217.1134412,24.81303287,2.616975715,0,0.363377975,-0.061375553,0.007330884,1,2,3,02-Mar,3.22007,2.66853,0.101874,0.103068,0.0531656,0.0519959,26848.4,24537.5,28381.4,25053.3,34456.9,25107.7,40427.3,27862.9,1.991,1.6,0.129491,0,22.9244,999.9,19.2,30.7,8.5111,26.3541,19.9599,1,-0.130813,0,20.2799,5.22927,11.9021,4.9616,3.292,9999,9999,9999,999.9,4.97211,1.85394,1.85593,1.85608,1.8558,1.8555,1.85056,1.85269,0,0,0,0,11111111,oooooooo,on,on,on,on,0,100,100,-0.602,-0.0312,-1.497315381,0.00151024,1.49E-06,5.40E-12,-0.047991962,-0.011177753,0.001682567,-2.18E-05,3,2244,0,20,21.2,21.4,1.03027,2.54272,1.59424,2.13013,1.50269,2.48169,33.1545,24.1488,18,613.538,404.723,25.5642,25.9276,30.0002,26.0659,26.1574,20.7059,-30,-30,-999.9,420,0,101.057,75.1263
405,1746001447,8564.6,20250430 11:24:07,11:24:07,15,D,1,21%,5557.8,1746001439,0.000998514,0.998514209,2.62531365,418.9766667,306.6398138,30.69537674,41.94056365,0.042989117,1.988055839,0.042479292,0.02659486,16.50982072,26.09678798,24.98181333,3.176231586,25.31077155,0.87079899,3.440428469,2.305432596,-44.03447662,144.3486844,15.45994479,132.2839733,0,0,1,0,25653,RECT-12807-20250324-17_57_43,10114.7,315.2007692,539.79,0.416067787,-0.222077465,MPF-15437-20250430-11_24_02,10108.9,224.50904,525.7185453,0.572948221,0.5,84.28135973,2.62531365,24.14442756,0.033784352,0.026766137,310.350118,DARK-15438-20250430-11_24_10,178.95,178.95,0.659608736,0.868618303,0.038996383,1.430803189,0.062654183,0.692351833,0.307648167,15437,290,494.85,245,10108.9,494.65,0.2,300,23.9,525.7185453,2.958954994,-31.40200902,2.595450028,0.839433543,-0.008274696,290,492,675,10103.5,494.64,-2.64,None,None,None,None,None,None,None,None,None,None,None,None,None,100,84.28135973,0.84285279,0.165105885,2,0.5,0: Broadleaf,2,1746001439,418.9766667,419.9912,8.699083333,8.369148,419.5779,8.730886667,600.0133667,100.0426,0.059785147,26.3286,24.98181333,999.9,0,0,4998.5,0,135.2001667,-1.014521967,422.6534,423.5357667,0.3299337,419.9912,8.369148,0.8702789,0.837271467,4.908418667,4.355409333,99.99535,0.8999264,0.10007367,0,224.4025,4.99918,371.2930333,891.5124333,35.3393,38.94146667,37.22263333,37.6518,38.3164,85.48866667,9.509,0,37.20000005,0,224.50904,16.66900005,11.15538461,371.39136,15,1746000137,11:02:17,1746000137,1746000127,5,-0.143,-0.004,-0.599,0.024,420,12,1.78,0.68,-1.03565185,0.682795272,0.115970278,0,223.3637059,19.20638658,1.967660936,0,0.33325875,-0.060151362,0.007504497,1,1,3,01-Mar,3.22052,2.66821,0.101892,0.103075,0.0528871,0.0518302,26847.6,24537.5,28381.1,25053.6,34467.2,25112.2,40427.5,27863,1.9904,1.5998,0.124127,0,22.9155,999.9,19.1,30.7,8.4673,26.4542,19.9319,1,-0.129634,0,20.2811,5.23047,11.9021,4.9612,3.292,9999,9999,9999,999.9,4.97214,1.85394,1.8559,1.85608,1.85577,1.85547,1.85059,1.8526,0,0,0,0,11111111,oooooooo,on,on,on,on,0,100,100,-0.602,-0.0319,-1.497315381,0.00151024,1.49E-06,5.40E-12,-0.047991962,-0.011177753,0.001682567,-2.18E-05,3,2244,0,20,21.8,22,1.03027,2.54028,1.59424,2.13135,1.50269,2.49146,33.1769,24.1488,18,613.369,404.782,25.5934,25.9494,30.0002,26.0899,26.1812,20.7083,-30,-30,-999.9,420,0,101.057,75.1268
406,1746001487,8604.1,20250430 11:24:46,11:24:46,15,D,1,21%,5557.8,1746001479,0.000913498,0.913498117,1.725868166,419.2998333,334.7551194,33.51016531,41.97338864,0.039550317,1.988354324,0.039118416,0.024487422,8.238775485,25.96792786,24.88579,3.158091165,25.34936939,0.867463991,3.422033809,2.290627174,-40.28526695,144.93135,15.50546214,128.3903207,0,0,1,0,25662,RECT-12807-20250324-17_57_43,10114.7,315.2007692,539.79,0.416067787,-0.222077465,RECT-15439-20250430-11_24_42,10107,226.7946923,523.4,0.566689545,0.5,42.12468492,1.725868166,11.93580926,0.046242379,0.031314482,309.5406528,DARK-15440-20250430-11_24_49,173.87,173.87,0.667806649,0.848583262,0.044791211,1.424622495,0.072977675,0.65055831,0.34944169,15437,290,494.85,245,10108.9,494.65,0.2,300,23.9,525.7185453,2.958954994,-31.40200902,2.595450028,0.839433543,-0.008274696,290,492,675,10103.5,494.64,-2.64,None,None,None,None,None,None,None,None,None,None,None,None,None,50,42.12468492,0.842702801,0.164816406,2,0.5,0: Broadleaf,2,1746001479,419.2998333,420.0028,8.665669333,8.363808333,419.9003333,8.697907333,599.9993667,100.0437333,0.059785213,26.23781,24.88579,999.9,0,0,4999.666667,0,143.2844667,-0.703002,422.9652333,423.5453333,0.301860933,420.0028,8.363808333,0.866945933,0.836746567,4.853428667,4.346461667,49.98759333,0.899834167,0.100165803,0,226.7571667,4.99918,255.7757,422.1911,34.61646667,38.37466667,36.59763333,37.02266667,37.6706,40.48266667,4.503333333,0,37.20000005,0,226.7946923,-6.951452929,-1.831589816,255.7196154,15,1746000137,11:02:17,1746000137,1746000127,5,-0.143,-0.004,-0.599,0.024,420,12,1.78,0.68,-0.722534225,0.587952709,0.128668512,0,226.8742647,-3.981497291,0.762129034,0,0.3042882,-0.052687024,0.006827219,1,1,3,01-Mar,3.22055,2.66835,0.102001,0.103104,0.0527181,0.0518294,26844.3,24537.5,28381.2,25054.4,34471.8,25112.6,40425.6,27863.5,1.9908,1.599,0.12055,0,22.8665,999.9,19,30.7,8.42301,26.4842,20.012,1,-0.128699,0,20.2816,5.23047,11.9021,4.9616,3.292,9999,9999,9999,999.9,4.97214,1.85394,1.85593,1.85608,1.85577,1.85547,1.85056,1.8526,0,0,0,0,11111111,oooooooo,on,on,on,on,0,100,100,-0.6,-0.0324,-1.497315381,0.00151024,1.49E-06,5.40E-12,-0.047991962,-0.011177753,0.001682567,-2.18E-05,3,2244,0,20,22.5,22.7,1.03027,2.5354,1.59424,2.13013,1.50269,2.44263,33.1769,24.1488,18,613.866,404.484,25.6156,25.9648,30.0003,26.1096,26.2008,20.7062,-30,-30,-999.9,420,0,101.054,75.1286
407,1746003769,10886,20250430 12:02:48,12:02:48,15,D,1,2%,5557.71,1746003761,0.002997575,2.997575349,3.538455092,418.3910645,359.5529159,35.97890014,41.86657837,0.131958029,1.988025274,0.127278,0.079955404,321.4965679,29.05559498,27.29503548,3.641651025,36.53602448,1.343670073,3.677658126,2.297980951,-132.1930729,18.00562858,1.962033761,209.2711574,0,0,1,0,25542,RECT-12807-20250324-17_57_43,10114.7,315.2007692,539.79,0.416067787,-0.222077465,MPF-15443-20250430-12_02_44,10127.6,247.43348,260.892027,0.051586655,0.5,1681.127148,3.538455092,43.36186316,0.002236911,1.06901685,194.0612563,DARK-15444-20250430-12_02_51,164.75,164.75,0.368512707,0.139986096,0.743648605,-0.24781548,1.241813653,0.093207715,0.906792285,15443,290,258.01,85,10127.6,257.92,0.09,300,23.9,260.892027,3.618780217,-3.00619784,3.274135417,0.029228128,-0.006704422,290,258.67,845,10107.3,257.92,0.75,None,None,None,None,None,None,None,None,None,None,None,None,None,2000,1681.127148,0.840598418,0.160754948,2,0.5,0: Broadleaf,2,1746003761,418.3910645,419.9885806,13.42788387,12.44212258,418.9050645,13.39788387,600.0081935,100.0068548,0.058806019,27.46303226,27.29503548,999.9,0,0,5000.16129,0,102.3711,-1.686587097,424.0047419,425.2800645,1.007705677,419.9885806,12.44212258,1.345076129,1.244297742,11.31220968,10.14238065,1999.917097,0.980002419,0.019997613,0,247.5789677,4.99918,5144.28129,19219.06452,38.38880645,41.33235484,39.03196774,41.31429032,40.83641935,1955.024839,39.89290323,0,2240.4,0,247.43348,-10.58753841,-197.7869228,5141.89,15,1746003797,12:03:16,1746003797,1746003793,6,0.084,-0.001,-0.514,0.03,420,12,2.63,0.48,-1.695457317,0.415838258,0.118242265,1,248.0061471,-10.57712756,1.210559354,0,1.00087078,0.134506286,0.014802318,0,1,3,01-Mar,3.22173,2.66724,0.102197,0.103451,0.0760972,0.0726939,26827.1,24515.5,28369.4,25042,33603.3,24545.7,40411.4,27849.6,1.9952,1.6374,0.251085,0,23.2941,999.9,26.3,31.2,12,26.3252,18.774,1,-0.11439,0,20.265,5.22927,11.9021,4.9612,3.292,9999,9999,9999,999.9,4.97214,1.85394,1.85593,1.85608,1.85577,1.85547,1.85053,1.85257,0,0,0,0,11111111,oooooooo,on,on,on,on,0,100,100,-0.514,0.03,-1.497315381,0.00151024,1.49E-06,5.40E-12,-0.047991962,-0.011177753,0.001682567,-2.18E-05,3,2244,0,20,60.5,60.7,1.04736,2.54517,1.59424,2.15088,1.50269,2.45361,33.0206,24.1225,18,619.654,427.732,26.3214,26.1758,30.0002,26.3533,26.4521,21.0397,-30,-30,-999.9,420,0,101.016,75.0914
408,1746003828,10945,20250430 12:03:47,12:03:47,15,D,1,2%,5557.8,1746003820,0.003015184,3.015184437,2.915892308,418.5900645,367.1666601,36.74066372,41.88636516,0.131591008,1.988061193,0.126936564,0.07973982,289.5757561,28.94251785,27.3748871,3.658727237,36.12469991,1.341210225,3.712723506,2.317517012,-132.9696337,26.83519496,2.927655966,186.3689733,0,0,1,0,25412,RECT-12807-20250324-17_57_43,10114.7,315.2007692,539.79,0.416067787,-0.222077465,MPF-15445-20250430-12_03_43,10127.9,242.51704,253.985173,0.045152766,0.5,1513.232506,2.915892308,34.1633164,0.002073686,1.125281541,190.2136413,DARK-15446-20250430-12_03_50,164.67,164.67,0.351655067,0.128400725,0.761902397,-0.187340052,1.272566926,0.087184585,0.912815415,15445,290,253.95,125,10127.9,253.7,0.25,300,23.9,253.985173,3.607127068,-0.293248043,3.254653439,0.000289852,-0.006871212,290,253.94,615,10116.2,253.7,0.24,None,None,None,None,None,None,None,None,None,None,None,None,None,1800,1513.232506,0.84065821,0.160870346,2,0.5,0: Broadleaf,2,1746003820,418.5900645,419.9827419,13.40334194,12.41174839,419.1082258,13.35327742,599.9980323,100.0065742,0.058784987,27.62526129,27.3748871,999.9,0,0,5000.322581,0,84.85675484,-1.392773871,424.2768065,425.261129,0.991581935,419.9827419,12.41174839,1.340422903,1.241257742,11.25992258,10.10580323,1800.056774,0.977998613,0.022001487,0,242.4895806,4.99918,4545.323871,17282.4129,38.96345161,40.778,39.37064516,40.57435484,41.11670968,1755.563871,39.49387097,0,57.20000005,0,242.51704,-0.954230798,-62.5284615,4544.1404,15,1746003797,12:03:16,1746003797,1746003793,6,0.084,-0.001,-0.514,0.03,420,12,2.63,0.48,-1.404582439,0.149014704,0.114094371,1,242.6708235,-2.963422478,0.683399869,0,0.993227146,-0.042981847,0.007448443,1,2,3,02-Mar,3.22165,2.66696,0.102275,0.103468,0.0758187,0.0725337,26825.7,24516.1,28370.4,25043,33614.5,24550.5,40412.5,27850.3,1.9948,1.637,0.253022,0,23.2158,999.9,26.4,31.1,11.9776,26.3452,18.8021,1,-0.115915,0,20.2652,5.22927,11.9021,4.9616,3.292,9999,9999,9999,999.9,4.97214,1.85394,1.8559,1.85608,1.85577,1.85547,1.85059,1.8526,0,0,0,0,11111111,oooooooo,on,on,on,on,0,100,100,-0.518,0.0499,-1.413002891,0.00151024,1.49E-06,5.40E-12,-0.048899005,-0.011177753,0.001682567,-2.18E-05,3,2244,0,20,0.5,0.6,1.04736,2.54395,1.59424,2.15088,1.50269,2.4939,32.9983,24.1313,18,619.2,427.356,26.2915,26.1603,29.9999,26.3379,26.4323,21.04,-30,-30,-999.9,420,0,101.019,75.0938
409,1746003867,10984.5,20250430 12:04:27,12:04:27,15,D,1,2%,5557.8,1746003859,0.002847991,2.847991416,2.603293856,418.7258,370.2715493,37.05180119,41.9004515,0.126786832,1.98832268,0.122460573,0.076914257,257.6678828,28.71153058,27.10904667,3.602146889,35.93721727,1.332338583,3.707406094,2.269808305,-125.5964214,52.7075122,5.741181811,190.5201554,0,0,1,0,25534,RECT-12807-20250324-17_57_43,10114.7,315.2007692,539.79,0.416067787,-0.222077465,MPF-15447-20250430-12_04_22,10129.5,240.95036,258.6181272,0.068316043,0.5,1345.190241,2.603293856,45.94903735,0.002100351,1.087208681,192.8003055,DARK-15448-20250430-12_04_30,175.75,175.75,0.3204266,0.213203408,0.772365325,-0.312247122,1.251938358,0.155511281,0.844488719,15447,290,253.04,155,10129.5,253.49,-0.45,300,23.9,258.6181272,3.821364843,-5.197054857,3.438564726,0.075429655,-0.007040563,290,253.36,735,10116.5,253.48,-0.12,None,None,None,None,None,None,None,None,None,None,None,None,None,1600,1345.190241,0.840747754,0.161043165,2,0.5,0: Broadleaf,2,1746003859,418.7258,419.9911,13.31452333,12.37781333,419.2436,13.26637,599.9875667,100.0078,0.058762643,27.60074667,27.10904667,999.9,0,0,5001.333333,0,74.10819667,-1.265224667,424.3761667,425.2547333,0.936702867,419.9911,12.37781333,1.331555333,1.237878333,11.15985,10.06506333,1599.992667,0.974997133,0.025002767,0,241.0526667,4.99918,4012.674,15341.34667,38.34973333,39.73313333,38.84973333,39.0498,40.53306667,1555.112667,39.88,0,37.20000005,0,240.95036,-4.087307673,-79.43615396,4012.288,15,1746003797,12:03:16,1746003797,1746003793,6,0.084,-0.001,-0.514,0.03,420,12,2.63,0.48,-1.281388293,0.365163763,0.106024557,1,241.3958824,-6.665271199,0.826050802,0,0.938115707,-0.035862648,0.006464995,1,2,3,02-Mar,3.2217,2.66677,0.102276,0.103499,0.075412,0.0723766,26827.4,24516.1,28372.1,25043.9,33631.1,24555.7,40414.5,27851.4,1.9958,1.6374,0.242144,0,23.1447,999.9,26.3,31.1,11.9307,26.2953,18.8502,1,-0.117683,0,20.267,5.22927,11.9021,4.9608,3.292,9999,9999,9999,999.9,4.97214,1.85394,1.85593,1.85608,1.85577,1.8555,1.85056,1.8526,0,0,0,0,11111111,oooooooo,on,on,on,on,0,100,100,-0.518,0.0478,-1.413002891,0.00151024,1.49E-06,5.40E-12,-0.048899005,-0.011177753,0.001682567,-2.18E-05,3,2244,0,20,1.2,1.2,1.04736,2.54028,1.59424,2.15088,1.50269,2.49146,32.976,24.1313,18,619.681,427.419,26.2709,26.1409,29.9999,26.3158,26.4103,21.0369,-30,-30,-999.9,420,0,101.025,75.0965
410,1746003907,11024,20250430 12:05:06,12:05:06,15,D,1,2%,5557.8,1746003899,0.00270628,2.706280348,1.918826567,418.9590667,378.7007666,37.8957672,41.92432827,0.122645952,1.988214141,0.118592597,0.074473391,225.7819438,28.41247643,26.86642,3.551175421,35.8668389,1.32324673,3.689331904,2.227928691,-119.3469634,69.75512573,7.586145743,183.7762519,0,0,1,0,25426,RECT-12807-20250324-17_57_43,10114.7,315.2007692,539.79,0.416067787,-0.222077465,MPF-15449-20250430-12_05_02,10135.9,239.00812,258.217957,0.074393885,0.5,1177.210161,1.918826567,43.78861875,0.001818625,1.090443307,192.5778141,DARK-15450-20250430-12_05_09,169.37,169.37,0.344081248,0.216210228,0.760142657,-0.337116339,1.253720145,0.15321457,0.84678543,15449,290,254.1,125,10135.9,253.13,0.97,300,23.9,258.217957,3.229956393,-5.160078423,2.898564886,0.101676646,-0.00720939,290,253.98,755,10120.5,253.12,0.86,None,None,None,None,None,None,None,None,None,None,None,None,None,1400,1177.210161,0.840867003,0.161273316,2,0.5,0: Broadleaf,2,1746003899,418.9590667,419.9766333,13.22349667,12.33331667,419.4762,13.17730333,599.9896333,100.0089,0.05893862,27.51719,26.86642,999.9,0,0,5000.833333,0,72.13585667,-1.017671367,424.5732667,425.2211,0.8901751,419.9766333,12.33331667,1.322466667,1.233441333,11.05665333,10.01141667,1399.995667,0.970996333,0.02900342,0,239.0522333,4.99918,3487.430333,13400.31667,37.7414,39.07473333,38.3622,38.13726667,40.0038,1354.535667,40.46,0,37.20000005,0,239.00812,-4.107538488,-43.04923081,3487.176,15,1746003797,12:03:16,1746003797,1746003793,6,0.084,-0.001,-0.514,0.03,420,12,2.63,0.48,-1.037528878,0.368501185,0.108897942,1,239.2630882,-5.012818954,0.653935298,0,0.891973756,-0.042081261,0.006047601,1,2,3,02-Mar,3.22138,2.66738,0.102346,0.103493,0.0750195,0.0721906,26827.1,24517.7,28373.9,25045.3,33647.1,24561.6,40416.4,27852.5,1.9966,1.6376,0.231862,0,23.0657,999.9,26.3,31.1,11.9306,26.2953,18.8862,1,-0.120305,0,20.2692,5.22927,11.9021,4.9612,3.292,9999,9999,9999,999.9,4.97214,1.85394,1.8559,1.85608,1.85577,1.85547,1.85056,1.8526,0,0,0,0,11111111,oooooooo,on,on,on,on,0,100,100,-0.517,0.0457,-1.413002891,0.00151024,1.49E-06,5.40E-12,-0.048899005,-0.011177753,0.001682567,-2.18E-05,3,2244,0,20,1.8,1.9,1.04736,2.54272,1.59424,2.15088,1.50269,2.49634,32.9537,24.14,18,619.97,427.337,26.2448,26.1118,29.9998,26.2894,26.3841,21.0398,-30,-30,-999.9,420,0,101.03,75.1001
411,1746003946,11063.5,20250430 12:05:46,12:05:46,15,D,1,2%,5558.07,1746003938,0.002580745,2.580744752,1.938496489,419.0194333,378.1614155,37.84011263,41.92850435,0.119509506,1.987798822,0.115656533,0.07262116,193.8047136,28.06803576,26.58348333,3.492531782,35.85418488,1.313349318,3.663029358,2.179182464,-113.8108436,86.9621645,9.440322988,176.3963575,0,0,1,0,25551,RECT-12807-20250324-17_57_43,10114.7,315.2007692,539.79,0.416067787,-0.222077465,MPF-15451-20250430-12_05_41,10129.6,236.9796538,258.9594408,0.084877334,0.5,1009.188081,1.938496489,42.82859693,0.002140903,1.084457698,192.9899348,DARK-15452-20250430-12_05_49,171.16,171.16,0.339047074,0.250340854,0.761822313,-0.390812016,1.250418634,0.180810208,0.819189792,15451,290,253.78,285,10129.6,253.02,0.76,300,23.9,258.9594408,3.201385003,-6.016572519,2.864643022,0.136101248,-0.007377601,290,254.13,765,10123.2,253.02,1.11,None,None,None,None,None,None,None,None,None,None,None,None,None,1200,1009.188081,0.840986096,0.161503165,2,0.5,0: Broadleaf,2,1746003938,419.0194333,420.0260667,13.12517333,12.27621,419.5364667,13.08109,599.9957667,100.0048467,0.058541833,27.39495333,26.58348333,999.9,0,0,4999.333333,0,72.91956667,-1.006693967,424.5921333,425.2464,0.848963733,420.0260667,12.27621,1.312579667,1.227680333,10.94369,9.941508333,1200.005667,0.966991833,0.033007913,0,237.0071,4.99918,2973.277,11464.3,37.0872,38.5352,37.8601,37.48096667,39.4727,1155.561667,39.444,0,37.20000005,0,236.9796538,-0.877846151,-27.21299147,2973.323077,15,1746003797,12:03:16,1746003797,1746003793,6,0.084,-0.001,-0.514,0.03,420,12,2.63,0.48,-1.0129383,0.189801388,0.107528572,1,237.1615294,-2.88977846,0.45917485,0,0.851544725,-0.063574683,0.007698863,1,2,3,02-Mar,3.22159,2.66719,0.102329,0.103465,0.0746254,0.0719236,26829,24519.2,28375.3,25045.9,33664.7,24569.5,40420.1,27853.5,1.996,1.6394,0.21866,0,22.9777,999.9,26.3,31,11.8656,26.2753,18.77,1,-0.124146,0,20.2709,5.22927,11.9021,4.9612,3.292,9999,9999,9999,999.9,4.97214,1.85394,1.85587,1.85608,1.85577,1.85547,1.85059,1.85269,0,0,0,0,11111111,oooooooo,on,on,on,on,0,100,100,-0.517,0.0438,-1.413002891,0.00151024,1.49E-06,5.40E-12,-0.048899005,-0.011177753,0.001682567,-2.18E-05,3,2244,0,20,2.5,2.5,1.04736,2.54517,1.59424,2.14966,1.50269,2.48779,32.9092,24.14,18,619.176,428.101,26.2106,26.0726,29.9995,26.2555,26.349,21.0372,-30,-30,-999.9,420,0,101.038,75.1023
412,1746003986,11103,20250430 12:06:25,12:06:25,15,D,1,2%,5557.71,1746003978,0.00243027,2.430269912,1.6978158,419.102,381.0126016,38.12493855,41.93624549,0.115245829,1.98819019,0.111659114,0.0700999,161.9071966,27.70205132,26.27439333,3.429435479,35.8949538,1.303076306,3.630249292,2.126359173,-107.1749031,103.6654918,11.22537399,169.6231592,0,0,1,0,25505,RECT-12807-20250324-17_57_43,10114.7,315.2007692,539.79,0.416067787,-0.222077465,MPF-15453-20250430-12_06_21,10140.9,235.2273846,258.6268493,0.090475775,0.5,841.2094488,1.6978158,38.05453853,0.002282301,1.08713829,192.805153,DARK-15454-20250430-12_06_28,169.11,169.11,0.346123574,0.261397322,0.758506396,-0.413608686,1.251899522,0.187924128,0.812075872,15453,290,253.72,145,10140.9,253.42,0.3,300,23.9,258.6268493,2.418372437,-5.279839213,2.158062189,0.176123587,-0.007546757,290,252.7,765,10127.7,253.41,-0.71,None,None,None,None,None,None,None,None,None,None,None,None,None,1000,841.2094488,0.841193887,0.161904201,2,0.5,0: Broadleaf,2,1746003978,419.102,420.0074333,13.02267,12.22314333,419.6187333,12.98072333,600.0103333,100.0036033,0.058542613,27.24153667,26.27439333,999.9,0,0,5001,0,76.77021,-0.9054525,424.6318667,425.2048667,0.799521,420.0074333,12.22314333,1.302314667,1.222359,10.82558333,9.876682667,1000.0185,0.9600048,0.03999493,0,235.2082667,4.99918,2463.233333,9524.086333,36.4372,38.0706,37.34763333,36.96016667,38.9206,955.2233333,39.797,0,37.20000005,0,235.2273846,-0.61381196,-11.95008548,2463.254615,15,1746003797,12:03:16,1746003797,1746003793,6,0.084,-0.001,-0.514,0.03,420,12,2.63,0.48,-0.89798795,-0.006723445,0.097262145,1,235.3731176,-2.309946526,0.408963379,0,0.8043841,-0.083843977,0.009465828,1,2,3,02-Mar,3.22142,2.66697,0.102336,0.103498,0.0741932,0.071691,26832,24521.7,28378.5,25049.1,33683.9,24578.7,40424.1,27856.9,1.997,1.64,0.205636,0,22.8684,999.9,26.2,31,11.821,26.2753,18.7059,1,-0.127805,0,20.2728,5.23286,11.9021,4.9616,3.292,9999,9999,9999,999.9,4.97211,1.85388,1.85583,1.85608,1.85577,1.85547,1.85056,1.85257,0,0,0,0,11111111,oooooooo,on,on,on,on,0,100,100,-0.517,0.0417,-1.413002891,0.00151024,1.49E-06,5.40E-12,-0.048899005,-0.011177753,0.001682567,-2.18E-05,3,2244,0,20,3.1,3.2,1.04736,2.54517,1.59424,2.15088,1.50269,2.44263,32.8647,24.14,18,619.423,428.136,26.1699,26.0261,29.9996,26.2125,26.3075,21.0344,-30,-30,-999.9,420,0,101.048,75.1118
413,1746004025,11142.5,20250430 12:07:05,12:07:05,15,D,1,2%,5557.71,1746004017,0.002300675,2.300675484,1.595903261,419.1635,382.2696574,38.25036825,41.94201115,0.112115409,1.987892778,0.108717316,0.068245048,129.9812499,27.29155517,25.93243333,3.360791206,36.00369965,1.292532803,3.58999996,2.068258402,-101.4597888,119.931802,12.95417202,161.4074351,0,0,1,0,25465,RECT-12807-20250324-17_57_43,10114.7,315.2007692,539.79,0.416067787,-0.222077465,MPF-15455-20250430-12_07_00,10139.3,231.12588,255.2403036,0.094477335,0.5,673.1930391,1.595903261,31.80074205,0.002700534,1.114830583,190.9167411,DARK-15456-20250430-12_07_08,162.8,162.8,0.362169698,0.260864825,0.754793752,-0.402172054,1.266978365,0.18374746,0.81625254,15455,290,255.03,245,10139.3,253.57,1.46,300,23.9,255.2403036,3.04648588,-1.69385008,2.710937713,0.01375116,-0.00771613,290,254.29,705,10133.1,253.57,0.72,None,None,None,None,None,None,None,None,None,None,None,None,None,800,673.1930391,0.841490352,0.16247638,2,0.5,0: Broadleaf,2,1746004017,419.1635,420.0169333,12.91742,12.16042333,419.6802667,12.87769333,599.9912,100.00255,0.058669907,27.0515,25.93243333,999.9,0,0,4999.833333,0,79.14706667,-0.853346667,424.6488667,425.1874333,0.7569903,420.0169333,12.16042333,1.291773667,1.216073333,10.70348667,9.799789333,800.0009,0.950006933,0.049993163,0,231.1288333,4.99918,1957.493333,7584.821,35.72053333,37.59146667,36.7956,36.5122,38.3456,755.257,39.74266667,0,37.20000005,0,231.12588,-0.879846144,2.336923091,1957.4828,15,1746003797,12:03:16,1746003797,1746003793,6,0.084,-0.001,-0.514,0.03,420,12,2.63,0.48,-0.85904155,0.013026417,0.115119977,1,231.1919118,-1.712070279,0.416334521,0,0.762538,-0.102687647,0.010833996,0,1,3,01-Mar,3.22155,2.66707,0.102361,0.10348,0.0737708,0.071401,26835.2,24524.1,28382.6,25050.9,33703.7,24588.3,40429.2,27859,1.9978,1.6404,0.190318,0,22.7401,999.9,26.2,31,11.8191,26.2853,18.8622,1,-0.132927,0,20.275,5.23406,11.9021,4.962,3.292,9999,9999,9999,999.9,4.97214,1.85391,1.85583,1.85608,1.85577,1.85547,1.85053,1.85257,0,0,0,0,11111111,oooooooo,on,on,on,on,0,100,100,-0.516,0.0395,-1.413002891,0.00151024,1.49E-06,5.40E-12,-0.048899005,-0.011177753,0.001682567,-2.18E-05,3,2244,0,20,3.8,3.9,1.04614,2.5415,1.59424,2.14966,1.50269,2.47314,32.8202,24.1488,18,619.494,428.033,26.1194,25.9696,29.9994,26.1656,26.2639,21.0326,-30,-30,-999.9,420,0,101.062,75.1173
414,1746004065,11182,20250430 12:07:44,12:07:44,15,D,1,2%,5557.71,1746004057,0.002188069,2.18806873,1.268638472,419.2685,387.1525944,38.73935864,41.95294833,0.109970162,1.988108928,0.106699167,0.066972761,98.05865766,26.8505854,25.55798667,3.287005006,36.1591239,1.281885776,3.54512399,2.00511923,-96.49383097,137.132697,14.7668814,153.464405,0,0,1,0,25423,RECT-12807-20250324-17_57_43,10114.7,315.2007692,539.79,0.416067787,-0.222077465,MPF-15457-20250430-12_07_40,10140.8,225.2844,261.8521074,0.139650231,0.5,505.1479994,1.268638472,35.27201749,0.002951048,1.061430803,194.5919628,DARK-15458-20250430-12_07_47,171.3,171.3,0.345813934,0.403830551,0.754261697,-0.685447509,1.237538824,0.307061533,0.692938467,15457,290,256.24,185,10140.8,255.28,0.96,300,23.9,261.8521074,2.744815689,-6.663368294,2.434259162,0.211111389,-0.007883229,290,255.29,665,10133,255.28,0.01,None,None,None,None,None,None,None,None,None,None,None,None,None,600,505.1479994,0.841993041,0.163446569,2,0.5,0: Broadleaf,2,1746004057,419.2685,419.9972,12.81088333,12.09084667,419.7849,12.77337,599.9799,100.0036067,0.05864063,26.83741333,25.55798667,999.9,0,0,5000.666667,0,85.3417,-0.728711833,424.7094333,425.1374333,0.7200372,419.9972,12.09084667,1.281134667,1.209128333,10.57932667,9.714410333,599.9432,0.933006467,0.066993693,0,225.3276,4.99918,1458.738333,5644.656667,35.32893333,37.62473333,36.6456,36.58306667,38.07473333,555.0863333,39.857,0,37.20000005,0,225.2844,-0.478307712,17.27769234,1458.824,15,1746003797,12:03:16,1746003797,1746003793,6,0.084,-0.001,-0.514,0.03,420,12,2.63,0.48,-0.731306,0.138978878,0.115019714,1,225.3185294,-1.231352185,0.45325251,0,0.725135317,-0.081723826,0.009279538,1,2,3,02-Mar,3.22176,2.66678,0.102439,0.10353,0.0733072,0.0711154,26837,24525.9,28386.7,25053.9,33724.4,24598.8,40433.6,27862.4,1.9986,1.6414,0.177473,0,22.5926,999.9,26.1,30.9,11.7071,26.2554,18.7861,1,-0.138537,0,20.2785,5.23406,11.9021,4.9616,3.292,9999,9999,9999,999.9,4.97217,1.85391,1.85587,1.85608,1.85577,1.85547,1.85046,1.85257,0,0,0,0,11111111,oooooooo,on,on,on,on,0,100,100,-0.516,0.0372,-1.413002891,0.00151024,1.49E-06,5.40E-12,-0.048899005,-0.011177753,0.001682567,-2.18E-05,3,2244,0,20,4.5,4.5,1.04736,2.54639,1.59424,2.14966,1.50269,2.4707,32.7535,24.1488,18,619.479,428.214,26.0565,25.9079,29.9993,26.1118,26.2117,21.0329,-30,-30,-999.9,420,0,101.074,75.1264
415,1746004104,11221.5,20250430 12:08:24,12:08:24,15,D,1,2%,5557.71,1746004096,0.002102784,2.102783651,1.079512574,419.3325,389.9609433,39.01993467,41.95888598,0.107866742,1.987490895,0.104716803,0.065723349,82.09152623,26.57442948,25.29155333,3.235368773,36.22887185,1.271322751,3.509142532,1.964046022,-92.73275899,147.061767,15.80610805,152.2266423,0,0,1,0,25642,RECT-12807-20250324-17_57_43,10114.7,315.2007692,539.79,0.416067787,-0.222077465,MPF-15459-20250430-12_08_19,10135.8,221.38632,257.274939,0.1394952,0.5,421.1810589,1.079512574,29.37636799,0.003090334,1.098105638,192.0528097,DARK-15460-20250430-12_08_27,167.21,167.21,0.350072725,0.398474916,0.758266845,-0.619561583,1.257919002,0.300962547,0.699037453,15459,290,256.49,255,10135.8,255.57,0.92,300,23.9,257.274939,2.776174846,-1.73192854,2.457595897,0.017427913,-0.007966004,290,255.69,815,10127.5,255.56,0.13,None,None,None,None,None,None,None,None,None,None,None,None,None,500,421.1810589,0.842376045,0.164185767,2,0.5,0: Broadleaf,2,1746004096,419.3325,419.9862667,12.70546,12.01343,419.8485333,12.67011667,599.9933,100.0029333,0.058201877,26.66404333,25.29155333,999.9,0,0,4998.166667,0,97.10775333,-0.6538279,424.7289,425.0930667,0.692012667,419.9862667,12.01343,1.270582,1.201379333,10.45529333,9.618641667,499.9917333,0.919996333,0.08000384,0,221.358,4.99918,1220.732,4676.296333,35.89976667,38.88723333,37.36633333,38.04773333,38.8206,455.3913333,39.6,0,37.20000005,0,221.38632,3.216846164,12.64307695,1220.7576,15,1746003797,12:03:16,1746003797,1746003793,6,0.084,-0.001,-0.514,0.03,420,12,2.63,0.48,-0.676053575,0.775255598,0.131836412,0,221.3744706,1.452559206,0.490544609,0,0.6946564,-0.05624445,0.007099763,1,1,3,01-Mar,3.22135,2.6668,0.102464,0.10355,0.0728252,0.0707549,26840,24528.9,28390.3,25057.3,33745.8,24611.3,40437.9,27865.7,1.9998,1.6422,0.169665,0,22.4562,999.9,26.1,30.9,11.7071,26.2354,18.9183,1,-0.144268,0,20.2801,5.23406,11.9021,4.962,3.292,9999,9999,9999,999.9,4.97208,1.85394,1.8558,1.85608,1.85577,1.85547,1.85043,1.85257,0,0,0,0,11111111,oooooooo,on,on,on,on,0,100,100,-0.516,0.0349,-1.413002891,0.00151024,1.49E-06,5.40E-12,-0.048899005,-0.011177753,0.001682567,-2.18E-05,3,2244,0,20,5.1,5.2,1.04614,2.5415,1.59424,2.15088,1.50269,2.37793,32.6869,24.14,18,619.696,428.258,25.9865,25.8386,29.9995,26.0519,26.1574,21.0355,-30,-30,-999.9,420,0,101.086,75.1358
416,1746004144,11261,20250430 12:09:03,12:09:03,15,D,1,2%,5557.71,1746004136,0.002034971,2.034970716,0.98487407,419.3737333,391.2591234,39.15056953,41.96380231,0.10558531,1.988244054,0.102566307,0.064367997,66.12916879,26.35185827,25.11748333,3.202017122,36.17512786,1.260987175,3.485784984,1.941029947,-89.74220859,153.6232274,16.4812918,146.4914794,0,0,1,0,25655,RECT-12807-20250324-17_57_43,10114.7,315.2007692,539.79,0.416067787,-0.222077465,MPF-15461-20250430-12_08_59,10142.1,215.8086,264.8933436,0.185300027,0.5,337.1939486,0.98487407,31.24102383,0.003579399,1.037763549,196.2664974,DARK-15462-20250430-12_09_06,163.43,163.43,0.383034705,0.483768245,0.730408801,-0.975695796,1.223997497,0.366353538,0.633646462,15461,290,258.18,125,10142.1,258.03,0.15,300,23.9,264.8933436,2.58240087,-6.964652732,2.282016997,0.249622167,-0.00804863,290,257.45,835,10125.6,258.02,-0.57,None,None,None,None,None,None,None,None,None,None,None,None,None,400,337.1939486,0.842963025,0.165318637,2,0.5,0: Broadleaf,2,1746004136,419.3737333,419.9865,12.60193,11.93215,419.8897333,12.56871667,599.9958667,100.0046867,0.058333427,26.55066667,25.11748333,999.9,0,0,5001.166667,0,109.4343,-0.612822433,424.726,425.0583667,0.6697842,419.9865,11.93215,1.260252,1.193270333,10.33299667,9.517852,400.0103667,0.899979533,0.1000205,0,215.8133,4.99918,984.1289333,3707.137,36.36636667,39.8018,37.93526667,39.3685,39.39353333,355.503,39.508,0,37.20000005,0,215.8086,1.432461548,3.30292306,984.2232,15,1746003797,12:03:16,1746003797,1746003793,6,0.084,-0.001,-0.514,0.03,420,12,2.63,0.48,-0.609622122,-0.389651143,0.123065983,1,215.7409706,1.435339957,0.58429734,0,0.673008854,-0.066536362,0.008499331,1,2,3,02-Mar,3.22135,2.66685,0.102492,0.103544,0.0723756,0.0704261,26843.7,24531.7,28395,25059.8,33766.4,24623.4,40442.8,27869.5,2.0002,1.6436,0.162572,0,22.367,999.9,26,30.8,11.5956,26.2654,18.8582,1,-0.150163,0,20.281,5.23406,11.9021,4.9616,3.292,9999,9999,9999,999.9,4.97214,1.85394,1.85587,1.85608,1.85577,1.85547,1.85046,1.85257,0,0,0,0,11111111,oooooooo,on,on,on,on,0,100,100,-0.516,0.0327,-1.413002891,0.00151024,1.49E-06,5.40E-12,-0.048899005,-0.011177753,0.001682567,-2.18E-05,3,2244,0,20,5.8,5.8,1.04614,2.54028,1.59424,2.14844,1.50269,2.45361,32.6426,24.1488,18,619.301,428.615,25.9186,25.7708,29.9996,25.9897,26.0988,21.0355,-30,-30,-999.9,420,0,101.1,75.1448
417,1746004183,11300.5,20250430 12:09:43,12:09:43,15,D,1,2%,5557.71,1746004175,0.001969519,1.969519051,0.913538356,419.4166,392.4230473,39.26877357,41.96994955,0.104059002,1.98793322,0.101124902,0.06345979,49.5892929,26.14014001,24.875,3.156058422,36.0661036,1.250041248,3.465972543,1.906017174,-86.85579015,169.224386,18.12700941,150.0848981,0,0,1,0,25545,RECT-12807-20250324-17_57_43,10114.7,315.2007692,539.79,0.416067787,-0.222077465,MPF-15463-20250430-12_09_38,10124.1,208.4276154,266.8773393,0.219013439,0.5,252.8915257,0.913538356,27.69332138,0.004490525,1.02261459,197.3535462,DARK-15464-20250430-12_09_46,163.32,163.32,0.388033467,0.564418942,0.724925388,-1.209552466,1.215163611,0.442268178,0.557731822,15463,290,262.4,245,10124.1,261.68,0.72,300,23.9,266.8773393,2.84262681,-5.256826085,2.505146588,0.135891198,-0.008123431,290,261.92,825,10114.5,261.68,0.24,None,None,None,None,None,None,None,None,None,None,None,None,None,300,252.8915257,0.842949929,0.165293364,2,0.5,0: Broadleaf,2,1746004175,419.4166,419.9964667,12.49198667,11.84367667,419.9325,12.461,599.9956333,100.0092,0.058249757,26.45397667,24.875,999.9,0,0,4999.666667,0,230.1815333,-0.579869567,424.7222333,425.0303,0.6483162,419.9964667,11.84367667,1.249313667,1.184475333,10.20252667,9.407847333,300.0077667,0.899998933,0.100001003,0,208.381,4.99918,868.1763667,2768.640333,36.76643333,40.5414,38.43113333,40.4373,39.86643333,265.508,29.5,0,37.20000005,0,208.4276154,0.235076893,143.2832479,867.8686538,15,1746003797,12:03:16,1746003797,1746003793,6,0.084,-0.001,-0.514,0.03,420,12,2.63,0.48,-0.594174976,0.18873899,0.117832375,1,208.3721765,0.742918248,0.495584709,1,0.651812756,-0.058176272,0.008092446,1,3,3,03-Mar,3.22127,2.6667,0.102504,0.103569,0.0719491,0.0700178,26847.8,24533,28399.4,25061.6,33788.1,24635.7,40450,27871.2,2.0016,1.6448,0.155151,0,22.286,999.9,25.9,30.8,11.5516,26.2754,18.8341,1,-0.155894,0,20.2817,5.23406,11.9021,4.962,3.292,9999,9999,9999,999.9,4.97214,1.85391,1.85583,1.85608,1.85577,1.85547,1.85046,1.85257,0,0,0,0,11111111,oooooooo,on,on,on,on,0,100,100,-0.515,0.0306,-1.413002891,0.00151024,1.49E-06,5.40E-12,-0.048899005,-0.011177753,0.001682567,-2.18E-05,3,2244,0,20,6.4,6.5,1.04736,2.5415,1.59424,2.14844,1.50269,2.41821,32.5539,24.1488,18,619.638,428.859,25.8493,25.6997,29.9994,25.928,26.0405,21.0354,-30,-30,-999.9,420,0,101.117,75.1497
418,1746004223,11340,20250430 12:10:22,12:10:22,15,D,1,2%,5557.71,1746004215,0.001940839,1.940838684,0.614357964,419.5480333,397.2170101,39.75231345,41.98713677,0.103294631,1.987929124,0.100402827,0.063004841,33.04898155,25.98683381,24.75010333,3.132612063,35.83816397,1.240336158,3.460936667,1.892275905,-85.59098596,179.9674396,19.26336744,146.6888026,0,0,1,0,25577,RECT-12807-20250324-17_57_43,10114.7,315.2007692,539.79,0.416067787,-0.222077465,MPF-15465-20250430-12_10_18,10115.1,198.6576538,282.163257,0.295947828,0.5,168.5845606,0.614357964,24.94611731,0.004961519,0.913041428,205.5897237,DARK-15466-20250430-12_10_25,149.81,149.81,0.469066236,0.630929718,0.66061527,-2.527599616,1.147101943,0.475791289,0.524208711,15465,290,272.01,215,10115.1,271.85,0.16,300,23.9,282.163257,2.307035464,-10.43189344,2.027704232,0.485934363,-0.008197821,290,270.11,725,10105.8,271.84,-1.73,None,None,None,None,None,None,None,None,None,None,None,None,None,200,168.5845606,0.842925051,0.165245348,2,0.5,0: Broadleaf,2,1746004215,419.5480333,420.0242333,12.39381,11.75489667,420.0636333,12.36480333,600.0138667,100.0188667,0.05820064,26.42932333,24.75010333,999.9,0,0,4999.166667,0,260.1292333,-0.476085433,424.8131,425.0203,0.638906733,420.0242333,11.75489667,1.239615,1.175713,10.08600667,9.297510333,199.9994667,0.899989,0.100011,0,198.6597667,4.99918,677.0201333,1830.060333,37.1103,41.22893333,38.89766667,41.381,40.28933333,175.4973333,19.5,0,37.20000005,0,198.6576538,1.198393163,7.110974348,677.0345385,15,1746003797,12:03:16,1746003797,1746003793,6,0.084,-0.001,-0.514,0.03,420,12,2.63,0.48,-0.468547825,-0.041032469,0.090175584,1,198.4824118,2.41301758,0.476632743,0,0.6421741,-0.065423685,0.007469122,1,2,3,02-Mar,3.22112,2.66631,0.102505,0.103599,0.0715334,0.0695975,26850.6,24534.6,28402.2,25063.8,33807.6,24648.8,40454.9,27873.4,2.0026,1.6462,0.145733,0,22.2992,999.9,25.8,30.7,11.4388,26.2454,18.8702,1,-0.160732,0,20.2829,5.23526,11.9021,4.9616,3.292,9999,9999,9999,999.9,4.97211,1.85391,1.85577,1.85608,1.85577,1.85547,1.85043,1.85257,0,0,0,0,11111111,oooooooo,on,on,on,on,0,100,100,-0.516,0.0286,-1.413002891,0.00151024,1.49E-06,5.40E-12,-0.048899005,-0.011177753,0.001682567,-2.18E-05,3,2244,0,20,7.1,7.2,1.04614,2.54028,1.59424,2.14844,1.50269,2.43774,32.5097,24.1488,18,619.747,429.286,25.7973,25.6431,29.9995,25.8726,25.9909,21.0331,-30,-30,-999.9,420,0,101.128,75.156
419,1746004262,11379.5,20250430 12:11:02,12:11:02,15,D,1,2%,5557.71,1746004254,0.001916753,1.916752923,0.398457957,419.5835,400.6597142,40.09465675,41.98839018,0.102608508,1.987944188,0.099754443,0.062596341,16.50851514,25.82864639,24.63232,3.110640682,35.58315806,1.229490961,3.455260937,1.881149721,-84.52880389,189.6101805,20.28052991,141.8704217,0,0,1,0,25606,RECT-12807-20250324-17_57_43,10114.7,315.2007692,539.79,0.416067787,-0.222077465,MPF-15467-20250430-12_10_57,10107,193.21388,330.663499,0.415678233,0.5,84.27571534,0.398457957,17.51579022,0.007363158,0.632445074,230.1903209,DARK-15468-20250430-12_11_05,165.23,165.23,0.500307713,0.830845142,0.558325772,8.889091469,0.931151063,0.710510771,0.289489229,15467,290,318.63,275,10107,317.98,0.65,300,23.9,330.663499,3.165204882,-12.81488337,2.776016254,0.432164911,-0.00827542,290,315.31,645,10103.1,317.98,-2.67,None,None,None,None,None,None,None,None,None,None,None,None,None,100,84.27571534,0.842851637,0.16510366,2,0.5,0: Broadleaf,2,1746004254,419.5835,419.9844,12.28611333,11.65504333,420.0989333,12.25926333,599.9979333,100.0134333,0.058161903,26.4015,24.63232,999.9,0,0,4999.5,0,239.8818667,-0.4009166,424.8026333,424.9371,0.6310695,419.9844,11.65504333,1.228777333,1.165661,9.954835333,9.170076,99.98879,0.899937967,0.10006212,0,193.0860333,4.99918,443.7127333,891.4547667,37.2122,41.3664,39.0956,41.39973333,40.3914,85.48466667,9.504333333,0,37.20000005,0,193.21388,16.89000003,203.3035389,444.06724,15,1746003797,12:03:16,1746003797,1746003793,6,0.084,-0.001,-0.514,0.03,420,12,2.63,0.48,-0.402759575,0.100695906,0.113805158,1,192.1328529,21.25043545,2.171477095,0,0.633841575,-0.061380979,0.007527751,1,2,3,02-Mar,3.22138,2.66651,0.102564,0.103626,0.0710214,0.0691428,26852.4,24535.4,28405.9,25065.2,33828.7,24662.1,40457.7,27874.8,2.0036,1.6476,0.134706,0,22.3489,999.9,25.6,30.7,11.3522,26.2854,18.8742,1,-0.16372,0,20.2819,5.23406,11.9021,4.9612,3.292,9999,9999,9999,999.9,4.97214,1.85382,1.85577,1.85605,1.85577,1.85547,1.85043,1.85257,0,0,0,0,11111111,oooooooo,on,on,on,on,0,100,100,-0.515,0.0262,-1.413002891,0.00151024,1.49E-06,5.40E-12,-0.048899005,-0.011177753,0.001682567,-2.18E-05,3,2244,0,20,7.8,7.8,1.04736,2.54272,1.59424,2.14844,1.50269,2.5,32.4875,24.1575,18,620.012,429.804,25.7632,25.5982,29.9997,25.8306,25.9543,21.0367,-30,-30,-999.9,420,0,101.138,75.16
420,1746004302,11419,20250430 12:11:41,12:11:41,15,D,1,2%,5557.71,1746004294,0.0019128,1.912799803,0.551490676,419.5499,398.209501,39.84873547,41.98426441,0.102432648,1.987925083,0.099588185,0.0624916,8.241269413,25.74441718,24.56751333,3.098609143,35.28441754,1.218014286,3.45198921,1.880594857,-84.3544713,194.8330429,20.83090657,139.5507476,0,0,1,0,25612,RECT-12807-20250324-17_57_43,10114.7,315.2007692,539.79,0.416067787,-0.222077465,MPF-15469-20250430-12_11_37,10108.6,207.9076923,438.5138664,0.525881145,0.5,42.13546615,0.551490676,11.07912359,0.018359074,0.230953092,277.7439554,DARK-15470-20250430-12_11_44,183.13,183.13,0.582384928,0.902978631,0.283957084,1.870086628,0.450939403,0.79536488,0.20463512,15469,290,413.88,245,10108.6,412.78,1.1,300,23.9,438.5138664,2.351249312,-26.01322695,2.060557782,0.850566655,-0.008317041,290,408.4,685,10102.4,412.76,-4.36,None,None,None,None,None,None,None,None,None,None,None,None,None,50,42.13546615,0.842707244,0.164824982,2,0.5,0: Broadleaf,2,1746004294,419.5499,420.0012333,12.17165,11.54181333,420.0655,12.14704667,600.0025,100.0118667,0.057909097,26.38544333,24.56751333,999.9,0,0,4999.5,0,278.2277333,-0.4512441,424.7195333,424.9055,0.6298276,420.0012333,11.54181333,1.217309,1.154318667,9.814921667,9.025080333,50.00012333,0.899730867,0.100269067,0,207.9371333,4.99918,378.2699667,422.2941333,36.29973333,39.91633333,38.20386667,39.3414,39.32473333,40.488,4.512,0,37.20000005,0,207.9076923,34.85941881,8.689948767,378.2836538,15,1746003797,12:03:16,1746003797,1746003793,6,0.084,-0.001,-0.514,0.03,420,12,2.63,0.48,-0.429443366,-0.206696111,0.125771754,1,206.2777059,38.28620322,3.803852339,0,0.633719854,-0.061481707,0.008610694,1,2,3,02-Mar,3.22158,2.66598,0.102564,0.103568,0.0705634,0.0686317,26853.3,24537.7,28406.7,25065.8,33847.9,24676.6,40460.4,27875.8,2.004,1.6472,0.126958,0,22.4256,999.9,25.5,30.7,11.3054,26.2555,18.6699,1,-0.165854,0,20.2824,5.23526,11.9021,4.962,3.292,9999,9999,9999,999.9,4.97208,1.85382,1.85577,1.85608,1.85577,1.85547,1.85046,1.85257,0,0,0,0,11111111,oooooooo,on,on,on,on,0,100,100,-0.515,0.0241,-1.413002891,0.00151024,1.49E-06,5.40E-12,-0.048899005,-0.011177753,0.001682567,-2.18E-05,3,2244,0,20,8.4,8.5,1.04736,2.54395,1.59424,2.15088,1.50269,2.4353,32.4875,24.1575,18,619.949,429.367,25.7432,25.5676,29.9999,25.7991,25.9264,21.0348,-30,-30,-999.9,420,0,101.143,75.1623
