obs,time,elapsed,date,hhmmss,averaging,Room,Plant,Oxygen,fanrpm,TIME,E,Emm,A,Ca,Ci,Pci,Pca,gsw,gbw,gtw,gtc,Rabs,TleafEB,TleafCnd,SVPleaf,RHcham,VPcham,SVPcham,VPDleaf,LatHFlux,SenHFlux,NetTherm,EBSum,k,b,Jt,Jc,Jo,Rl,R(ETR),Ci*,Rd,Cc,gm,Leak,LeakPct,CorrFact,CorrFactPct,Fan,DarkAdaptedID,Qmax_d,Fo,Fm,Fv/Fm,A_dark,LightAdaptedID,Qmax,Fs,Fm',PhiPS2,PS2/1,Qabs_fs,A_fs,ETR,PhiCO2,NPQ,alt._Fo',DarkPulseID,Fmin,Fo',Fv'/Fm',qP,qN,qP_Fo,qN_Fo,qL,1-qL,ID,P1_dur,P1_Fmax,T@P1_Fmax,Q@P1_Fmax,P1_PredF,P1_ΔF,P2_dur,P2_ramp,P2_int,P2_int_se,P2_slp,P2_slp_se,P2_R2,P2_dQdt,P3_dur,P3_Fmax,T@P3_Fmax,Q@P3_Fmax,P3_PredF,P3_ΔF,ID,Dur,DCo,InitSlope,Fo,F1,T@F1,T@HIR,F2,T@F2,DCmax,T@DCmax,PhiPS2_dc,Qin,Qabs,alpha,convert,S,K,Geometry,Custom,TIME,CO2_s,CO2_r,H2O_s,H2O_r,CO2_a,H2O_a,Flow,Pa,ΔPcham,Tair,Tleaf,Tleaf2,Offset,Offset2,Fan_speed,Qamb_in,Qamb_out,ΔCO2,CO2_s_d,CO2_r_d,ΔH2O,CO2_b,H2O_b,e_s,e_r,Td_s,Td_r,Q,f_red,f_blue,f_farred,F,Q_modavg,F_dc,Pc,Tled,TDigital,TPreamp,TPwrSpy,TDrive,Q_red,Q_blue,Q_farred,TSPF,state,F_avg,dF/dt,dF_dc/dt,F_dc_avg,period,time,hhmmss,co2_t,h2o_t,count,co2_adj,h2o_adj,co2_match,h2o_match,co2_at,h2o_at,co2_cv,h2o_cv,ΔCO2:MN,ΔCO2:SLP,ΔCO2:SD,ΔCO2:OK,F:MN,F:SLP,F:SD,F:OK,ΔH2O:MN,ΔH2O:SLP,ΔH2O:SD,ΔH2O:OK,Stable,Total,State,Vflow,VPchamber,abs_c_a,abs_c_b,abs_h_a,abs_h_b,Wc_s,Wc_r,Wco_s,Wco_r,Ww_s,Ww_r,Wwo_s,Wwo_r,Flow_s_v,Flow_r_v,Tleaf_mv,Tleaf2_mv,Tleaf_j,Tleaf2_j,Console_RH,Console_T,Console_H2O,Fan_%,Flow_%,Pump,Tchp_pwm,Txchg_pwm,diag_20v,diag_5_4v,diag_12v,diag_5va,diag_3_3vf,AccCO2_soda,AccH2O_des,AccH2O_hum,CO2_hrs,ADC_CH1,ADC_CH2,ADC_CH3,ADC_CH4,ADC_CH5,ADC_CH6,ADC_CH7,ADC_CH8,DAC_1,DAC_2,DAC_3,DAC_4,GPIO,GPIO_dir,excit_5v,power_12v,power_5v,ch1_pullup,AuxPower,MatchValveR,MatchValveS,MatchCO2,MatchH2O,cf_co2_a,cf_co2_b,cf_co2_c,cf_co2_d,cf_h2o_a,cf_h2o_b,cf_h2o_c,cf_h2o_d,co2_fit_low,co2_fit_high,h2o_fit_low,h2o_fit_high,co2_elapsed,h2o_elapsed,CO2_f,CO2_f_s,Pump_f,Pump_f_s,Pump_p,Pump_p_s,Tboard,V_system,DIAG,Flow_s,Flow_r,Txchg,Tirga,Tchopper,Ts,Tr,CO2_%,Desiccant_%,Humidifier_%,Txchg_sp,CO2_r_sp,H2O_r_sp,SS_s,SS_r
1,1745734705,0,20250427 09:18:25,9:18:25,15,A,4,21%,5556.78,1745734697,0.005556492,5.556491977,14.96532786,414.2320667,253.4345487,25.62035211,41.87578788,0.174283076,2.000287463,0.16626502,0.104605284,321.492524,31.72753329,31.10294,4.537925122,27.70416069,1.256282532,4.534634875,3.28164259,-245.0412962,-1.372796806,-0.154262243,74.9241688,10.469,0.0882,75.82182291,69.34872497,6.47309794,0.809137242,7.618831034,64.17628686,1.562716139,1375.089241,-0.013342188,2,0,1,0,25664,RECT-12807-20250324-17_57_43,10114.7,315.2007692,539.79,0.416067787,-0.222077465,MPF-14537-20250427-09_18_26,10103,318.0577308,391.4182529,0.187422333,0.5,1681.10327,14.96532786,157.5381484,0.009034189,0.379061901,258.0764598,DARK-14538-20250427-09_18_34,203.31,203.31,0.480581198,0.389990981,0.440952648,0.962515667,0.660636072,0.24929143,0.75070857,14537,290,371.73,75,10103,370.94,0.79,300,23.9,391.4182529,2.830792084,-20.68471629,2.554395456,0.70076733,-0.006687287,290,372.18,775,10081,370.9,1.28,None,None,None,None,None,None,None,None,None,None,None,None,None,2000,1681.10327,0.840598569,0.160755238,2,0.5,0: Broadleaf,2,1745734697,414.2320667,419.9873667,12.42705,10.59802,415.1270667,12.46205,600.0384,101.0273,0.065278887,31.09021,31.10294,999.9,0,0,4999.5,0,1050.556,-5.237624,420.0006667,424.4859333,1.904125,419.9873667,10.59802,1.263057,1.070687333,10.36617333,7.915465667,1999.888333,0.979997733,0.02000203,0,318.6132,4.99918,6644.059667,19218.76333,39.98096667,42.531,40.781,41.94563333,42.04973333,1954.986,39.90233333,0,1745734705,0,318.0577308,-79.42977783,-1522.748719,6634.936154,15,1745734722,9:18:42,1745734722,1745734722,1,-0.534,-0.043,-0.895,-0.035,420,11,1.83,0.22,-5.178120488,-0.923975122,0.140696154,0,325.4696176,-109.1548204,10.91219962,0,1.881181463,0.357807387,0.036194389,0,0,3,0/3,3.22102,2.67286,0.100929,0.102946,0.0702656,0.0627073,26549.7,24333.2,28053,24859,33449,24621.6,39977.4,27636.1,1.8998,1.579,0.00372529,0,31.2047,999.9,32.1,25.8,10.5942,30.07,17.5801,1,0.288821,0,20.2982,5.22328,11.9081,4.9604,3.292,9999,9999,9999,999.9,4.97183,1.85364,1.85562,1.85577,1.85547,1.85519,1.85022,1.85226,0,0,0,0,11111111,oooooooo,on,on,on,on,0,100,100,-0.895,-0.035,-1.261265332,0.00151024,1.49E-06,5.40E-12,-0.03981764,-0.011177753,0.001682567,-2.18E-05,3,2244,0,20,24143.7,24149.3,1.01807,2.46338,1.59424,2.13989,1.50269,2.37061,32.3328,15.4804,18,594.524,423.186,28.9579,30.8969,30.0036,30.5939,30.5154,20.4519,-30,-30,-999.9,420,0,99.9142,74.5283
2,1745734753,48,20250427 09:19:13,9:19:13,15,A,4,21%,5556.96,1745734745,0.005637382,5.637382015,14.98257071,414.3386129,252.510186,25.52599021,41.88505638,0.173570346,2.002104866,0.165622992,0.10419808,289.5640844,31.94302134,31.48506129,4.637662617,27.8000905,1.297868996,4.668578315,3.33979362,-248.6085469,12.6279885,1.42398965,55.00751565,10.469,0.0882,88.6243454,73.6622134,14.962132,1.8702665,8.170437534,64.17628686,1.562716139,631.9109251,-0.039490094,1,0,1,0,25007,RECT-12807-20250324-17_57_43,10114.7,315.2007692,539.79,0.416067787,-0.222077465,MPF-14539-20250427-09_19_14,10085.2,282.8423077,361.2577263,0.21706226,0.5,1513.173203,14.98257071,164.2263978,0.010048188,0.494196416,244.6114734,DARK-14540-20250427-09_19_22,187.35,187.35,0.481395175,0.450902443,0.506560758,1.70257489,0.794928025,0.298670214,0.701329786,14539,290,342.21,275,10085.2,341.71,0.5,300,23.9,361.2577263,3.430183387,-19.71760487,3.084385556,0.593418221,-0.006850556,290,342.51,845,10075,341.69,0.82,None,None,None,None,None,None,None,None,None,None,None,None,None,1800,1513.173203,0.840658107,0.160870147,2,0.5,0: Broadleaf,2,1745734745,414.3386129,420.1110323,12.83888065,10.98399677,415.2497419,12.83427097,600.0380323,101.0233548,0.065597723,31.60205484,31.48506129,999.9,0,0,5007.096774,0,817.4951935,-5.772452903,419.7274194,424.7769032,1.854888065,420.1110323,10.98399677,1.297025806,1.109640323,10.7643871,8.441395161,1799.986452,0.978002355,0.0219974,0,283.0125161,4.99918,5356.495484,17281.74839,40.94725806,43.036,41.41709677,42.4613871,42.907,1755.50129,39.48612903,0,45.79999995,0,282.8423077,-32.67193157,-537.84376,5352.264231,15,1745734722,9:18:42,1745734722,1745734722,1,-0.534,-0.043,-0.895,-0.035,420,11,1.83,0.22,-5.771710488,0.153546272,0.106381532,1,285.3843235,-41.78131399,4.227135233,0,1.858776829,-0.062221045,0.007352306,1,2,3,02-Mar,3.21997,2.67369,0.100832,0.102866,0.0716674,0.0644078,26527.3,24319,28027.9,24843.9,33370.9,24562,39945,27619.3,1.8948,1.5706,0.00476837,0,31.4491,999.9,32.5,26,10.8544,30.1,17.6723,1,0.32502,0,20.3002,5.22448,11.9081,4.9592,3.292,9999,9999,9999,999.9,4.97186,1.85364,1.85562,1.8558,1.8555,1.85529,1.85028,1.85232,0,0,0,0,11111111,oooooooo,on,on,on,on,0,100,100,-0.911,0.0059,-1.795320267,0.00151024,1.49E-06,5.40E-12,-0.083089784,-0.011177753,0.001682567,-2.18E-05,3,2244,0,20,0.5,0.5,1.01562,2.46826,1.59424,2.13745,1.50269,2.49268,32.7091,15.4804,18,595.046,421.137,29.3427,31.3479,30.0036,31.0224,30.9305,20.4086,-30,-30,-999.9,420,0,99.8298,74.483
3,1745734793,87.5,20250427 09:19:52,9:19:52,15,A,4,21%,5557.08,1745734785,0.0053994,5.399399521,14.4326712,414.4569333,251.9669353,25.47171395,41.89807062,0.166126738,2.000019562,0.158823771,0.099894244,257.6678885,32.06267968,31.57079333,4.660299903,27.91286721,1.325320607,4.748063312,3.334979296,-238.1135189,35.4730053,4.011837309,59.03921223,10.469,0.0882,100.5462161,76.16977159,24.37644447,3.047055559,8.830374779,64.17628686,1.562716139,401.0669495,-0.09679859,2,0,1,0,25690,RECT-12807-20250324-17_57_43,10114.7,315.2007692,539.79,0.416067787,-0.222077465,MPF-14541-20250427-09_19_54,10086.6,265.84868,355.7320791,0.252671615,0.5,1345.19302,14.4326712,169.9460467,0.01089416,0.517406025,242.0655068,DARK-14542-20250427-09_20_01,173.49,173.49,0.512301504,0.493208811,0.502478627,2.217628777,0.819531374,0.321862785,0.678137215,14541,290,331.24,225,10086.6,330.9,0.34,300,24,355.7320791,3.258971979,-25.04805359,2.920821219,0.724253221,-0.007016419,290,331.23,685,10076.9,330.88,0.35,None,None,None,None,None,None,None,None,None,None,None,None,None,1600,1345.19302,0.840747564,0.161042799,2,0.5,0: Broadleaf,2,1745734785,414.4569333,420.0138333,13.11011,11.33388333,415.3677,13.09979,599.9924333,101.0254667,0.066027403,31.89978,31.57079333,999.9,0,0,4998.5,0,571.2453,-5.556958,419.9626333,424.8289667,1.776223,420.0138333,11.33388333,1.324455,1.145010333,11.07923,8.905111667,1599.996333,0.9750047,0.024995353,0,266.2503333,4.99918,4495.149,15341.41667,41.50386667,43.44146667,41.95393333,42.8664,43.48306667,1555.126667,39.87,0,37.20000005,0,265.84868,-41.01853841,-700.3661528,4490.3052,15,1745734722,9:18:42,1745734722,1745734722,1,-0.534,-0.043,-0.895,-0.035,420,11,1.83,0.22,-5.52090122,-0.79843108,0.157790224,0,270.2299412,-71.26841859,7.451464151,0,1.779595366,-0.043604111,0.00753862,1,1,3,01-Mar,3.22072,2.67458,0.100777,0.102727,0.0727412,0.065871,26507.9,24309.4,28006.9,24831.4,33310.4,24511.8,39919.3,27606.1,1.8894,1.5644,0.0012219,0,31.6159,999.9,33,26.2,11.1512,29.95,17.504,1,0.35315,0,20.3017,5.22807,11.9081,4.96,3.292,9999,9999,9999,999.9,4.97183,1.85376,1.85562,1.85593,1.85547,1.85529,1.85028,1.85236,0,0,0,0,11111111,oooooooo,on,on,on,on,0,100,100,-0.911,0.0116,-1.795320267,0.00151024,1.49E-06,5.40E-12,-0.083089784,-0.011177753,0.001682567,-2.18E-05,3,2244,0,20,1.2,1.2,1.01562,2.46948,1.59424,2.13623,1.50269,2.36938,32.9983,15.4717,18,594.422,419.769,29.6538,31.7039,30.0033,31.3653,31.2637,20.3981,-30,-30,-999.9,420,0,99.7612,74.4466
4,1745734832,127,20250427 09:20:32,9:20:32,15,A,4,21%,5557.26,1745734824,0.005181795,5.181795107,14.0229128,414.6167667,250.781084,25.35265537,41.9155856,0.159600657,2.000717058,0.152849906,0.096113925,225.7813054,32.11640125,31.62814667,4.675497536,28.05847426,1.35040638,4.81282898,3.325091156,-228.5171642,55.12141368,6.240920457,58.62647527,10.469,0.0882,99.22263261,74.63588804,24.58674457,3.073343071,8.229517787,64.17628686,1.562716139,389.6289846,-0.100994777,1,0,1,0,25699,RECT-12807-20250324-17_57_43,10114.7,315.2007692,539.79,0.416067787,-0.222077465,MPF-14543-20250427-09_20_33,10089.6,252.8744,348.1646995,0.273693168,0.5,1177.206801,14.0229128,161.0967292,0.012100669,0.550386931,238.5375167,DARK-14544-20250427-09_20_41,176.81,176.81,0.492165632,0.556099715,0.527922477,2.890744482,0.853225686,0.388825403,0.611174597,14543,290,327.98,175,10089.6,326.84,1.14,300,24,348.1646995,2.578216017,-21.51662804,2.303307742,0.75708337,-0.00718174,290,326.69,855,10072,326.8,-0.11,None,None,None,None,None,None,None,None,None,None,None,None,None,1400,1177.206801,0.840867006,0.161273321,2,0.5,0: Broadleaf,2,1745734824,414.6167667,420.0071,13.35782667,11.65367333,415.5270667,13.3422,600.0138,101.0289667,0.065800773,32.13918,31.62814667,999.9,0,0,5001.166667,0,824.4964667,-5.390359333,420.2301,424.9595,1.704151,420.0071,11.65367333,1.349528667,1.177359,11.36204667,9.318230333,1399.991667,0.9709955,0.029004707,0,253.0655667,4.99918,3791.427333,13400.26667,41.9039,43.82476667,42.4331,43.2227,43.9477,1354.531667,40.46,0,37.20000005,0,252.8744,-33.85369228,-506.2553837,3789.0288,15,1745734722,9:18:42,1745734722,1745734722,1,-0.534,-0.043,-0.895,-0.035,420,11,1.83,0.22,-5.35390439,-0.770829617,0.145265735,0,255.6837059,-52.11449959,5.404416427,0,1.709670244,-0.121698188,0.013069482,0,0,3,0/3,3.22053,2.67295,0.100749,0.102678,0.0736927,0.0673685,26490.5,24298.5,27988.8,24820.1,33255.8,24461.8,39895.2,27593.9,1.8856,1.5598,-0.00327826,0,31.7574,999.9,33.5,26.3,11.3883,29.96,17.4639,1,0.380427,0,20.3003,5.2101,11.9081,4.9556,3.2894,9999,9999,9999,999.9,4.97189,1.85379,1.85565,1.85593,1.85553,1.85532,1.85028,1.85242,0,0,0,0,11111111,oooooooo,on,on,on,on,0,100,100,-0.91,0.017,-1.795320267,0.00151024,1.49E-06,5.40E-12,-0.083089784,-0.011177753,0.001682567,-2.18E-05,3,2244,0,20,1.8,1.8,1.0144,2.4707,1.59424,2.13623,1.50269,2.45361,33.3111,15.4629,18,594.875,419.321,29.9525,32.0439,30.0033,31.7006,31.5945,20.3971,-30,-30,-999.9,420,0,99.6992,74.4132
5,1745734872,166.5,20250427 09:21:11,9:21:11,15,A,4,21%,5557.26,1745734864,0.004931095,4.931094879,13.14631585,414.9541333,254.0121971,25.67914034,41.94942427,0.152402591,2.001931015,0.146237958,0.091931814,193.80164,32.15465571,31.67345333,4.687533504,28.35174352,1.380987845,4.87090977,3.306545659,-217.4612842,73.17993199,8.291010115,57.81129796,10.469,0.0882,105.4511542,74.37447002,31.07668413,3.884585516,8.476650237,64.17628686,1.562716139,307.1806054,-0.247258029,2,0,1,0,25036,RECT-12807-20250324-17_57_43,10114.7,315.2007692,539.79,0.416067787,-0.222077465,MPF-14545-20250427-09_21_13,10090.7,243.50944,357.1532248,0.318193361,0.5,1009.172099,13.14631585,160.5559308,0.013246892,0.511368126,242.722717,DARK-14546-20250427-09_21_20,161.32,161.32,0.548317112,0.58030901,0.482566056,2.708870869,0.813203619,0.384442794,0.615557206,14545,290,332.74,145,10090.7,331.56,1.18,300,24,357.1532248,2.790324096,-25.83020371,2.48453284,0.794246526,-0.007346563,290,330.52,625,10076.8,331.52,-1,None,None,None,None,None,None,None,None,None,None,None,None,None,1200,1009.172099,0.840986094,0.161503161,2,0.5,0: Broadleaf,2,1745734864,414.9541333,420.0183667,13.66041667,12.03915,415.8635333,13.63817,599.9918667,101.0278333,0.066289847,32.35149667,31.67345333,999.9,0,0,5006.166667,0,857.6698667,-5.064396,420.701,425.1367,1.621256,420.0183667,12.03915,1.380082333,1.216290333,11.7005,9.802363667,1199.986667,0.9669914,0.03300836,0,243.6930667,4.99918,3166.262333,11464.12333,42.19756667,44.156,42.8393,43.55803333,44.31223333,1155.544667,39.44333333,0,37.20000005,0,243.50944,-26.62461532,-338.8923072,3164.646,15,1745734722,9:18:42,1745734722,1745734722,1,-0.534,-0.043,-0.895,-0.035,420,11,1.83,0.22,-5.01215225,-0.93742863,0.159315052,0,245.8862059,-43.48215428,4.576842283,0,1.626555,-0.139194597,0.014180646,0,0,3,0/3,3.22104,2.67464,0.10073,0.102634,0.0748534,0.0689896,26471.5,24288.3,27969.2,24809.7,33193.5,24408.2,39870.9,27581.4,1.8808,1.5538,-0.0104308,0,31.8813,999.9,34,26.5,11.6949,29.78,17.4679,1,0.406016,0,20.3046,5.22687,11.9081,4.96,3.292,9999,9999,9999,999.9,4.97189,1.85379,1.85574,1.85593,1.85556,1.85532,1.85037,1.85242,0,0,0,0,11111111,oooooooo,on,on,on,on,0,100,100,-0.909,0.0235,-1.795320267,0.00151024,1.49E-06,5.40E-12,-0.083089784,-0.011177753,0.001682567,-2.18E-05,3,2244,0,20,2.5,2.5,1.0144,2.47437,1.59424,2.13623,1.50269,2.41821,33.6029,15.4629,18,594.434,417.927,30.2426,32.3704,30.0031,32.0227,31.9116,20.3957,-30,-30,-999.9,420,0,99.6347,74.3806
6,1745734911,206,20250427 09:21:51,9:21:51,15,A,4,21%,5557.26,1745734903,0.004682395,4.682394721,12.38107399,415.2242333,256.4634573,25.92670075,41.97632892,0.145475753,2.000976412,0.139845061,0.0878909,161.9033486,32.16281181,31.70118,4.694912547,28.69736762,1.412280175,4.92128823,3.282632371,-206.4936072,89.8288784,10.19265922,55.43127906,10.469,0.0882,110.4758307,74.00871726,36.46711348,4.558389185,8.57775424,64.17628686,1.562716139,260.4870095,-3.077150048,1,0,1,0,25637,RECT-12807-20250324-17_57_43,10114.7,315.2007692,539.79,0.416067787,-0.222077465,MPF-14547-20250427-09_21_52,10093.3,237.96944,382.1837536,0.377342868,0.5,841.1883457,12.38107399,158.7082114,0.014982556,0.412383428,254.0294659,DARK-14548-20250427-09_22_00,168.07,168.07,0.560237717,0.673540635,0.423991839,2.152999227,0.701753356,0.47569963,0.52430037,14547,290,345.63,125,10093.3,345.57,0.06,300,24,382.1837536,3.252428306,-36.95904946,2.886904379,0.854090051,-0.007512766,290,343.11,715,10073.6,345.49,-2.38,None,None,None,None,None,None,None,None,None,None,None,None,None,1000,841.1883457,0.84119401,0.161904439,2,0.5,0: Broadleaf,2,1745734903,415.2242333,419.9994,13.97008667,12.43107333,416.133,13.94095,599.9923667,101.0267333,0.066424407,32.53388,31.70118,999.9,0,0,5002.333333,0,726.1711333,-4.775095667,421.1072,425.2861667,1.539020667,419.9994,12.43107333,1.411352667,1.255870333,12.04012333,10.28078667,999.9932667,0.9599985,0.040001857,0,238.0962333,4.99918,2591.39,9523.820667,42.3812,44.46223333,43.17266667,43.8435,44.5893,955.1926667,39.8,0,37.20000005,0,237.96944,-20.52423074,-130.583846,2590.436,15,1745734722,9:18:42,1745734722,1745734722,1,-0.534,-0.043,-0.895,-0.035,420,11,1.83,0.22,-4.74485125,-0.409766792,0.153289762,1,240.4196176,-39.54235296,4.198741667,0,1.546311,-0.142472195,0.014375865,0,1,3,01-Mar,3.2212,2.67435,0.10068,0.102516,0.0760774,0.0706121,26455.6,24279.6,27951.9,24798.6,33132,24355.8,39850.1,27570.1,1.8786,1.5476,-0.0154972,0,31.9991,999.9,34.6,26.7,12.0445,29.82,17.5641,1,0.430203,0,20.3062,5.22448,11.9081,4.9596,3.292,9999,9999,9999,999.9,4.97192,1.85379,1.85577,1.85593,1.85559,1.85532,1.85043,1.85242,0,0,0,0,11111111,oooooooo,on,on,on,on,0,100,100,-0.909,0.0306,-1.795320267,0.00151024,1.49E-06,5.40E-12,-0.083089784,-0.011177753,0.001682567,-2.18E-05,3,2244,0,20,3.2,3.1,1.01562,2.47803,1.59424,2.13501,1.50269,2.39502,33.8735,15.4542,18,595.764,416.392,30.5224,32.6793,30.0028,32.3334,32.2241,20.3947,-30,-30,-999.9,420,0,99.5789,74.3489
7,1745734951,245.5,20250427 09:22:30,9:22:30,15,A,4,21%,5557.26,1745734943,0.004429925,4.429925346,11.68352773,415.4831,258.2502109,26.10517897,41.99903901,0.138476977,2.002142343,0.133367652,0.083798129,129.9829516,32.14597829,31.71348,4.698189247,29.0563111,1.442551637,4.96467577,3.25563761,-195.3597078,105.3680194,11.95876874,51.95003198,10.469,0.0882,101.2959752,69.08864206,32.20733318,4.025916647,7.354256885,64.17628686,1.562716139,275.3318623,-0.683981159,1,0,1,0,25038,RECT-12807-20250324-17_57_43,10114.7,315.2007692,539.79,0.416067787,-0.222077465,MPF-14549-20250427-09_22_32,10096.1,235.6282,405.9728157,0.419596114,0.5,673.2000297,11.68352773,141.2360581,0.017685093,0.329621046,264.3245462,DARK-14550-20250427-09_22_39,172.27,172.27,0.575661243,0.728894152,0.364108577,1.876619756,0.595830815,0.532901391,0.467098609,14549,290,372.66,105,10096.1,371.45,1.21,300,24,405.9728157,3.065455071,-34.85785011,2.71234922,0.855043911,-0.007679213,290,368.99,625,10077.5,371.38,-2.39,None,None,None,None,None,None,None,None,None,None,None,None,None,800,673.2000297,0.841490605,0.162476868,2,0.5,0: Broadleaf,2,1745734943,415.4831,419.9909667,14.27070333,12.81518667,416.3911667,14.23472333,600.0216,101.0183,0.066531163,32.68965667,31.71348,999.9,0,0,5007.5,0,743.7885,-4.507763,421.4982667,425.4430667,1.455520333,419.9909667,12.81518667,1.441601667,1.294568,12.36241333,10.73587333,800.0089667,0.950001,0.049998987,0,235.7338,4.99918,2086.130667,7584.882667,42.5,44.7059,43.43296667,44.0767,44.78926667,755.2613333,39.75,0,37.20000005,0,235.6282,-16.09707692,-16.32846162,2085.5672,15,1745734722,9:18:42,1745734722,1745734722,1,-0.534,-0.043,-0.895,-0.035,420,11,1.83,0.22,-4.465852,-0.73996863,0.165003056,0,237.8592059,-35.66045834,3.853106476,0,1.46235825,-0.157073133,0.016109431,0,0,3,0/3,3.22043,2.67496,0.10069,0.102461,0.0771779,0.0722497,26439.5,24270.9,27936.2,24789.2,33074.3,24304,39828.6,27560,1.8732,1.5428,-0.022918,0,32.1072,999.9,35.1,26.9,12.3633,29.94,17.6683,1,0.453476,0,20.308,5.22687,11.9081,4.9596,3.292,9999,9999,9999,999.9,4.97198,1.85382,1.85577,1.85593,1.85562,1.85532,1.85043,1.85242,0,0,0,0,11111111,oooooooo,on,on,on,on,0,100,100,-0.907,0.0372,-1.795320267,0.00151024,1.49E-06,5.40E-12,-0.083089784,-0.011177753,0.001682567,-2.18E-05,3,2244,0,20,3.8,3.8,1.0144,2.48535,1.59424,2.13379,1.50269,2.4646,34.1452,15.4629,18,594.637,415.53,30.7875,32.9736,30.0028,32.6327,32.5215,20.3898,-30,-30,-999.9,420,0,99.5241,74.3212
8,1745734990,285,20250427 09:23:10,9:23:10,15,A,4,21%,5557.44,1745734982,0.00417625,4.176250405,10.43746877,415.9681333,267.1626042,27.00511828,42.04656065,0.131550055,1.997963479,0.126920633,0.079727758,98.0698787,32.10152171,31.70985333,4.697222902,29.4489602,1.472713079,5.000900095,3.224509823,-184.1726429,119.4503881,13.59379911,46.94142301,10.469,0.0882,92.38418714,62.79522214,29.588965,3.698620626,6.339562472,64.17628686,1.562716139,272.3964281,-1.994233843,1,0,1,0,25524,RECT-12807-20250324-17_57_43,10114.7,315.2007692,539.79,0.416067787,-0.222077465,MPF-14551-20250427-09_23_11,10087.2,240.81596,473.2902016,0.491187523,0.5,505.2061937,10.43746877,124.0754893,0.021099397,0.140505335,291.3008211,DARK-14552-20250427-09_23_19,171.49,171.49,0.637664166,0.77029187,0.180558779,1.470523602,0.296095223,0.54854069,0.45145931,14551,290,426.79,225,10087.2,425.06,1.73,300,24,473.2902016,2.924845679,-48.65387499,2.579914295,0.927017046,-0.007846139,290,419.49,675,10076.3,425,-5.51,None,None,None,None,None,None,None,None,None,None,None,None,None,600,505.2061937,0.841992968,0.163446429,2,0.5,0: Broadleaf,2,1745734982,415.9681333,420.0262,14.56960333,13.19785333,416.8747667,14.52670333,600.0224667,101.0146333,0.066572853,32.81881,31.70985333,999.9,0,0,4990.666667,0,559.6424333,-4.058004667,422.1181667,425.6435333,1.371755667,420.0262,13.19785333,1.471743,1.333175667,12.67769667,11.17809,600.0123667,0.933005,0.0669953,0,240.8452333,4.99918,1611.45,5645.307,42.51653333,44.92666667,43.62496667,44.28513333,44.92666667,555.1503333,39.86,0,37.20000005,0,240.81596,-10.92738461,5.966923032,1611.2604,15,1745734722,9:18:42,1745734722,1745734722,1,-0.534,-0.043,-0.895,-0.035,420,11,1.83,0.22,-4.038606098,-0.562582997,0.142795096,0,242.3691176,-26.04137509,2.948930581,0,1.380590732,-0.187900348,0.019096529,0,0,3,0/3,3.22035,2.67545,0.100679,0.102351,0.0783511,0.0737883,26424.5,24263.6,27920.9,24779.7,33017.7,24254.5,39811.3,27549.4,1.8692,1.5388,-0.0293553,0,32.2033,999.9,35.6,27.1,12.6881,30.25,17.472,1,0.475203,0,20.3094,5.22328,11.9081,4.96,3.292,9999,9999,9999,999.9,4.97195,1.85388,1.8558,1.85608,1.85562,1.85538,1.85043,1.85248,0,0,0,0,11111111,oooooooo,on,on,on,on,0,100,100,-0.907,0.0443,-1.795320267,0.00151024,1.49E-06,5.40E-12,-0.083089784,-0.011177753,0.001682567,-2.18E-05,3,2244,0,20,4.5,4.5,1.0144,2.48169,1.59424,2.13501,1.50269,2.48535,34.3952,15.4542,18,594.414,415.085,31.0435,33.249,30.0027,32.9194,32.8106,20.387,-30,-30,-999.9,420,0,99.4764,74.2928
9,1745735030,324.5,20250427 09:23:49,9:23:49,15,A,4,21%,5557.71,1745735022,0.003966301,3.966300871,9.779372197,416.1945667,269.453317,27.23641837,42.06906587,0.125059753,2.000236442,0.120872628,0.07590991,82.09384732,32.18254391,31.78223667,4.716542613,29.80022976,1.501728247,5.039317679,3.214814366,-174.9138684,126.4558398,14.3894222,48.02524093,10.469,0.0882,83.93196256,58.22288975,25.70907281,3.213634101,5.477457805,64.17628686,1.562716139,290.6778399,-0.460758165,1,0,1,0,24722,RECT-12807-20250324-17_57_43,10114.7,315.2007692,539.79,0.416067787,-0.222077465,MPF-14553-20250427-09_23_51,10098.1,247.82868,524.5516118,0.527541858,0.5,421.1906424,9.779372197,111.097847,0.02374566,0.029050312,309.9430767,DARK-14554-20250427-09_23_58,176.62,176.62,0.66329338,0.795337136,0.041959381,1.321814273,0.06785004,0.566812707,0.433187293,14553,290,472.36,105,10098.1,469.4,2.96,300,24,524.5516118,2.753432169,-55.68785303,2.424866845,0.949586439,-0.007929609,290,461.92,715,10075.2,469.28,-7.36,None,None,None,None,None,None,None,None,None,None,None,None,None,500,421.1906424,0.842376567,0.164186775,2,0.5,0: Broadleaf,2,1745735022,416.1945667,420.0046333,14.85678667,13.55432,417.1006,14.80710667,599.9960667,101.013,0.067286093,32.95489667,31.78223667,999.9,0,0,5000,0,685.7966333,-3.810064333,422.471,425.7756333,1.302467667,420.0046333,13.55432,1.500728333,1.369162,12.97556333,11.58029667,500.0028,0.919988,0.0800124,0,247.9934333,4.99918,1408.884667,4676.388667,42.5372,45.083,43.77066667,44.4622,45,455.3976667,39.61,0,37.20000005,0,247.82868,-11.75853843,-89.07307683,1408.3608,15,1745734722,9:18:42,1745734722,1745734722,1,-0.534,-0.043,-0.895,-0.035,420,11,1.83,0.22,-3.76645122,-0.728314077,0.126619717,0,250.1332353,-36.07966387,3.985673986,0,1.311549512,-0.167547387,0.017182692,0,0,3,0/3,3.22162,2.67529,0.100637,0.10228,0.0793986,0.0751977,26411.6,24256.7,27906.9,24771.6,32964.5,24210.7,39792.6,27541.6,1.8676,1.5326,-0.0286698,0,32.2838,999.9,36.1,27.3,13.0176,30.07,17.4319,1,0.49687,0,20.3101,5.22448,11.9081,4.9592,3.2922,9999,9999,9999,999.9,4.97195,1.85394,1.8558,1.85608,1.85562,1.85547,1.85043,1.85257,0,0,0,0,11111111,oooooooo,on,on,on,on,0,100,100,-0.906,0.051,-1.795320267,0.00151024,1.49E-06,5.40E-12,-0.083089784,-0.011177753,0.001682567,-2.18E-05,3,2244,0,20,5.1,5.1,1.0144,2.48657,1.59424,2.13379,1.50269,2.39014,34.6463,15.4542,18,595.735,413.227,31.2869,33.5125,30.0024,33.1908,33.083,20.388,-30,-30,-999.9,420,0,99.4283,74.2701
10,1745735069,364,20250427 09:24:29,9:24:29,15,A,4,21%,5557.62,1745735061,0.003750802,3.750802492,8.856467195,416.5176667,275.144158,27.8140944,42.10542496,0.118135621,2.000016747,0.114391448,0.071821169,66.12772156,32.26494696,31.87688,4.741908049,30.13195831,1.530103527,5.078008907,3.211804522,-165.4103899,130.9170435,14.91559979,46.54997497,10.469,0.0882,73.50479641,52.28608769,21.21870871,2.652338589,4.523266341,64.17628686,1.562716139,316.2800345,-0.215297884,1,0,1,0,26057,RECT-12807-20250324-17_57_43,10114.7,315.2007692,539.79,0.416067787,-0.222077465,MPF-14555-20250427-09_24_30,10094.1,257.30592,597.2068233,0.569151071,0.5,337.1896646,8.856467195,95.95592943,0.026924149,-0.096142276,333.9488486,DARK-14556-20250427-09_24_38,180.99,180.99,0.696939163,0.816643836,-0.160024591,1.205296476,-0.255652611,0.574430499,0.425569501,14555,290,535.62,155,10094.1,531.44,4.18,300,24,597.2068233,3.316243092,-66.38863978,2.916016073,0.948749078,-0.008013355,290,520.94,615,10080.4,531.35,-10.41,None,None,None,None,None,None,None,None,None,None,None,None,None,400,337.1896646,0.842962149,0.165316948,2,0.5,0: Broadleaf,2,1745735061,416.5176667,419.9906,15.13617667,13.90482667,417.4228333,15.07980667,599.9967,101.0218667,0.067302723,33.09104333,31.87688,999.9,0,0,4998.666667,0,824.8838,-3.472882333,422.9191,425.9128667,1.231346667,419.9906,13.90482667,1.529084667,1.404691667,13.26211333,11.96832,400.0057,0.900011767,0.09998796,0,257.4377,4.99918,1197.059,3707.132667,42.52893333,45.2416,43.875,44.6124,45.062,355.5116667,39.496,0,37.20000005,0,257.30592,-13.6956154,-21.31384612,1196.836,15,1745734722,9:18:42,1745734722,1745734722,1,-0.534,-0.043,-0.895,-0.035,420,11,1.83,0.22,-3.447266829,-0.820678118,0.139357321,0,258.8315294,-26.21381206,2.842406615,0,1.239850976,-0.189531638,0.019024746,0,0,3,0/3,3.22104,2.67551,0.100652,0.102262,0.0804575,0.0766873,26397.3,24249,27893.1,24764.1,32912.5,24163.9,39775.8,27532.6,1.864,1.5288,-0.0289083,0,32.3634,999.9,36.6,27.4,13.2737,29.84,17.512,1,0.517317,0,20.3113,5.22328,11.9081,4.96,3.2922,9999,9999,9999,999.9,4.97195,1.85394,1.85583,1.85608,1.85562,1.85547,1.85046,1.85254,0,0,0,0,11111111,oooooooo,on,on,on,on,0,100,100,-0.905,0.0577,-1.795320267,0.00151024,1.49E-06,5.40E-12,-0.083089784,-0.011177753,0.001682567,-2.18E-05,3,2244,0,20,5.8,5.8,1.0144,2.49634,1.59424,2.13379,1.50269,2.35229,34.8755,15.4454,18,595.506,412.711,31.5203,33.7596,30.0023,33.4488,33.3474,20.3905,-30,-30,-999.9,420,0,99.3834,74.2467
11,1745735109,403.5,20250427 09:25:08,9:25:08,15,A,4,21%,5557.71,1745735101,0.003536193,3.536193087,7.41712769,417.0103667,289.4403157,29.26171516,42.15873847,0.111568566,2.001630417,0.108225358,0.067932878,49.58501584,32.32666341,31.94806333,4.761064127,30.53529708,1.561052097,5.112287243,3.200012029,-155.9461151,136.276182,15.52822155,45.44330426,10.469,0.0882,60.06636313,43.96837125,16.09799188,2.012248984,3.4572942,64.17628686,1.562716139,350.5687949,-0.121336696,0,0,1,0,24795,RECT-12807-20250324-17_57_43,10114.7,315.2007692,539.79,0.416067787,-0.222077465,MPF-14557-20250427-09_25_10,10089.4,264.54464,682.2186674,0.612228963,0.5,252.8691401,7.41712769,77.40690572,0.030210112,-0.20877275,358.9614486,DARK-14558-20250427-09_25_17,191.19,191.19,0.719752611,0.85061027,-0.408573343,1.138020869,-0.634174074,0.614747581,0.385252419,14557,290,611.35,115,10089.4,607.29,4.06,300,24,682.2186674,2.555947672,-75.59977443,2.241874641,0.975968791,-0.008089387,290,595.72,645,10070.1,607.15,-11.43,None,None,None,None,None,None,None,None,None,None,None,None,None,300,252.8691401,0.842950146,0.165293781,2,0.5,0: Broadleaf,2,1745735101,417.0103667,419.9742,15.44104333,14.28054667,417.9142,15.37725667,600.0173333,101.0300333,0.067545613,33.21091,31.94806333,999.9,0,0,5004.833333,0,738.4184333,-2.963745,423.5504667,426.0585333,1.160496667,419.9742,14.28054667,1.560009,1.442763333,13.56932667,12.37465667,299.9811333,0.900007333,0.09999283,0,264.6419667,4.99918,955.4144333,2768.398,42.4853,45.3624,43.937,44.7269,45.0935,265.486,29.5,0,37.20000005,0,264.54464,-10.52284613,124.6650767,956.00768,15,1745734722,9:18:42,1745734722,1745734722,1,-0.534,-0.043,-0.895,-0.035,420,11,1.83,0.22,-2.97127575,0.23375651,0.131575807,1,265.0852941,-10.88834223,1.233715754,0,1.16802,-0.181242326,0.017872265,0,1,3,01-Mar,3.22083,2.67581,0.100672,0.102236,0.081583,0.07815,26383.9,24242.2,27880.4,24757.2,32859,24118.8,39760.1,27524.7,1.8614,1.5244,-0.0305772,0,32.4438,999.9,37.1,27.6,13.6118,29.63,17.52,1,0.537154,0,20.3115,5.22448,11.9081,4.9596,3.292,9999,9999,9999,999.9,4.97202,1.85394,1.85593,1.85608,1.85568,1.85547,1.85056,1.85257,0,0,0,0,11111111,oooooooo,on,on,on,on,0,100,100,-0.904,0.065,-1.795320267,0.00151024,1.49E-06,5.40E-12,-0.083089784,-0.011177753,0.001682567,-2.18E-05,3,2244,0,20,6.5,6.4,1.0144,2.49268,1.59424,2.13135,1.50269,2.49634,35.1055,15.4542,18,595.906,411.742,31.7463,33.9951,30.0023,33.7005,33.5992,20.3949,-30,-30,-999.9,420,0,99.3416,74.2258
12,1745735148,443,20250427 09:25:48,9:25:48,15,A,4,21%,5557.71,1745735140,0.00334905,3.349050464,5.597625032,417.6538333,311.9847055,31.54111053,42.22407538,0.105851342,2.000130988,0.10283482,0.064535625,33.04867351,32.36615582,32.01874,4.780150473,30.93954944,1.591407239,5.143601856,3.188743233,-147.6931255,140.2950407,16.01225148,41.66284022,10.469,0.0882,42.42409506,33.23560814,9.188486918,1.148560865,2.132452026,64.17628686,1.562716139,464.2631461,-0.036759143,0,0,1,0,25574,RECT-12807-20250324-17_57_43,10114.7,315.2007692,539.79,0.416067787,-0.222077465,MPF-14559-20250427-09_25_49,10080.8,261.95324,734.5286144,0.643372314,0.5,168.5829117,5.597625032,54.230789,0.034521307,-0.265120528,372.9358731,DARK-14560-20250427-09_25_57,201.33,201.33,0.725905845,0.886302705,-0.575366703,1.126983051,-0.867087944,0.681187695,0.318812305,14559,290,676.82,115,10080.8,674.3,2.52,300,24,734.5286144,2.67825447,-60.71965546,2.343355747,0.959965757,-0.008164564,290,667.94,695,10059.5,674.17,-6.23,None,None,None,None,None,None,None,None,None,None,None,None,None,200,168.5829117,0.842925095,0.165245433,2,0.5,0: Broadleaf,2,1745735140,417.6538333,419.9859333,15.74119333,14.64242667,418.5559667,15.67000333,600.0059,101.0312667,0.066992243,33.31980333,32.01874,999.9,0,0,4998.666667,0,608.3112333,-2.332102333,424.3335,426.2269667,1.098778333,419.9859333,14.64242667,1.590353,1.479342333,13.86564333,12.75627333,199.9975,0.899983533,0.100016477,0,261.9158667,4.99918,668.2345333,1830.039333,42.42876667,45.437,44,44.812,45.1103,175.4943333,19.5,0,37.20000005,0,261.95324,2.580615381,-120.9573843,668.14932,15,1745734722,9:18:42,1745734722,1745734722,1,-0.534,-0.043,-0.895,-0.035,420,11,1.83,0.22,-2.32662675,-0.015035685,0.154561736,1,261.2337353,10.9896868,1.360594254,0,1.10695075,-0.171114259,0.017474259,0,1,3,01-Mar,3.22108,2.67608,0.100759,0.102158,0.0826602,0.0795474,26370.2,24236.8,27869.3,24750.4,32808.7,24076.1,39745.9,27517.7,1.8584,1.5198,-0.0301003,0,32.513,999.9,37.6,27.8,13.9583,29.79,17.516,1,0.555569,0,20.3126,5.22568,11.9081,4.9596,3.2922,9999,9999,9999,999.9,4.97195,1.85394,1.85593,1.85608,1.85562,1.85547,1.85056,1.85257,0,0,0,0,11111111,oooooooo,on,on,on,on,0,100,100,-0.902,0.0722,-1.795320267,0.00151024,1.49E-06,5.40E-12,-0.083089784,-0.011177753,0.001682567,-2.18E-05,3,2244,0,20,7.1,7.1,1.0144,2.49268,1.59424,2.13013,1.50269,2.4939,35.3133,15.4454,18,595.845,410.589,31.9612,34.2163,30.0026,33.9324,33.8395,20.3965,-30,-30,-999.9,420,0,99.3045,74.206
13,1745735188,482.5,20250427 09:26:27,9:26:27,15,A,4,21%,5557.71,1745735180,0.003135381,3.135381104,3.064712327,418.5322333,348.0929954,35.19257244,42.31405439,0.099196099,1.999177075,0.09654062,0.060570551,16.51686268,32.39879184,32.08123667,4.797083253,31.28995528,1.617759587,5.170220196,3.179323665,-138.2703067,143.4198447,16.38913572,38.05553641,10.469,0.0882,21.91080088,19.64340954,2.267391343,0.283423918,0.782107081,64.17628686,1.562716139,1111.97486,-0.004012024,0,0,1,0,25392,RECT-12807-20250324-17_57_43,10114.7,315.2007692,539.79,0.416067787,-0.222077465,MPF-14561-20250427-09_26_29,10069,248.51244,734.5060003,0.661660436,0.5,84.31817083,3.064712327,27.89499883,0.0389808,-0.265097903,372.9300435,DARK-14562-20250427-09_26_36,194.03,194.03,0.735836059,0.89919545,-0.563153633,1.15904483,-0.866987253,0.702061004,0.297938996,14561,290,693.86,145,10069,694.75,-0.89,300,24,734.5060003,3.038131818,-40.02704133,2.651534826,0.890575075,-0.008240338,290,697.11,865,10046.2,694.66,2.45,None,None,None,None,None,None,None,None,None,None,None,None,None,100,84.31817083,0.842851816,0.165104005,2,0.5,0: Broadleaf,2,1745735180,418.5322333,419.9911333,16.00141,14.97307,419.4317333,15.92370667,600.0370667,101.0336333,0.067431343,33.41191333,32.08123667,999.9,0,0,4994.666667,0,765.7041333,-1.458907333,425.3382333,426.3752667,1.028339667,419.9911333,14.97307,1.616681667,1.512785,14.11871667,13.09796,100.03914,0.899961233,0.100038733,0,248.5748333,4.99918,397.1886333,891.9340667,42.34143333,45.5,44,44.875,45.0746,85.53233333,9.51,0,37.20000005,0,248.51244,-13.51969228,-216.5717689,396.07032,15,1745734722,9:18:42,1745734722,1745734722,1,-0.534,-0.043,-0.895,-0.035,420,11,1.83,0.22,-1.49161475,0.67736454,0.118036463,0,249.105,-11.52580594,1.264216125,0,1.03606025,-0.17641272,0.017630609,0,0,3,0/3,3.22038,2.67671,0.100855,0.102051,0.0836333,0.0808271,26355.4,24232.2,27857.3,24743.4,32761.8,24036.3,39731.4,27510.3,1.8546,1.5166,-0.0303984,0,32.5713,999.9,38,28,14.273,30.21,17.488,1,0.572561,0,20.3132,5.22328,11.9081,4.96,3.2926,9999,9999,9999,999.9,4.97195,1.85394,1.85593,1.85611,1.85568,1.85547,1.85059,1.85257,0,0,0,0,11111111,oooooooo,on,on,on,on,0,100,100,-0.9,0.0788,-1.795320267,0.00151024,1.49E-06,5.40E-12,-0.083089784,-0.011177753,0.001682567,-2.18E-05,3,2244,0,20,7.8,7.8,1.01562,2.4939,1.59424,2.12769,1.50269,2.49146,35.5218,15.4454,18,595.093,410.139,32.1626,34.4221,30.0022,34.1557,34.0664,20.4025,-30,-30,-999.9,420,0,99.2654,74.1857
14,1745735227,522,20250427 09:27:07,9:27:07,15,A,4,21%,5557.71,1745735219,0.002920981,2.920980714,0.898223251,419.3021667,382.5704519,38.67972849,42.39348303,0.092109789,2.000610046,0.089817033,0.056336887,8.240535161,32.51035363,32.18995333,4.82666327,31.6143057,1.643800748,5.199547204,3.182862521,-128.8152495,142.6910686,16.31094634,38.42730064,10.469,0.0882,11.22855849,10.30535787,0.923200618,0.115400077,0.366339135,64.17628686,1.562716139,1432.753813,-0.000855301,0,0,1,0,25297,RECT-12807-20250324-17_57_43,10114.7,315.2007692,539.79,0.416067787,-0.222077465,MPF-14563-20250427-09_27_08,10061.2,237.83532,733.9665117,0.675958894,0.5,42.13222815,0.898223251,14.23982718,0.026590113,-0.264557727,372.7909191,DARK-14564-20250427-09_27_16,183.77,183.77,0.749620729,0.901734528,-0.545408999,1.184746366,-0.864585141,0.696749979,0.303250021,14563,290,701.86,185,10061.2,703.49,-1.63,300,24,733.9665117,2.714407894,-30.65812376,2.366024307,0.857070511,-0.008278834,290,708.55,795,10043.5,703.44,5.11,None,None,None,None,None,None,None,None,None,None,None,None,None,50,42.13222815,0.84270608,0.164822735,2,0.5,0: Broadleaf,2,1745735219,419.3021667,420.0098667,16.25837667,15.3005,420.1996667,16.17413667,599.9708333,101.037,0.067850867,33.51292,32.18995333,999.9,0,0,5000.333333,0,788.3595,-0.707668,426.2320667,426.5360667,0.957880933,420.0098667,15.3005,1.642693667,1.545912667,14.36522667,13.42994667,49.99635,0.899823033,0.100177117,0,237.8347,4.99918,265.3203,422.2713667,42.22893333,45.5,43.9664,44.87913333,45.04133333,40.48933333,4.51,0,37.20000005,0,237.83532,-18.66738468,50.69530769,265.5712,15,1745734722,9:18:42,1745734722,1745734722,1,-0.534,-0.043,-0.895,-0.035,420,11,1.83,0.22,-0.75934215,0.992212503,0.139621337,0,238.7244118,-16.34750195,1.723993093,0,0.968568175,-0.207201782,0.020537755,0,0,3,0/3,3.22202,2.6769,0.100979,0.102036,0.0845829,0.0821378,26341.4,24226.2,27847,24737.5,32716.9,23996.5,39718.1,27503.9,1.854,1.513,-0.0272691,0,32.6345,999.9,38.4,28.2,14.5923,30.07,17.4319,1,0.588659,0,20.3133,5.22328,11.9081,4.9596,3.2926,9999,9999,9999,999.9,4.97198,1.85394,1.85593,1.85611,1.85574,1.85547,1.85059,1.85257,0,0,0,0,11111111,oooooooo,on,on,on,on,0,100,100,-0.897,0.0855,-1.795320267,0.00151024,1.49E-06,5.40E-12,-0.083089784,-0.011177753,0.001682567,-2.18E-05,3,2244,0,20,8.4,8.4,1.01562,2.50122,1.59424,2.13013,1.50269,2.43774,35.7078,15.4367,18,596.574,409.407,32.3554,34.619,30.002,34.3674,34.284,20.4072,-30,-30,-999.9,420,0,99.2309,74.1682
,,,,,,,,,,,,,,,,,,,,,,,,,,,,,,,,,,,,,,,,,,,,,,,,,,,,,,,,,,,,,,,,,,,,,,,,,,,,,,,,,,,,,,,,,,,,,,,,,,,,,,,,,,,,,,,,,,,,,,,,,,,,,,,,,,,,,,,,,,,,,,,,,,,,,,,,,,,,,,,,,,,,,,,,,,,,,,,,,,,,,,,,,,,,,,,,,,,,,,,,,,,,,,,,,,,,,,,,,,,,,,,,,,,,,,,,,,,,,,,,,,,,,,,,,,,,,,,,,,,,,,,,,,,,,,,,,,,,,,,,,,,,,,,,,,,,,,,,
29,1745737343,2638.1,20250427 10:02:23,10:02:23,15,A,3,21%,5559.18,1745737335,0.012125861,12.12586138,16.57599212,412.7897,282.4272935,28.57139327,41.75933817,0.271575181,2.000622402,0.252631604,0.159486505,321.4967262,37.38855458,36.52339,6.142700116,20.74660189,1.469715507,7.084126426,4.672984609,-534.7504868,283.4618782,34.01327894,104.2213965,10.469,0.0882,120.3930133,88.50089312,31.89212018,3.98651502,11.16774924,64.17628686,1.562716139,356.1794371,-0.224752682,0,0,1,0,25710,RECT-12807-20250324-17_57_43,10114.7,315.2007692,539.79,0.416067787,-0.222077465,MPF-14597-20250427-10_02_25,10056,246.03976,326.2042213,0.245749307,0.5,1681.1264,16.57599212,206.5678239,0.009992151,0.654760928,228.0203726,DARK-14598-20250427-10_02_32,167.55,167.55,0.486364709,0.505277834,0.573785135,7.285391941,0.951006324,0.344087887,0.655912113,14597,290,305.88,175,10056,303.52,2.36,300,24,326.2042213,3.069178045,-22.81371384,2.757720159,0.709655306,-0.006664047,290,304.32,895,10033,303.47,0.85,None,None,None,None,None,None,None,None,None,None,None,None,None,2000,1681.1264,0.840598505,0.160755115,2,0.5,0: Broadleaf,2,1745737335,412.7897,419.9836667,14.52809,10.54477,413.4119,14.50103,599.9867333,101.0953,0.068411617,39.15150333,36.52339,999.9,0,0,4997.5,0,538.2466667,-7.193909333,418.8752,424.4594667,3.983320667,419.9836667,10.54477,1.468722,1.066026667,12.64631,7.851427,1999.916,0.979999867,0.0200003,0,246.2856,4.99918,5354.524667,19219.05333,47.35603333,48.937,47.8645,48.3141,49.5893,1955.018333,39.89866667,0,386.4000001,0,246.03976,-27.64884614,-517.9907693,5350.0512,15,1745736568,9:49:28,1745736561,1745736568,2,0.294,-0.015,-0.602,-0.023,420,12,2.47,0.19,-7.144791951,-0.499073519,0.120669114,1,248.3512353,-34.7062796,3.494942515,0,3.958839024,0.380833589,0.038929144,0,1,3,01-Mar,3.2195,2.67658,0.0985006,0.100678,0.0770634,0.0610138,26135,24092.7,27570.4,24582.5,32695,24401.3,39373.5,27338.1,1.7948,1.3918,0.0318885,0,36.081,999.9,19.2,36.3,11.5241,29.5373,18.5577,1,0.997927,0,20.2872,5.22088,11.9141,4.9576,3.2928,9999,9999,9999,999.9,4.97214,1.85455,1.85654,1.85672,1.85608,1.85593,1.85104,1.85306,0,0,0,0,11111111,oooooooo,on,on,on,on,0,100,100,-0.621,0.0287,-1.501243767,0.00151024,1.49E-06,5.40E-12,-0.098316307,-0.011177753,0.001682567,-2.18E-05,3,2244,0,20,13,12.9,1.03149,2.56104,1.59424,2.1106,1.50269,2.51709,42.1121,15.0602,18,598.76,370.711,38.2412,39.7369,30.0007,39.682,39.6766,20.7249,-30,-30,-999.9,420,0,98.3186,73.7128
30,1745737383,2677.6,20250427 10:03:02,10:03:02,15,A,3,21%,5559.45,1745737375,0.011990874,11.99087418,16.36762493,412.8552667,282.7596548,28.6053783,41.76649987,0.268643476,2.001123604,0.250096017,0.157869586,289.5598752,37.31892044,36.56556667,6.156904178,20.86831108,1.489852458,7.13930539,4.667051721,-528.7975515,294.564809,35.36857456,90.69570731,10.469,0.0882,129.7622665,91.06833168,38.69393482,4.836741852,11.47979668,64.17628686,1.562716139,302.0849343,-0.846954113,0,0,1,0,24411,RECT-12807-20250324-17_57_43,10114.7,315.2007692,539.79,0.416067787,-0.222077465,MPF-14599-20250427-10_03_04,10049.7,230.84892,319.2392165,0.27687794,0.5,1513.149981,16.36762493,209.4789244,0.010963687,0.690863691,224.5951435,DARK-14600-20250427-10_03_11,163.36,163.36,0.48828342,0.5670435,0.585901186,21.88719842,0.982018518,0.401267748,0.598732252,14599,290,293.52,245,10049.7,292.64,0.88,300,24,319.2392165,2.634013484,-26.73165058,2.359205969,0.820956573,-0.006828775,290,293.32,815,10033.3,292.6,0.72,None,None,None,None,None,None,None,None,None,None,None,None,None,1800,1513.149981,0.840658182,0.160870291,2,0.5,0: Broadleaf,2,1745737375,412.8552667,419.9614,14.72695667,10.78881,413.4772333,14.69522333,599.9921333,101.0961,0.06889229,39.29593667,36.56556667,999.9,0,0,4999.5,0,779.4259,-7.106146333,419.0262333,424.5416667,3.938141333,419.9614,10.78881,1.488836667,1.090706667,12.85398667,8.187863,1799.958667,0.9779985,0.022001597,0,231.0735,4.99918,4575.452667,17281.47,47.66013333,49.062,48.02273333,48.437,49.8435,1755.468667,39.49,0,37.4000001,0,230.84892,-20.84169231,-369.5561539,4571.896,15,1745736568,9:49:28,1745736561,1745736568,2,0.294,-0.015,-0.602,-0.023,420,12,2.47,0.19,-7.05593075,-1.091392458,0.16866541,0,233.1262353,-37.12268909,3.95242487,0,3.935369,0.020004878,0.008624767,1,1,3,01-Mar,3.21984,2.67651,0.098456,0.100637,0.0777509,0.062084,26133.9,24091.9,27568.1,24580.8,32669.1,24372.5,39371.5,27336.8,1.794,1.3906,0.0314116,0,36.1045,999.9,19.4,36.4,11.7074,29.9573,18.5497,1,1.00102,0,20.2897,5.21729,11.9141,4.958,3.2928,9999,9999,9999,999.9,4.97214,1.85455,1.85654,1.85669,1.85608,1.85593,1.85117,1.85315,0,0,0,0,11111111,oooooooo,on,on,on,on,0,100,100,-0.621,0.033,-1.501243767,0.00151024,1.49E-06,5.40E-12,-0.098316307,-0.011177753,0.001682567,-2.18E-05,3,2244,0,20,13.7,13.6,1.03149,2.56836,1.59424,2.11182,1.50269,2.41211,42.1915,15.0514,18,598.578,370.294,38.2936,39.7838,30.0004,39.7323,39.7264,20.7306,-30,-30,-999.9,420,0,98.3121,73.7085
31,1745737422,2717.1,20250427 10:03:42,10:03:42,15,A,3,21%,5559.54,1745737414,0.011619732,11.61973189,15.61079435,413.1911333,284.9190252,28.82446411,41.80139599,0.260424881,2.001445924,0.242957955,0.153320321,257.6680533,37.2623779,36.57384333,6.159694901,20.9935003,1.504536556,7.166677947,4.655158345,-512.4301764,301.4115161,36.19875818,82.84815123,10.469,0.0882,122.4810029,86.62302894,35.85797396,4.482246744,10.44876648,64.17628686,1.562716139,310.0646099,-0.620816518,0,0,1,0,25095,RECT-12807-20250324-17_57_43,10114.7,315.2007692,539.79,0.416067787,-0.222077465,MPF-14601-20250427-10_03_44,10054.7,221.9181538,311.9246858,0.288552128,0.5,1345.193611,15.61079435,194.0792397,0.011769958,0.730513885,220.9499982,DARK-14602-20250427-10_03_51,161.07,161.07,0.483625351,0.596643926,0.601672249,-27.47382171,1.014587001,0.433049011,0.566950989,14601,290,290.15,195,10054.7,289.47,0.68,300,24,311.9246858,2.972933093,-22.57791446,2.654629985,0.720940042,-0.006995339,290,289.34,825,10033.5,289.42,-0.08,None,None,None,None,None,None,None,None,None,None,None,None,None,1600,1345.193611,0.840747583,0.161042835,2,0.5,0: Broadleaf,2,1745737414,413.1911333,419.9952667,14.87178,11.05605667,413.8120667,14.83661,599.9872,101.0990333,0.068181097,39.36722667,36.57384333,999.9,0,0,5000.666667,0,1043.894667,-6.804252,419.4288,424.6907667,3.81572,419.9952667,11.05605667,1.503519667,1.117755,13.00398333,8.548957,1599.997,0.975002933,0.02499744,0,221.9742667,4.99918,3947.265333,15341.4,47.82463333,49.2017,48.1975,48.5683,50.04753333,1555.126,39.871,0,37.4000001,0,221.9181538,-16.80622224,-206.0547009,3946.767692,15,1745736568,9:49:28,1745736561,1745736568,2,0.294,-0.015,-0.602,-0.023,420,12,2.47,0.19,-6.738719756,-0.74022439,0.188073281,0,223.9610588,-30.99459129,3.338800251,0,3.821921951,-0.108518676,0.012299153,0,0,3,0/3,3.21909,2.67763,0.0984943,0.100677,0.0782921,0.0633002,26130.1,24089.8,27565.3,24579.8,32647.9,24339.5,39368.9,27335.2,1.7936,1.3892,0.0283122,0,36.1414,999.9,19.6,36.5,11.8948,29.7873,18.6138,1,1.00472,0,20.2912,5.21729,11.9141,4.9576,3.2928,9999,9999,9999,999.9,4.97214,1.85455,1.85654,1.85669,1.85611,1.85593,1.8512,1.85318,0,0,0,0,11111111,oooooooo,on,on,on,on,0,100,100,-0.621,0.0364,-1.501243767,0.00151024,1.49E-06,5.40E-12,-0.098316307,-0.011177753,0.001682567,-2.18E-05,3,2244,0,20,14.3,14.2,1.03149,2.56226,1.59424,2.1106,1.50269,2.51343,42.2975,15.0514,18,598.695,369.787,38.3488,39.8307,30.0004,39.7827,39.7802,20.7303,-30,-30,-999.9,420,0,98.3043,73.7049
32,1745737462,2756.6,20250427 10:04:21,10:04:21,15,A,3,21%,5560.47,1745737454,0.011195168,11.19516844,15.326818,413.38,283.671938,28.69802804,41.8201071,0.251295775,2.001309293,0.234989833,0.148245411,225.7832738,37.19264249,36.55843667,6.154500968,21.13124681,1.517584897,7.18171015,4.636916072,-493.706928,307.2665194,36.90868677,76.25155195,10.469,0.0882,127.3082641,87.47484574,39.83341836,4.979177295,10.37041286,64.17628686,1.562716139,281.8643754,8.479273713,0,0,1,0,24664,RECT-12807-20250324-17_57_43,10114.7,315.2007692,539.79,0.416067787,-0.222077465,MPF-14603-20250427-10_04_23,10054.7,215.5705769,319.9317574,0.326198253,0.5,1177.217161,15.326818,192.0030909,0.013208179,0.68720356,224.9377018,DARK-14604-20250427-10_04_30,165.27,165.27,0.483421085,0.67477043,0.587040058,22.05906595,0.978934929,0.517321568,0.482678432,14603,290,294.73,215,10054.7,292.83,1.9,300,24,319.9317574,3.016761433,-27.24803243,2.685751011,0.78614404,-0.007161583,290,291.61,705,10038.7,292.79,-1.18,None,None,None,None,None,None,None,None,None,None,None,None,None,1400,1177.217161,0.840866998,0.161273306,2,0.5,0: Broadleaf,2,1745737454,413.38,420.0317333,15.0009,11.32506,414.0004667,14.96265667,599.9842667,101.0979,0.068356473,39.40627667,36.55843667,999.9,0,0,5000.166667,0,1260.197,-6.651665333,419.6756333,424.8431,3.675828667,420.0317333,11.32506,1.516561,1.144942,13.13613667,8.904232667,1400.004,0.970996333,0.029003603,0,215.5993,4.99918,3407.128667,13400.39333,47.88326667,49.3729,48.375,48.74363333,50.1912,1354.544,40.46,0,37.4000001,0,215.5705769,-9.769128198,-136.3449573,3406.785769,15,1745736568,9:49:28,1745736561,1745736568,2,0.294,-0.015,-0.602,-0.023,420,12,2.47,0.19,-6.56656525,-1.551979925,0.206817702,0,217.4445294,-28.07752479,3.152074986,0,3.68504,-0.148555047,0.016148565,0,0,3,0/3,3.21981,2.67787,0.0985208,0.100631,0.0787432,0.0644458,26126.8,24089.5,27562.8,24578.5,32629.1,24308.6,39365.4,27333.8,1.7932,1.3884,0.0253022,0,36.1818,999.9,19.8,36.7,12.1475,29.8173,18.5737,1,1.0102,0,20.2545,5.21729,11.9141,4.956,3.293,9999,9999,9999,999.9,4.97269,1.85498,1.85699,1.85715,1.85651,1.85629,1.8515,1.85349,0,0,0,0,11111111,oooooooo,on,on,on,on,0,100,100,-0.62,0.0391,-1.501243767,0.00151024,1.49E-06,5.40E-12,-0.098316307,-0.011177753,0.001682567,-2.18E-05,3,2244,0,20,15,14.9,1.03149,2.56958,1.59424,2.10815,1.50269,2.49512,42.4571,23.9474,18,598.781,369.592,38.4052,39.8738,30.0004,39.8293,39.8302,20.7338,-30,-30,-999.9,420,0,98.2956,73.7009
33,1745737501,2796.1,20250427 10:05:01,10:05:01,15,A,3,21%,5560.92,1745737493,0.010709958,10.70995807,14.77039746,413.6008333,283.5546074,28.68558791,41.84161624,0.240619061,2.001407032,0.225625597,0.142285177,193.8046726,37.12020424,36.55113333,6.15204018,21.3201855,1.532373943,7.187432507,4.619666237,-472.3091508,309.6715074,37.19712159,68.36415079,10.469,0.0882,124.7526786,85.1391958,39.6134828,4.951685348,9.705772025,64.17628686,1.562716139,275.8615031,1.919952839,0,0,1,0,24920,RECT-12807-20250324-17_57_43,10114.7,315.2007692,539.79,0.416067787,-0.222077465,MPF-14605-20250427-10_05_03,10063.3,211.9888077,331.3830792,0.36029079,0.5,1009.19437,14.77039746,181.8017187,0.014855884,0.628900309,230.5388137,DARK-14606-20250427-10_05_10,155.97,155.97,0.529336258,0.680646347,0.542980878,7.378073439,0.927947079,0.500783092,0.499216908,14605,290,304.52,135,10063.3,301.86,2.66,300,24,331.3830792,2.742781029,-29.71365736,2.434203895,0.841811604,-0.007327222,290,300.49,635,10042.2,301.79,-1.3,None,None,None,None,None,None,None,None,None,None,None,None,None,1200,1009.19437,0.840985497,0.16150201,2,0.5,0: Broadleaf,2,1745737493,413.6008333,420.0010667,15.14738667,11.63135667,414.2209,15.1056,599.9795333,101.0958333,0.068412157,39.42112333,36.55113333,999.9,0,0,5000.666667,0,1376.281333,-6.400144333,419.9621667,424.9437,3.516031667,420.0010667,11.63135667,1.531339667,1.175882333,13.28469333,9.299589667,1200.014,0.967009567,0.03299055,0,211.9903667,4.99918,2904.775333,11464.45,47.875,49.5,48.4958,48.8936,50.2686,1155.594,39.42033333,0,37.4000001,0,211.9888077,-7.932546984,-81.89982898,2904.878846,15,1745736568,9:49:28,1745736561,1745736568,2,0.294,-0.015,-0.602,-0.023,420,12,2.47,0.19,-6.339100244,-0.861995749,0.160715973,0,213.7364118,-26.02967148,2.961326512,0,3.531653659,-0.247271498,0.025279762,0,0,3,0/3,3.21973,2.67825,0.0985675,0.100653,0.0793332,0.0658774,26123.2,24087,27560.5,24576.7,32606.2,24269.4,39362.9,27331.4,1.7932,1.387,0.0214577,0,36.2256,999.9,20,36.8,12.337,29.7073,18.5938,1,1.01378,0,20.2556,5.21969,11.9141,4.9564,3.293,9999,9999,9999,999.9,4.97269,1.85501,1.85702,1.8573,1.85669,1.85644,1.85165,1.85364,0,0,0,0,11111111,oooooooo,on,on,on,on,0,100,100,-0.619,0.0429,-1.501243767,0.00151024,1.49E-06,5.40E-12,-0.098316307,-0.011177753,0.001682567,-2.18E-05,3,2244,0,20,15.7,15.6,1.03271,2.56836,1.59424,2.1106,1.50269,2.3999,42.6974,23.9387,18,599.167,369.066,38.4631,39.9171,30.0003,39.876,39.8803,20.7392,-30,-30,-999.9,420,0,98.2884,73.695
34,1745737541,2835.6,20250427 10:05:40,10:05:40,15,A,3,21%,5561.28,1745737533,0.010188989,10.18898927,13.78648841,414.0087333,286.4884372,28.98241436,41.88292126,0.229587145,2.00164098,0.215896532,0.136097296,161.9048403,37.05286365,36.53352,6.146109051,21.60645073,1.553460083,7.189797633,4.592648968,-449.3344266,312.2702669,37.50283197,62.3435126,10.469,0.0882,123.3481807,82.04727236,41.30090834,5.162613544,9.290255425,64.17628686,1.562716139,254.9817666,0.437573637,0,0,1,0,24577,RECT-12807-20250324-17_57_43,10114.7,315.2007692,539.79,0.416067787,-0.222077465,MPF-14607-20250427-10_05_42,10063.4,211.84724,359.6929017,0.411033026,0.5,841.1970451,13.78648841,172.8798833,0.016653133,0.500696837,243.8930295,DARK-14608-20250427-10_05_49,155.45,155.45,0.567825778,0.723871726,0.468587965,3.322961914,0.801895521,0.531165097,0.468834903,14607,290,322.75,155,10063.4,320.33,2.42,300,24,359.6929017,2.551879367,-39.61033481,2.258101838,0.916592632,-0.007494197,290,317.37,635,10044.5,320.26,-2.89,None,None,None,None,None,None,None,None,None,None,None,None,None,1000,841.1970451,0.841193905,0.161904236,2,0.5,0: Broadleaf,2,1745737533,414.0087333,420.0104,15.35580667,12.01159667,414.6276,15.30896333,599.9939667,101.0948667,0.069475733,39.42725667,36.53352,999.9,0,0,5001.666667,0,1408.986667,-6.001649667,420.4653333,425.1167333,3.344206333,420.0104,12.01159667,1.552391667,1.214309667,13.49417667,9.778061,1000.003733,0.960005433,0.039994573,0,211.9549333,4.99918,2449.634,9523.949667,47.80583333,49.6208,48.562,49,50.312,955.2083333,39.797,0,37.4000001,0,211.84724,-4.915384612,28.09692309,2448.8088,15,1745736568,9:49:28,1745736561,1745736568,2,0.294,-0.015,-0.602,-0.023,420,12,2.47,0.19,-5.978580732,-0.573619652,0.157903974,0,213.5999706,-24.8676394,2.903373894,0,3.36001122,-0.299076376,0.030056675,0,0,3,0/3,3.22019,2.67839,0.0985941,0.100648,0.0801261,0.0675365,26119.5,24085.6,27557.6,24575.2,32575.3,24225.1,39359.4,27329.9,1.7938,1.383,0.0173748,0,36.2661,999.9,20.3,36.9,12.5911,29.9473,18.6979,1,1.01726,0,20.2569,5.22208,11.9141,4.9576,3.2928,9999,9999,9999,999.9,4.97275,1.85516,1.85715,1.85736,1.85678,1.85654,1.85181,1.85376,0,0,0,0,11111111,oooooooo,on,on,on,on,0,100,100,-0.619,0.048,-1.501243767,0.00151024,1.49E-06,5.40E-12,-0.098316307,-0.011177753,0.001682567,-2.18E-05,3,2244,0,20,16.3,16.2,1.03149,2.56714,1.59424,2.1106,1.50269,2.52563,42.9929,23.9474,18,600.012,367.104,38.5221,39.9579,30.0005,39.9243,39.9306,20.7379,-30,-30,-999.9,420,0,98.279,73.6908
35,1745737580,2875.1,20250427 10:06:20,10:06:20,15,A,3,21%,5561.37,1745737572,0.009667966,9.667966191,12.75236995,414.4183667,290.1947344,29.35643642,41.92304337,0.218916223,1.999608488,0.206419629,0.130075554,129.9829795,36.97710249,36.5049,6.136482117,21.96317026,1.579136861,7.189931335,4.557345256,-426.357309,315.0758741,37.87309117,56.57463579,10.469,0.0882,117.161176,77.22728824,39.93388776,4.991735974,8.453938637,64.17628686,1.562716139,248.2182867,0.303798217,0,0,1,0,25347,RECT-12807-20250324-17_57_43,10114.7,315.2007692,539.79,0.416067787,-0.222077465,MPF-14609-20250427-10_06_22,10058.2,214.5995,406.0540107,0.47150011,0.5,673.2028462,12.75236995,158.707608,0.019272716,0.329355174,264.3589637,DARK-14610-20250427-10_06_29,160.86,160.86,0.603845804,0.78082866,0.352930592,2.107294221,0.595469288,0.585295391,0.414704609,14609,290,354.81,235,10058.2,353.63,1.18,300,24,406.0540107,2.887525566,-52.72817121,2.54748728,0.938651886,-0.007661217,290,347.49,625,10047.2,353.57,-6.08,None,None,None,None,None,None,None,None,None,None,None,None,None,800,673.2028462,0.841490234,0.162476152,2,0.5,0: Broadleaf,2,1745737572,414.4183667,420.0042333,15.61011,12.43801667,415.0360333,15.55702,600.0484333,101.0927667,0.068394947,39.42760333,36.5049,999.9,0,0,4993.5,0,1285.374,-5.585957667,420.9901,425.2941,3.172094,420.0042333,12.43801667,1.578069333,1.257394,13.74628333,10.29890333,800.0126667,0.950008067,0.04999185,0,214.5745,4.99918,2024.457333,7584.937,47.66223333,49.63946667,48.562,49.062,50.25,755.2693333,39.74,0,37.4000001,0,214.5995,-1.790940162,-23.60136748,2024.525385,15,1745736568,9:49:28,1745736561,1745736568,2,0.294,-0.015,-0.602,-0.023,420,12,2.47,0.19,-5.53136,-0.482715197,0.162246459,1,216.1619118,-22.63100075,2.811020145,0,3.187925,-0.315820413,0.031046356,0,1,3,01-Mar,3.21991,2.67689,0.0986823,0.100625,0.0811491,0.069416,26114.8,24084.6,27555.5,24573.7,32537.3,24175.1,39357,27328.4,1.7926,1.3828,0.013411,0,36.3067,999.9,20.7,37.1,12.9805,29.8073,18.6418,1,1.02083,0,20.2581,5.22208,11.9141,4.9572,3.293,9999,9999,9999,999.9,4.97275,1.85526,1.85721,1.85745,1.85678,1.85657,1.85181,1.85379,0,0,0,0,11111111,oooooooo,on,on,on,on,0,100,100,-0.618,0.0547,-1.501243767,0.00151024,1.49E-06,5.40E-12,-0.098316307,-0.011177753,0.001682567,-2.18E-05,3,2244,0,20,17,16.9,1.03271,2.56836,1.59424,2.11182,1.50269,2.49756,43.2904,23.9387,18,599.523,367.238,38.5821,40.0037,30.0005,39.9735,39.9809,20.7431,-30,-30,-999.9,420,0,98.2724,73.6864
36,1745737620,2914.6,20250427 10:06:59,10:06:59,15,A,3,21%,5561.37,1745737612,0.009150486,9.150485585,11.43810911,414.8826,296.3409308,29.97771615,41.96933844,0.20807795,2.000811448,0.19676016,0.123940632,98.06931179,36.89427772,36.49828,6.134257208,22.4007735,1.609825142,7.186471224,4.524432066,-403.5364143,315.0115744,37.83974847,47.38422033,10.469,0.0882,101.0724904,68.35969746,32.71279294,4.08909912,6.803691625,64.17628686,1.562716139,268.2174867,0.406710823,0,0,1,0,24576,RECT-12807-20250324-17_57_43,10114.7,315.2007692,539.79,0.416067787,-0.222077465,MPF-14611-20250427-10_07_01,10074.8,224.3434231,476.4006199,0.529086626,0.5,505.2012047,11.43810911,133.6476005,0.023080283,0.133058979,292.4761275,DARK-14612-20250427-10_07_08,162.41,162.41,0.659089444,0.802753907,0.167972283,1.563631702,0.282245858,0.581141449,0.418858551,14611,290,416.09,105,10074.8,410.93,5.16,300,24,476.4006199,2.39363326,-65.95780324,2.105546712,0.972258051,-0.007828818,290,398.39,685,10046.8,410.75,-12.36,None,None,None,None,None,None,None,None,None,None,None,None,None,600,505.2012047,0.841993354,0.163447173,2,0.5,0: Broadleaf,2,1745737612,414.8826,419.9609667,15.91372333,12.91198,415.4989667,15.85306,599.9758333,101.0906333,0.068919843,39.41863,36.49828,999.9,0,0,4998.5,0,978.2309667,-5.078467,421.5916,425.4544333,3.001740667,419.9609667,12.91198,1.608728667,1.305280333,14.04263333,10.85967,600.0061667,0.9330003,0.066999933,0,224.2923667,4.99918,1624.489667,5645.241333,47.4831,49.67873333,48.562,49.12706667,50.1912,555.142,39.86766667,0,37.4000001,0,224.3434231,-1.851452993,-7.601367516,1624.583077,15,1745736568,9:49:28,1745736561,1745736568,2,0.294,-0.015,-0.602,-0.023,420,12,2.47,0.19,-5.0613225,-0.154311895,0.120520621,1,225.3342353,-15.54132927,1.960421369,0,3.01622625,-0.323831257,0.031912691,0,1,3,01-Mar,3.22025,2.67825,0.0987497,0.100601,0.082301,0.0714195,26109.9,24082.7,27552.4,24571.2,32493.9,24121.1,39353.5,27326.1,1.7924,1.381,0.0089705,0,36.3712,999.9,21.1,37.2,13.3023,29.8673,18.9423,1,1.02508,0,20.2598,5.22088,11.9141,4.9572,3.2928,9999,9999,9999,999.9,4.97272,1.85532,1.8573,1.85748,1.85684,1.8566,1.8519,1.85379,0,0,0,0,11111111,oooooooo,on,on,on,on,0,100,100,-0.617,0.0623,-1.501243767,0.00151024,1.49E-06,5.40E-12,-0.098316307,-0.011177753,0.001682567,-2.18E-05,3,2244,0,20,17.6,17.5,1.03271,2.56958,1.59424,2.1106,1.50269,2.48901,43.59,23.9387,18,599.736,366.478,38.646,40.0471,30.0007,40.0182,40.0275,20.7477,-30,-30,-999.9,420,0,98.2628,73.6796
37,1745737659,2954.1,20250427 10:07:39,10:07:39,15,A,3,21%,5561.55,1745737651,0.008681433,8.681433242,10.23983885,415.3723333,302.4585227,30.59612484,42.01826964,0.198135248,2.000721437,0.187844065,0.118282601,82.0924463,36.90855728,36.51439333,6.139673945,22.91207805,1.644409975,7.17704423,4.49526397,-382.851206,310.6203265,37.31241644,47.17398329,10.469,0.0882,92.26622868,62.22888953,30.03733915,3.754667393,6.089477045,64.17628686,1.562716139,265.9103089,0.280173442,0,0,1,0,24577,RECT-12807-20250324-17_57_43,10114.7,315.2007692,539.79,0.416067787,-0.222077465,MPF-14613-20250427-10_07_40,10070.5,230.5932692,537.7234915,0.571167574,0.5,421.1861804,10.23983885,120.2839445,0.024839173,0.003843069,314.4950135,DARK-14614-20250427-10_07_48,163.71,163.71,0.695549846,0.82117418,0.005494864,1.380219598,0.009201281,0.582993708,0.417006292,14613,290,460.42,155,10070.5,456.03,4.39,300,24,537.7234915,3.31969171,-82.27280343,2.915913409,0.966023218,-0.007913018,290,440.62,705,10047.6,455.84,-15.22,None,None,None,None,None,None,None,None,None,None,None,None,None,500,421.1861804,0.842375955,0.164185593,2,0.5,0: Broadleaf,2,1745737651,415.3723333,419.9872333,16.25584333,13.40931333,415.9872667,16.18652,600.0505333,101.0899667,0.06811795,39.39416333,36.51439333,999.9,0,0,4998.166667,0,686.4064,-4.615010333,422.2360333,425.6956333,2.846526667,419.9872333,13.40931333,1.643303,1.355547333,14.37093667,11.42919,499.9978667,0.9199997,0.080000053,0,230.5623,4.99918,1424.427667,4676.359333,47.30796667,49.62706667,48.5,49.187,50.0851,455.3986667,39.599,0,37.4000001,0,230.5932692,-6.57897437,-14.41743587,1424.381923,15,1745736568,9:49:28,1745736561,1745736568,2,0.294,-0.015,-0.602,-0.023,420,12,2.47,0.19,-4.593766098,-0.313543902,0.130923521,1,232.0173529,-22.76311691,2.62267313,0,2.86159122,-0.306626341,0.030947959,0,1,3,01-Mar,3.22038,2.67674,0.0988436,0.100606,0.0835801,0.0735151,26105.3,24081.5,27550.6,24570.2,32445.9,24066.2,39350,27325.4,1.7918,1.3802,0.0064075,0,36.4085,999.9,21.5,37.4,13.7061,29.9673,18.8502,1,1.02841,0,20.2598,5.22088,11.9141,4.9576,3.2926,9999,9999,9999,999.9,4.97269,1.85535,1.8573,1.85748,1.85684,1.85669,1.85196,1.85385,0,0,0,0,11111111,oooooooo,on,on,on,on,0,100,100,-0.615,0.071,-1.501243767,0.00151024,1.49E-06,5.40E-12,-0.098316307,-0.011177753,0.001682567,-2.18E-05,3,2244,0,20,18.3,18.2,1.03271,2.5708,1.59424,2.11304,1.50269,2.41821,43.8641,23.9474,18,599.667,366.265,38.7084,40.0946,30.0007,40.0637,40.0741,20.7483,-30,-30,-999.9,420,0,98.2549,73.6772
38,1745737699,2993.6,20250427 10:08:18,10:08:18,15,A,3,21%,5561.82,1745737691,0.008229132,8.229131543,8.946577264,415.8686667,309.9640775,31.35426412,42.06699086,0.188326516,2.001244949,0.179005605,0.112677495,66.12659667,36.92342308,36.54241667,6.149104301,23.41488178,1.678823962,7.169901507,4.47028034,-362.904701,305.6760357,36.71054282,45.60847412,10.469,0.0882,79.02714788,54.36716503,24.65998285,3.082497856,5.000669166,64.17628686,1.562716139,282.9752803,0.331492256,0,0,1,0,24492,RECT-12807-20250324-17_57_43,10114.7,315.2007692,539.79,0.416067787,-0.222077465,MPF-14615-20250427-10_08_20,10074.8,236.536,599.2569439,0.605284507,0.5,337.1809533,8.946577264,102.0452036,0.02719209,-0.099234468,334.5889269,DARK-14616-20250427-10_08_27,167.95,167.95,0.719736247,0.840980997,-0.159926162,1.276933847,-0.264780923,0.597130071,0.402869929,14615,290,516.54,135,10074.8,510.3,6.24,300,24,599.2569439,2.84909086,-89.62413475,2.498994182,0.978694789,-0.007997475,290,495.41,635,10053.2,510.11,-14.7,None,None,None,None,None,None,None,None,None,None,None,None,None,400,337.1809533,0.842962991,0.165318572,2,0.5,0: Broadleaf,2,1745737691,415.8686667,419.9919333,16.59663,13.89889667,416.4823,16.51853667,599.9522333,101.0858667,0.06864251,39.37560667,36.54241667,999.9,0,0,5000.5,0,503.5493333,-4.123397,422.8870667,425.9117333,2.697739,419.9919333,13.89889667,1.677686,1.404982333,14.69146667,11.97141333,399.9949667,0.899984233,0.10001603,0,236.5898667,4.99918,1204.064,3706.998333,47.1081,49.5641,48.43493333,49.187,49.9727,355.4893333,39.506,0,37.4000001,0,236.536,-9.272384612,-38.8076924,1203.82,15,1745736568,9:49:28,1745736561,1745736568,2,0.294,-0.015,-0.602,-0.023,420,12,2.47,0.19,-4.119385,-0.00940863,0.108831466,1,237.7288235,-18.44110006,1.961349333,0,2.71845625,-0.348422702,0.034281382,0,1,3,01-Mar,3.21974,2.67784,0.0988896,0.100606,0.0848396,0.0754925,26100.7,24080.2,27547.3,24569,32398.9,24013.2,39346.6,27323.3,1.7902,1.3784,0.00682473,0,36.4357,999.9,22,37.5,14.1008,30.1173,18.9984,1,1.03183,0,20.2608,5.22208,11.9141,4.9576,3.293,9999,9999,9999,999.9,4.97275,1.85532,1.8573,1.8576,1.85693,1.85669,1.85196,1.85394,0,0,0,0,11111111,oooooooo,on,on,on,on,0,100,100,-0.614,0.0798,-1.501243767,0.00151024,1.49E-06,5.40E-12,-0.098316307,-0.011177753,0.001682567,-2.18E-05,3,2244,0,20,19,18.8,1.03271,2.57812,1.59424,2.11304,1.50269,2.38281,44.1124,23.9387,18,598.853,365.483,38.769,40.1422,30.0005,40.1108,40.1169,20.748,-30,-30,-999.9,420,0,98.2452,73.6726
39,1745737738,3033.1,20250427 10:08:58,10:08:58,15,A,3,21%,5561.82,1745737730,0.007827759,7.827759082,7.469526025,416.4239333,320.225082,32.3916852,42.12247484,0.179506208,2.002499147,0.171021849,0.107617517,49.58241167,36.92253152,36.57960667,6.161638828,23.89283202,1.712009918,7.165370418,4.44962891,-345.2041755,300.5808664,36.08041936,41.0395219,10.469,0.0882,62.76955404,45.00916378,17.76039026,2.220048782,3.687938442,64.17628686,1.562716139,325.2767496,-1.478625807,0,0,1,0,24321,RECT-12807-20250324-17_57_43,10114.7,315.2007692,539.79,0.416067787,-0.222077465,MPF-14617-20250427-10_09_00,10062.7,238.3295,654.4134717,0.635812051,0.5,252.8553205,7.469526025,80.38422996,0.03041899,-0.175154511,351.1119212,DARK-14618-20250427-10_09_07,174.01,174.01,0.734097772,0.866113582,-0.313367247,1.226616718,-0.510369403,0.632369994,0.367630006,14617,290,573.85,175,10062.7,568.42,5.43,300,24,654.4134717,3.230826581,-86.52769401,2.827047859,0.97097825,-0.00807401,290,554.78,625,10046.2,568.28,-13.5,None,None,None,None,None,None,None,None,None,None,None,None,None,300,252.8553205,0.842950349,0.165294174,2,0.5,0: Broadleaf,2,1745737730,416.4239333,420.0003333,16.92497667,14.35988333,417.0359333,16.83832,599.9995667,101.0846333,0.06823389,39.36382667,36.57960667,999.9,0,0,5005.666667,0,439.9581333,-3.576442,423.5932,426.1194333,2.565097333,420.0003333,14.35988333,1.710856667,1.451563667,14.99526333,12.46721667,299.9646667,0.899991767,0.100008033,0,238.3454,4.99918,970.6792667,2768.228,46.91643333,49.5,48.3225,49.13326667,49.8393,265.4653333,29.5,0,37.4000001,0,238.3295,-7.175145314,-56.2713163,970.4406154,15,1745736568,9:49:28,1745736561,1745736568,2,0.294,-0.015,-0.602,-0.023,420,12,2.47,0.19,-3.57641,0.53637115,0.137207979,0,238.6178235,-5.660687557,0.733689166,0,2.58096561,-0.307363902,0.031169985,0,0,3,0/3,3.22148,2.67529,0.0990175,0.10055,0.0860116,0.0772961,26096.1,24078.7,27546.5,24566.1,32356.2,23965.1,39344.9,27321.8,1.791,1.3768,0.00819564,0,36.4664,999.9,22.4,37.7,14.5147,29.9773,18.758,1,1.03549,0,20.2615,5.22208,11.9141,4.9568,3.2928,9999,9999,9999,999.9,4.97275,1.85535,1.85739,1.8576,1.85696,1.85669,1.85196,1.85394,0,0,0,0,11111111,oooooooo,on,on,on,on,0,100,100,-0.612,0.0881,-1.501243767,0.00151024,1.49E-06,5.40E-12,-0.098316307,-0.011177753,0.001682567,-2.18E-05,3,2244,0,20,19.6,19.5,1.03271,2.57324,1.59424,2.11182,1.50269,2.41699,44.3621,23.9474,18,599.812,364.812,38.8306,40.1898,30.0005,40.1541,40.1599,20.7538,-30,-30,-999.9,420,0,98.2414,73.6663
40,1745737778,3072.6,20250427 10:09:37,10:09:37,15,A,3,21%,5561.82,1745737770,0.007427055,7.427054817,5.128267623,417.2449333,339.7512574,34.36516003,42.20349033,0.170546848,2.001544178,0.162865329,0.10245215,33.04829355,36.92127184,36.61373333,6.173160403,24.3101877,1.741018709,7.161683529,4.432141694,-327.5331174,295.7201775,35.51808077,36.75343444,10.469,0.0882,43.85996943,32.46261318,11.39735625,1.424669532,2.420910595,64.17628686,1.562716139,365.5812679,-0.198539123,0,0,1,0,24233,RECT-12807-20250324-17_57_43,10114.7,315.2007692,539.79,0.416067787,-0.222077465,MPF-14619-20250427-10_09_39,10054.9,231.7509231,685.9834686,0.662162525,0.5,168.5835731,5.128267623,55.81486219,0.031737049,-0.213115148,360.0010248,DARK-14620-20250427-10_09_46,175.93,175.93,0.743536094,0.890558684,-0.401784941,1.225064023,-0.650937127,0.676053356,0.323946644,14619,290,613.54,175,10054.9,612.59,0.95,300,24,685.9834686,2.631149297,-73.79536885,2.296810242,0.973592501,-0.008149536,290,602.94,645,10037.3,612.46,-9.52,None,None,None,None,None,None,None,None,None,None,None,None,None,200,168.5835731,0.842923625,0.165242597,2,0.5,0: Broadleaf,2,1745737770,417.2449333,419.9874333,17.21258667,14.77941667,417.8547333,17.11832,599.9758333,101.0801667,0.067832897,39.35423667,36.61373333,999.9,0,0,5002,0,435.8223333,-2.742590333,424.5525333,426.2878,2.433178667,419.9874333,14.77941667,1.739850667,1.493905333,15.25662333,12.90583333,199.9986333,0.900033467,0.099966613,0,231.7499,4.99918,715.553,1830.081,46.69143333,49.39773333,48.2059,49.0641,49.6829,175.5053333,19.49033333,0,37.4000001,0,231.7509231,-6.277948723,69.22912821,715.7368462,15,1745736568,9:49:28,1745736561,1745736568,2,0.294,-0.015,-0.602,-0.023,420,12,2.47,0.19,-2.74982975,0.781701726,0.153461972,0,231.8201471,-2.584858673,0.64868297,0,2.45100925,-0.402167842,0.039269341,0,0,3,0/3,3.22022,2.67761,0.0991683,0.100585,0.0870621,0.0790295,26088.5,24076.4,27543.3,24564.9,32316.4,23917.9,39341.4,27319.2,1.789,1.3754,0.00664592,0,36.4971,999.9,22.8,37.9,14.9356,29.9473,18.8782,1,1.03882,0,20.2623,5.22208,11.9141,4.9576,3.2928,9999,9999,9999,999.9,4.97275,1.85544,1.85733,1.8576,1.85696,1.85672,1.85196,1.85394,0,0,0,0,11111111,oooooooo,on,on,on,on,0,100,100,-0.61,0.0958,-1.501243767,0.00151024,1.49E-06,5.40E-12,-0.098316307,-0.011177753,0.001682567,-2.18E-05,3,2244,0,20,20.3,20.2,1.03271,2.57324,1.59424,2.11182,1.50269,2.49146,44.5852,23.9387,18,598.639,364.252,38.89,40.2336,30.0004,40.1951,40.2029,20.757,-30,-30,-999.9,420,0,98.2316,73.6609
41,1745737817,3112.1,20250427 10:10:17,10:10:17,15,A,3,21%,5561.82,1745737809,0.00698653,6.986529743,1.962999472,418.3582333,369.6429161,37.38867029,42.31613096,0.160789221,1.999367489,0.153935457,0.096801098,16.5075307,36.92587151,36.63686,6.180978876,24.74717145,1.770710381,7.155203107,4.410268495,-308.1059617,291.0877031,35.00078738,34.49005952,10.469,0.0882,22.40081093,16.86884527,5.531965657,0.691495707,1.193103112,64.17628686,1.562716139,391.3906631,-0.090262199,0,0,1,0,25066,RECT-12807-20250324-17_57_43,10114.7,315.2007692,539.79,0.416067787,-0.222077465,MPF-14621-20250427-10_10_18,10039.9,220.57676,677.624415,0.674485224,0.5,84.27197157,1.962999472,28.42009979,0.025928869,-0.203408277,357.6854468,DARK-14622-20250427-10_10_26,171.07,171.07,0.747544516,0.902267637,-0.373818656,1.261086743,-0.613717828,0.699760594,0.300239406,14621,290,626.61,255,10039.9,628.94,-2.33,300,24,677.624415,2.392138325,-48.87994711,2.083114151,0.951607234,-0.008225705,290,627.04,625,10030.7,628.89,-1.85,None,None,None,None,None,None,None,None,None,None,None,None,None,100,84.27197157,0.842850189,0.165100865,2,0.5,0: Broadleaf,2,1745737809,418.3582333,419.9867,17.50612,15.21826667,418.9650667,17.40401,600.0579333,101.0796667,0.068410723,39.33737,36.63686,999.9,0,0,4993.166667,0,472.1683333,-1.628461333,425.8127,426.4769667,2.287843667,419.9867,15.21826667,1.769514333,1.538258667,15.52005,13.35377333,99.98452,0.899986633,0.100013213,0,220.7002333,4.99918,457.1293333,891.4293667,46.47263333,49.30166667,48.0725,49.00413333,49.52686667,85.48466667,9.499,0,37.4000001,0,220.57676,-16.3450769,-21.45930771,456.96528,15,1745736568,9:49:28,1745736561,1745736568,2,0.294,-0.015,-0.602,-0.023,420,12,2.47,0.19,-1.707866341,1.62554446,0.200975116,0,221.4766765,-17.09572192,1.817972865,0,2.304333171,-0.337866481,0.033984356,0,0,3,0/3,3.22129,2.67604,0.0993822,0.100582,0.0881102,0.0807612,26080.2,24075,27541.2,24563.5,32277.2,23872.6,39338.5,27318.6,1.7886,1.374,0.00700355,0,36.5244,999.9,23.1,38,15.2149,29.8673,18.7099,1,1.04293,0,20.263,5.22088,11.9141,4.9572,3.2928,9999,9999,9999,999.9,4.97275,1.85544,1.85742,1.8576,1.85699,1.85669,1.85196,1.85394,0,0,0,0,11111111,oooooooo,on,on,on,on,0,100,100,-0.606,0.1035,-1.501243767,0.00151024,1.49E-06,5.40E-12,-0.098316307,-0.011177753,0.001682567,-2.18E-05,3,2244,0,20,20.9,20.8,1.03271,2.57568,1.59424,2.1106,1.50269,2.51831,44.8096,23.9474,18,598.69,363.689,38.9493,40.2775,30.0009,40.237,40.246,20.7581,-30,-30,-999.9,420,0,98.2242,73.6581
42,1745737857,3151.6,20250427 10:10:56,10:10:56,15,A,3,21%,5561.82,1745737849,0.006613023,6.613023172,-0.213619066,419.1436333,392.2290454,39.67226189,42.3945554,0.152078941,2.000985141,0.145937121,0.09174185,8.245206602,36.98910893,36.69938333,6.202159312,25.16694102,1.800134318,7.15277362,4.402024993,-291.6343219,283.8958778,34.11764951,34.62441202,10.469,0.0882,11.00994366,7.267573415,3.742370245,0.467796281,0.717512027,64.17628686,1.562716139,249.2569391,-0.001494131,0,0,1,0,24579,RECT-12807-20250324-17_57_43,10114.7,315.2007692,539.79,0.416067787,-0.222077465,RECT-14623-20250427-10_10_58,10022.5,213.06956,635.11,0.664515501,0.5,42.15562342,-0.213619066,14.00653262,0.000200647,-0.150084237,345.4781347,DARK-14624-20250427-10_11_05,175.25,175.25,0.724063548,0.917758535,-0.261480222,1.319250586,-0.424419282,0.754857631,0.245142369,14621,290,626.61,255,10039.9,628.94,-2.33,300,24,677.624415,2.392138325,-48.87994711,2.083114151,0.951607234,-0.008225705,290,627.04,625,10030.7,628.89,-1.85,None,None,None,None,None,None,None,None,None,None,None,None,None,50,42.15562342,0.842707183,0.164824862,2,0.5,0: Broadleaf,2,1745737849,419.1436333,419.9963667,17.79744667,15.63232667,419.7484,17.68747667,599.9970667,101.0779667,0.067683713,39.33104333,36.69938333,999.9,0,0,4999.833333,0,498.0557,-0.8527426,426.7382667,426.6661,2.165127,419.9963667,15.63232667,1.79893,1.580083667,15.77748,13.76588,50.02404667,0.899794367,0.10020564,0,213.2489667,4.99918,331.2749,422.5274667,46.23716667,49.18713333,47.92253333,48.937,49.3519,40.51266667,4.514333333,0,37.4000001,0,213.06956,-19.05584614,7.504461535,331.29352,15,1745736568,9:49:28,1745736561,1745736568,2,0.294,-0.015,-0.602,-0.023,420,12,2.47,0.19,-0.930209275,1.775289962,0.220984631,0,213.9595882,-16.27697479,1.678978438,0,2.1795465,-0.330613959,0.032528353,0,0,3,0/3,3.22117,2.67621,0.0995277,0.100529,0.0891373,0.0823571,26073.8,24074.9,27539,24562,32238.3,23830,39335.2,27317.2,1.7882,1.372,0.00837445,0,36.5586,999.9,23.5,38.2,15.6471,29.5973,18.742,1,1.04569,0,20.2639,5.22328,11.9141,4.958,3.2928,9999,9999,9999,999.9,4.97275,1.85541,1.85745,1.8576,1.85699,1.85669,1.85196,1.85394,0,0,0,0,11111111,oooooooo,on,on,on,on,0,100,100,-0.604,0.1112,-1.501243767,0.00151024,1.49E-06,5.40E-12,-0.098316307,-0.011177753,0.001682567,-2.18E-05,3,2244,0,20,21.6,21.5,1.03271,2.5769,1.59424,2.11182,1.50269,2.50977,45.0069,23.9474,18,598.746,362.785,39.0078,40.3231,30.0006,40.2806,40.2852,20.7637,-30,-30,-999.9,420,0,98.2161,73.654
,,,,,,,,,,,,,,,,,,,,,,,,,,,,,,,,,,,,,,,,,,,,,,,,,,,,,,,,,,,,,,,,,,,,,,,,,,,,,,,,,,,,,,,,,,,,,,,,,,,,,,,,,,,,,,,,,,,,,,,,,,,,,,,,,,,,,,,,,,,,,,,,,,,,,,,,,,,,,,,,,,,,,,,,,,,,,,,,,,,,,,,,,,,,,,,,,,,,,,,,,,,,,,,,,,,,,,,,,,,,,,,,,,,,,,,,,,,,,,,,,,,,,,,,,,,,,,,,,,,,,,,,,,,,,,,,,,,,,,,,,,,,,,,,,,,,,,,,
57,1745744537,9831.6,20250427 12:02:16,12:02:16,15,A,2,21%,5562.3,1745744529,0.008727008,8.727007688,10.94533473,415.1539355,243.3348274,24.60434005,41.97750364,0.132731673,2.000841928,0.128026835,0.080425589,321.4983687,41.58856214,40.14865806,7.472734323,10.42582501,0.864467897,8.291601831,6.608266426,-384.8610391,211.6442668,26.208133,174.4897294,10.469,0.0882,90.19281307,63.41907334,26.77373973,3.346717466,10.27640811,64.17628686,1.562716139,304.0292977,-0.180334958,0,0,1,0,24692,RECT-12807-20250324-17_57_43,10114.7,315.2007692,539.79,0.416067787,-0.222077465,MPF-14657-20250427-12_02_18,10074.3,200.69436,252.8364619,0.20622857,0.5,1681.135655,10.94533473,173.3491008,0.006642779,1.134937326,189.5686248,DARK-14658-20250427-12_02_26,156.24,156.24,0.382051154,0.539793082,0.748151579,-0.836088849,1.277681646,0.42022741,0.57977259,14657,290,239.03,115,10074.3,237.51,1.52,300,24,252.8364619,2.913101211,-15.44513404,2.620156088,0.553770196,-0.006672747,290,236.99,745,10045.9,237.46,-0.47,None,None,None,None,None,None,None,None,None,None,None,None,None,2000,1681.135655,0.840598468,0.160755044,2,0.5,0: Broadleaf,2,1745744529,415.1539355,420.0104194,8.549513871,5.665170968,415.631,8.62581129,599.956129,101.0465161,0.066589271,42.1107,40.14865806,999.9,0,0,5000.806452,0,1666.265806,-4.856455484,418.734,422.4035484,2.88434129,420.0104194,5.665170968,0.863898806,0.572446,4.802989355,-0.953216226,1999.927097,0.980000806,0.019999252,0,200.7705484,4.99918,4559.194194,19219.14839,49.24774194,51.312,49.875,50.274,51.671,1955.031935,39.89645161,0,408,0,200.69436,-3.457923039,-45.77692304,4558.4012,15,1745743582,11:46:22,1745743578,1745743582,3,0.139,0.007,-0.464,-0.016,420,12,1.57,0.13,-4.82515175,-0.572017373,0.149188199,0,201.0697059,-6.032727253,0.866987127,0,2.87445775,0.22939666,0.022825688,0,0,3,0/3,3.21737,2.67657,0.0981676,0.100025,0.050724,0.0362558,26033,24049.5,27460.6,24528.9,33506.5,24992.3,39240.3,27283.8,1.787,1.2708,0.147402,0,37.8557,999.9,6.2,49.2,7.3202,29.6418,21.0136,1,1.17053,0,20.2388,5.21729,11.9141,4.958,3.293,9999,9999,9999,999.9,4.97275,1.85565,1.8577,1.85794,1.85715,1.85684,1.85232,1.8541,0,0,0,0,11111111,oooooooo,on,on,on,on,0,100,100,-0.477,-0.0764,-1.3621969,0.00151024,1.49E-06,5.40E-12,-0.091108003,-0.011177753,0.001682567,-2.18E-05,3,2244,0,20,16,15.9,1.05103,2.63672,1.59302,2.08008,1.50269,2.54761,52.3081,23.9737,18,611.754,317.197,41.5832,41.9501,29.9988,41.9751,42.0064,21.1328,-30,-30,-999.9,420,0,97.9617,73.5597
58,1745744576,9871.1,20250427 12:02:56,12:02:56,15,A,2,21%,5562.3,1745744568,0.008621749,8.62174947,10.66630618,415.2502667,244.8839561,24.76059537,41.9865964,0.130840646,1.998869886,0.126262083,0.07931182,289.5658851,41.43593424,40.14386333,7.470822415,10.21905319,0.850577591,8.323448117,6.620244825,-380.2191516,219.8036221,27.25424496,156.4046005,10.469,0.0882,111.2195678,69.68391545,41.53565235,5.191956543,11.68068263,64.17628686,1.562716139,215.335727,0.360979541,0,0,1,0,24433,RECT-12807-20250324-17_57_43,10114.7,315.2007692,539.79,0.416067787,-0.222077465,MPF-14659-20250427-12_02_58,10070,197.4556,263.2447697,0.249916341,0.5,1513.18061,10.66630618,189.0842808,0.007195693,1.050525071,195.3600147,DARK-14660-20250427-12_03_05,156.51,156.51,0.405458273,0.616379928,0.721522726,-1.266247792,1.231337893,0.488563619,0.511436381,14659,290,238.83,155,10070,238.64,0.19,300,24,263.2447697,3.254193883,-24.77859301,2.917882611,0.72031794,-0.006837789,290,236.98,615,10051.5,238.59,-1.61,None,None,None,None,None,None,None,None,None,None,None,None,None,1800,1513.18061,0.84065823,0.160870383,2,0.5,0: Broadleaf,2,1745744568,415.2502667,419.9990333,8.412269667,5.562567333,415.7270333,8.490306333,600.008,101.0454333,0.066112573,42.18355667,40.14386333,999.9,0,0,4992.833333,0,1605.343667,-4.748699667,418.7732,422.3484667,2.849702,419.9990333,5.562567333,0.850021067,0.562071867,4.571248667,-1.202764,1799.995,0.9779971,0.022002777,0,197.5870667,4.99918,4066.615,17281.8,49.42253333,51.312,49.937,50.25,51.79753333,1755.502333,39.49366667,0,37.4000001,0,197.4556,-2.754999981,15.40769225,4066.6308,15,1745743582,11:46:22,1745743578,1745743582,3,0.139,0.007,-0.464,-0.016,420,12,1.57,0.13,-4.702687317,-0.889244321,0.156969542,0,197.9512353,-6.824507244,0.963478626,0,2.850675122,-0.021994704,0.004779423,1,1,3,01-Mar,3.21751,2.67508,0.0982049,0.100031,0.0499996,0.0357207,26038.3,24053.5,27467,24532.8,33539.1,25010.2,39248.5,27288.2,1.7878,1.2734,0.14022,0,37.9208,999.9,6.1,49.2,7.20288,29.9218,20.8934,1,1.16104,0,20.2411,5.21729,11.9141,4.9572,3.293,9999,9999,9999,999.9,4.97278,1.85568,1.85773,1.85791,1.85715,1.85684,1.85239,1.8541,0,0,0,0,11111111,oooooooo,on,on,on,on,0,100,100,-0.477,-0.0783,-1.3621969,0.00151024,1.49E-06,5.40E-12,-0.091108003,-0.011177753,0.001682567,-2.18E-05,3,2244,0,20,16.6,16.6,1.05103,2.63794,1.59302,2.08008,1.50269,2.57935,52.2399,23.9824,18,611.603,318.145,41.5443,41.8442,29.9989,41.8818,41.9155,21.1317,-30,-30,-999.9,420,0,97.9831,73.5714
59,1745744616,9910.6,20250427 12:03:35,12:03:35,15,A,2,21%,5562.3,1745744608,0.008316119,8.31611867,10.15983377,415.4642333,246.8585594,24.96030462,42.00832188,0.12621489,2.001199324,0.121953453,0.076591795,257.6664582,41.28975963,40.07582,7.443735674,9.980843906,0.830960582,8.325554331,6.612775092,-366.7408334,227.9198248,28.21920653,147.0646561,10.469,0.0882,91.80071235,61.86037054,29.94034181,3.742542726,9.452751789,64.17628686,1.562716139,265.1919547,-0.554170877,0,0,1,0,24602,RECT-12807-20250324-17_57_43,10114.7,315.2007692,539.79,0.416067787,-0.222077465,MPF-14661-20250427-12_03_37,10071.5,195.0212692,256.0563728,0.238365884,0.5,1345.185968,10.15983377,160.3232211,0.007717826,1.108090473,191.3729531,DARK-14662-20250427-12_03_45,152.31,152.31,0.405170048,0.588310723,0.732253606,-1.031967647,1.263344757,0.459465814,0.540534186,14661,290,241.01,155,10071.5,239.49,1.52,300,24,256.0563728,3.048227524,-16.6872355,2.72499885,0.572521831,-0.007004849,290,238.32,715,10047.9,239.45,-1.13,None,None,None,None,None,None,None,None,None,None,None,None,None,1600,1345.185968,0.840747536,0.161042744,2,0.5,0: Broadleaf,2,1745744608,415.4642333,420.0024333,8.218238333,5.469037333,415.9403,8.298666,600.0125,101.0450667,0.066698213,42.18836667,40.07582,999.9,0,0,5002.333333,0,1677.825667,-4.538303667,418.9068333,422.3120667,2.749200667,420.0024333,5.469037333,0.830412033,0.552618967,4.238045667,-1.433729,1599.988,0.9750056,0.02499438,0,195.0281333,4.99918,3608.724667,15341.34,49.5,51.3708,50,50.25,51.88326667,1555.122667,39.86833333,0,37.4000001,0,195.0212692,0.129470101,-3.146324767,3608.812692,15,1745743582,11:46:22,1745743578,1745743582,3,0.139,0.007,-0.464,-0.016,420,12,1.57,0.13,-4.55383,0.27917606,0.124903169,1,195.2755588,-3.619174946,0.723892793,0,2.75445425,-0.118267655,0.012048998,0,1,3,01-Mar,3.21751,2.6744,0.0982663,0.100045,0.0490721,0.03525,26042.7,24056.8,27473.3,24536.2,33578.5,25026.5,39256.3,27292.8,1.7888,1.2744,0.133157,0,37.9861,999.9,6,49.2,7.0848,29.8918,20.8413,1,1.15301,0,20.2428,5.21729,11.9141,4.9564,3.293,9999,9999,9999,999.9,4.97275,1.85565,1.85773,1.85791,1.85715,1.85684,1.85229,1.8541,0,0,0,0,11111111,oooooooo,on,on,on,on,0,100,100,-0.477,-0.0808,-1.3621969,0.00151024,1.49E-06,5.40E-12,-0.091108003,-0.011177753,0.001682567,-2.18E-05,3,2244,0,20,17.3,17.2,1.05103,2.63916,1.59302,2.08008,1.50269,2.57568,52.2059,23.9824,18,611.643,318.3,41.5099,41.754,29.9991,41.793,41.8299,21.1319,-30,-30,-999.9,420,0,98.0037,73.5827
60,1745744655,9950.1,20250427 12:04:15,12:04:15,15,A,2,21%,5562.3,1745744647,0.007950769,7.95076892,9.921804769,415.6230667,244.4170185,24.71244777,42.02270116,0.120598467,2.001566065,0.116702238,0.073278474,225.777378,41.13919481,40.01176667,7.418315095,9.74308395,0.810281659,8.316480319,6.608033435,-350.6289094,232.6365464,28.78627213,136.5712871,10.469,0.0882,102.9926811,64.95628279,38.03639831,4.754549789,9.942010581,64.17628686,1.562716139,219.1928375,0.393344972,0,0,1,0,24264,RECT-12807-20250324-17_57_43,10114.7,315.2007692,539.79,0.416067787,-0.222077465,MPF-14663-20250427-12_04_17,10069.5,192.4618462,267.5835595,0.280741139,0.5,1177.185581,9.921804769,165.2422106,0.008617063,1.017276401,197.7394752,DARK-14664-20250427-12_04_24,150.22,150.22,0.438605271,0.640076985,0.698735633,-1.577616872,1.212019114,0.499591824,0.500408176,14663,290,244.68,195,10069.5,243.04,1.64,300,24,267.5835595,2.918868364,-24.71856034,2.601705811,0.763247968,-0.007171511,290,240.29,635,10053.6,243,-2.71,None,None,None,None,None,None,None,None,None,None,None,None,None,1400,1177.185581,0.840867064,0.161273434,2,0.5,0: Broadleaf,2,1745744647,415.6230667,420.0314333,8.014043333,5.385270333,416.0988333,8.096895667,600.0557,101.0415667,0.066154553,42.16763667,40.01176667,999.9,0,0,5004,0,1706.913667,-4.4083,418.9808,422.3056333,2.628774,420.0314333,5.385270333,0.8097524,0.544136833,3.879387333,-1.643987,1399.966333,0.970994667,0.02900517,0,192.4870333,4.99918,3164.614,13400.02333,49.4412,51.39566667,50.062,50.30786667,51.937,1354.504333,40.462,0,37.4000001,0,192.4618462,-1.428034188,-1.996239286,3164.707308,15,1745743582,11:46:22,1745743578,1745743582,3,0.139,0.007,-0.464,-0.016,420,12,1.57,0.13,-4.37232325,-0.290901276,0.111592133,1,192.9135,-6.889427043,0.993072394,0,2.6370655,-0.16212788,0.015992972,0,1,3,01-Mar,3.21821,2.67472,0.0982916,0.100057,0.048087,0.0347847,26045.6,24059.6,27476.8,24539.1,33618,25040.9,39261.7,27295.3,1.7898,1.2754,0.121593,0,38.0735,999.9,5.9,49.2,6.96717,29.8718,20.6931,1,1.14569,0,20.2449,5.22088,11.9141,4.9564,3.293,9999,9999,9999,999.9,4.97272,1.85565,1.85773,1.85791,1.85712,1.85684,1.85226,1.8541,0,0,0,0,11111111,oooooooo,on,on,on,on,0,100,100,-0.477,-0.0832,-1.3621969,0.00151024,1.49E-06,5.40E-12,-0.091108003,-0.011177753,0.001682567,-2.18E-05,3,2244,0,20,17.9,17.9,1.05103,2.64282,1.59424,2.0813,1.50269,2.54028,52.1719,23.9824,18,611.755,318.493,41.4866,41.6702,29.9991,41.7129,41.7521,21.1294,-30,-30,-999.9,420,0,98.017,73.5904
61,1745744695,9989.6,20250427 12:04:54,12:04:54,15,A,2,21%,5562.3,1745744687,0.007583167,7.583166633,9.339434642,415.8336,246.3707652,24.91073029,42.04524286,0.114935305,2.001276325,0.111390125,0.069928239,193.806829,40.98713443,39.95275333,7.39496135,9.512691251,0.790203012,8.306829169,6.604758339,-334.4176485,236.5887907,29.26823383,125.246205,10.469,0.0882,100.073902,62.43036942,37.64353258,4.705441573,9.252856806,64.17628686,1.562716139,212.8678698,0.278765,0,0,1,0,24267,RECT-12807-20250324-17_57_43,10114.7,315.2007692,539.79,0.416067787,-0.222077465,MPF-14665-20250427-12_04_56,10076,190.5236538,274.7139655,0.30646535,0.5,1009.203061,9.339434642,154.6428848,0.009474319,0.964916487,201.606455,DARK-14666-20250427-12_05_04,152.27,152.27,0.445714383,0.687582367,0.684031881,-2.079450686,1.180270459,0.549528444,0.450471556,14665,290,250.09,145,10076,248.06,2.03,300,24,274.7139655,3.660260164,-26.85726731,3.252510263,0.708893105,-0.007337625,290,245.77,695,10051.4,247.99,-2.22,None,None,None,None,None,None,None,None,None,None,None,None,None,1200,1009.203061,0.840985731,0.161502461,2,0.5,0: Broadleaf,2,1745744687,415.8336,419.9975,7.815223333,5.307470667,416.3086667,7.900348333,600.0514,101.0446667,0.066072963,42.14556667,39.95275333,999.9,0,0,5002.666667,0,1683.958,-4.163950333,419.1089667,422.2386,2.507751333,419.9975,5.307470667,0.789686767,0.536291833,3.523214,-1.841045667,1200.024,0.9670023,0.0329977,0,190.5552333,4.99918,2735.074333,11464.51667,49.375,51.4643,50.0809,50.3204,51.937,1155.594,39.43,0,37.4000001,0,190.5236538,-0.520717953,-10.1962393,2735.074615,15,1745743582,11:46:22,1745743578,1745743582,3,0.139,0.007,-0.464,-0.016,420,12,1.57,0.13,-4.13204775,-0.46968349,0.112798992,1,191.0136471,-7.058517951,0.971987499,0,2.51877525,-0.188328068,0.018499155,0,1,3,01-Mar,3.21801,2.67461,0.0983595,0.100092,0.0471386,0.0343858,26047.4,24061.4,27480.6,24541.7,33655.5,25054,39266.5,27298.3,1.7906,1.2762,0.110716,0,38.1867,999.9,5.8,49.2,6.84944,29.7518,20.7292,1,1.13982,0,20.2476,5.21969,11.9141,4.9572,3.293,9999,9999,9999,999.9,4.97278,1.85565,1.85773,1.85797,1.85715,1.85684,1.85226,1.8541,0,0,0,0,11111111,oooooooo,on,on,on,on,0,100,100,-0.476,-0.0855,-1.3621969,0.00151024,1.49E-06,5.40E-12,-0.091108003,-0.011177753,0.001682567,-2.18E-05,3,2244,0,20,18.6,18.5,1.05103,2.63794,1.59302,2.08008,1.50269,2.57324,52.1379,23.9824,18,611.782,318.599,41.4645,41.6018,29.9995,41.6415,41.6796,21.1313,-30,-30,-999.9,420,0,98.0296,73.5984
62,1745744734,10029.1,20250427 12:05:34,12:05:34,15,A,2,21%,5562.3,1745744726,0.007204723,7.204723008,9.068742759,416.0020667,244.0584897,24.67600556,42.06069342,0.109277042,1.999961459,0.106065037,0.06657137,161.9030564,40.79950908,39.86931,7.362048527,9.303395634,0.770322068,8.280009772,6.591726459,-317.7282846,238.8050715,29.54138505,112.5212283,10.469,0.0882,103.3382997,62.79665696,40.54164274,5.067705346,9.027092442,64.17628686,1.562716139,198.8107041,0.200424013,0,0,1,0,24101,RECT-12807-20250324-17_57_43,10114.7,315.2007692,539.79,0.416067787,-0.222077465,MPF-14667-20250427-12_05_36,10082.3,189.7995769,295.9432088,0.358662165,0.5,841.1868311,9.068742759,150.8509449,0.011044895,0.823964815,212.8096296,DARK-14668-20250427-12_05_43,153.59,153.59,0.481015291,0.745635682,0.631400288,-5.511790147,1.085745698,0.603384824,0.396615176,14667,290,259.97,115,10082.3,257.89,2.08,300,24,295.9432088,2.208695316,-38.36794799,1.956875741,0.932108726,-0.007504768,290,252.76,635,10056.7,257.79,-5.03,None,None,None,None,None,None,None,None,None,None,None,None,None,1000,841.1868311,0.841194009,0.161904438,2,0.5,0: Broadleaf,2,1745744726,416.0020667,420.0239333,7.618884667,5.235671333,416.4766667,7.706168,600.0160333,101.0409,0.0660338,42.08412,39.86931,999.9,0,0,4997.5,0,1653.943333,-4.021816667,419.1959333,422.2345667,2.383214,420.0239333,5.235671333,0.769819067,0.5290169,3.162578,-2.026085,999.9914667,0.9600015,0.039998617,0,189.7720667,4.99918,2320.544,9523.815,49.2437,51.5,50.0935,50.375,51.87913333,955.193,39.8,0,37.4000001,0,189.7995769,-0.436341879,-16.46427351,2320.565385,15,1745743582,11:46:22,1745743578,1745743582,3,0.139,0.007,-0.464,-0.016,420,12,1.57,0.13,-3.962450732,-0.691413031,0.186932047,0,190.3589412,-8.385026738,1.094398651,0,2.396594146,-0.215620348,0.021646151,0,0,3,0/3,3.21837,2.675,0.0984344,0.100064,0.0461926,0.0339913,26049.5,24064.5,27484.9,24543.9,33693.5,25066.4,39271.9,27300.8,1.7918,1.2762,0.0990927,0,38.2778,999.9,5.7,49.2,6.73074,30.0618,20.7732,1,1.13494,0,20.2492,5.21969,11.9141,4.9568,3.293,9999,9999,9999,999.9,4.97278,1.85568,1.85766,1.85791,1.85702,1.85684,1.85226,1.8541,0,0,0,0,11111111,oooooooo,on,on,on,on,0,100,100,-0.475,-0.0876,-1.3621969,0.00151024,1.49E-06,5.40E-12,-0.091108003,-0.011177753,0.001682567,-2.18E-05,3,2244,0,20,19.3,19.2,1.05103,2.63916,1.59424,2.08008,1.50269,2.55371,52.1039,23.9912,18,612.187,318.356,41.4456,41.5394,29.9996,41.5788,41.6189,21.13,-30,-30,-999.9,420,0,98.0437,73.605
63,1745744774,10068.6,20250427 12:06:13,12:06:13,15,A,2,21%,5562.3,1745744766,0.006838381,6.83838109,8.325895341,416.2954,249.0161494,25.17742309,42.0906252,0.10389443,2.000421545,0.100987172,0.063371412,129.9835112,40.59614212,39.77357333,7.324443287,9.10931182,0.751335028,8.2479889,6.573108259,-301.5726061,241.2484535,29.81265762,99.47201618,10.469,0.0882,92.34523565,57.15137583,35.19385982,4.399232477,7.652086073,64.17628686,1.562716139,208.4319883,0.205151348,0,0,1,0,24703,RECT-12807-20250324-17_57_43,10114.7,315.2007692,539.79,0.416067787,-0.222077465,MPF-14669-20250427-12_06_15,10084.8,191.4628,314.0346863,0.39031321,0.5,673.2002691,8.325895341,131.3794788,0.012697518,0.718886555,222.0066091,DARK-14670-20250427-12_06_23,151.34,151.34,0.518078714,0.753385922,0.581169555,-105.1142113,1.00519207,0.595506937,0.404493063,14669,290,278.32,115,10084.8,273.87,4.45,300,24,314.0346863,3.188736321,-40.5065367,2.816787789,0.880747502,-0.007672267,290,264.95,635,10059,273.77,-8.82,None,None,None,None,None,None,None,None,None,None,None,None,None,800,673.2002691,0.841490975,0.162477581,2,0.5,0: Broadleaf,2,1745744766,416.2954,420.0196,7.431044667,5.168539667,416.7691667,7.520309,600.0044,101.0417,0.065891397,42.01053,39.77357333,999.9,0,0,4999.333333,0,1650.917,-3.724212,419.412,422.2018,2.262505667,420.0196,5.168539667,0.750845433,0.522238067,2.810397667,-2.200555,800.0089,0.9499935,0.050006623,0,191.5178333,4.99918,1932.739667,7584.863667,49.05376667,51.562,50.0662,50.3874,51.781,755.2543333,39.76,0,37.4000001,0,191.4628,-0.972538469,-20.73153841,1932.5456,15,1745743582,11:46:22,1745743578,1745743582,3,0.139,0.007,-0.464,-0.016,420,12,1.57,0.13,-3.679519,-0.552861163,0.187925004,0,192.0509118,-8.23729564,1.0828983,0,2.273766,-0.20351122,0.020168485,0,0,3,0/3,3.21691,2.67451,0.0985042,0.100115,0.0452197,0.0336327,26049.2,24063.8,27486.5,24544.5,33728.6,25076.7,39272.8,27301.9,1.7914,1.2768,0.089556,0,38.3521,999.9,5.7,49.2,6.73066,29.8218,20.9816,1,1.13073,0,20.2517,5.22328,11.9141,4.958,3.293,9999,9999,9999,999.9,4.97278,1.85568,1.85776,1.85791,1.85715,1.85684,1.85226,1.8541,0,0,0,0,11111111,oooooooo,on,on,on,on,0,100,100,-0.473,-0.0897,-1.3621969,0.00151024,1.49E-06,5.40E-12,-0.091108003,-0.011177753,0.001682567,-2.18E-05,3,2244,0,20,19.9,19.9,1.05103,2.6416,1.59424,2.07886,1.50269,2.52075,52.1039,23.9912,18,611.431,318.446,41.4297,41.4932,29.9995,41.5245,41.5674,21.1282,-30,-30,-999.9,420,0,98.0474,73.6073
64,1745744814,10108.5,20250427 12:06:53,12:06:53,15,A,2,21%,5562.3,1745744806,0.006446128,6.446128326,7.548340896,416.5873548,254.5609692,25.73786396,42.11984539,0.09813341,2.001125903,0.09553618,0.059937738,98.07027526,40.39320548,39.66804516,7.283184994,8.908517989,0.73157487,8.212082755,6.551610124,-284.2742592,243.7839238,30.08828993,87.6682298,10.469,0.0882,83.68788698,52.19211442,31.49577256,3.93697157,6.504066947,64.17628686,1.562716139,212.6949641,0.180297616,0,0,1,0,24708,RECT-12807-20250324-17_57_43,10114.7,315.2007692,539.79,0.416067787,-0.222077465,MPF-14671-20250427-12_06_55,10087.8,197.75496,361.694082,0.453253537,0.5,505.205242,7.548340896,114.4930315,0.015380716,0.492393785,244.8114553,DARK-14672-20250427-12_07_03,161.75,161.75,0.552798876,0.819924853,0.47110337,3.526079605,0.792985119,0.670642319,0.329357681,14671,290,310.98,115,10087.8,305.08,5.9,300,24,361.694082,3.752577596,-57.10712644,3.30514995,0.914251698,-0.007839961,290,293.25,625,10062.5,304.94,-11.69,None,None,None,None,None,None,None,None,None,None,None,None,None,600,505.205242,0.841993527,0.163447506,2,0.5,0: Broadleaf,2,1745744806,416.5873548,419.9982581,7.235659032,5.102706774,417.0603548,7.326894839,600.0590323,101.0405484,0.066326087,41.92771613,39.66804516,999.9,0,0,5002.258065,0,1660.23871,-3.410928387,419.6236452,422.1523548,2.132951935,419.9982581,5.102706774,0.731095355,0.515580613,2.435367742,-2.373856774,600.0108387,0.932990419,0.067009174,0,197.8564839,4.99918,1563.060323,5645.267419,48.84654839,51.562,50.026,50.431,51.671,555.1409677,39.87129032,0,38,0,197.75496,-2.177384613,-5.237692294,1562.9152,15,1745743582,11:46:22,1745743578,1745743582,3,0.139,0.007,-0.464,-0.016,420,12,1.57,0.13,-3.431255854,0.129302967,0.095325782,1,198.1312353,-5.563330789,0.768273123,0,2.145562439,-0.248015745,0.024633047,0,1,3,01-Mar,3.21797,2.67481,0.0985726,0.100116,0.0442622,0.0332479,26048.8,24064.7,27488.1,24545.2,33763.3,25087.2,39273.9,27302.4,1.7916,1.2778,0.0784397,0,38.426,999.9,5.6,49.2,6.61379,29.9218,20.7372,1,1.12854,0,20.2536,5.22088,11.9141,4.958,3.293,9999,9999,9999,999.9,4.97278,1.85568,1.8577,1.85791,1.85715,1.85684,1.85229,1.8541,0,0,0,0,11111111,oooooooo,on,on,on,on,0,100,100,-0.473,-0.0916,-1.3621969,0.00151024,1.49E-06,5.40E-12,-0.091108003,-0.011177753,0.001682567,-2.18E-05,3,2244,0,20,20.6,20.5,1.05103,2.64282,1.59424,2.08008,1.50269,2.55615,52.1039,23.9999,18,611.24,318.765,41.412,41.4545,29.9998,41.4828,41.5219,21.1266,-30,-30,-999.9,420,0,98.0515,73.6092
65,1745744853,10148,20250427 12:07:33,12:07:33,15,A,2,21%,5562.3,1745744845,0.006105986,6.105985977,6.89074878,416.8622667,259.0327041,26.19062486,42.14866722,0.092772799,2.000604749,0.09044736,0.056733677,82.09550465,40.3048745,39.63462,7.270158861,8.729853912,0.713893054,8.177605958,6.556265808,-269.2739816,238.7172223,29.45465797,80.9934033,10.469,0.0882,75.42248219,47.68340051,27.73908168,3.467385209,5.65885131,64.17628686,1.562716139,220.6377,0.179469932,0,0,1,0,24886,RECT-12807-20250324-17_57_43,10114.7,315.2007692,539.79,0.416067787,-0.222077465,MPF-14673-20250427-12_07_35,10089.6,201.657,390.0514567,0.482998983,0.5,421.2020277,6.89074878,101.7200754,0.016886971,0.383894332,257.4815716,DARK-14674-20250427-12_07_42,156.7,156.7,0.598258134,0.807342107,0.390870404,2.516936891,0.666721831,0.627354905,0.372645095,14673,290,333.8,115,10089.6,326.44,7.36,300,24,390.0514567,3.073183687,-64.1792082,2.702840595,0.952689082,-0.007924359,290,312.12,615,10065,326.29,-14.17,None,None,None,None,None,None,None,None,None,None,None,None,None,500,421.2020277,0.84237592,0.164185525,2,0.5,0: Broadleaf,2,1745744845,416.8622667,420.0077,7.060604667,5.039604667,417.3345667,7.153534,599.9875333,101.0433,0.066036563,41.84790333,39.63462,999.9,0,0,5000,0,1127.792867,-3.145495667,419.8264333,422.1351333,2.021,420.0077,5.039604667,0.713426667,0.509218233,2.092186667,-2.541347333,500.0167,0.920003,0.0799971,0,201.6663,4.99918,1298.301667,4676.542,48.62893333,51.54546667,49.937,50.43286667,51.52066667,455.4176667,39.6,0,37.4000001,0,201.657,-3.320478632,85.3808552,1299.748077,15,1745743582,11:46:22,1745743578,1745743582,3,0.139,0.007,-0.464,-0.016,420,12,1.57,0.13,-3.11638175,-0.838076735,0.148632971,0,202.3641176,-10.14988542,1.211932675,0,2.034543,-0.231034897,0.022615921,0,0,3,0/3,3.2182,2.67417,0.0986301,0.100137,0.0433858,0.0329248,26047.3,24064.3,27488.3,24545.3,33795.3,25095.3,39275.2,27302.3,1.7926,1.2778,0.0725687,0,38.4778,999.9,5.5,49.2,6.49462,29.7818,20.7212,1,1.12622,0,20.2546,5.21849,11.9141,4.9576,3.293,9999,9999,9999,999.9,4.97278,1.85571,1.85773,1.85791,1.85715,1.85687,1.85226,1.8541,0,0,0,0,11111111,oooooooo,on,on,on,on,0,100,100,-0.472,-0.0933,-1.3621969,0.00151024,1.49E-06,5.40E-12,-0.091108003,-0.011177753,0.001682567,-2.18E-05,3,2244,0,20,21.2,21.2,1.05103,2.6416,1.59424,2.08008,1.50269,2.44873,52.1039,23.9912,18,611.699,318.607,41.3939,41.4261,29.9999,41.4453,41.4823,21.1266,-30,-30,-999.9,420,0,98.0536,73.609
66,1745744893,10187.5,20250427 12:08:12,12:08:12,15,A,2,21%,5562.3,1745744885,0.005749133,5.749133254,6.126882882,417.1262333,265.4397891,26.83841061,42.175309,0.087087029,2.000481931,0.085034375,0.053326877,66.13011585,40.22838101,39.61690667,7.263263983,8.549329618,0.696392262,8.145577407,6.566871721,-253.5367765,232.5881924,28.68751942,73.86905118,10.469,0.0882,66.73013904,42.74897707,23.98116197,2.997645246,4.810609869,64.17628686,1.562716139,228.8021422,0.167229159,0,0,1,0,24297,RECT-12807-20250324-17_57_43,10114.7,315.2007692,539.79,0.416067787,-0.222077465,MPF-14675-20250427-12_08_14,10087.7,205.77232,433.0441031,0.524823641,0.5,337.2017094,6.126882882,88.48571451,0.018828375,0.246501214,275.5395995,DARK-14676-20250427-12_08_22,162.79,162.79,0.62407986,0.840955902,0.283145615,1.928592612,0.475293925,0.66529459,0.33470541,14675,290,361.82,145,10087.7,356.09,5.73,300,24,433.0441031,3.497136598,-77.63399014,3.071297986,0.958017197,-0.008008861,290,339.02,635,10065.6,355.92,-16.9,None,None,None,None,None,None,None,None,None,None,None,None,None,400,337.2017094,0.842962196,0.165317038,2,0.5,0: Broadleaf,2,1745744885,417.1262333,419.9677,6.887524667,4.984479333,417.5977667,6.982057333,600.0420333,101.0433,0.065922183,41.77349667,39.61690667,999.9,0,0,4999.5,0,1208.0183,-2.841439667,420.0191,422.0715333,1.903045667,419.9677,4.984479333,0.695938233,0.503648167,1.745016,-2.689503333,400.0199667,0.900013867,0.099986393,0,205.8158333,4.99918,1116.991333,3707.269333,48.4081,51.4517,49.8309,50.375,51.37276667,355.5236667,39.498,0,37.4000001,0,205.77232,-2.513384634,661.8692297,1121.2996,15,1745743582,11:46:22,1745743578,1745743582,3,0.139,0.007,-0.464,-0.016,420,12,1.57,0.13,-2.84610275,0.591479662,0.146064136,0,205.9655,-2.705225374,0.598503391,0,1.91569,-0.249604728,0.024477759,0,0,3,0/3,3.21831,2.67399,0.0986787,0.100133,0.0425478,0.0326408,26046.7,24065.3,27489,24546.1,33826.3,25103.4,39276.8,27303.1,1.793,1.2784,0.0673831,0,38.5187,999.9,5.5,49.2,6.4944,29.8118,20.7091,1,1.125,0,20.256,5.21729,11.9141,4.9568,3.293,9999,9999,9999,999.9,4.97275,1.85565,1.8577,1.85791,1.85705,1.85684,1.85226,1.8541,0,0,0,0,11111111,oooooooo,on,on,on,on,0,100,100,-0.471,-0.0949,-1.3621969,0.00151024,1.49E-06,5.40E-12,-0.091108003,-0.011177753,0.001682567,-2.18E-05,3,2244,0,20,21.9,21.8,1.05103,2.63794,1.59424,2.08008,1.50269,2.54517,52.1039,23.9999,18,611.731,318.765,41.3717,41.401,29.9999,41.4121,41.4477,21.129,-30,-30,-999.9,420,0,98.057,73.6114
67,1745744932,10227,20250427 12:08:52,12:08:52,15,A,2,21%,5562.3,1745744924,0.005362237,5.36223693,4.867328045,417.6221,281.677046,28.47995374,42.22515912,0.08087567,2.001156364,0.07910275,0.049595272,49.58789813,40.17742887,39.61831,7.263810021,8.360995876,0.679055915,8.121710915,6.584754106,-236.4746486,226.5156461,27.9218575,67.55075313,10.469,0.0882,52.71731153,34.71922167,17.99808986,2.249761233,3.632050306,64.17628686,1.562716139,247.5985781,0.14282708,0,0,1,0,24641,RECT-12807-20250324-17_57_43,10114.7,315.2007692,539.79,0.416067787,-0.222077465,MPF-14677-20250427-12_08_54,10083.6,207.846,459.9529119,0.548114612,0.5,252.884265,4.867328045,69.30478041,0.020125434,0.173576655,286.1930955,DARK-14678-20250427-12_09_01,171.36,171.36,0.627440124,0.873572778,0.216695405,1.741645458,0.355480482,0.720222816,0.279777184,14677,290,393.07,115,10083.6,386.52,6.55,300,24,459.9529119,2.555976189,-74.04219613,2.239338384,0.975027851,-0.008085354,290,370.19,615,10059.1,386.35,-16.16,None,None,None,None,None,None,None,None,None,None,None,None,None,300,252.884265,0.842949985,0.165293471,2,0.5,0: Broadleaf,2,1745744924,417.6221,419.9910333,6.716108667,4.94068,418.0923,6.812158667,599.9929667,101.0415333,0.067002637,41.71788667,39.61831,999.9,0,0,5002.333333,0,1645.704,-2.368954333,420.4458667,422.0764667,1.775428667,419.9910333,4.94068,0.678605733,0.499213733,1.393239667,-2.808497,299.9991333,0.900006,0.09999405,0,207.8533333,4.99918,969.7904667,2768.567,48.19983333,51.375,49.7101,50.3393,51.2101,265.5023333,29.5,0,37.4000001,0,207.846,0.895316238,-3.322119669,969.7483846,15,1745743582,11:46:22,1745743578,1745743582,3,0.139,0.007,-0.464,-0.016,420,12,1.57,0.13,-2.3917085,0.456585141,0.147026377,1,207.5193824,4.81113828,0.774731263,0,1.790757,-0.262965704,0.025612917,0,1,3,01-Mar,3.21805,2.67375,0.0987297,0.100173,0.0416801,0.032376,26045.7,24064.7,27489.4,24546.6,33856.8,25110.4,39276.7,27303.2,1.7932,1.2784,0.064373,0,38.5804,999.9,5.4,49.2,6.37599,29.8518,20.7532,1,1.12394,0,20.2568,5.22088,11.9141,4.9564,3.293,9999,9999,9999,999.9,4.97278,1.85565,1.8577,1.85791,1.85709,1.85684,1.85226,1.8541,0,0,0,0,11111111,oooooooo,on,on,on,on,0,100,100,-0.471,-0.0964,-1.3621969,0.00151024,1.49E-06,5.40E-12,-0.091108003,-0.011177753,0.001682567,-2.18E-05,3,2244,0,20,22.6,22.5,1.05103,2.64038,1.59424,2.08008,1.50269,2.55493,52.1039,23.9999,18,611.659,318.631,41.348,41.3801,30.0001,41.3838,41.4147,21.1266,-30,-30,-999.9,420,0,98.0575,73.6122
68,1745744972,10266.5,20250427 12:09:31,12:09:31,15,A,2,21%,5562.3,1745744964,0.005016986,5.016985604,3.473859666,418.1371333,303.9659311,30.73191114,42.27497858,0.075393489,2.00081472,0.07385005,0.046292322,33.04800568,40.11123636,39.61813333,7.263741278,8.20717228,0.66462925,8.098151555,6.599112028,-221.2490651,220.5596999,27.18513509,59.54377552,10.469,0.0882,37.11410175,25.80223606,11.31186569,1.413983211,2.352187066,64.17628686,1.562716139,292.7707505,0.310299565,0,0,1,0,24303,RECT-12807-20250324-17_57_43,10114.7,315.2007692,539.79,0.416067787,-0.222077465,MPF-14679-20250427-12_09_33,10066.3,206.0555769,483.5673316,0.573884414,0.5,168.5794102,3.473859666,48.37254801,0.021924013,0.116266474,295.1617263,DARK-14680-20250427-12_09_41,172.78,172.78,0.642697121,0.89293136,0.153191108,1.648259315,0.250335549,0.74873334,0.25126666,14679,290,416.17,195,10066.3,413.41,2.76,300,24,483.5673316,2.601183841,-70.62671864,2.273484865,0.971804297,-0.008160897,290,399.03,625,10050.7,413.3,-14.27,None,None,None,None,None,None,None,None,None,None,None,None,None,200,168.5794102,0.842925149,0.165245537,2,0.5,0: Broadleaf,2,1745744964,418.1371333,419.9943,6.573774333,4.912483333,418.6059333,6.671028333,600.0159,101.037,0.066143473,41.66285333,39.61813333,999.9,0,0,5001.166667,0,1612.864,-1.857180667,420.904,422.0677667,1.661292333,419.9943,4.912483333,0.664194133,0.496342367,1.094649333,-2.88605,199.9933333,0.899978,0.100022,0,205.9941667,4.99918,749.1280333,1829.998,47.9643,51.312,49.5725,50.30166667,51.05166667,175.4906667,19.5,0,37.4000001,0,206.0555769,1.2753162,3.775760701,749.0795769,15,1745743582,11:46:22,1745743578,1745743582,3,0.139,0.007,-0.464,-0.016,420,12,1.57,0.13,-1.90438825,0.851351707,0.128711579,0,205.6954412,5.753720384,0.871840183,0,1.67434825,-0.250498874,0.024428527,0,0,3,0/3,3.21757,2.67397,0.0988523,0.100185,0.0409885,0.0322503,26042.8,24064.7,27490.1,24546.9,33881.3,25113.9,39276.9,27303.5,1.7932,1.2778,0.0591576,0,38.6565,999.9,5.4,49.2,6.37757,29.9718,20.9014,1,1.12333,0,20.2578,5.22208,11.9141,4.9568,3.293,9999,9999,9999,999.9,4.97275,1.85574,1.85763,1.85791,1.85712,1.85684,1.85226,1.8541,0,0,0,0,11111111,oooooooo,on,on,on,on,0,100,100,-0.469,-0.0975,-1.3621969,0.00151024,1.49E-06,5.40E-12,-0.091108003,-0.011177753,0.001682567,-2.18E-05,3,2244,0,20,23.2,23.2,1.05103,2.6416,1.59302,2.08008,1.50269,2.55005,52.1039,24.0087,18,611.508,318.246,41.3284,41.3675,30.0001,41.3664,41.3941,21.1259,-30,-30,-999.9,420,0,98.0588,73.613
69,1745745011,10306,20250427 12:10:11,12:10:11,15,A,2,21%,5562.3,1745745003,0.004656023,4.656023156,1.790184692,418.7710333,336.0666739,33.97936677,42.3415222,0.069766236,2.000392353,0.068442145,0.042893212,16.51342547,40.05170216,39.61272333,7.261636457,8.080774012,0.652527417,8.075060827,6.60910904,-205.3306212,215.2650357,26.5305801,52.97842011,10.469,0.0882,18.93580751,15.25300472,3.682802791,0.460350349,0.933024389,64.17628686,1.562716139,531.5957776,-0.009155592,0,0,1,0,25161,RECT-12807-20250324-17_57_43,10114.7,315.2007692,539.79,0.416067787,-0.222077465,MPF-14681-20250427-12_10_13,10060.4,201.9208462,485.1503977,0.583797422,0.5,84.30285936,1.790184692,24.60789599,0.023869441,0.112624049,295.7507756,DARK-14682-20250427-12_10_20,161.2,161.2,0.667731902,0.874299132,0.144323945,1.666549989,0.243286831,0.697981525,0.302018475,14681,290,427.14,175,10060.4,425.97,1.17,300,24,485.1503977,2.437677371,-59.54228103,2.125392986,0.965552212,-0.00823742,290,413.29,635,10042.2,425.86,-12.57,None,None,None,None,None,None,None,None,None,None,None,None,None,100,84.30285936,0.842849291,0.165099133,2,0.5,0: Broadleaf,2,1745745003,418.7710333,420.0176,6.453702333,4.911831333,419.2379667,6.551936333,600.0469,101.0426667,0.066337607,41.60878,39.61272333,999.9,0,0,4999.166667,0,1597.672333,-1.246642833,421.4912,422.0909333,1.541869,420.0176,4.911831333,0.6520989,0.496304367,0.839592467,-2.887078,100.0212733,0.899993633,0.10000643,0,201.9852667,4.99918,527.6942333,891.7761333,47.7497,51.2479,49.4517,50.2416,50.88526667,85.51933333,9.499333333,0,37.4000001,0,201.9208462,-8.769709399,-4.384444456,527.6921923,15,1745743582,11:46:22,1745743578,1745743582,3,0.139,0.007,-0.464,-0.016,420,12,1.57,0.13,-1.2921731,0.980695835,0.165510031,0,202.1945294,-5.542582131,0.788907146,0,1.5569095,-0.254841501,0.024740888,0,0,3,0/3,3.2171,2.67394,0.0989998,0.100184,0.0404043,0.0323004,26037.1,24064,27488.6,24546.1,33901.3,25111.7,39276.2,27302.5,1.793,1.2786,0.0554323,0,38.7276,999.9,5.3,49.1,6.22776,29.5618,21.0016,1,1.12256,0,20.2589,5.22088,11.9141,4.9568,3.293,9999,9999,9999,999.9,4.97281,1.85565,1.8577,1.85791,1.85715,1.85684,1.85226,1.8541,0,0,0,0,11111111,oooooooo,on,on,on,on,0,100,100,-0.467,-0.0984,-1.3621969,0.00151024,1.49E-06,5.40E-12,-0.091108003,-0.011177753,0.001682567,-2.18E-05,3,2244,0,20,23.9,23.8,1.05103,2.64038,1.59424,2.08008,1.50269,2.52563,52.1039,24.0087,18,611.216,318.564,41.3133,41.3634,29.9999,41.3498,41.3736,21.1257,-30,-30,-999.9,420,0,98.0556,73.6106
70,1745745051,10345.5,20250427 12:10:50,12:10:50,15,A,2,21%,5562.3,1745745043,0.004301398,4.301398091,0.064672132,419.3453667,374.4302395,37.85260603,42.39325055,0.06407768,2.002264021,0.062959872,0.039448727,8.236374011,40.07479168,39.66033667,7.28017912,7.99367615,0.644172467,8.058525948,6.636006653,-189.6916558,206.1381101,25.38302107,50.0658493,10.469,0.0882,8.666806247,7.228637472,1.438168775,0.179771097,0.408351496,64.17628686,1.562716139,645.1358421,-0.000238902,0,0,1,0,24138,RECT-12807-20250324-17_57_43,10114.7,315.2007692,539.79,0.416067787,-0.222077465,RECT-14683-20250427-12_10_52,10053.9,199.5090769,435.48,0.541863973,0.5,42.11304535,0.064672132,11.40977104,0.006809044,0.239528796,276.5237807,DARK-14684-20250427-12_11_00,168.52,168.52,0.613024708,0.883918651,0.280954561,1.961859263,0.464447915,0.746622526,0.253377474,14681,290,427.14,175,10060.4,425.97,1.17,300,24,485.1503977,2.437677371,-59.54228103,2.125392986,0.965552212,-0.00823742,290,413.29,635,10042.2,425.86,-12.57,None,None,None,None,None,None,None,None,None,None,None,None,None,50,42.11304535,0.842701359,0.164813623,2,0.5,0: Broadleaf,2,1745745043,419.3453667,419.9681667,6.372022333,4.947392333,419.8109,6.470904,600.0139667,101.0283,0.06558089,41.56997667,39.66033667,999.9,0,0,5007.5,0,1608.810333,-0.622752967,422.0346,422.0562,1.424632333,419.9681667,4.947392333,0.643754367,0.4998264,0.661180567,-2.79201,49.97386667,0.8999596,0.1000401,0,199.5936667,4.99918,416.1922,422.0798333,47.51853333,51.17666667,49.30996667,50.187,50.7311,40.47566667,4.5,0,37.4000001,0,199.5090769,-13.77811963,-7.388854706,416.2652308,15,1745743582,11:46:22,1745743578,1745743582,3,0.139,0.007,-0.464,-0.016,420,12,1.57,0.13,-0.701550146,1.223986871,0.170342508,0,199.8586176,-8.931321592,1.199739727,0,1.435608537,-0.239908014,0.02392758,0,0,3,0/3,3.21717,2.67432,0.0991315,0.100167,0.0399994,0.0325685,26034,24063.7,27489.3,24545.3,33915.6,25104.3,39276.2,27302,1.7928,1.2782,0.0531971,0,38.8064,999.9,5.3,49.1,6.22827,29.5918,20.9816,1,1.12348,0,20.2598,5.22088,11.9141,4.9572,3.293,9999,9999,9999,999.9,4.97272,1.85565,1.85776,1.85791,1.85715,1.85684,1.85226,1.8541,0,0,0,0,11111111,oooooooo,on,on,on,on,0,100,100,-0.465,-0.0991,-1.3621969,0.00151024,1.49E-06,5.40E-12,-0.091108003,-0.011177753,0.001682567,-2.18E-05,3,2244,0,20,24.5,24.5,1.05103,2.64526,1.59424,2.0813,1.50269,2.49878,52.07,23.9999,18,610.961,318.313,41.2996,41.3592,30.0001,41.3374,41.3612,21.1257,-30,-30,-999.9,420,0,98.0566,73.6086
,,,,,,,,,,,,,,,,,,,,,,,,,,,,,,,,,,,,,,,,,,,,,,,,,,,,,,,,,,,,,,,,,,,,,,,,,,,,,,,,,,,,,,,,,,,,,,,,,,,,,,,,,,,,,,,,,,,,,,,,,,,,,,,,,,,,,,,,,,,,,,,,,,,,,,,,,,,,,,,,,,,,,,,,,,,,,,,,,,,,,,,,,,,,,,,,,,,,,,,,,,,,,,,,,,,,,,,,,,,,,,,,,,,,,,,,,,,,,,,,,,,,,,,,,,,,,,,,,,,,,,,,,,,,,,,,,,,,,,,,,,,,,,,,,,,,,,,,
85,1745750740,16034.6,20250427 13:45:39,13:45:39,15,A,5,21%,5560.92,1745750732,0.009110164,9.110163705,9.305164333,415.6427667,284.0825255,28.70268298,41.99505951,0.157608133,2.000237525,0.15101964,0.094956274,321.5036983,39.58452208,38.11788333,6.699925393,11.07736571,0.832151158,7.512175545,5.867774236,-401.7582194,229.6330853,27.91870468,177.297269,10.469,0.0882,39.4111728,42.11807219,-2.706899392,-0.338362424,6.168344893,64.17628686,1.562716139,-1997.10524,0.004079087,0,0,1,0,24593,RECT-12807-20250324-17_57_43,10114.7,315.2007692,539.79,0.416067787,-0.222077465,MPF-14717-20250427-13_45_41,10091.9,311.38412,361.9796211,0.139774446,0.5,1681.160809,9.305164333,117.4916606,0.005667062,0.491216545,244.9422335,DARK-14718-20250427-13_45_49,192.52,192.52,0.468146855,0.298569658,0.512023437,1.081589203,0.791713736,0.18459718,0.81540282,14717,290,350.11,165,10091.9,350.24,-0.13,300,24,361.9796211,3.956058054,-11.84332392,3.566944623,0.282499955,-0.006687519,290,352.05,875,10068,350.22,1.83,None,None,None,None,None,None,None,None,None,None,None,None,None,2000,1681.160809,0.840598618,0.160755332,2,0.5,0: Broadleaf,2,1745750732,415.6427667,420.0071,8.23615,5.224149333,415.9713333,8.309280667,599.9421667,100.9727,0.063725703,40.24733333,38.11788333,999.9,0,0,5002,0,1351.266,-4.364173,419.0947,422.2127333,3.012002,420.0071,5.224149333,0.831626333,0.5274964,4.258901667,-2.065050667,1999.956667,0.9799966,0.020003473,0,311.5691333,4.99918,6658.411667,19219.42,47.37466667,49.125,47.92046667,48.25413333,49.70806667,1955.051333,39.907,0,472.2,0,311.38412,-18.71976918,-426.8015378,6656.202,15,1745749721,13:28:40,1745749710,1745749721,4,0.148,0.007,-0.316,-0.026,420,11,1.56,0.16,-4.35060225,-0.076421201,0.102952862,1,312.4380588,-21.74878529,2.22101258,0,3.0061455,0.099662589,0.012059344,1,2,3,02-Mar,3.21825,2.67305,0.098791,0.100559,0.0494269,0.0340962,26144.9,24115.2,27589.8,24602.2,33694.7,25123.8,39402.6,27365.6,1.8156,1.3154,0.0667572,0,37.0948,999.9,5.9,46.7,6.14558,29.9809,20.4848,1,0.972927,0,20.2452,5.22088,11.9141,4.9572,3.293,9999,9999,9999,999.9,4.97244,1.85516,1.85721,1.85745,1.85669,1.85644,1.85181,1.85364,0,0,0,0,11111111,oooooooo,on,on,on,on,0,100,100,-0.328,-0.0733,-1.21451556,0.00151024,1.49E-06,5.40E-12,-0.083940687,-0.011177753,0.001682567,-2.18E-05,3,2244,0,20,17.2,17,1.04858,2.62817,1.59424,2.07031,1.50269,2.47314,48.7016,24.0875,18,613.527,329.681,39.355,39.5736,30.0003,39.5664,39.5925,21.065,-30,-30,-999.9,420,0,98.3897,73.7797
86,1745750779,16074.1,20250427 13:46:19,13:46:19,15,A,5,21%,5561.01,1745750771,0.008653539,8.653539112,8.694447989,415.8977,285.5869788,28.85540232,42.02185795,0.149113886,2.000037022,0.143201537,0.090012629,289.5635757,39.53040291,38.08426,6.687737282,10.73822723,0.80854311,7.529577207,5.879194172,-381.6210749,237.9144658,28.92983439,174.7868011,10.469,0.0882,47.97938875,43.34556726,4.633821492,0.579227686,6.540343416,64.17628686,1.562716139,1200.632163,-0.00950166,0,0,1,0,24477,RECT-12807-20250324-17_57_43,10114.7,315.2007692,539.79,0.416067787,-0.222077465,MPF-14719-20250427-13_46_21,10083.7,295.3786923,350.7907848,0.157963364,0.5,1513.170831,8.694447989,119.5127775,0.00589261,0.538780445,239.7672828,DARK-14720-20250427-13_46_28,185.83,185.83,0.470254043,0.335910699,0.533956422,1.556956119,0.841532849,0.211329682,0.788670318,14719,290,338.63,255,10083.7,338.38,0.25,300,24,350.7907848,3.552893981,-12.51330127,3.193209875,0.354189638,-0.006852459,290,339.73,825,10067.7,338.36,1.37,None,None,None,None,None,None,None,None,None,None,None,None,None,1800,1513.170831,0.84065809,0.160870113,2,0.5,0: Broadleaf,2,1745750771,415.8977,419.9956,8.002293,5.140801,416.2254667,8.078198333,599.9870667,100.9764,0.062528447,40.29072667,38.08426,999.9,0,0,5001,0,1359.444667,-4.097743333,419.2527667,422.1658,2.861491333,419.9956,5.140801,0.808042833,0.519099767,3.849309,-2.282006667,1799.983667,0.978002033,0.021997507,0,295.4001,4.99918,5730.636,17281.73667,47.67466667,49.2624,48.0956,48.3666,49.93306667,1755.498667,39.485,0,37.20000005,0,295.3786923,-13.47924787,-263.1275212,5730.996154,15,1745749721,13:28:40,1745749710,1745749721,4,0.148,0.007,-0.316,-0.026,420,11,1.56,0.16,-4.07997575,-0.546262852,0.139461925,0,297.0095,-27.29960277,3.00947203,0,2.8737725,-0.251279325,0.024442503,0,0,3,0/3,3.2184,2.67068,0.0988138,0.100569,0.0481411,0.0336424,26142.3,24114,27587.7,24601.3,33738.1,25134.7,39400.2,27364.7,1.8152,1.3166,0.0674427,0,37.041,999.9,5.8,46.7,6.04078,29.8709,20.4487,1,0.974959,0,20.2474,5.22328,11.9141,4.9572,3.293,9999,9999,9999,999.9,4.9725,1.85519,1.85718,1.85745,1.85669,1.85651,1.85181,1.85367,0,0,0,0,11111111,oooooooo,on,on,on,on,0,100,100,-0.327,-0.0765,-1.21451556,0.00151024,1.49E-06,5.40E-12,-0.083940687,-0.011177753,0.001682567,-2.18E-05,3,2244,0,20,17.8,17.6,1.04858,2.62207,1.59424,2.07031,1.50269,2.42798,48.7016,24.0875,18,613.301,330.31,39.3296,39.5891,30.0006,39.5749,39.5964,21.0631,-30,-30,-999.9,420,0,98.3832,73.7772
87,1745750819,16113.6,20250427 13:46:58,13:46:58,15,A,5,21%,5560.92,1745750811,0.007871962,7.871961865,8.172048784,416.1843,282.1984845,28.51309022,42.05090086,0.134577135,1.999535849,0.129740085,0.081507659,257.6664496,39.54570324,38.06155,6.67951603,10.29770377,0.775135484,7.527265314,5.904380546,-347.1535183,239.6820414,29.14809041,179.3430632,10.469,0.0882,51.92773117,43.26861685,8.659114319,1.08238929,6.459583609,64.17628686,1.562716139,641.3633231,-0.02275292,0,0,1,0,24394,RECT-12807-20250324-17_57_43,10114.7,315.2007692,539.79,0.416067787,-0.222077465,MPF-14721-20250427-13_47_00,10083.7,285.1645,344.8774045,0.173142409,0.5,1345.18243,8.172048784,116.454063,0.00624014,0.565164876,236.9898564,DARK-14722-20250427-13_47_08,188.08,188.08,0.454646789,0.380828399,0.554185538,2.012118421,0.867862608,0.251175042,0.748824958,14721,290,334.62,265,10083.7,333.47,1.15,300,24,344.8774045,3.441683882,-11.49867023,3.083764341,0.331802518,-0.007019591,290,335.03,705,10071.8,333.46,1.57,None,None,None,None,None,None,None,None,None,None,None,None,None,1600,1345.18243,0.840747776,0.161043209,2,0.5,0: Broadleaf,2,1745750811,416.1843,420.0007,7.671636333,5.06756,416.5111333,7.751257,599.9494667,100.9755667,0.06356637,40.28496667,38.06155,999.9,0,0,4999,0,1364.445,-3.816362333,419.4018,422.1397667,2.604075,420.0007,5.06756,0.7746477,0.511699733,3.25089,-2.475799,1599.983333,0.9749944,0.025005717,0,285.2243667,4.99918,4953.614333,15341.23,47.8477,49.4308,48.28926667,48.4685,50.13526667,1555.103333,39.881,0,37.20000005,0,285.1645,-7.447555528,-150.951111,4953.872308,15,1745749721,13:28:40,1745749710,1745749721,4,0.148,0.007,-0.316,-0.026,420,11,1.56,0.16,-3.829304634,0.251925993,0.110461819,1,286.3442059,-18.53764705,2.11782806,0,2.625489756,-0.399614007,0.039506522,0,1,3,01-Mar,3.21771,2.67257,0.0988457,0.1005,0.0464799,0.0332129,26139.1,24114.7,27585.5,24600.2,33795.2,25144.5,39398.4,27363.2,1.815,1.3156,0.0672042,0,37.0041,999.9,5.7,46.7,5.93588,29.9609,20.6971,1,0.977236,0,20.2494,5.22088,11.9141,4.9568,3.293,9999,9999,9999,999.9,4.97247,1.85519,1.85715,1.85745,1.85669,1.85644,1.85181,1.85364,0,0,0,0,11111111,oooooooo,on,on,on,on,0,100,100,-0.327,-0.0803,-1.21451556,0.00151024,1.49E-06,5.40E-12,-0.083940687,-0.011177753,0.001682567,-2.18E-05,3,2244,0,20,18.5,18.3,1.04858,2.62329,1.59424,2.07031,1.50269,2.53174,48.7326,24.0963,18,613.267,329.85,39.3083,39.6123,30.0004,39.5895,39.6078,21.0644,-30,-30,-999.9,420,0,98.3773,73.7736
88,1745750858,16153.1,20250427 13:47:38,13:47:38,15,A,5,21%,5561.01,1745750850,0.006963249,6.963248774,7.512991644,416.5345667,277.9522694,28.08395508,42.08613978,0.11786682,1.998707991,0.114137019,0.071660913,225.7849762,39.57166116,38.05199,6.676057836,9.826904338,0.738064192,7.510647983,5.937993643,-307.0792709,236.1468801,28.723018,183.5756034,10.469,0.0882,60.68322453,44.42962893,16.2535956,2.03169945,6.865676714,64.17628686,1.562716139,350.8551193,-0.103054842,0,0,1,0,25764,RECT-12807-20250324-17_57_43,10114.7,315.2007692,539.79,0.416067787,-0.222077465,MPF-14723-20250427-13_47_40,10083.8,276.5408846,346.3884193,0.201645121,0.5,1177.226121,7.512991644,118.6909517,0.006570589,0.558337317,237.7023876,DARK-14724-20250427-13_47_47,180.79,180.79,0.478071466,0.421788656,0.538723066,2.239589534,0.861134704,0.275746464,0.724253536,14723,290,332.15,285,10083.8,331.79,0.36,300,24,346.3884193,3.564201285,-14.71872055,3.183981809,0.432850818,-0.007186299,290,333.13,705,10073.1,331.78,1.35,None,None,None,None,None,None,None,None,None,None,None,None,None,1400,1177.226121,0.840866991,0.161273293,2,0.5,0: Broadleaf,2,1745750850,416.5345667,420.0057,7.304762333,5.00064,416.8604333,7.388214333,600.0014667,100.9748,0.063968793,40.24352,38.05199,999.9,0,0,4995.666667,0,1372.164,-3.471077667,419.5997667,422.1165333,2.304122667,420.0057,5.00064,0.737596667,0.504938333,2.559687333,-2.655061,1400.014667,0.970998667,0.029001047,0,276.5575667,4.99918,4242.633333,13400.50333,47.8998,49.5893,48.437,48.6019,50.25,1354.554667,40.46,0,37.20000005,0,276.5408846,-9.281264961,-127.359658,4242.727308,15,1745749721,13:28:40,1745749710,1745749721,4,0.148,0.007,-0.316,-0.026,420,11,1.56,0.16,-3.474570976,0.194844669,0.114911556,1,277.1875588,-13.46782276,1.487657183,0,2.325797805,-0.463274843,0.045850878,0,1,3,01-Mar,3.21795,2.6725,0.0988993,0.100512,0.0446404,0.0328414,26135.6,24112,27583.5,24597.9,33857.4,25152.5,39395.2,27361.5,1.8138,1.316,0.0694692,0,36.9797,999.9,5.6,46.6,5.80283,29.5209,20.4888,1,0.979675,0,20.2515,5.22328,11.9141,4.958,3.293,9999,9999,9999,999.9,4.9725,1.85522,1.85727,1.85745,1.85669,1.85651,1.85184,1.85367,0,0,0,0,11111111,oooooooo,on,on,on,on,0,100,100,-0.326,-0.0841,-1.21451556,0.00151024,1.49E-06,5.40E-12,-0.083940687,-0.011177753,0.001682567,-2.18E-05,3,2244,0,20,19.1,19,1.04858,2.62329,1.59424,2.07031,1.50269,2.44507,48.7326,24.0963,18,612.514,330.12,39.2915,39.6357,30.0004,39.6087,39.6231,21.063,-30,-30,-999.9,420,0,98.3697,73.7678
89,1745750898,16192.6,20250427 13:48:17,13:48:17,15,A,5,21%,5561.1,1745750890,0.006014141,6.014141357,6.381685063,417.0266333,279.0240834,28.19277318,42.13663975,0.100601834,2.000913629,0.097873975,0.061410161,193.8059039,39.60062958,38.06797,6.681839246,9.345375005,0.699909116,7.489363623,5.98193013,-265.2236338,228.9444444,27.81127861,185.3379931,10.469,0.0882,60.88472037,41.47997666,19.40474371,2.425592964,6.644517674,64.17628686,1.562716139,274.3690843,1.370931528,0,0,1,0,24574,RECT-12807-20250324-17_57_43,10114.7,315.2007692,539.79,0.416067787,-0.222077465,MPF-14725-20250427-13_48_19,10088.8,267.89084,343.8871981,0.220992112,0.5,1009.192737,6.381685063,111.5118169,0.006543609,0.569671692,236.5218562,DARK-14726-20250427-13_48_27,184.8,184.8,0.462614482,0.477702537,0.551854424,2.64920944,0.872271574,0.329535078,0.670464922,14725,290,331.96,225,10088.8,331.28,0.68,300,24,343.8871981,3.426254015,-12.7219926,3.05116578,0.383058237,-0.007352306,290,333.45,815,10069.6,331.25,2.2,None,None,None,None,None,None,None,None,None,None,None,None,None,1200,1009.192737,0.840986238,0.161503439,2,0.5,0: Broadleaf,2,1745750890,417.0266333,419.9895,6.927005667,4.936434333,417.3511333,7.014075667,600.0771,100.9778333,0.06281103,40.19031667,38.06797,999.9,0,0,5004.5,0,1361.055333,-2.962869,419.9354667,422.0729333,1.990570667,419.9895,4.936434333,0.6994742,0.498470733,1.815678333,-2.828537667,1200.011,0.9669911,0.033008993,0,267.9688333,4.99918,3566.736,11464.35667,47.875,49.7395,48.562,48.7017,50.312,1155.565333,39.45,0,37.20000005,0,267.89084,-5.087923078,-52.26692303,3566.4144,15,1745749721,13:28:40,1745749710,1745749721,4,0.148,0.007,-0.316,-0.026,420,11,1.56,0.16,-2.9695735,0.041668143,0.10272419,1,268.897,-14.87483575,1.68940287,0,2.01890225,-0.480150056,0.046309465,0,1,3,01-Mar,3.21813,2.67124,0.0989908,0.100511,0.0427134,0.0324729,26132,24111.1,27582.7,24597,33924.5,25160.8,39394.1,27360.1,1.813,1.3168,0.0704825,0,36.9657,999.9,5.5,46.6,5.69828,29.4909,20.3205,1,0.983049,0,20.2531,5.22088,11.9141,4.9572,3.2928,9999,9999,9999,999.9,4.9725,1.85529,1.8573,1.85745,1.85669,1.85651,1.85181,1.8537,0,0,0,0,11111111,oooooooo,on,on,on,on,0,100,100,-0.324,-0.0877,-1.21451556,0.00151024,1.49E-06,5.40E-12,-0.083940687,-0.011177753,0.001682567,-2.18E-05,3,2244,0,20,19.8,19.6,1.04858,2.62207,1.59424,2.07031,1.50269,2.50732,48.7637,24.0963,18,612.068,330.612,39.2804,39.6628,30.0008,39.628,39.6422,21.064,-30,-30,-999.9,420,0,98.3668,73.7646
90,1745750937,16232.1,20250427 13:48:57,13:48:57,15,A,5,21%,5561.01,1745750929,0.00509937,5.099370186,5.430320087,417.4903333,278.2131933,28.1102826,42.18265538,0.084420328,1.999039479,0.082488599,0.051725251,161.9055545,39.60008411,38.06968,6.682458164,8.890915265,0.663398389,7.461530894,6.019059775,-224.8822252,221.0264461,26.86579349,184.9155689,10.469,0.0882,68.39014653,41.44481211,26.94533442,3.368166802,7.034110475,64.17628686,1.562716139,197.4200142,0.067212606,0,0,1,0,25090,RECT-12807-20250324-17_57_43,10114.7,315.2007692,539.79,0.416067787,-0.222077465,MPF-14727-20250427-13_48_59,10096.5,259.2956923,353.8395311,0.267194111,0.5,841.1972131,5.430320087,112.3814706,0.006719468,0.525522031,241.1876866,DARK-14728-20250427-13_49_06,180.67,180.67,0.489401313,0.545961164,0.517794801,2.446865122,0.827958083,0.380410498,0.619589502,14727,290,335.86,165,10096.5,334.83,1.03,300,24,353.8395311,2.132015377,-19.19589242,1.892956966,0.785987733,-0.007519467,290,335.93,765,10072.9,334.78,1.15,None,None,None,None,None,None,None,None,None,None,None,None,None,1000,841.1972131,0.841194297,0.161904993,2,0.5,0: Broadleaf,2,1745750929,417.4903333,420.01,6.565789,4.877217,417.8135333,6.656001333,600.0204667,100.9751333,0.063506387,40.12054667,38.06968,999.9,0,0,4997,0,1308.598333,-2.519602,420.2496,422.0685333,1.688572667,420.01,4.877217,0.662981367,0.492477433,1.069101933,-2.991080333,1000.003467,0.9599902,0.04000994,0,259.2990667,4.99918,2916.470667,9523.890333,47.812,49.8561,48.625,48.812,50.312,955.1933333,39.81,0,37.20000005,0,259.2956923,-2.796376079,-3.435897371,2916.510769,15,1745749721,13:28:40,1745749710,1745749721,4,0.148,0.007,-0.316,-0.026,420,11,1.56,0.16,-2.54556625,0.495258799,0.123051299,1,259.9656176,-10.00551567,1.260530654,0,1.711934,-0.451113771,0.043583237,0,1,3,01-Mar,3.2181,2.67157,0.0990665,0.100519,0.0408968,0.0321447,26126.8,24109.7,27579.7,24595.9,33984.8,25168.3,39389.6,27359,1.812,1.3166,0.0705719,0,36.9588,999.9,5.5,46.6,5.69987,29.6509,20.2764,1,0.985671,0,20.255,5.22328,11.9141,4.958,3.2926,9999,9999,9999,999.9,4.9725,1.85522,1.85727,1.85745,1.85669,1.85648,1.85181,1.85367,0,0,0,0,11111111,oooooooo,on,on,on,on,0,100,100,-0.323,-0.0907,-1.21451556,0.00151024,1.49E-06,5.40E-12,-0.083940687,-0.011177753,0.001682567,-2.18E-05,3,2244,0,20,20.5,20.3,1.04736,2.62695,1.59424,2.07031,1.50269,2.4292,48.7637,24.105,18,611.523,330.61,39.2698,39.6932,30.0006,39.6542,39.6651,21.0576,-30,-30,-999.9,420,0,98.3558,73.7615
91,1745750977,16271.6,20250427 13:49:36,13:49:36,15,A,5,21%,5561.1,1745750969,0.004293213,4.293213488,4.889443094,417.7914,270.5337615,27.33588234,42.21542068,0.070335881,1.998981501,0.068989374,0.04323719,129.9819971,39.56259956,38.09196667,6.690529168,8.478152372,0.630326962,7.434720843,6.060202207,-189.3307148,211.3524299,25.68506451,177.6887767,10.469,0.0882,70.70984155,40.77570514,29.93413641,3.741767052,6.812044539,64.17628686,1.562716139,174.8394083,0.051094374,0,0,1,0,24585,RECT-12807-20250324-17_57_43,10114.7,315.2007692,539.79,0.416067787,-0.222077465,MPF-14729-20250427-13_49_38,10097.5,250.0337308,367.4435948,0.319531666,0.5,673.1925679,4.889443094,107.5531714,0.007592955,0.4690418,247.4319694,DARK-14730-20250427-13_49_46,177.19,177.19,0.517776327,0.617122973,0.47530724,2.247387326,0.767384993,0.437333072,0.562666928,14729,290,343.62,175,10097.5,342.71,0.91,300,24,367.4435948,2.779155254,-24.97069663,2.460107849,0.786304348,-0.007686915,290,341.5,725,10076.2,342.66,-1.16,None,None,None,None,None,None,None,None,None,None,None,None,None,800,673.1925679,0.841490955,0.162477544,2,0.5,0: Broadleaf,2,1745750969,417.7914,420.0191,6.238127667,4.815986,418.1137,6.330915,600.0009667,100.9804667,0.063788147,40.05312667,38.09196667,999.9,0,0,4996.5,0,1308.486333,-2.227717667,420.4138,422.0516,1.422141667,420.0191,4.815986,0.629928567,0.486320033,0.360816733,-3.159913333,799.9997667,0.949993733,0.050006527,0,250.0525333,4.99918,2300.642333,7584.778,47.67666667,49.937,48.66013333,48.8812,50.27273333,755.2456667,39.759,0,37.20000005,0,250.0337308,-2.691999995,-27.12854698,2300.709615,15,1745749721,13:28:40,1745749710,1745749721,4,0.148,0.007,-0.316,-0.026,420,11,1.56,0.16,-2.2420315,0.313564053,0.139074086,1,250.4106765,-6.671214664,0.822978726,0,1.438705,-0.39581561,0.038199794,0,1,3,01-Mar,3.21836,2.6711,0.0990728,0.100521,0.0392227,0.031797,26123.7,24107.3,27576.7,24593.6,34040.8,25174.9,39386.1,27356.5,1.8116,1.3162,0.0709295,0,36.9622,999.9,5.4,46.5,5.56657,29.8909,20.3446,1,0.988659,0,20.2567,5.21969,11.9141,4.9568,3.293,9999,9999,9999,999.9,4.9725,1.85516,1.8573,1.85745,1.85669,1.85648,1.85181,1.8537,0,0,0,0,11111111,oooooooo,on,on,on,on,0,100,100,-0.323,-0.0932,-1.21451556,0.00151024,1.49E-06,5.40E-12,-0.083940687,-0.011177753,0.001682567,-2.18E-05,3,2244,0,20,21.1,20.9,1.04736,2.62573,1.59424,2.07031,1.50269,2.52075,48.7947,24.105,18,611.461,330.523,39.2598,39.7252,30.0006,39.682,39.6919,21.0549,-30,-30,-999.9,420,0,98.3463,73.7547
92,1745751016,16311.1,20250427 13:50:16,13:50:16,15,A,5,21%,5560.92,1745751008,0.003635461,3.635460677,4.085171241,418.1485,271.6148724,27.44395857,42.24971191,0.059114984,2.000032158,0.058161182,0.036435152,98.06698923,39.46537817,38.09099,6.690175296,8.134661818,0.602423204,7.405633046,6.087752092,-160.3238159,203.6558546,24.72786159,166.1268895,10.469,0.0882,67.3449374,37.50934548,29.83559192,3.72944899,6.157575688,64.17628686,1.562716139,161.3650248,0.037053759,0,0,1,0,24420,RECT-12807-20250324-17_57_43,10114.7,315.2007692,539.79,0.416067787,-0.222077465,MPF-14731-20250427-13_50_18,10094.4,240.5745769,389.2567196,0.381964229,0.5,505.1910651,4.085171241,96.48245777,0.00852598,0.386719799,257.1350161,DARK-14732-20250427-13_50_25,172.58,172.58,0.556642207,0.686193436,0.409937857,2.00770015,0.670260457,0.492251778,0.507748222,14731,290,362.05,235,10094.4,360.23,1.82,300,24,389.2567196,2.881256891,-29.30323215,2.542894513,0.825862795,-0.007854782,290,357.68,625,10083.4,360.2,-2.52,None,None,None,None,None,None,None,None,None,None,None,None,None,600,505.1910651,0.841993014,0.163446517,2,0.5,0: Broadleaf,2,1745751008,418.1485,420.0169667,5.962226667,4.757617333,418.4700333,6.056977,599.9929,100.976,0.063970037,39.97974,38.09099,999.9,0,0,5001,0,1343.879333,-1.868406,420.6566333,422.0248,1.204610333,420.0169667,4.757617333,0.602041767,0.480405167,-0.262801633,-3.323895667,599.9943667,0.933009667,0.066990247,0,240.598,4.99918,1726.780333,5645.146667,47.49143333,49.9811,48.62913333,48.937,50.1912,555.1366667,39.86,0,37.20000005,0,240.5745769,2.790940203,67.75384613,1726.746154,15,1745749721,13:28:40,1745749710,1745749721,4,0.148,0.007,-0.316,-0.026,420,11,1.56,0.16,-1.870996341,0.2732977,0.115973393,1,240.8387059,-3.94466002,0.778372341,0,1.225393902,-0.329748502,0.032779431,0,1,3,01-Mar,3.21816,2.6729,0.09913,0.1005,0.0378389,0.0314396,26119.3,24106.4,27573.9,24592.3,34086.6,25182.8,39382.6,27355,1.8122,1.3146,0.0698864,0,36.9762,999.9,5.3,46.5,5.46354,29.9609,20.3806,1,0.992154,0,20.2587,5.22088,11.9141,4.9568,3.2928,9999,9999,9999,999.9,4.9725,1.85526,1.85724,1.85745,1.85669,1.85648,1.85181,1.85364,0,0,0,0,11111111,oooooooo,on,on,on,on,0,100,100,-0.322,-0.0951,-1.21451556,0.00151024,1.49E-06,5.40E-12,-0.083940687,-0.011177753,0.001682567,-2.18E-05,3,2244,0,20,21.8,21.6,1.04736,2.62451,1.59424,2.07153,1.50269,2.44995,48.8258,24.105,18,612.148,329.824,39.2524,39.7564,30.0007,39.709,39.7188,21.0536,-30,-30,-999.9,420,0,98.337,73.7507
93,1745751056,16350.6,20250427 13:50:55,13:50:55,15,A,5,21%,5561.1,1745751048,0.003128236,3.128235749,3.542940537,418.4012667,270.1121358,27.2931417,42.27683078,0.050444454,2.000206385,0.049748209,0.031154385,82.09369796,39.4577359,38.13054,6.704518295,7.854143453,0.579771863,7.381732546,6.124746431,-137.9551965,192.8861288,23.41578423,160.4404145,10.469,0.0882,64.72153214,35.18892852,29.53260362,3.691575453,5.791519204,64.17628686,1.562716139,152.9357045,0.030235948,0,0,1,0,24424,RECT-12807-20250324-17_57_43,10114.7,315.2007692,539.79,0.416067787,-0.222077465,MPF-14733-20250427-13_50_58,10103.6,237.3871154,414.2772135,0.42698486,0.5,421.1899087,3.542940537,89.92085715,0.008939003,0.302968115,267.8199761,DARK-14734-20250427-13_51_05,171.14,171.14,0.586894972,0.727531979,0.340465988,1.785390053,0.558854875,0.524501183,0.475498817,14733,290,380.27,155,10103.6,378.84,1.43,300,24,414.2772135,2.851295842,-35.80373133,2.512726875,0.87880504,-0.007939011,290,373.36,675,10082.1,378.77,-5.41,None,None,None,None,None,None,None,None,None,None,None,None,None,500,421.1899087,0.84237656,0.164186761,2,0.5,0: Broadleaf,2,1745751048,418.4012667,420.0183667,5.737830333,4.701174667,418.7220333,5.834033667,600.0616333,100.9802333,0.06351139,39.91925333,38.13054,999.9,0,0,5001.5,0,1419.307333,-1.617093667,420.8158,422.0023,1.036655333,420.0183667,4.701174667,0.579407233,0.474725533,-0.788074533,-3.483046,500.0019333,0.9199876,0.080012033,0,237.3596667,4.99918,1464.457,4676.380667,47.3205,50,48.5935,49,50.0893,455.3953333,39.60966667,0,37.20000005,0,237.3871154,-3.581777755,-26.79692311,1464.289615,15,1745749721,13:28:40,1745749710,1745749721,4,0.148,0.007,-0.316,-0.026,420,11,1.56,0.16,-1.63186825,0.395168893,0.139057991,1,238.1905294,-12.67449961,1.525702581,0,1.052051,-0.259279475,0.025331696,0,1,3,01-Mar,3.21798,2.67094,0.0992283,0.100485,0.0366925,0.031163,26114.5,24105.1,27572.1,24590.7,34124.9,25188.1,39380.1,27353,1.8106,1.3152,0.0707805,0,37.0006,999.9,5.3,46.5,5.46411,29.8109,20.2524,1,0.995569,0,20.2596,5.21849,11.9141,4.9572,3.2928,9999,9999,9999,999.9,4.97256,1.85522,1.85727,1.85745,1.85675,1.85648,1.85184,1.8537,0,0,0,0,11111111,oooooooo,on,on,on,on,0,100,100,-0.32,-0.0964,-1.21451556,0.00151024,1.49E-06,5.40E-12,-0.083940687,-0.011177753,0.001682567,-2.18E-05,3,2244,0,20,22.4,22.3,1.04736,2.62207,1.59424,2.07031,1.50269,2.45239,48.8569,24.105,18,611.225,330.263,39.2465,39.7955,30.0004,39.7439,39.7495,21.0507,-30,-30,-999.9,420,0,98.3307,73.7454
94,1745751095,16390.1,20250427 13:51:35,13:51:35,15,A,5,21%,5561.19,1745751087,0.002748707,2.748706525,2.867292608,418.6355333,278.2583109,28.11514768,42.29882589,0.044054202,1.999413079,0.043521972,0.027248516,66.1295606,39.40050204,38.15444333,6.713199883,7.633592178,0.561583596,7.356740875,6.151616287,-121.2179577,183.3957619,22.26826706,150.5756318,10.469,0.0882,61.43434628,32.29147209,29.14287419,3.642859274,5.41021859,64.17628686,1.562716139,142.2197935,0.021077065,0,0,1,0,24429,RECT-12807-20250324-17_57_43,10114.7,315.2007692,539.79,0.416067787,-0.222077465,MPF-14735-20250427-13_51_37,10109,236.27388,463.4389663,0.490172607,0.5,337.1981905,2.867292608,82.64265807,0.009161882,0.164748843,287.5389063,DARK-14736-20250427-13_51_44,179.01,179.01,0.613735544,0.798670716,0.211627678,1.532432873,0.33995857,0.605103048,0.394896952,14735,290,413.13,125,10109,411.36,1.77,300,24,463.4389663,2.08174032,-52.64317206,1.831893896,0.967206062,-0.008023548,290,402.11,615,10087.3,411.25,-9.14,None,None,None,None,None,None,None,None,None,None,None,None,None,400,337.1981905,0.84296239,0.165317413,2,0.5,0: Broadleaf,2,1745751087,418.6355333,419.975,5.558046667,4.646812667,418.9557667,5.655322667,599.9401,100.9755667,0.064174397,39.85582333,38.15444333,999.9,0,0,4998.5,0,1121.1695,-1.339402667,420.9754667,421.9356,0.911233933,419.975,4.646812667,0.5612273,0.469214867,-1.223317333,-3.639087,400.0157,0.900000067,0.10000011,0,236.3182,4.99918,1183.389667,3707.212333,47.13723333,49.9832,48.5186,49,49.9664,355.5156667,39.5,0,37.20000005,0,236.27388,-0.368538461,-74.05307677,1182.9436,15,1745749721,13:28:40,1745749710,1745749721,4,0.148,0.007,-0.316,-0.026,420,11,1.56,0.16,-1.34068439,0.077864739,0.128973207,1,236.8343235,-8.064003048,1.143897227,0,0.920480488,-0.197848808,0.019734822,0,1,3,01-Mar,3.21813,2.67307,0.0992377,0.100492,0.0357607,0.0308238,26111.6,24103.6,27569.4,24589.5,34155.2,25195.6,39377.2,27351.6,1.8116,1.314,0.0707507,0,37.0145,999.9,5.2,46.5,5.36068,29.8809,20.3446,1,0.999085,0,20.2607,5.21849,11.9141,4.9572,3.293,9999,9999,9999,999.9,4.97253,1.85526,1.8573,1.85748,1.85675,1.85654,1.8519,1.85373,0,0,0,0,11111111,oooooooo,on,on,on,on,0,100,100,-0.32,-0.0975,-1.21451556,0.00151024,1.49E-06,5.40E-12,-0.083940687,-0.011177753,0.001682567,-2.18E-05,3,2244,0,20,23.1,22.9,1.04736,2.62573,1.59424,2.07031,1.50269,2.44507,48.8569,24.105,18,612.271,329.802,39.2403,39.8307,30.0006,39.778,39.784,21.0551,-30,-30,-999.9,420,0,98.3225,73.7419
95,1745751135,16429.6,20250427 13:52:14,13:52:14,15,A,5,21%,5561.01,1745751127,0.002426047,2.426046586,2.391847743,418.8732667,283.7835422,28.67539825,42.32577282,0.038778295,1.99958285,0.038365301,0.024015052,49.5909898,39.29693594,38.13432667,6.705892946,7.447584609,0.545429217,7.323571947,6.160463729,-106.9886544,176.4735882,21.41516057,140.4910842,10.469,0.0882,53.32965483,28.3220553,25.00759953,3.125949942,4.513890478,64.17628686,1.562716139,145.3641596,0.017279717,0,0,1,0,24781,RECT-12807-20250324-17_57_43,10114.7,315.2007692,539.79,0.416067787,-0.222077465,MPF-14737-20250427-13_52_16,10097.8,240.2788846,538.0865351,0.553456797,0.5,252.9011897,2.391847743,69.98494126,0.010335757,0.003165782,314.6191635,DARK-14738-20250427-13_52_24,177.66,177.66,0.669830058,0.826264499,0.004704015,1.336144771,0.007584802,0.61093238,0.38906762,14737,290,472.19,155,10097.8,467.16,5.03,300,24,538.0865351,3.23289405,-71.62015553,2.838103849,0.957883082,-0.008100482,290,449.94,615,10079.6,467.03,-17.09,None,None,None,None,None,None,None,None,None,None,None,None,None,300,252.9011897,0.842949549,0.165292629,2,0.5,0: Broadleaf,2,1745751127,418.8732667,420.0093,5.397792,4.593464,419.1929,5.495954,599.9918667,100.9828,0.06392746,39.77135,38.13432667,999.9,0,0,4998.833333,0,888.9204667,-1.135878967,421.1465667,421.9473333,0.804327633,420.0093,4.593464,0.5450841,0.4638609,-1.620416,-3.792254,300.0193667,0.900023667,0.099976097,0,240.2815333,4.99918,935.9687,2768.772,46.91643333,49.89773333,48.406,48.9601,49.8225,265.5253333,29.49766667,0,37.20000005,0,240.2788846,-4.691179451,43.60683773,936.3529231,15,1745749721,13:28:40,1745749710,1745749721,4,0.148,0.007,-0.316,-0.026,420,11,1.56,0.16,-1.1429332,0.241609306,0.11695689,1,241.0292059,-11.77217723,1.366944118,0,0.815291625,-0.183300394,0.018046689,0,1,3,01-Mar,3.21728,2.6729,0.0992638,0.1005,0.0348973,0.0305331,26109,24102,27567.6,24588.2,34182.9,25202,39374,27350.4,1.8102,1.3142,0.0694394,0,36.9797,999.9,5.2,46.4,5.3325,30.0609,20.4928,1,1.00244,0,20.2613,5.22208,11.9141,4.9568,3.293,9999,9999,9999,999.9,4.97253,1.85529,1.8573,1.85748,1.85675,1.85651,1.85193,1.85367,0,0,0,0,11111111,oooooooo,on,on,on,on,0,100,100,-0.319,-0.0983,-1.21451556,0.00151024,1.49E-06,5.40E-12,-0.083940687,-0.011177753,0.001682567,-2.18E-05,3,2244,0,20,23.7,23.6,1.04736,2.61597,1.59424,2.07153,1.50269,2.54883,48.888,24.1138,18,611.478,330.021,39.2314,39.866,30.0006,39.8099,39.8109,21.0506,-30,-30,-999.9,420,0,98.3151,73.7382
96,1745751174,16469.1,20250427 13:52:54,13:52:54,15,A,5,21%,5561.1,1745751166,0.002136947,2.136947284,1.77901042,419.0934,298.7983572,30.19135468,42.34627527,0.034139158,1.998747277,0.033818495,0.021165119,33.05250305,39.16762992,38.08428,6.687744526,7.289527388,0.531067805,7.285353032,6.156676721,-94.23937521,171.2598613,20.77638027,130.8493694,10.469,0.0882,42.02604543,22.91995263,19.1060928,2.388261599,3.369267572,64.17628686,1.562716139,153.9736534,0.012283888,0,0,1,0,24443,RECT-12807-20250324-17_57_43,10114.7,315.2007692,539.79,0.416067787,-0.222077465,MPF-14739-20250427-13_52_56,10090.8,251.9941923,696.4307887,0.638163337,0.5,168.6029702,1.77901042,53.7981171,0.01186864,-0.224919391,362.8576503,DARK-14740-20250427-13_53_03,185.68,185.68,0.733383413,0.870163309,-0.44235065,1.165796432,-0.697454585,0.641173202,0.358826798,14739,290,588.01,155,10090.8,579.74,8.27,300,24,696.4307887,2.11116622,-117.7531807,1.849074278,0.993143014,-0.008177095,290,549.32,645,10070.8,579.51,-30.19,None,None,None,None,None,None,None,None,None,None,None,None,None,200,168.6029702,0.842924799,0.165244862,2,0.5,0: Broadleaf,2,1745751166,419.0934,419.9848667,5.255881667,4.547360333,419.4123333,5.354772333,600.0428333,100.9780333,0.06453921,39.67360333,38.08428,999.9,0,0,4995.666667,0,1199.707333,-0.891442267,421.3077,421.9033,0.7085215,419.9848667,4.547360333,0.530728133,0.459183133,-1.9824,-3.927366333,200.0213667,0.899989,0.100011,0,251.9790333,4.99918,742.0019333,1830.266667,46.6434,49.75616667,48.2436,48.8645,49.6415,175.5176667,19.50033333,0,37.20000005,0,251.9941923,-5.327008535,-7.35914536,741.8288077,15,1745749721,13:28:40,1745749710,1745749721,4,0.148,0.007,-0.316,-0.026,420,11,1.56,0.16,-0.907782146,-0.033285199,0.147105708,1,252.2943529,-5.468693658,0.762102698,0,0.71838822,-0.161770328,0.016445846,0,1,3,01-Mar,3.21814,2.67177,0.0993246,0.100499,0.0341252,0.0302718,26105.1,24101.7,27565.5,24588,34207.1,25208,39370.5,27349.5,1.8094,1.3146,0.0722706,0,36.9018,999.9,5.1,46.4,5.2313,29.9809,20.3766,1,1.00394,0,20.2627,5.22328,11.9141,4.9572,3.2928,9999,9999,9999,999.9,4.97253,1.85532,1.85727,1.85745,1.85672,1.85651,1.85181,1.8537,0,0,0,0,11111111,oooooooo,on,on,on,on,0,100,100,-0.319,-0.0991,-1.21451556,0.00151024,1.49E-06,5.40E-12,-0.083940687,-0.011177753,0.001682567,-2.18E-05,3,2244,0,20,24.4,24.2,1.04736,2.62329,1.59424,2.07031,1.50269,2.46948,48.888,24.105,18,611.066,330.326,39.217,39.8896,30.0002,39.8331,39.834,21.0462,-30,-30,-999.9,420,0,98.3069,73.7368
97,1745751214,16508.6,20250427 13:53:33,13:53:33,15,A,5,21%,5561.1,1745751206,0.001884519,1.884518613,1.017963879,419.4078667,327.4632924,33.08726086,42.37744448,0.030175773,1.999770444,0.029925075,0.018725522,16.51137627,39.01258858,37.99662,6.656059065,7.165618596,0.518959601,7.242355895,6.137099464,-83.10727083,168.8851124,20.45829095,122.7475088,10.469,0.0882,22.77530293,14.47358102,8.301721905,1.037715238,1.543102994,64.17628686,1.562716139,223.7754283,0.00981758,0,0,1,0,24538,RECT-12807-20250324-17_57_43,10114.7,315.2007692,539.79,0.416067787,-0.222077465,MPF-14741-20250427-13_53_35,10082.2,248.759,787.9266839,0.684286616,0.5,84.29203593,1.017963879,28.839956,0.014711252,-0.31492357,386.2252891,DARK-14742-20250427-13_53_43,187.25,187.25,0.762350985,0.897600487,-0.703853985,1.1405503,-1.10484676,0.675656725,0.324343275,14741,290,709.06,175,10082.2,710.14,-1.08,300,24,787.9266839,2.601275629,-78.42386253,2.273178769,0.977015751,-0.008254716,290,694.05,615,10066.5,710.02,-15.97,None,None,None,None,None,None,None,None,None,None,None,None,None,100,84.29203593,0.8428497,0.165099922,2,0.5,0: Broadleaf,2,1745751206,419.4078667,420.0106333,5.136122333,4.511191667,419.7259,5.235585,600.0152,100.9780333,0.063095963,39.56310333,37.99662,999.9,0,0,4999.833333,0,1235.725333,-0.6028554,421.5731333,421.9140667,0.624930567,420.0106333,4.511191667,0.518635567,0.4555313,-2.294123667,-4.033694,100.0083833,0.900042,0.0999583,0,248.8154667,4.99918,481.3073333,891.6683,46.35183333,49.5893,48.05796667,48.7101,49.4226,85.51133333,9.5,0,37.20000005,0,248.759,-6.316717946,39.09305983,481.4244615,15,1745749721,13:28:40,1745749710,1745749721,4,0.148,0.007,-0.316,-0.026,420,11,1.56,0.16,-0.622854575,0.498632904,0.122209749,1,248.7659706,-2.728143615,0.67961042,0,0.63091745,-0.147868143,0.014638008,0,1,3,01-Mar,3.21763,2.672,0.099365,0.10048,0.0335212,0.0300787,26105.3,24102.4,27567,24588.2,34231.2,25213.6,39373.7,27350.3,1.8086,1.3144,0.0725687,0,36.782,999.9,5.1,46.4,5.231,29.4709,20.3005,1,1.00435,0,20.2638,5.22088,11.9141,4.9576,3.2924,9999,9999,9999,999.9,4.97253,1.85526,1.85721,1.85745,1.85669,1.85651,1.85181,1.8537,0,0,0,0,11111111,oooooooo,on,on,on,on,0,100,100,-0.318,-0.0996,-1.21451556,0.00151024,1.49E-06,5.40E-12,-0.083940687,-0.011177753,0.001682567,-2.18E-05,3,2244,0,20,25.1,24.9,1.04736,2.62207,1.59302,2.07031,1.50269,2.52808,48.9191,24.1138,18,610.588,330.291,39.1938,39.9053,30.0003,39.8487,39.8495,21.0434,-30,-30,-999.9,420,0,98.3138,73.7381
98,1745751253,16548.1,20250427 13:54:13,13:54:13,15,A,5,21%,5561.1,1745751245,0.001648485,1.648485007,0.250546595,419.6832667,364.9964882,36.88111571,42.40694806,0.026418003,2.000435693,0.026225704,0.016408226,8.241660541,38.92161445,37.94091333,6.635991174,7.070558583,0.509098044,7.200252113,6.126893131,-72.69818883,163.2199849,19.74981384,118.5132705,10.469,0.0882,11.74437083,8.750157567,2.994213263,0.374276658,0.629879256,64.17628686,1.562716139,375.0919344,-0.024817783,0,0,1,0,24462,RECT-12807-20250324-17_57_43,10114.7,315.2007692,539.79,0.416067787,-0.222077465,MPF-14743-20250427-13_54_15,10072.3,232.9912308,784.3742178,0.702959091,0.5,42.14072256,0.250546595,14.81160201,0.011215376,-0.311820828,385.3697514,DARK-14744-20250427-13_54_22,184.55,184.55,0.764716897,0.919240955,-0.68850416,1.175222061,-1.089029144,0.728121474,0.271878526,14743,290,729.24,255,10072.3,731.66,-2.42,300,24,784.3742178,2.645922361,-53.10033246,2.309657851,0.949691497,-0.008294016,290,722.07,615,10064,731.61,-9.54,None,None,None,None,None,None,None,None,None,None,None,None,None,50,42.14072256,0.8426999,0.164810808,2,0.5,0: Broadleaf,2,1745751245,419.6832667,419.9974,5.038323667,4.491590333,420.0005,5.138227667,599.9924667,100.9822667,0.06285814,39.45434667,37.94091333,999.9,0,0,5002.333333,0,1335.940667,-0.314076733,421.8084,421.8923333,0.546733967,419.9974,4.491590333,0.508781633,0.453571167,-2.552925,-4.091079,50.00679667,0.899922467,0.100077367,0,232.9652667,4.99918,347.6304667,422.3837,46.0268,49.37496667,47.81636667,48.52063333,49.156,40.50266667,4.5,0,37.20000005,0,232.9912308,-22.27535046,-75.43757268,347.4581154,15,1745749721,13:28:40,1745749710,1745749721,4,0.148,0.007,-0.316,-0.026,420,11,1.56,0.16,-0.349409122,0.646596293,0.13885775,0,233.9904412,-23.65648587,2.407714234,0,0.553373098,-0.133295289,0.013650085,0,0,3,0/3,3.21794,2.67138,0.0994369,0.100501,0.0330008,0.0299914,26103.9,24102.9,27567.7,24589.3,34250,25217.1,39374.1,27351.5,1.8092,1.3152,0.0789165,0,36.6435,999.9,5,46.4,5.12831,29.8409,20.3886,1,1.00228,0,20.2644,5.22088,11.9141,4.9568,3.2928,9999,9999,9999,999.9,4.97253,1.85526,1.85724,1.85745,1.85675,1.85651,1.85187,1.8537,0,0,0,0,11111111,oooooooo,on,on,on,on,0,100,100,-0.317,-0.1,-1.21451556,0.00151024,1.49E-06,5.40E-12,-0.083940687,-0.011177753,0.001682567,-2.18E-05,3,2244,0,20,25.7,25.5,1.04736,2.62451,1.59424,2.07153,1.50269,2.50244,48.888,24.1138,18,611.046,330.7,39.1645,39.9013,29.9997,39.8487,39.8495,21.0437,-30,-30,-999.9,420,0,98.3155,73.7415
,,,,,,,,,,,,,,,,,,,,,,,,,,,,,,,,,,,,,,,,,,,,,,,,,,,,,,,,,,,,,,,,,,,,,,,,,,,,,,,,,,,,,,,,,,,,,,,,,,,,,,,,,,,,,,,,,,,,,,,,,,,,,,,,,,,,,,,,,,,,,,,,,,,,,,,,,,,,,,,,,,,,,,,,,,,,,,,,,,,,,,,,,,,,,,,,,,,,,,,,,,,,,,,,,,,,,,,,,,,,,,,,,,,,,,,,,,,,,,,,,,,,,,,,,,,,,,,,,,,,,,,,,,,,,,,,,,,,,,,,,,,,,,,,,,,,,,,,
113,1745821495,0,20250428 09:24:55,9:24:55,15,B,1,21%,5557.89,1745821487,0.005867862,5.867862358,11.02597625,415.5158065,298.3568631,30.13919829,41.97427587,0.187126623,2.000539852,0.177917916,0.111988288,321.5000732,34.5280758,32.97480323,5.04495882,34.17480646,1.826650801,5.345021641,3.218308019,-258.77273,111.2984893,12.80285204,186.8286845,13.88533333,0.028533333,44.3716115,46.62964106,-2.258029557,-0.282253695,3.413476597,44.52755232,0.913687709,,,0,0,1,0,25086,RECT-12807-20250324-17_57_43,10114.7,315.2007692,539.79,0.416067787,-0.222077465,MPF-14783-20250428-09_24_54,10103.9,346.99072,387.936511,0.10554766,0.5,1681.143378,11.02597625,88.720375,0.006690716,0.391439023,256.5582589,DARK-14784-20250428-09_25_01,213.21,213.21,0.450399759,0.234342177,0.464980982,0.562939073,0.676138782,0.143992599,0.856007401,14783,290,376.23,265,10103.9,375.7,0.53,300,24,387.936511,2.681171234,-12.36089041,2.422635892,0.481797585,-0.006697783,290,376.9,805,10092.9,375.69,1.21,None,None,None,None,None,None,None,None,None,None,None,None,None,2000,1681.143378,0.840598534,0.16075517,2,0.5,0: Broadleaf,2,1745821487,415.5158065,420.0039032,18.08255806,16.16195484,416.0865806,17.91469032,599.9944516,100.9532903,0.063988013,34.00674839,32.97480323,999.9,0,0,5004.193548,0,156.4931935,-4.488096774,423.1677419,426.9034516,1.920603548,420.0039032,16.16195484,1.825493548,1.631601613,16.0068,14.26053548,1999.936129,0.979998226,0.020001926,0,348.7770323,4.99918,7286.950323,19219.22581,42.62267742,44.292,43.10874194,43.62093548,44.75993548,1955.035161,39.90096774,0,1745821495,0,346.99072,-116.8153075,-2357.660766,7252.4952,15,0,--:--:--,1745819824,1745819822,0,-0.175,0.035,-0.56,-0.058,420,6,1.8,0.67,-4.439911707,-0.834962509,0.151150121,0,354.2569706,-128.3928648,12.63812863,0,1.918063902,0.06999115,0.008608978,1,1,3,01-Mar,3.22242,2.67209,0.100363,0.102175,0.0913428,0.085511,26431.9,24278,27919.4,24790.1,32555.4,23961.1,39815.8,27565.1,1.8916,1.505,0.105798,0,31.3143,999.9,33.8,31.4,15.4527,29.8709,17.3518,1,0.472561,0,20.2941,5.22328,11.9081,4.9596,3.292,9999,9999,9999,999.9,4.97205,1.8541,1.85599,1.85623,1.85577,1.8555,1.85065,1.85263,0,0,0,0,11111111,oooooooo,on,on,on,on,0,100,100,-0.571,0.169,-1.457265332,0.00151024,1.49E-06,5.40E-12,-0.046806477,-0.011177753,0.001682567,-2.18E-05,3,2244,0,20,27.9,27.9,1.02173,2.53784,1.59424,2.12769,1.50269,2.36816,37.1941,15.8745,18,615.488,399.592,32.5053,33.4759,30.0013,33.422,33.4267,20.5305,-30,-30,-999.9,420,0,99.4808,74.3298
114,1745821535,39.5,20250428 09:25:34,9:25:34,15,B,1,21%,5558.07,1745821527,0.005704752,5.704752473,10.78272167,415.6273333,297.4616695,30.04773422,41.98409719,0.18099491,1.998238493,0.17235543,0.108463994,289.5632257,34.47485609,33.04862667,5.065926983,34.07313519,1.836729249,5.39054959,3.229197734,-251.5795841,119.6083142,13.78983649,171.3817923,13.88533333,0.028533333,65.47044937,53.01390813,12.45654124,1.557067655,5.860782082,44.52755232,0.913687709,,,0,0,1,0,24930,RECT-12807-20250324-17_57_43,10114.7,315.2007692,539.79,0.416067787,-0.222077465,MPF-14785-20250428-09_25_34,10118.6,286.5969615,339.0854602,0.154794307,0.5,1513.169639,10.78272167,117.1150225,0.00727268,0.591899575,234.2404301,DARK-14786-20250428-09_25_41,183.25,183.25,0.459575766,0.336819993,0.562922925,2.197579141,0.893651664,0.215362589,0.784637411,14785,290,321.99,75,10118.6,322.68,-0.69,300,24,339.0854602,2.384348906,-16.60481478,2.147549802,0.681033575,-0.006862895,290,322.91,805,10091.7,322.63,0.28,None,None,None,None,None,None,None,None,None,None,None,None,None,1800,1513.169639,0.840658051,0.160870038,2,0.5,0: Broadleaf,2,1745821527,415.6273333,420.012,18.18295333,16.31591333,416.1978667,18.01235333,599.9896333,100.9496333,0.06416876,34.15889667,33.04862667,999.9,0,0,4995,0,158.8054,-4.384647,423.3245667,426.9786667,1.867044333,420.012,16.31591333,1.835562333,1.647084667,16.09296667,14.40650333,1799.982333,0.9780054,0.02199487,0,286.7095667,4.99918,5456.449,17281.73667,42.90806667,44.375,43.29546667,43.687,45.01653333,1755.501333,39.48266667,0,37.39999986,0,286.5969615,-63.92338462,-1154.817779,5453.435385,15,0,--:--:--,1745819824,1745819822,0,-0.175,0.035,-0.56,-0.058,420,6,1.8,0.67,-4.29898975,-1.14698758,0.173624203,0,293.1266471,-103.6138121,10.7258691,0,1.8696255,-0.041131182,0.006469326,1,1,3,01-Mar,3.22138,2.6727,0.100387,0.102123,0.0916259,0.0860603,26424.6,24275.2,27912.9,24786.3,32538.4,23943.6,39807.5,27561.5,1.8906,1.503,0.101268,0,31.4381,999.9,33.7,31.6,15.5835,30.2309,17.6122,1,0.482073,0,20.2961,5.22568,11.9081,4.9596,3.292,9999,9999,9999,999.9,4.97198,1.8541,1.85605,1.85623,1.85577,1.85553,1.85062,1.85269,0,0,0,0,11111111,oooooooo,on,on,on,on,0,100,100,-0.571,0.1713,-1.457265332,0.00151024,1.49E-06,5.40E-12,-0.046806477,-0.011177753,0.001682567,-2.18E-05,3,2244,0,20,28.5,28.5,1.02173,2.53296,1.59424,2.12769,1.50269,2.49512,37.3378,15.8832,18,615.737,399.074,32.604,33.5884,30.0012,33.5274,33.527,20.5381,-30,-30,-999.9,420,0,99.4589,74.3192
115,1745821574,79,20250428 09:26:14,9:26:14,15,B,1,21%,5558.07,1745821566,0.005419619,5.419618695,10.73483933,415.6601,292.7371888,29.57147679,41.98879907,0.171412384,1.998771709,0.163644368,0.102946317,257.6651917,34.41010736,33.07048333,5.072149489,33.97225718,1.841113676,5.419462315,3.231035813,-239.0051844,127.6344213,14.71974757,161.0141761,13.88533333,0.028533333,72.80797497,55.33206376,17.47591121,2.184488902,6.570094545,44.52755232,0.913687709,,,0,0,1,0,24514,RECT-12807-20250324-17_57_43,10114.7,315.2007692,539.79,0.416067787,-0.222077465,MPF-14787-20250428-09_26_13,10107.4,256.9506,315.8567079,0.186496302,0.5,1345.176729,10.73483933,125.4352427,0.008145336,0.708971146,222.9156686,DARK-14788-20250428-09_26_20,176.51,176.51,0.441170646,0.422730532,0.616420645,89.80428603,0.997079385,0.290391095,0.709608905,14787,290,300.19,205,10107.4,299.88,0.31,300,24,315.8567079,2.145521773,-16.14724194,1.926508244,0.715016773,-0.007030335,290,300.91,855,10091.1,299.86,1.05,None,None,None,None,None,None,None,None,None,None,None,None,None,1600,1345.176729,0.840747717,0.161043093,2,0.5,0: Broadleaf,2,1745821566,415.6601,419.9893333,18.22575333,16.45212,416.2305667,18.05396667,599.9934667,100.9531,0.06405095,34.25494,33.07048333,999.9,0,0,4997,0,158.9885333,-4.329152333,423.3765667,427.0146667,1.773630667,419.9893333,16.45212,1.839946667,1.660892667,16.13034667,14.53567667,1599.976667,0.974998867,0.025000833,0,257.2137333,4.99918,4399.617333,15341.19667,43.04546667,44.4958,43.4832,43.75413333,45.1912,1555.100667,39.87766667,0,37.39999986,0,256.9506,-34.42130775,-541.6538469,4394.7832,15,0,--:--:--,1745819824,1745819822,0,-0.175,0.035,-0.56,-0.058,420,6,1.8,0.67,-4.306442927,-0.584399373,0.13145351,0,260.3669412,-57.55153553,6.067799402,0,1.778154146,-0.098250732,0.011982301,1,1,3,01-Mar,3.22202,2.67269,0.100334,0.10213,0.09169,0.0865832,26420.5,24272.2,27907.3,24783.7,32530.9,23926.8,39801.1,27557.8,1.8898,1.5006,0.0949204,0,31.5708,999.9,33.7,31.7,15.6725,30.3009,17.5721,1,0.490528,0,20.2983,5.22328,11.9081,4.9596,3.292,9999,9999,9999,999.9,4.97202,1.8541,1.85608,1.85623,1.85577,1.85562,1.85068,1.85269,0,0,0,0,11111111,oooooooo,on,on,on,on,0,100,100,-0.571,0.172,-1.457265332,0.00151024,1.49E-06,5.40E-12,-0.046806477,-0.011177753,0.001682567,-2.18E-05,3,2244,0,20,29.2,29.2,1.02173,2.53052,1.59424,2.12891,1.50269,2.49634,37.4819,15.8832,18,616.126,398.342,32.7054,33.6959,30.001,33.6308,33.6307,20.541,-30,-30,-999.9,420,0,99.4413,74.3104
116,1745821614,118.5,20250428 09:26:53,9:26:53,15,B,1,21%,5558.16,1745821606,0.005094112,5.094111784,10.00464198,415.9375667,293.8832062,29.68792275,42.01778833,0.160753658,1.999906029,0.153904616,0.096781427,225.7821611,34.330423,33.07763333,5.074186508,33.91969169,1.845038609,5.439432132,3.229147899,-224.6503297,134.0602653,15.45759548,150.6496922,13.88533333,0.028533333,67.40518498,51.58394083,15.82124415,1.977655519,5.958093304,44.52755232,0.913687709,,,0,0,1,0,25356,RECT-12807-20250324-17_57_43,10114.7,315.2007692,539.79,0.416067787,-0.222077465,MPF-14789-20250428-09_26_53,10112.8,240.9827308,299.6053367,0.195666094,0.5,1177.21406,10.00464198,115.1704384,0.008687222,0.801670177,214.6967182,DARK-14790-20250428-09_27_00,164.35,164.35,0.451445018,0.433421759,0.639741805,-3.758959939,1.069439805,0.29559324,0.70440676,14789,290,291.49,155,10112.8,291,0.49,300,24,299.6053367,3.183553273,-8.697508307,2.849979112,0.249598518,-0.007197257,290,291.76,765,10094.1,290.99,0.77,None,None,None,None,None,None,None,None,None,None,None,None,None,1400,1177.21406,0.840866785,0.161272895,2,0.5,0: Broadleaf,2,1745821606,415.9375667,419.9786667,18.26419,16.59719,416.5072667,18.09133333,600.0086333,100.9555333,0.063926543,34.32101667,33.07763333,999.9,0,0,5001.5,0,157.7475333,-4.041036333,423.6756667,427.0668,1.666980667,419.9786667,16.59719,1.84387,1.675579333,16.16372333,14.67201333,1400.000667,0.971006,0.028994173,0,241.0409667,4.99918,3631.342667,13400.40667,43.1187,44.6103,43.63533333,43.8666,45.30993333,1354.551667,40.45,0,37.4000001,0,240.9827308,-23.56652994,-301.6413677,3630.911154,15,0,--:--:--,1745819824,1745819822,0,-0.175,0.035,-0.56,-0.058,420,6,1.8,0.67,-4.0573465,0.112576435,0.157106722,1,243.8284118,-44.27025208,4.772173078,0,1.6743145,-0.120862514,0.012798167,0,1,3,01-Mar,3.22198,2.67246,0.100411,0.102082,0.0918358,0.0871335,26413.6,24269.1,27902.7,24779.7,32520,23909.4,39794.2,27554.3,1.8864,1.4984,0.087887,0,31.6932,999.9,33.7,31.8,15.76,29.8509,17.4559,1,0.499207,0,20.3001,5.22328,11.9081,4.9592,3.292,9999,9999,9999,999.9,4.97205,1.8541,1.85608,1.85623,1.85583,1.85556,1.85074,1.85272,0,0,0,0,11111111,oooooooo,on,on,on,on,0,100,100,-0.569,0.1732,-1.457265332,0.00151024,1.49E-06,5.40E-12,-0.046806477,-0.011177753,0.001682567,-2.18E-05,3,2244,0,20,29.8,29.9,1.02295,2.54028,1.59302,2.13013,1.50269,2.37671,37.6504,15.8745,18,614.568,397.713,32.8073,33.8003,30.0011,33.7342,33.7319,20.5508,-30,-30,-999.9,420,0,99.4245,74.2996
117,1745821653,158,20250428 09:27:33,9:27:33,15,B,1,21%,5558.16,1745821645,0.004386688,4.386687729,10.04368976,416.0354667,276.8701718,27.97054066,42.02957965,0.137276905,1.999754971,0.132248265,0.083091622,193.8034242,34.36437961,33.07519333,5.073491277,33.69831867,1.837127381,5.451688554,3.236363896,-193.4529288,138.6741442,15.99377638,155.0184159,13.88533333,0.028533333,77.36272305,55.0072476,22.35547545,2.794434431,6.957713894,44.52755232,0.913687709,,,0,0,1,0,25061,RECT-12807-20250324-17_57_43,10114.7,315.2007692,539.79,0.416067787,-0.222077465,MPF-14791-20250428-09_27_32,10111.4,230.3486,308.0871526,0.252326499,0.5,1009.185141,10.04368976,127.3220766,0.010172333,0.752069165,219.017577,DARK-14792-20250428-09_27_39,164.41,164.41,0.466352301,0.541064123,0.617248781,-10.92813348,1.031673899,0.386181433,0.613818567,14791,290,292.66,175,10111.4,291.45,1.21,300,24,308.0871526,2.26386175,-16.81876942,2.020273301,0.71224671,-0.007363625,290,292.3,745,10094.6,291.43,0.87,None,None,None,None,None,None,None,None,None,None,None,None,None,1200,1009.185141,0.840985748,0.161502495,2,0.5,0: Broadleaf,2,1745821645,416.0354667,419.9913667,18.18505333,16.74953667,416.6754667,18.11505333,600.0509333,100.9599333,0.064097107,34.36146667,33.07519333,999.9,0,0,5000.666667,0,155.8912,-3.885029333,423.8580667,427.1458333,1.539043,419.9913667,16.74953667,1.846414,1.691032333,16.18536,14.81434,1200.002667,0.967001633,0.032998327,0,230.4668,4.99918,3005.808667,11464.31667,43.0641,44.6996,43.75413333,43.937,45.375,1155.572667,39.43,0,37.39999986,0,230.3486,-12.39453847,-163.1684617,3004.1912,15,1745821677,9:27:56,1745821670,1745821677,1,-0.082,-0.066,-0.64,0.07,420,17,1.75,0.38,-3.86043775,-0.278992683,0.143495007,1,232.6113824,-33.52304051,3.72911804,0,1.54924725,-0.201464803,0.019998054,0,1,3,01-Mar,3.22224,2.67178,0.100426,0.102089,0.091862,0.0877127,26406.7,24265.2,27896.3,24776.2,32512.3,23890.9,39785.9,27550.5,1.8854,1.4966,0.0801682,0,31.8078,999.9,33.7,32,15.9406,29.8609,17.3277,1,0.509024,0,20.3013,5.22448,11.9081,4.9596,3.292,9999,9999,9999,999.9,4.97202,1.8541,1.85608,1.85626,1.85577,1.85559,1.85074,1.85272,0,0,0,0,11111111,oooooooo,on,on,on,on,0,100,100,-0.64,0.07,-1.457265332,0.00151024,1.49E-06,5.40E-12,-0.046806477,-0.011177753,0.001682567,-2.18E-05,3,2244,0,20,30.5,30.5,1.02295,2.54028,1.59424,2.12769,1.50269,2.4939,37.7953,15.8745,18,614.812,397.322,32.9049,33.9088,30.0012,33.8385,33.8365,20.5527,-30,-30,-999.9,420,0,99.4028,74.2893
118,1745821708,212.5,20250428 09:28:27,9:28:27,15,B,1,21%,5558.25,1745821700,0.003954796,3.95479598,8.880508529,416.4691613,278.2938232,28.11361261,42.07226925,0.122183695,1.99947881,0.118182165,0.074212458,161.9048188,34.32254485,33.18884194,5.10596135,33.65983814,1.841674274,5.471429383,3.264287076,-174.4065027,133.409251,15.40212534,136.3096925,13.88533333,0.028533333,79.80600434,52.71985808,27.08614626,3.385768282,7.445361421,44.52755232,0.913687709,,,0,0,1,0,25203,RECT-12807-20250324-17_57_43,10114.7,315.2007692,539.79,0.416067787,-0.222077465,MPF-14793-20250428-09_28_27,10109,222.16912,319.9286098,0.305566576,0.5,841.1988238,8.880508529,128.521122,0.010820969,0.68722016,224.9361458,DARK-14794-20250428-09_28_34,169.01,169.01,0.471725895,0.647762989,0.592969929,20.67740846,0.978948944,0.492770655,0.507229345,14793,290,298.63,235,10109,297.98,0.65,300,24,319.9286098,2.425475789,-22.19072566,2.15803456,0.790633564,-0.00753092,290,298.22,695,10098,297.95,0.27,None,None,None,None,None,None,None,None,None,None,None,None,None,1000,841.1988238,0.841193695,0.161903832,2,0.5,0: Broadleaf,2,1745821700,416.4691613,419.9784516,18.23054839,16.93627742,417.1190968,18.12325161,599.9822258,100.9571935,0.064138074,34.42645161,33.18884194,999.9,0,0,4999.677419,0,157.3814839,-3.509349355,424.2027097,427.214,1.294276129,419.9784516,16.93627742,1.840506774,1.709840968,16.13511935,14.98604516,1000.006097,0.960006613,0.039993116,0,222.1627097,4.99918,2438.367419,9523.976129,43.028,44.82012903,43.875,44.062,45.437,955.2148387,39.79,0,52.4000001,0,222.16912,-0.666461529,13.42846148,2438.5516,15,1745821677,9:27:56,1745821670,1745821677,1,-0.082,-0.066,-0.64,0.07,420,17,1.75,0.38,-3.5305475,0.487163302,0.144871198,1,222.0340882,1.599281889,0.381387048,0,1.30269325,-0.226734371,0.022453149,0,1,3,01-Mar,3.22232,2.67264,0.100443,0.102072,0.0918223,0.0883994,26397,24260.3,27887,24771.2,32504.8,23867.4,39775,27544.1,1.8838,1.4932,0.0762939,0,31.9765,999.9,33.7,32.2,16.1195,29.9209,17.4639,1,0.521911,0,20.3029,5.22328,11.9081,4.9596,3.292,9999,9999,9999,999.9,4.97208,1.8541,1.85614,1.85638,1.85593,1.85562,1.85074,1.85275,0,0,0,0,11111111,oooooooo,on,on,on,on,0,100,100,-0.65,0.1071,-1.539182279,0.00151024,1.49E-06,5.40E-12,-0.113246455,-0.011177753,0.001682567,-2.18E-05,3,2244,0,20,0.6,0.5,1.02295,2.54395,1.59302,2.12769,1.50269,2.5,38.0377,15.8745,18,614.992,396.253,33.0389,34.0572,30.0013,33.9853,33.9777,20.558,-30,-30,-999.9,420,0,99.3732,74.2731
119,1745821747,252,20250428 09:29:07,9:29:07,15,B,1,21%,5558.16,1745821739,0.003516295,3.516294584,8.131414124,416.7680333,274.7692589,27.75769166,42.10266684,0.108024784,1.998331644,0.104882354,0.065826192,129.9811941,34.2398655,33.2086,5.111624754,33.61200344,1.841310977,5.478135154,3.270313777,-155.0685911,133.5773008,15.43353245,123.9234363,13.88533333,0.028533333,78.7477323,50.36951565,28.37821665,3.547277081,7.369855897,44.52755232,0.913687709,,,0,0,1,0,25694,RECT-12807-20250324-17_57_43,10114.7,315.2007692,539.79,0.416067787,-0.222077465,MPF-14795-20250428-09_29_06,10122.2,219.5424231,348.6088933,0.370232868,0.5,673.1907887,8.131414124,124.6186781,0.012408803,0.548411444,238.7459379,DARK-14796-20250428-09_29_13,164.6,164.6,0.527837634,0.701414306,0.509558108,3.863325876,0.851247881,0.525879204,0.474120796,14795,290,318.92,105,10122.2,318,0.92,300,24,348.6088933,3.837537953,-30.98269197,3.404121935,0.747378396,-0.007698567,290,315.87,735,10098.5,317.93,-2.06,None,None,None,None,None,None,None,None,None,None,None,None,None,800,673.1907887,0.841490625,0.162476906,2,0.5,0: Broadleaf,2,1745821739,416.7680333,419.9669667,18.22686333,17.07614,417.4172333,18.11964667,600.0058333,100.9573,0.064523823,34.44848,33.2086,999.9,0,0,4995,0,158.2026667,-3.198869667,424.5055,427.263,1.150722,419.9669667,17.07614,1.840136,1.723961333,16.13197,15.11387667,799.9979667,0.950002,0.0499981,0,219.5949333,4.99918,1961.234,7584.780333,42.8936,44.875,43.875,44.125,45.375,755.251,39.75,0,37.4000001,0,219.5424231,-6.654735064,-70.14495731,1961.120769,15,1745821677,9:27:56,1745821670,1745821677,1,-0.082,-0.066,-0.64,0.07,420,17,1.75,0.38,-3.224520732,0.526336098,0.134093709,0,221.2334118,-24.51669977,2.833292567,0,1.164289512,-0.223870662,0.022700349,0,0,3,0/3,3.22165,2.6728,0.100506,0.10203,0.0917848,0.0889073,26389.4,24257,27881.3,24767,32499.5,23850.8,39766.9,27540.2,1.8818,1.4906,0.0695884,0,32.0897,999.9,33.7,32.3,16.2115,29.8409,17.5681,1,0.530976,0,20.3048,5.22328,11.9081,4.96,3.292,9999,9999,9999,999.9,4.97208,1.85413,1.85614,1.85638,1.85593,1.85562,1.85074,1.85272,0,0,0,0,11111111,oooooooo,on,on,on,on,0,100,100,-0.648,0.107,-1.539182279,0.00151024,1.49E-06,5.40E-12,-0.113246455,-0.011177753,0.001682567,-2.18E-05,3,2244,0,20,1.3,1.2,1.02295,2.53784,1.59424,2.12646,1.50269,2.51465,38.208,15.8832,18,614.469,395.396,33.1358,34.1637,30.0012,34.0878,34.0804,20.5617,-30,-30,-999.9,420,0,99.3529,74.2617
120,1745821787,291.5,20250428 09:29:46,9:29:46,15,B,1,21%,5558.16,1745821779,0.003141479,3.141479184,6.834733296,417.2597667,282.3721169,28.52516045,42.15147701,0.096258294,1.999462065,0.093755986,0.058816895,98.07255396,34.10560715,33.18698,5.105427931,33.54312577,1.836869713,5.476143534,3.268558218,-138.539232,135.2784117,15.61909343,110.4308271,13.88533333,0.028533333,71.31891106,44.43542637,26.88348469,3.360435587,6.703784132,44.52755232,0.913687709,,,0,0,1,0,25057,RECT-12807-20250324-17_57_43,10114.7,315.2007692,539.79,0.416067787,-0.222077465,MPF-14797-20250428-09_29_46,10116.6,222.2913846,397.7677733,0.441152855,0.5,505.2176015,6.834733296,111.4390936,0.013967864,0.357048098,260.8215851,DARK-14798-20250428-09_29_53,157.86,157.86,0.60313527,0.731432693,0.371854075,2.125260456,0.632364367,0.519426181,0.480573819,14797,290,361.43,195,10116.6,358.98,2.45,300,24,397.7677733,2.454714085,-39.24353714,2.17105235,0.921067846,-0.007866982,290,353.86,675,10103.3,358.93,-5.07,None,None,None,None,None,None,None,None,None,None,None,None,None,600,505.2176015,0.841993411,0.163447283,2,0.5,0: Broadleaf,2,1745821779,417.2597667,419.9747667,18.18327333,17.15522333,417.9074667,18.07728,600.0402333,100.9560333,0.06371593,34.44194,33.18698,999.9,0,0,4999.666667,0,154.1256,-2.714964333,424.9874333,427.3053,1.028051333,419.9747667,17.15522333,1.835710333,1.731923,16.09422667,15.18554333,600.0256,0.932997,0.0670025,0,222.2886,4.99918,1511.407667,5645.422,42.7247,44.937,43.875,44.15186667,45.312,555.1576667,39.87,0,37.19999981,0,222.2913846,-5.712136768,-23.28239318,1511.387308,15,1745821677,9:27:56,1745821670,1745821677,1,-0.082,-0.066,-0.64,0.07,420,17,1.75,0.38,-2.72358775,-0.079577674,0.129849399,1,223.5006176,-18.86675325,2.251246204,0,1.04034375,-0.223284765,0.021955225,0,1,3,01-Mar,3.22242,2.67125,0.100553,0.101979,0.091549,0.0891017,26382.1,24253.8,27875.4,24762.8,32502.5,23841.9,39760.3,27535.8,1.8802,1.4882,0.0627637,0,32.1748,999.9,33.6,32.5,16.347,29.8109,17.472,1,0.539878,0,20.307,5.22328,11.9081,4.9592,3.292,9999,9999,9999,999.9,4.97208,1.8541,1.8562,1.85638,1.85593,1.85562,1.85074,1.85272,0,0,0,0,11111111,oooooooo,on,on,on,on,0,100,100,-0.648,0.1055,-1.539182279,0.00151024,1.49E-06,5.40E-12,-0.113246455,-0.011177753,0.001682567,-2.18E-05,3,2244,0,20,1.9,1.8,1.02295,2.53906,1.59424,2.12646,1.50269,2.40723,38.3545,15.8745,18,614.221,394.643,33.2266,34.2671,30.0011,34.1888,34.1805,20.564,-30,-30,-999.9,420,0,99.3346,74.2493
121,1745821826,331,20250428 09:30:26,9:30:26,15,B,1,21%,5558.25,1745821818,0.002732111,2.732111459,6.056053962,417.5854,280.1011863,28.29587636,42.18455839,0.083181626,1.999836367,0.08130622,0.050981364,82.09271962,34.08373976,33.18135333,5.103816263,33.41155071,1.825686458,5.464237423,3.278129805,-120.4861153,131.6904901,15.19865995,108.4957543,13.88533333,0.028533333,64.87779203,40.21190847,24.66588356,3.083235445,6.08226756,44.52755232,0.913687709,,,0,0,1,0,25352,RECT-12807-20250324-17_57_43,10114.7,315.2007692,539.79,0.416067787,-0.222077465,MPF-14799-20250428-09_30_25,10126.8,227.80996,437.2201377,0.478958217,0.5,421.1898814,6.056053962,100.8661774,0.014905703,0.234595467,277.2243953,DARK-14800-20250428-09_30_32,176.99,176.99,0.595192479,0.804711474,0.282717371,1.716204405,0.456699825,0.625196035,0.374803965,14799,290,397.18,105,10126.8,394.56,2.62,300,24,437.2201377,2.451473954,-43.2048718,2.165080905,0.934305395,-0.007951657,290,387.03,695,10104.5,394.46,-7.43,None,None,None,None,None,None,None,None,None,None,None,None,None,500,421.1898814,0.842375439,0.164184596,2,0.5,0: Broadleaf,2,1745821818,417.5854,419.9846,18.07249,17.17816333,418.2322333,17.96953333,599.9453,100.9565333,0.063661317,34.4028,33.18135333,999.9,0,0,5001.166667,0,139.1894,-2.399132333,425.2711333,427.3252,0.8943251,419.9846,17.17816333,1.824535667,1.734247333,15.99858,15.20641333,500.0025667,0.9200232,0.079976913,0,227.832,4.99918,1308.824,4676.440333,42.4706,44.90393333,43.77893333,44.0704,45.17466667,455.4143333,39.591,0,37.19999981,0,227.80996,-6.38530771,-40.88615389,1308.5144,15,1745821677,9:27:56,1745821670,1745821677,1,-0.082,-0.066,-0.64,0.07,420,17,1.75,0.38,-2.37597122,0.135681951,0.142740855,1,228.8682353,-17.93961804,2.235258059,0,0.906903878,-0.272363958,0.02758794,0,1,3,01-Mar,3.22208,2.67315,0.100582,0.10197,0.0911415,0.0891913,26377.1,24252.4,27871.4,24761.5,32513.1,23837.7,39755.4,27533.6,1.8792,1.4854,0.063777,0,32.1493,999.9,33.5,32.6,16.3902,29.8809,17.4599,1,0.546951,0,20.3073,5.22568,11.9081,4.9596,3.292,9999,9999,9999,999.9,4.97214,1.85425,1.85611,1.85638,1.85593,1.85562,1.85077,1.85275,0,0,0,0,11111111,oooooooo,on,on,on,on,0,100,100,-0.646,0.1025,-1.539182279,0.00151024,1.49E-06,5.40E-12,-0.113246455,-0.011177753,0.001682567,-2.18E-05,3,2244,0,20,2.6,2.5,1.02417,2.54272,1.59424,2.12524,1.50269,2.44507,38.5014,15.8657,18,614.365,393.622,33.3071,34.3622,30.0009,34.284,34.2748,20.5675,-30,-30,-999.9,420,0,99.3216,74.2444
122,1745821866,370.5,20250428 09:31:05,9:31:05,15,B,1,21%,5558.61,1745821858,0.002347323,2.347323261,4.988072534,417.9799667,285.2298791,28.81534878,42.22642649,0.071254137,1.998450761,0.069872255,0.043792084,66.12940559,34.03799528,33.15308,5.095724517,33.3702541,1.817971494,5.447880284,3.277753024,-103.5169558,128.838936,14.87388668,106.3252724,13.88533333,0.028533333,58.49055511,35.23487902,23.25567609,2.906959512,5.565422414,44.52755232,0.913687709,,,0,0,1,0,25385,RECT-12807-20250324-17_57_43,10114.7,315.2007692,539.79,0.416067787,-0.222077465,MPF-14801-20250428-09_31_05,10131.8,236.80092,510.4940907,0.536133867,0.5,337.1997763,4.988072534,90.39210994,0.015451226,0.057387362,304.9807634,DARK-14802-20250428-09_31_12,178.06,178.06,0.651200664,0.823300553,0.080988332,1.401446648,0.130442182,0.619072327,0.380927673,14801,290,452.28,85,10131.8,449.83,2.45,300,24,510.4940907,3.388271986,-61.46638619,2.988408283,0.937923134,-0.008036751,290,440.47,625,10110.4,449.7,-9.23,None,None,None,None,None,None,None,None,None,None,None,None,None,400,337.1997763,0.842961718,0.165316116,2,0.5,0: Broadleaf,2,1745821858,417.9799667,419.9697,17.99526333,17.22690333,418.6257333,17.89443667,600.0006667,100.9603667,0.064634193,34.34890667,33.15308,999.9,0,0,4995.333333,0,122.0476667,-1.989796,425.6394667,427.3314333,0.7683625,419.9697,17.22690333,1.816809,1.739235333,15.93215667,15.25111667,400.0179,0.9000331,0.099967303,0,236.7966,4.99918,1103.156333,3707.271667,42.15806667,44.79546667,43.5914,43.90806667,44.95806667,355.5303333,39.49166667,0,37.19999981,0,236.80092,-6.975846126,-18.64461543,1102.9772,15,1745821677,9:27:56,1745821670,1745821677,1,-0.082,-0.066,-0.64,0.07,420,17,1.75,0.38,-1.997104,0.166579362,0.106360401,1,237.7482647,-16.42702826,1.950279215,0,0.7774452,-0.219796615,0.021685494,0,1,3,01-Mar,3.22181,2.67327,0.100613,0.101958,0.0908314,0.0893504,26372.8,24251.3,27868.1,24760.3,32520.7,23832.5,39751.2,27532.3,1.8794,1.484,0.0673532,0,32.0386,999.9,33.3,32.8,16.4767,29.9709,17.6963,1,0.551301,0,20.3084,5.22448,11.9081,4.9596,3.292,9999,9999,9999,999.9,4.97211,1.85425,1.85623,1.85638,1.85593,1.85562,1.85074,1.85287,0,0,0,0,11111111,oooooooo,on,on,on,on,0,100,100,-0.646,0.1003,-1.539182279,0.00151024,1.49E-06,5.40E-12,-0.113246455,-0.011177753,0.001682567,-2.18E-05,3,2244,0,20,3.3,3.1,1.02417,2.5415,1.59424,2.12524,1.50269,2.50244,38.6241,15.8745,18,615.211,393.289,33.3742,34.4383,30.0007,34.3593,34.3512,20.573,-30,-30,-999.9,420,0,99.3104,74.2409
123,1745821905,410,20250428 09:31:45,9:31:45,15,B,1,21%,5558.16,1745821897,0.001974439,1.974439308,3.842594569,418.4168333,295.5818891,29.86109159,42.27046325,0.060079114,1.999761861,0.059094096,0.037020965,49.59035825,33.94621069,33.06338333,5.070127418,33.38630853,1.809642178,5.420312271,3.26048524,-87.07277349,128.7667763,14.84267617,106.1270372,13.88533333,0.028533333,48.11808026,28.72277949,19.39530077,2.424412596,4.582239929,44.52755232,0.913687709,,,0,0,1,0,25074,RECT-12807-20250324-17_57_43,10114.7,315.2007692,539.79,0.416067787,-0.222077465,MPF-14803-20250428-09_31_44,10120.4,249.87028,602.5514943,0.585312986,0.5,252.8972022,3.842594569,74.01200826,0.016072428,-0.104159553,335.6134928,DARK-14804-20250428-09_31_51,179.62,179.62,0.701900996,0.833896787,-0.174255197,1.227354531,-0.27945015,0.599449206,0.400550794,14803,290,530.42,125,10120.4,527,3.42,300,24,602.5514943,2.199229252,-76.45625039,1.935250365,0.982376813,-0.008114339,290,513.65,635,10103.3,526.88,-13.23,None,None,None,None,None,None,None,None,None,None,None,None,None,300,252.8972022,0.842949838,0.165293187,2,0.5,0: Broadleaf,2,1745821897,418.4168333,419.9729,17.91285667,17.26657333,419.0613333,17.81427,600.0685333,100.9605,0.064267377,34.25775667,33.06338333,999.9,0,0,5000.666667,0,114.9184667,-1.556096333,426.0485667,427.3518,0.646286967,419.9729,17.26657333,1.808492,1.743242667,15.86038,15.28694,300.0145333,0.900014633,0.099985443,0,249.9506333,4.99918,904.0063,2768.719,41.74553333,44.5893,43.3289,43.64563333,44.66643333,265.5173333,29.5,0,37.19999981,0,249.87028,-6.206307682,-14.7958462,903.90716,15,1745821677,9:27:56,1745821670,1745821677,1,-0.082,-0.066,-0.64,0.07,420,17,1.75,0.38,-1.577349512,0.602085575,0.114463669,0,250.6567647,-13.37249809,1.511617405,0,0.657198268,-0.232526634,0.023717664,0,0,3,0/3,3.22183,2.67201,0.100672,0.101945,0.0905188,0.089479,26370.4,24251.6,27867.6,24760.3,32531.7,23829.4,39751,27532.6,1.877,1.483,0.0737607,0,31.8443,999.9,33.2,32.9,16.5213,29.8909,17.6923,1,0.553293,0,20.3093,5.22568,11.9081,4.96,3.292,9999,9999,9999,999.9,4.97205,1.85422,1.85623,1.85638,1.85593,1.85562,1.85077,1.85272,0,0,0,0,11111111,oooooooo,on,on,on,on,0,100,100,-0.645,0.098,-1.539182279,0.00151024,1.49E-06,5.40E-12,-0.113246455,-0.011177753,0.001682567,-2.18E-05,3,2244,0,20,3.9,3.8,1.02417,2.54272,1.59302,2.12646,1.50269,2.4707,38.7717,15.8657,18,613.935,393.051,33.4239,34.4871,30.0002,34.4138,34.4064,20.5795,-30,-30,-999.9,420,0,99.3095,74.2414
124,1745821945,449.5,20250428 09:32:24,9:32:24,15,B,1,21%,5558.61,1745821937,0.001637619,1.637619183,2.813387421,418.8163667,308.5618018,31.17300422,42.31166751,0.050059057,1.999863549,0.049373217,0.030919098,33.04592175,33.83691493,32.95493333,5.039328065,33.42044814,1.801910556,5.391640916,3.237417508,-72.21900598,130.1990195,14.99206006,106.0179953,13.88533333,0.028533333,34.51787354,21.44482486,13.07304868,1.634131085,3.16608488,44.52755232,0.913687709,,,0,0,1,0,24849,RECT-12807-20250324-17_57_43,10114.7,315.2007692,539.79,0.416067787,-0.222077465,MPF-14805-20250428-09_32_24,10110.1,261.87496,703.3005116,0.627648558,0.5,168.5698739,2.813387421,52.90131908,0.018007161,-0.23249025,364.713782,DARK-14806-20250428-09_32_31,194.83,194.83,0.722977594,0.868143858,-0.473998468,1.137402331,-0.728042529,0.645882553,0.354117447,14805,290,633.2,165,10110.1,630.73,2.47,300,24,703.3005116,2.726568951,-73.36450871,2.393892857,0.971050748,-0.008191208,290,617.78,635,10097,630.64,-12.86,None,None,None,None,None,None,None,None,None,None,None,None,None,200,168.5698739,0.84292453,0.165244343,2,0.5,0: Broadleaf,2,1745821937,418.8163667,419.9828333,17.83597,17.29981,419.4598333,17.73947667,599.9741333,100.9621333,0.064643257,34.16253,32.95493333,999.9,0,0,5001,0,115.5605333,-1.166384967,426.4220667,427.3764,0.5361573,419.9828333,17.29981,1.800759667,1.746628333,15.79337667,15.31715333,199.9821667,0.9000147,0.099985147,0,261.9215,4.99918,674.1253667,1829.916667,41.31646667,44.3477,43.01223333,43.3539,44.32483333,175.4866667,19.495,0,37.19999981,0,261.87496,0.328923053,2.311384651,674.2172,15,1745821677,9:27:56,1745821670,1745821677,1,-0.082,-0.066,-0.64,0.07,420,17,1.75,0.38,-1.191271725,0.747372574,0.155325947,0,261.7288529,2.382811305,0.617508377,0,0.5444679,-0.192795715,0.019242907,0,0,3,0/3,3.2229,2.67291,0.100773,0.101903,0.0902732,0.0895676,26369.3,24253.3,27869.6,24761,32542.6,23828.3,39753.6,27534,1.8778,1.4808,0.0793636,0,31.632,999.9,33,33.1,16.606,29.5609,17.5641,1,0.5525,0,20.3104,5.22328,11.9081,4.9596,3.292,9999,9999,9999,999.9,4.97208,1.85425,1.85623,1.85638,1.85593,1.85562,1.8508,1.85287,0,0,0,0,11111111,oooooooo,on,on,on,on,0,100,100,-0.643,0.0962,-1.539182279,0.00151024,1.49E-06,5.40E-12,-0.113246455,-0.011177753,0.001682567,-2.18E-05,3,2244,0,20,4.6,4.5,1.02417,2.55005,1.59424,2.13013,1.50269,2.37915,38.8951,15.8657,18,614.847,392.032,33.4559,34.5059,30,34.4479,34.4432,20.5818,-30,-30,-999.9,420,0,99.3161,74.2442
125,1745821984,489,20250428 09:33:04,9:33:04,15,B,1,21%,5558.61,1745821976,0.001349413,1.349413017,1.348049006,419.3505,346.8903482,35.04409772,42.36428018,0.041589358,1.998807755,0.04111453,0.025738791,16.5093904,33.68972947,32.80753333,4.99772813,33.47863086,1.793497854,5.357142178,3.204230276,-59.50911406,133.6037383,15.37246679,105.9764814,13.88533333,0.028533333,18.11188298,12.06859223,6.043290747,0.755411343,1.554202868,44.52755232,0.913687709,,,0,0,1,0,25762,RECT-12807-20250324-17_57_43,10114.7,315.2007692,539.79,0.416067787,-0.222077465,MPF-14807-20250428-09_33_03,10104.1,254.425,742.3204031,0.657257164,0.5,84.28171737,1.348049006,27.69738128,0.018629503,-0.272834213,374.9340137,DARK-14808-20250428-09_33_10,192.73,192.73,0.740368176,0.887743673,-0.5835602,1.142292146,-0.901781454,0.672476518,0.327523482,14807,290,698.31,155,10104.1,697.94,0.37,300,24,742.3204031,3.310205538,-44.84652476,2.899662,0.895209939,-0.008268689,290,694.42,625,10091.1,697.88,-3.46,None,None,None,None,None,None,None,None,None,None,None,None,None,100,84.28171737,0.842849904,0.165100315,2,0.5,0: Broadleaf,2,1745821976,419.3505,419.9884,17.75326333,17.31149667,419.9925,17.65901,600.0708667,100.9594333,0.064126147,34.04736333,32.80753333,999.9,0,0,4996.833333,0,124.2854667,-0.6379242,426.93,427.3872333,0.441766,419.9884,17.31149667,1.79236,1.747759333,15.72031667,15.32724333,99.99611667,0.900042,0.0999583,0,254.4255667,4.99918,398.9424667,891.5543667,40.87893333,44.06636667,42.67056667,43.06223333,43.95183333,85.501,9.499666667,0,37.19999981,0,254.425,-9.660230753,-11.48623081,398.8398,15,1745821677,9:27:56,1745821670,1745821677,1,-0.082,-0.066,-0.64,0.07,420,17,1.75,0.38,-0.688606275,0.834471141,0.137432988,0,254.7797059,-6.848556138,0.901722291,0,0.4499459,-0.16452788,0.016418236,0,0,3,0/3,3.22183,2.67188,0.100856,0.101897,0.0899533,0.0896222,26369.2,24256.4,27872,24763.9,32557.4,23829.8,39757.7,27537.4,1.877,1.4814,0.0832975,0,31.4132,999.9,32.8,33.2,16.5982,29.7509,17.492,1,0.549512,0,20.3112,5.22328,11.9081,4.9596,3.292,9999,9999,9999,999.9,4.97211,1.85425,1.85623,1.85638,1.85593,1.85562,1.8508,1.85287,0,0,0,0,11111111,oooooooo,on,on,on,on,0,100,100,-0.642,0.0939,-1.539182279,0.00151024,1.49E-06,5.40E-12,-0.113246455,-0.011177753,0.001682567,-2.18E-05,3,2244,0,20,5.2,5.1,1.02417,2.55005,1.59424,2.12891,1.50269,2.50244,38.994,15.8657,18,614.366,392.476,33.4748,34.5028,29.9995,34.4603,34.4616,20.5841,-30,-30,-999.9,420,0,99.3258,74.2533
126,1745822024,528.5,20250428 09:33:43,9:33:43,15,B,1,21%,5558.61,1745822016,0.001123692,1.123691972,-0.288879073,419.9337333,411.6870969,41.59006872,42.42317274,0.034892796,2.000564647,0.034558195,0.021628667,8.243235084,33.57759647,32.67829333,4.961499593,33.58083627,1.786332432,5.319499542,3.175167161,-49.55481597,134.0274785,15.38840691,108.1043045,13.88533333,0.028533333,9.311382487,4.769950525,4.541431962,0.567678995,0.977170646,44.52755232,0.913687709,,,0,0,1,0,24896,RECT-12807-20250324-17_57_43,10114.7,315.2007692,539.79,0.416067787,-0.222077465,MPF-14809-20250428-09_33_43,10093.4,244.3966,751.970058,0.674991581,0.5,42.14951029,-0.288879073,14.22528229,-0.001584873,-0.282165567,377.3799974,DARK-14810-20250428-09_33_50,190.17,190.17,0.747104292,0.903477048,-0.606887644,1.162108855,-0.94474725,0.703013995,0.296986005,14809,290,712.38,275,10093.4,713.1,-0.72,300,24,751.970058,3.446661688,-39.23023311,3.015970064,0.858008626,-0.008308676,290,709.94,635,10088.3,713.08,-3.14,None,None,None,None,None,None,None,None,None,None,None,None,None,50,42.14951029,0.842698239,0.164807601,2,0.5,0: Broadleaf,2,1745822016,419.9337333,419.9947333,17.68234667,17.3144,420.5739,17.59002,599.9904667,100.9592333,0.064260063,33.92096333,32.67829333,999.9,0,0,5004,0,135.4142667,-0.060975231,427.4927,427.3947,0.367939167,419.9947333,17.3144,1.785196333,1.74805,15.65775667,15.32981667,50.01732333,0.9001362,0.099863413,0,244.5049333,4.99918,259.4304667,422.5123333,40.43726667,43.7705,42.3165,42.74976667,43.58516667,40.52333333,4.499,0,37.19999981,0,244.3966,-25.43100003,-10.75000005,259.34424,15,1745821677,9:27:56,1745821670,1745821677,1,-0.082,-0.066,-0.64,0.07,420,17,1.75,0.38,-0.107181506,0.915942152,0.184843021,0,245.6189706,-22.98516425,2.320177776,0,0.376436659,-0.138136683,0.015036531,0,0,3,0/3,3.22232,2.67319,0.100972,0.101932,0.0896805,0.0896337,26369.9,24259.2,27876.3,24767.7,32571.3,23832.9,39762.7,27541.3,1.8782,1.4802,0.0888109,0,31.1966,999.9,32.6,33.4,16.684,29.9309,17.5962,1,0.544268,0,20.3121,5.22448,11.9081,4.96,3.292,9999,9999,9999,999.9,4.97211,1.85425,1.85623,1.85638,1.85593,1.85565,1.85086,1.85287,0,0,0,0,11111111,oooooooo,on,on,on,on,0,100,100,-0.64,0.0919,-1.539182279,0.00151024,1.49E-06,5.40E-12,-0.113246455,-0.011177753,0.001682567,-2.18E-05,3,2244,0,20,5.9,5.8,1.02539,2.54639,1.59424,2.12769,1.50269,2.44873,39.0931,15.8569,18,615.203,391.785,33.4775,34.4746,29.9992,34.4541,34.4586,20.5925,-30,-30,-999.9,420,0,99.3394,74.2641
141,1745825718,4222.5,20250428 10:35:17,10:35:17,15,B,2,21%,5559.54,1745825710,0.012254276,12.25427648,17.6709274,412.3724333,287.6093865,29.05531937,41.65932446,0.301702045,2.001643441,0.278525499,0.176012155,321.5009541,35.09441186,34.22996,5.411929434,17.70549905,1.110687859,6.273123709,4.301241575,-540.4135926,288.9428242,33.9000522,103.9302379,13.88533333,0.028533333,128.4315879,92.36950292,36.06208498,4.507760621,11.41850191,44.52755232,0.913687709,,,0,0,1,0,24625,RECT-12807-20250324-17_57_43,10114.7,315.2007692,539.79,0.416067787,-0.222077465,MPF-14843-20250428-10_35_17,10105.2,210.4716923,281.1716813,0.251447759,0.5,1681.14828,17.6709274,211.3604834,0.010643323,0.91978793,205.0628068,DARK-14844-20250428-10_35_24,156.29,156.29,0.444147436,0.566135788,0.674363282,-2.077633972,1.151517006,0.420395547,0.579604453,14843,290,260.04,195,10105.2,259.76,0.28,300,24,281.1716813,2.15468531,-21.63596678,1.946272509,0.815278063,-0.006695884,290,259.07,695,10092.1,259.73,-0.66,None,None,None,None,None,None,None,None,None,None,None,None,None,2000,1681.14828,0.840598518,0.160755139,2,0.5,0: Broadleaf,2,1745825710,412.3724333,419.9470333,10.99434667,6.954577667,412.8724333,11.00631667,600.0119667,100.9605,0.06304351,36.90752333,34.22996,999.9,0,0,5008.333333,0,175.2376667,-7.574719,416.9564667,422.8880333,4.039768333,419.9470333,6.954577667,1.109994667,0.702137767,8.446203,1.868976667,1999.942,0.979999933,0.020000097,0,210.5221,4.99918,4588.411,19219.29,43.45386667,45.875,44.125,44.88326667,46,1955.042,39.9,0,616.2,0,210.4716923,-9.529435882,-192.0092309,4588.605,15,1745824555,10:15:54,1745824555,1745824555,2,0.161,0.049,-0.479,0.01,420,12,1.58,0.19,-7.542863,-0.583952871,0.166449726,0,211.4716176,-15.12744078,1.645370815,0,4.01271625,0.441216923,0.043750796,0,0,3,0/3,3.21881,2.67206,0.0991421,0.101511,0.0625878,0.0436912,26356.6,24233.2,27810.7,24735,33471.6,25006.8,39683.3,27510,1.8652,1.4036,0.0575185,0,33.3232,999.9,10.4,41.3,8.1832,29.5183,19.6394,1,0.64685,0,20.2903,5.22088,11.9081,4.9588,3.292,9999,9999,9999,999.9,4.97217,1.85471,1.85669,1.85699,1.85629,1.85605,1.85129,1.85318,0,0,0,0,11111111,oooooooo,on,on,on,on,0,100,100,-0.5,-0.012,-1.377733927,0.00151024,1.49E-06,5.40E-12,-0.063763226,-0.011177753,0.001682567,-2.18E-05,3,2244,0,20,19.4,19.4,1.03882,2.59888,1.59424,2.10205,1.50269,2.46704,44.9786,15.1827,18,616.706,356.857,36.0238,35.7801,30.0003,35.673,35.6793,20.8756,-30,-30,-999.9,420,0,99.1265,74.1733
142,1745825757,4262,20250428 10:35:57,10:35:57,15,B,2,21%,5559.54,1745825749,0.012076008,12.07600846,17.6718395,412.4475667,286.9120976,28.98469412,41.66665213,0.298785601,1.9993924,0.276013351,0.174409482,289.563082,34.89866408,34.07982333,5.366846248,17.34079565,1.08814669,6.275067835,4.278699558,-532.5519729,305.4128337,35.84762416,98.27156697,13.88533333,0.028533333,126.5801426,91.75478676,34.82535584,4.353169479,10.99477045,44.52755232,0.913687709,,,0,0,1,0,24510,RECT-12807-20250324-17_57_43,10114.7,315.2007692,539.79,0.416067787,-0.222077465,MPF-14845-20250428-10_35_56,10107,206.04488,283.2798519,0.272645482,0.5,1513.16906,17.6718395,206.2793542,0.011825458,0.905500855,206.1818732,DARK-14846-20250428-10_36_04,144.11,144.11,0.491280446,0.554969132,0.648276759,-2.41957244,1.142130223,0.388151366,0.611848634,14845,290,261.15,175,10107,260.73,0.42,300,24,283.2798519,2.894619662,-22.7931542,2.606553699,0.731973432,-0.006861673,290,259.76,725,10091,260.69,-0.93,None,None,None,None,None,None,None,None,None,None,None,None,None,1800,1513.16906,0.84065804,0.160870017,2,0.5,0: Broadleaf,2,1745825749,412.4475667,419.9978667,10.77128667,6.789600333,412.9475333,10.78715667,600.0439667,100.9604,0.0625069,36.91319667,34.07982333,999.9,0,0,4999.166667,0,155.1267333,-7.550254667,416.9385667,422.8689667,3.981682333,419.9978667,6.789600333,1.087472667,0.685481,8.144194333,1.533740667,1799.981667,0.978005733,0.02199456,0,206.0977333,4.99918,4069.970667,17281.73667,43.6103,45.8645,44.187,44.7311,46.1061,1755.500333,39.482,0,37.20000005,0,206.04488,-1.940538473,-69.9123077,4069.2624,15,1745824555,10:15:54,1745824555,1745824555,2,0.161,0.049,-0.479,0.01,420,12,1.58,0.19,-7.457090244,-1.279377073,0.184894574,0,207.6443529,-22.69231473,2.797675389,0,3.983273659,-0.025813171,0.005026709,1,1,3,01-Mar,3.21867,2.6709,0.0991549,0.101524,0.0614239,0.0428439,26357.4,24235.2,27812,24737.5,33513.8,25031.2,39684.1,27512.4,1.8644,1.4032,0.0619292,0,33.0819,999.9,10.2,41.4,8.06881,29.9783,19.4952,1,0.645732,0,20.2924,5.22208,11.9081,4.9596,3.292,9999,9999,9999,999.9,4.97223,1.85471,1.85669,1.85699,1.85626,1.85608,1.85135,1.85318,0,0,0,0,11111111,oooooooo,on,on,on,on,0,100,100,-0.5,-0.0165,-1.377733927,0.00151024,1.49E-06,5.40E-12,-0.063763226,-0.011177753,0.001682567,-2.18E-05,3,2244,0,20,20,20,1.03882,2.59766,1.59424,2.10083,1.50269,2.50488,45.0352,15.1827,18,616.344,356.812,36.0513,35.7933,29.9999,35.6991,35.7116,20.8714,-30,-30,-999.9,420,0,99.1296,74.1803
143,1745825797,4301.5,20250428 10:36:36,10:36:36,15,B,2,21%,5559.72,1745825789,0.011709033,11.70903311,17.13881136,412.6565333,287.8430074,29.07929395,41.68856052,0.291026194,1.999863549,0.269380151,0.170173043,257.6691064,34.72459927,33.89576,5.312021415,16.92166272,1.059286874,6.25994556,4.25273454,-516.3683599,320.5676327,37.57589467,99.44427386,13.88533333,0.028533333,119.2882647,87.90275242,31.38551228,3.923189039,10.08782069,44.52755232,0.913687709,,,0,0,1,0,24689,RECT-12807-20250324-17_57_43,10114.7,315.2007692,539.79,0.416067787,-0.222077465,MPF-14847-20250428-10_36_36,10102.7,203.34072,285.326076,0.287339164,0.5,1345.196681,17.13881136,193.2638445,0.012905837,0.891835501,207.2637302,DARK-14848-20250428-10_36_43,153.41,153.41,0.462334456,0.621496322,0.658584616,-2.744307881,1.13301926,0.468886658,0.531113342,14847,290,265.91,275,10102.7,265.13,0.78,300,24,285.326076,3.533855576,-20.40674116,3.172940646,0.596332883,-0.007030144,290,264.48,645,10096.1,265.11,-0.63,None,None,None,None,None,None,None,None,None,None,None,None,None,1600,1345.196681,0.84074775,0.161043158,2,0.5,0: Broadleaf,2,1745825789,412.6565333,419.9797333,10.48541,6.623503,413.1559,10.50612,600.0278667,100.9621333,0.062707317,36.86902667,33.89576,999.9,0,0,5001,0,151.4662,-7.323113,417.0293,422.7799333,3.861909667,419.9797333,6.623503,1.058629,0.668722533,7.749246,1.189089,1600.000333,0.974996233,0.025003367,0,203.4147667,4.99918,3595.869667,15341.41333,43.5788,45.812,44.1891,44.625,46.125,1555.120333,39.88,0,37.20000005,0,203.34072,-4.634307693,-136.6523077,3595.01,15,1745824555,10:15:54,1745824555,1745824555,2,0.161,0.049,-0.479,0.01,420,12,1.58,0.19,-7.2926095,-0.424750919,0.147668835,1,204.4467941,-17.56679908,2.166486146,0,3.865029,-0.07235167,0.008383603,1,2,3,02-Mar,3.21787,2.6713,0.0991954,0.101521,0.0601255,0.0419763,26360,24238.1,27816,24740.4,33564.7,25056.8,39689.6,27515.6,1.8648,1.4034,0.064224,0,32.8647,999.9,9.9,41.4,7.83179,29.7983,19.6314,1,0.642195,0,20.2941,5.22088,11.9081,4.9584,3.292,9999,9999,9999,999.9,4.97223,1.85471,1.85675,1.85696,1.85638,1.85608,1.85135,1.85324,0,0,0,0,11111111,oooooooo,on,on,on,on,0,100,100,-0.5,-0.0215,-1.377733927,0.00151024,1.49E-06,5.40E-12,-0.063763226,-0.011177753,0.001682567,-2.18E-05,3,2244,0,20,20.7,20.7,1.03882,2.60254,1.59424,2.10083,1.50269,2.44995,45.0917,15.1915,18,616.704,356.968,36.0676,35.7834,29.9995,35.7056,35.7213,20.8756,-30,-30,-999.9,420,0,99.1434,74.189
144,1745825836,4341,20250428 10:37:16,10:37:16,15,B,2,21%,5559.54,1745825828,0.011285161,11.28516122,16.4933177,412.9274,288.9821046,29.19625723,41.71861992,0.281639025,1.999529762,0.261311485,0.165023598,225.7825822,34.52053797,33.70845,5.256730201,16.52683656,1.029261772,6.227820841,4.227468429,-497.67561,330.5577284,38.70039834,97.36509897,13.88533333,0.028533333,125.7718494,88.34263089,37.42921851,4.678652311,10.89386976,44.52755232,0.913687709,,,0,0,1,0,25075,RECT-12807-20250324-17_57_43,10114.7,315.2007692,539.79,0.416067787,-0.222077465,MPF-14849-20250428-10_37_15,10110.4,202.1948,306.5357905,0.340387628,0.5,1177.213521,16.4933177,200.3544587,0.014199119,0.760936298,218.2324198,DARK-14850-20250428-10_37_23,152.21,152.21,0.503451131,0.676108576,0.6018221,-12.04169032,1.038581452,0.508967028,0.491032972,14849,290,275.86,195,10110.4,274.82,1.04,300,24,306.5357905,2.669918756,-32.06289902,2.390312932,0.865337277,-0.007197632,290,271.66,745,10095,274.77,-3.11,None,None,None,None,None,None,None,None,None,None,None,None,None,1400,1177.213521,0.840867001,0.161273311,2,0.5,0: Broadleaf,2,1745825828,412.9274,419.9786667,10.18754667,6.464055667,413.4259333,10.21313,599.9849667,100.9683333,0.063034223,36.77488667,33.70845,999.9,0,0,4999.333333,0,162.4893,-7.051350667,417.1774667,422.7111667,3.723489,419.9786667,6.464055667,1.028621,0.652665433,7.328146667,0.851619767,1399.999667,0.970998333,0.029001907,0,202.2668,4.99918,3144.609667,13400.34,43.48736667,45.78513333,44.187,44.5683,46.0851,1354.539667,40.46,0,37.20000005,0,202.1948,-2.970615361,-14.29615386,3144.128,15,1745824555,10:15:54,1745824555,1745824555,2,0.161,0.049,-0.479,0.01,420,12,1.58,0.19,-7.0466,-0.21848216,0.122717237,1,203.3630588,-17.89466767,2.287340659,0,3.730798537,-0.157584042,0.015917459,0,1,3,01-Mar,3.21894,2.67148,0.0992669,0.101528,0.0587658,0.0411344,26361.8,24241.8,27820,24744.2,33617.7,25082.2,39694.9,27519.4,1.8662,1.4026,0.0629425,0,32.6786,999.9,9.7,41.5,7.71226,29.8383,19.4712,1,0.636951,0,20.2963,5.22208,11.9081,4.9596,3.292,9999,9999,9999,999.9,4.97223,1.85471,1.85669,1.85699,1.85626,1.85608,1.85135,1.85318,0,0,0,0,11111111,oooooooo,on,on,on,on,0,100,100,-0.498,-0.0264,-1.377733927,0.00151024,1.49E-06,5.40E-12,-0.063763226,-0.011177753,0.001682567,-2.18E-05,3,2244,0,20,21.4,21.4,1.03882,2.60254,1.59424,2.10083,1.50269,2.55615,45.1484,15.1915,18,617.608,356.496,36.0739,35.7471,29.9992,35.6893,35.7116,20.8752,-30,-30,-999.9,420,0,99.1571,74.1998
145,1745825876,4380.5,20250428 10:37:55,10:37:55,15,B,2,21%,5559.63,1745825868,0.010840918,10.84091759,16.21724338,413.1176333,288.0301983,29.10166898,41.74011158,0.272567425,1.999850248,0.253483567,0.160030352,193.8017758,34.28536814,33.47121333,5.187420296,16.1508238,0.998583162,6.182862092,4.188837134,-478.0844656,341.9073039,39.95085696,97.57547097,13.88533333,0.028533333,117.3347015,84.79405007,32.54065143,4.067581429,9.76183587,44.52755232,0.913687709,,,0,0,1,0,24971,RECT-12807-20250324-17_57_43,10114.7,315.2007692,539.79,0.416067787,-0.222077465,MPF-14851-20250428-10_37_55,10111.3,202.952,321.1045062,0.36795655,0.5,1009.17217,16.21724338,185.6657548,0.016289907,0.681041498,225.5167868,DARK-14852-20250428-10_38_02,148.61,148.61,0.537191172,0.68496388,0.559040579,20.01317262,0.973713179,0.501559394,0.498440606,14851,290,290.31,195,10111.3,289.17,1.14,300,24,321.1045062,2.962039779,-32.29192251,2.643693468,0.841985471,-0.007364416,290,287.35,875,10093,289.11,-1.76,None,None,None,None,None,None,None,None,None,None,None,None,None,1200,1009.17217,0.840986152,0.161503274,2,0.5,0: Broadleaf,2,1745825868,413.1176333,420.0157,9.883354333,6.305709667,413.6157667,9.913763,600.0469,100.9745,0.062367493,36.64242667,33.47121333,999.9,0,0,5000.333333,0,210.6597333,-6.897919667,417.2415667,422.6809667,3.577644667,420.0157,6.305709667,0.9979671,0.6367158,6.886665333,0.509050633,1199.986667,0.966992333,0.03300755,0,203.006,4.99918,2737.244,11464.12,43.2541,45.687,44.062,44.3998,45.9517,1155.542,39.44566667,0,37.20000005,0,202.952,-1.200615378,-67.40769231,2736.6468,15,1745824555,10:15:54,1745824555,1745824555,2,0.161,0.049,-0.479,0.01,420,12,1.58,0.19,-6.834217805,-1.134949756,0.164636735,0,204.4555882,-21.02472117,2.755469247,0,3.589177561,-0.202414495,0.020408447,0,0,3,0/3,3.2184,2.67169,0.0992775,0.101542,0.0573938,0.0403238,26365.8,24245.5,27824.3,24748.3,33672.7,25107.6,39701.9,27524,1.8666,1.4036,0.064373,0,32.4265,999.9,9.4,41.6,7.51337,29.8383,19.5312,1,0.630447,0,20.2982,5.22208,11.9081,4.9588,3.2922,9999,9999,9999,999.9,4.97223,1.85471,1.85669,1.85699,1.85632,1.85608,1.85135,1.85321,0,0,0,0,11111111,oooooooo,on,on,on,on,0,100,100,-0.498,-0.0313,-1.377733927,0.00151024,1.49E-06,5.40E-12,-0.063763226,-0.011177753,0.001682567,-2.18E-05,3,2244,0,20,22,22,1.03882,2.6001,1.59424,2.10083,1.50269,2.5293,45.2051,15.174,18,617.58,356.874,36.0646,35.691,29.9991,35.6533,35.6825,20.8768,-30,-30,-999.9,420,0,99.1738,74.2121
146,1745825915,4420,20250428 10:38:35,10:38:35,15,B,2,21%,5559.63,1745825907,0.010374192,10.37419155,15.49123423,413.4007667,289.2736402,29.2277361,41.7693382,0.261976019,1.99802019,0.244279871,0.154165123,161.903933,34.07402363,33.27323333,5.130189292,15.76748235,0.96875111,6.143980938,4.161438182,-457.5018474,350.508029,40.9309108,95.84102547,13.88533333,0.028533333,112.8580547,81.36581007,31.49224463,3.936530576,9.263053495,44.52755232,0.913687709,,,0,0,1,0,25010,RECT-12807-20250324-17_57_43,10114.7,315.2007692,539.79,0.416067787,-0.222077465,MPF-14853-20250428-10_38_34,10120.5,206.5684,356.3375004,0.42030126,0.5,841.1886737,15.49123423,176.7763297,0.01867989,0.514827935,242.3456895,DARK-14854-20250428-10_38_42,157.33,157.33,0.558480374,0.75258018,0.479664539,3.640763284,0.816835692,0.573192413,0.426807587,14853,290,313.83,125,10120.5,312.83,1,300,24,356.3375004,3.808038895,-44.02753201,3.389013084,0.857703836,-0.007532357,290,307.59,705,10100.1,312.75,-5.16,None,None,None,None,None,None,None,None,None,None,None,None,None,1000,841.1886737,0.84119431,0.161905018,2,0.5,0: Broadleaf,2,1745825907,413.4007667,419.9941667,9.587953,6.162998667,413.8980667,9.622859333,599.9919,100.9754667,0.06289989,36.52719667,33.27323333,999.9,0,0,4992.833333,0,275.2968667,-6.593378333,417.4029,422.5987333,3.424953667,419.9941667,6.162998667,0.9681479,0.622311667,6.445578333,0.193087467,999.9933,0.959987967,0.040012147,0,206.5622667,4.99918,2353.025667,9523.783333,42.9539,45.5809,43.9475,44.3058,45.7644,955.1826667,39.81,0,37.20000005,0,206.5684,-1.704769237,-8.85538462,2352.7092,15,1745824555,10:15:54,1745824555,1745824555,2,0.161,0.049,-0.479,0.01,420,12,1.58,0.19,-6.561563415,-0.7333177,0.125743626,0,207.7625,-18.12838808,2.483035598,0,3.43659878,-0.232305784,0.023395887,0,0,3,0/3,3.21825,2.67164,0.0993621,0.10152,0.0560744,0.0395519,26369.8,24249.9,27831,24751.9,33726.5,25131.9,39709.7,27528.6,1.8676,1.4036,0.0606477,0,32.2552,999.9,9.2,41.6,7.35313,30.0283,19.6394,1,0.623293,0,20.3001,5.22448,11.9081,4.9592,3.292,9999,9999,9999,999.9,4.97223,1.85471,1.85675,1.85699,1.85632,1.85608,1.85135,1.85321,0,0,0,0,11111111,oooooooo,on,on,on,on,0,100,100,-0.497,-0.0356,-1.377733927,0.00151024,1.49E-06,5.40E-12,-0.063763226,-0.011177753,0.001682567,-2.18E-05,3,2244,0,20,22.7,22.7,1.03882,2.60132,1.59424,2.10083,1.50269,2.44019,45.2335,15.1827,18,617.885,356.672,36.0473,35.6187,29.9992,35.6045,35.6424,20.878,-30,-30,-999.9,420,0,99.1951,74.2237
147,1745825955,4459.5,20250428 10:39:14,10:39:14,15,B,2,21%,5559.81,1745825947,0.009917869,9.917869353,14.63585732,413.7319,291.5343613,29.45607077,41.8026749,0.251571437,1.999815002,0.23521959,0.148392732,129.9820006,33.84375688,33.0743,5.07323676,15.409121,0.939804884,6.099016834,4.133431876,-437.3780385,357.8182222,41.67942721,92.10161154,13.88533333,0.028533333,101.6893023,75.36188751,26.32741479,3.290926853,7.994070724,44.52755232,0.913687709,,,0,0,1,0,24818,RECT-12807-20250324-17_57_43,10114.7,315.2007692,539.79,0.416067787,-0.222077465,MPF-14855-20250428-10_39_14,10115.2,212.96316,401.6506844,0.469780164,0.5,673.1958514,14.63585732,158.1270288,0.022070746,0.343928993,262.4854888,DARK-14856-20250428-10_39_21,156.61,156.61,0.61008407,0.770025291,0.360507635,2.182622435,0.615075421,0.566265362,0.433734638,14855,290,349.98,225,10115.2,348.67,1.31,300,24,401.6506844,3.220469988,-53.59387104,2.857776131,0.926257804,-0.007700907,290,341.55,705,10103.1,348.6,-7.05,None,None,None,None,None,None,None,None,None,None,None,None,None,800,673.1958514,0.841490502,0.162476668,2,0.5,0: Broadleaf,2,1745825947,413.7319,419.9779667,9.301492333,6.026460333,414.2282667,9.340592333,600.0319,100.9749667,0.06310872,36.39314667,33.0743,999.9,0,0,5000.166667,0,300.9093333,-6.246027333,417.6165,422.5242333,3.275032,419.9779667,6.026460333,0.939217933,0.6085216,6.006014333,-0.115523337,800.0041,0.950005867,0.04999409,0,213.0133,4.99918,1976.347333,7584.849,42.64556667,45.4853,43.78926667,44.187,45.53513333,755.2596667,39.747,0,37.20000005,0,212.96316,-0.549153841,-2.007692327,1976.1044,15,1745824555,10:15:54,1745824555,1745824555,2,0.161,0.049,-0.479,0.01,420,12,1.58,0.19,-6.199708049,-0.590319721,0.139152669,0,214.4250882,-20.39518717,2.756546084,0,3.291057561,-0.28823122,0.028794777,0,0,3,0/3,3.21782,2.67088,0.0994441,0.101544,0.0547471,0.0388367,26374.1,24253.8,27837.8,24756.3,33781.6,25155.1,39718.6,27533.4,1.8676,1.4048,0.0590086,0,32.0897,999.9,9,41.7,7.23234,29.7883,19.6354,1,0.614268,0,20.3023,5.22568,11.9081,4.9596,3.2922,9999,9999,9999,999.9,4.97226,1.85471,1.85675,1.85699,1.85638,1.85608,1.85135,1.85327,0,0,0,0,11111111,oooooooo,on,on,on,on,0,100,100,-0.496,-0.0398,-1.377733927,0.00151024,1.49E-06,5.40E-12,-0.063763226,-0.011177753,0.001682567,-2.18E-05,3,2244,0,20,23.3,23.3,1.03882,2.60254,1.59424,2.10083,1.50269,2.49878,45.2619,15.174,18,617.289,357.009,36.0238,35.5335,29.9991,35.5395,35.5856,20.8801,-30,-30,-999.9,420,0,99.218,74.2368
148,1745825994,4499,20250428 10:39:54,10:39:54,15,B,2,21%,5559.9,1745825986,0.009450291,9.45029102,13.02093291,414.3432333,299.4011601,30.25061982,41.86403159,0.241243101,1.998667464,0.22615511,0.142623833,98.07016168,33.60463607,32.85041333,5.009798995,15.06334696,0.9115019,6.051124644,4.098297095,-416.757834,366.2503113,42.6097288,90.17236782,13.88533333,0.028533333,84.77914859,65.41870451,19.36044408,2.420055509,6.280828935,44.52755232,0.913687709,,,0,0,1,0,25553,RECT-12807-20250324-17_57_43,10114.7,315.2007692,539.79,0.416067787,-0.222077465,MPF-14857-20250428-10_39_53,10123.9,224.67428,467.1252998,0.519027807,0.5,505.2077287,13.02093291,131.1084297,0.026213,0.155557192,288.9537015,DARK-14858-20250428-10_40_01,166.48,166.48,0.6436074,0.806435424,0.194649755,1.595864861,0.3235449,0.597555579,0.402444421,14857,290,409.67,155,10123.9,405.02,4.65,300,24,467.1252998,3.302009233,-62.87687585,2.92166088,0.942991018,-0.007869721,290,398.56,615,10110.5,404.94,-6.38,None,None,None,None,None,None,None,None,None,None,None,None,None,600,505.2077287,0.841992954,0.163446401,2,0.5,0: Broadleaf,2,1745825986,414.3432333,419.9884,9.021459,5.899982667,414.8379667,9.064498667,600.0388667,100.9748333,0.062249503,36.24942,32.85041333,999.9,0,0,4995.5,0,305.0971,-5.645096,418.1152667,422.4809333,3.121478,419.9884,5.899982667,0.9109396,0.5957492,5.564647333,-0.406955167,600.0142,0.933007933,0.066992047,0,224.727,4.99918,1599.474667,5645.331667,42.25593333,45.3519,43.57883333,44.05993333,45.27686667,555.1546667,39.86,0,37.20000005,0,224.67428,0.038923112,-25.24615389,1599.2276,15,1745824555,10:15:54,1745824555,1745824555,2,0.161,0.049,-0.479,0.01,420,12,1.58,0.19,-5.624850488,-0.435778955,0.145274542,1,225.5139706,-12.0881436,1.72130314,0,3.136123415,-0.300387596,0.030219807,0,1,3,01-Mar,3.21755,2.67103,0.0996021,0.101537,0.0534317,0.0381816,26376,24259.6,27844.4,24761.6,33836.4,25177.7,39727.6,27539.3,1.8692,1.4056,0.05427,0,31.9376,999.9,8.8,41.7,7.07142,29.7683,19.5994,1,0.604512,0,20.3038,5.22328,11.9081,4.9588,3.2922,9999,9999,9999,999.9,4.97223,1.85471,1.85684,1.85699,1.85638,1.85608,1.85135,1.8533,0,0,0,0,11111111,oooooooo,on,on,on,on,0,100,100,-0.494,-0.0438,-1.377733927,0.00151024,1.49E-06,5.40E-12,-0.063763226,-0.011177753,0.001682567,-2.18E-05,3,2244,0,20,24,24,1.03882,2.6062,1.59424,2.09961,1.50269,2.4353,45.2904,15.174,18,617.807,357.084,35.991,35.4388,29.9991,35.4649,35.518,20.8814,-30,-30,-999.9,420,0,99.241,74.2528
149,1745826034,4538.5,20250428 10:40:33,10:40:33,15,B,2,21%,5559.9,1745826026,0.009020965,9.020965361,11.94076656,414.7583333,303.508295,30.66495419,41.90509946,0.230227776,2.000596407,0.216456386,0.136453847,82.09492138,33.49877238,32.72457333,4.974446441,14.74636618,0.885861931,6.00732357,4.08858451,-397.8245724,365.9052364,42.47500881,92.65059412,13.88533333,0.028533333,74.98961136,59.27508184,15.71452952,1.96431619,5.352875827,44.52755232,0.913687709,,,0,0,1,0,25302,RECT-12807-20250324-17_57_43,10114.7,315.2007692,539.79,0.416067787,-0.222077465,MPF-14859-20250428-10_40_33,10128.1,231.06948,512.5323823,0.549161208,0.5,421.1962728,11.94076656,115.652327,0.028876903,0.053182235,305.7070905,DARK-14860-20250428-10_40_40,175.25,175.25,0.658070385,0.834502236,0.074772639,1.426344709,0.121366539,0.632911438,0.367088562,14859,290,448.58,135,10128.1,444.89,3.69,300,24,512.5323823,2.380193961,-68.50858384,2.103129032,0.974290804,-0.007954828,290,436.28,625,10112.5,444.79,-8.51,None,None,None,None,None,None,None,None,None,None,None,None,None,500,421.1962728,0.842376541,0.164186723,2,0.5,0: Broadleaf,2,1745826026,414.7583333,419.9857333,8.767873667,5.787266667,415.2519333,8.814337333,600.0033333,100.9719333,0.063045577,36.11710333,32.72457333,999.9,0,0,5003.5,0,305.9401667,-5.227301333,418.4271667,422.4304333,2.980606333,419.9857333,5.787266667,0.885310033,0.584352067,5.154058333,-0.6716986,500.0095,0.919986,0.0800142,0,231.1391667,4.99918,1396.337,4676.448,41.9018,45.18706667,43.3561,43.9391,44.9915,455.4033333,39.61,0,37.20000005,0,231.06948,-6.439769243,-129.3461538,1395.6296,15,1745824555,10:15:54,1745824555,1745824555,2,0.161,0.049,-0.479,0.01,420,12,1.58,0.19,-5.20138975,-0.367961538,0.125499478,1,232.3604706,-20.45225364,2.425182955,0,2.9941305,-0.301392495,0.029493699,0,1,3,01-Mar,3.21908,2.67158,0.0996992,0.101606,0.0522529,0.0375704,26381.4,24263.2,27852.7,24766.8,33886.8,25198.6,39737.2,27544.7,1.8714,1.4054,0.0554323,0,31.8106,999.9,8.7,41.8,7.02862,30.1583,19.5192,1,0.593862,0,20.3053,5.22448,11.9081,4.9588,3.292,9999,9999,9999,999.9,4.97223,1.85471,1.85678,1.85699,1.85638,1.85608,1.85135,1.8533,0,0,0,0,11111111,oooooooo,on,on,on,on,0,100,100,-0.493,-0.0472,-1.377733927,0.00151024,1.49E-06,5.40E-12,-0.063763226,-0.011177753,0.001682567,-2.18E-05,3,2244,0,20,24.7,24.7,1.03882,2.60498,1.59424,2.09961,1.50269,2.53906,45.2904,15.1827,18,618.689,356.583,35.9509,35.3347,29.9991,35.3809,35.4409,20.8822,-30,-30,-999.9,420,0,99.2673,74.2677
150,1745826073,4578,20250428 10:41:13,10:41:13,15,B,2,21%,5559.81,1745826065,0.008578801,8.578801028,10.5868756,415.2559667,310.0520019,31.32550071,41.95457858,0.219153014,1.998048219,0.206621023,0.130204332,66.12677787,33.36709221,32.58644,4.935890416,14.46388957,0.861399064,5.955514659,4.074491352,-378.3251253,363.3429703,42.17044504,93.31506792,13.88533333,0.028533333,62.87016356,51.62489001,11.24527355,1.405659194,4.232773717,44.52755232,0.913687709,,,0,0,1,0,25258,RECT-12807-20250324-17_57_43,10114.7,315.2007692,539.79,0.416067787,-0.222077465,MPF-14861-20250428-10_41_12,10126.4,236.89876,556.2852405,0.574141569,0.5,337.1835211,10.5868756,96.79553784,0.032056588,-0.029652486,320.7546495,DARK-14862-20250428-10_41_20,173.81,173.81,0.687552379,0.835051388,-0.045071426,1.324790762,-0.073446267,0.612667967,0.387332033,14861,290,495.87,185,10126.4,491.15,4.72,300,24,556.2852405,3.385568587,-65.96091466,2.987456934,0.945683259,-0.008040129,290,482.32,645,10114.4,491.07,-8.75,None,None,None,None,None,None,None,None,None,None,None,None,None,400,337.1835211,0.842962526,0.165317675,2,0.5,0: Broadleaf,2,1745826065,415.2559667,419.9719333,8.525913333,5.690969,415.7482,8.575517333,600.0582667,100.9710333,0.06202084,35.95951,32.58644,999.9,0,0,4993.166667,0,274.7083333,-4.715931333,418.8269667,422.3756667,2.834945333,419.9719333,5.690969,0.860870167,0.5746228,4.752617667,-0.901347467,399.9982333,0.899994467,0.10000564,0,236.9441,4.99918,1157.292333,3707.041,41.52273333,44.9581,43.0789,43.76033333,44.69143333,355.4973333,39.5,0,37.20000005,0,236.89876,-8.561000006,149.4169231,1157.7668,15,1745824555,10:15:54,1745824555,1745824555,2,0.161,0.049,-0.479,0.01,420,12,1.58,0.19,-4.692816585,-0.195860488,0.124848874,1,237.6704706,-13.66731857,1.475352186,0,2.85190122,-0.346997979,0.034701871,0,1,3,01-Mar,3.21873,2.66928,0.0998002,0.1016,0.0511119,0.0370735,26384.9,24267.3,27859.2,24770.4,33935.4,25216.2,39746.1,27549.7,1.872,1.4074,0.0576973,0,31.6548,999.9,8.5,41.8,6.86667,29.9283,19.5673,1,0.582561,0,20.3064,5.22208,11.9081,4.9588,3.292,9999,9999,9999,999.9,4.97226,1.85471,1.85669,1.85699,1.85638,1.85608,1.85135,1.85327,0,0,0,0,11111111,oooooooo,on,on,on,on,0,100,100,-0.492,-0.0503,-1.377733927,0.00151024,1.49E-06,5.40E-12,-0.063763226,-0.011177753,0.001682567,-2.18E-05,3,2244,0,20,25.3,25.3,1.04004,2.60132,1.59424,2.09961,1.50269,2.53906,45.2904,15.174,18,618.292,357.204,35.8983,35.2221,29.9986,35.2881,35.3565,20.8883,-30,-30,-999.9,420,0,99.2898,74.28
151,1745826113,4617.5,20250428 10:41:52,10:41:52,15,B,2,21%,5559.72,1745826105,0.008082791,8.082791281,9.0607028,415.8629667,317.7612284,32.10334587,42.01454255,0.205692639,1.999763925,0.194619974,0.122582623,49.59189535,33.28684718,32.50915667,4.91443262,14.16907882,0.838002459,5.914304451,4.076430161,-356.4510955,358.3804829,41.51749612,93.03877885,13.88533333,0.028533333,50.07319302,43.28943903,6.783753989,0.847969249,3.08146153,44.52755232,0.913687709,,,0,0,1,0,25930,RECT-12807-20250324-17_57_43,10114.7,315.2007692,539.79,0.416067787,-0.222077465,MPF-14863-20250428-10_41_52,10120.5,238.92224,609.395726,0.607935813,0.5,252.9053192,9.0607028,76.8751004,0.036704567,-0.114220896,337.7261803,DARK-14864-20250428-10_41_59,189.49,189.49,0.689052627,0.882277766,-0.198703186,1.259278847,-0.309924593,0.699737345,0.300262655,14863,290,543.62,165,10120.5,540.17,3.45,300,24,609.395726,2.848788296,-70.06081583,2.507879506,0.965365205,-0.008117226,290,532.45,625,10108.1,540.08,-7.63,None,None,None,None,None,None,None,None,None,None,None,None,None,300,252.9053192,0.842949733,0.165292984,2,0.5,0: Broadleaf,2,1745826105,415.8629667,420.0033667,8.294608667,5.622872667,416.3535333,8.347094667,600.0404,100.9674,0.062376447,35.83330333,32.50915667,999.9,0,0,5000.333333,0,221.6650667,-4.140398333,419.3412333,422.3784,2.671736667,420.0033667,5.622872667,0.837485,0.567726867,4.358959667,-1.066218,300.0242,0.900022167,0.099977927,0,238.9314,4.99918,890.6100667,2768.816667,41.13303333,44.6997,42.78303333,43.5434,44.37883333,265.528,29.5,0,37.20000005,0,238.92224,-4.53707693,-229.7573077,889.68324,15,1745824555,10:15:54,1745824555,1745824555,2,0.161,0.049,-0.479,0.01,420,12,1.58,0.19,-4.1401495,-0.15251122,0.140760939,1,238.9396471,-1.691520246,0.586563465,0,2.68652475,-0.353177899,0.034238715,0,1,3,01-Mar,3.21831,2.66979,0.0999112,0.101614,0.0500317,0.0367324,26390.9,24273.2,27868.6,24776.4,33984.1,25231.1,39757.6,27556.3,1.8734,1.4084,0.0585616,0,31.5376,999.9,8.4,41.9,6.82216,29.8683,19.6875,1,0.571789,0,20.3078,5.22328,11.9081,4.9592,3.292,9999,9999,9999,999.9,4.97223,1.85471,1.85672,1.85699,1.85638,1.85608,1.85135,1.85324,0,0,0,0,11111111,oooooooo,on,on,on,on,0,100,100,-0.491,-0.0531,-1.377733927,0.00151024,1.49E-06,5.40E-12,-0.063763226,-0.011177753,0.001682567,-2.18E-05,3,2244,0,20,26,26,1.03882,2.60376,1.59424,2.09961,1.50269,2.48779,45.2619,15.1652,18,618.385,357.223,35.8328,35.1023,29.999,35.1849,35.259,20.8836,-30,-30,-999.9,420,0,99.3207,74.2978
152,1745826152,4657,20250428 10:42:32,10:42:32,15,B,2,21%,5559.63,1745826144,0.007578523,7.578523471,6.675182951,416.7266667,333.9011705,33.73407871,42.10194937,0.192273788,2.000386142,0.18256493,0.114934516,33.04955654,33.18562943,32.43099667,4.892814034,13.93502251,0.817433335,5.866035266,4.075380699,-334.2128851,350.8738334,40.59015701,90.30066188,13.88533333,0.028533333,34.87047535,31.86048021,3.00999514,0.376249392,1.922279998,44.52755232,0.913687709,,,0,0,1,0,24439,RECT-12807-20250324-17_57_43,10114.7,315.2007692,539.79,0.416067787,-0.222077465,MPF-14865-20250428-10_42_31,10114.3,234.8475,641.254322,0.63376855,0.5,168.5878625,6.675182951,53.42284262,0.040911963,-0.158227896,347.2882463,DARK-14866-20250428-10_42_39,183.33,183.33,0.71410719,0.887497786,-0.284644342,1.246441937,-0.451777326,0.692811161,0.307188839,14865,290,581.24,145,10114.3,577.67,3.57,300,24,641.254322,2.47863019,-64.30899864,2.176826258,0.968915216,-0.008193246,290,570.81,635,10100,577.58,-6.77,None,None,None,None,None,None,None,None,None,None,None,None,None,200,168.5878625,0.842924842,0.165244946,2,0.5,0: Broadleaf,2,1745826144,416.7266667,420.0045,8.090985667,5.585213667,417.2148333,8.145914,599.9912,100.9681,0.062030157,35.68450333,32.43099667,999.9,0,0,5002.833333,0,168.9664,-3.277935,420.1259667,422.3636,2.505773667,420.0045,5.585213667,0.816931533,0.5639284,4.004885667,-1.157785333,200.0034333,0.8999968,0.100003073,0,234.8979667,4.99918,615.7789667,1830.103667,40.7726,44.406,42.50816667,43.3351,44.05803333,175.5023333,19.499,0,37.19999981,0,234.8475,1.327555528,-91.55586324,615.8427308,15,1745824555,10:15:54,1745824555,1745824555,2,0.161,0.049,-0.479,0.01,420,12,1.58,0.19,-3.31366225,0.408365741,0.13699956,1,234.4720294,5.332727265,0.859001626,0,2.52631625,-0.39773212,0.038650035,0,1,3,01-Mar,3.21873,2.67069,0.100104,0.101664,0.0490665,0.0365734,26392.4,24276.8,27875.7,24781.1,34027.4,25240,39767.8,27561.3,1.8752,1.4084,0.0594556,0,31.4574,999.9,8.3,41.9,6.7403,29.9683,19.6755,1,0.560732,0,20.3088,5.22568,11.9081,4.9596,3.2922,9999,9999,9999,999.9,4.97223,1.85471,1.85672,1.85699,1.85638,1.85608,1.85135,1.85321,0,0,0,0,11111111,oooooooo,on,on,on,on,0,100,100,-0.488,-0.0555,-1.377733927,0.00151024,1.49E-06,5.40E-12,-0.063763226,-0.011177753,0.001682567,-2.18E-05,3,2244,0,20,26.6,26.6,1.03882,2.6062,1.59424,2.09839,1.50269,2.53784,45.2335,15.1565,18,618.745,356.696,35.7571,34.978,29.9989,35.077,35.1562,20.8883,-30,-30,-999.9,420,0,99.346,74.3116
153,1745826192,4696.5,20250428 10:43:11,10:43:11,15,B,2,21%,5559.63,1745826184,0.007017277,7.01727689,3.123552246,417.9787,362.8583646,36.66067412,42.22964771,0.177354791,1.998703559,0.169052595,0.106371399,16.51146157,33.10124352,32.37002667,4.876007611,13.75113246,0.799988462,5.817618759,4.07601915,-309.4619109,340.9501554,39.43456782,87.43427397,13.88533333,0.028533333,17.68776963,16.66189642,1.025873207,0.128234151,0.910956543,44.52755232,0.913687709,,,0,0,1,0,24827,RECT-12807-20250324-17_57_43,10114.7,315.2007692,539.79,0.416067787,-0.222077465,MPF-14867-20250428-10_43_11,10102.7,226.30096,633.0712602,0.642534776,0.5,84.29252189,3.123552246,27.08043833,0.039690706,-0.147347173,344.8739896,DARK-14868-20250428-10_43_18,180.48,180.48,0.71491361,0.898758628,-0.259612202,1.279673048,-0.415341643,0.716779802,0.283220198,14867,290,590.25,205,10102.7,588.31,1.94,300,24,633.0712602,3.078738144,-45.22563823,2.697599306,0.909405642,-0.008270922,290,589.11,755,10089,588.24,0.87,None,None,None,None,None,None,None,None,None,None,None,None,None,100,84.29252189,0.842849643,0.165099812,2,0.5,0: Broadleaf,2,1745826184,417.9787,419.9977333,7.918089667,5.597336333,418.4634333,7.975016333,599.9529,100.9710667,0.061947007,35.53417667,32.37002667,999.9,0,0,4995.833333,0,208.9669333,-2.019106667,421.3147667,422.3619,2.320753667,419.9977333,5.597336333,0.7994986,0.565169433,3.698342,-1.127811333,100.0089667,0.900042,0.0999583,0,226.3979,4.99918,387.0651,891.6750333,40.43523333,44.13303333,42.2373,43.156,43.76643333,85.51333333,9.5,0,37.20000005,0,226.30096,-9.96207691,-36.21007692,386.8894,15,1745824555,10:15:54,1745824555,1745824555,2,0.161,0.049,-0.479,0.01,420,12,1.58,0.19,-2.139442195,1.662762439,0.232839523,0,226.7352353,-8.94951871,1.039033319,0,2.343703171,-0.422119233,0.041875517,0,0,3,0/3,3.21888,2.67058,0.100367,0.101668,0.0482795,0.036733,26391,24281.3,27882,24785.3,34062.6,25240.2,39775.7,27566.2,1.8764,1.41,0.0582635,0,31.4105,999.9,8.2,41.9,6.65963,29.9083,19.5873,1,0.550325,0,20.3102,5.22448,11.9081,4.9592,3.292,9999,9999,9999,999.9,4.97223,1.85471,1.85669,1.85699,1.85638,1.85608,1.85135,1.85321,0,0,0,0,11111111,oooooooo,on,on,on,on,0,100,100,-0.485,-0.0573,-1.377733927,0.00151024,1.49E-06,5.40E-12,-0.063763226,-0.011177753,0.001682567,-2.18E-05,3,2244,0,20,27.3,27.3,1.04004,2.60376,1.59424,2.09961,1.50269,2.53906,45.2051,15.1565,18,618.634,356.984,35.6725,34.8562,29.9988,34.9683,35.0501,20.8911,-30,-30,-999.9,420,0,99.3669,74.3244
154,1745826231,4736,20250428 10:43:51,10:43:51,15,B,2,21%,5559.81,1745826223,0.006497922,6.497922036,1.238049501,418.6737667,379.591026,38.34976929,42.29826644,0.1629202,2.000047495,0.155890114,0.098037667,8.241396664,33.11224354,32.39332,4.882422494,13.65407619,0.789462572,5.781881992,4.092959922,-286.5583618,326.6282173,37.73631286,86.04756499,13.88533333,0.028533333,8.668648331,8.627515337,0.041132994,0.005141624,0.389619658,44.52755232,0.913687709,,,0,0,1,0,25127,RECT-12807-20250324-17_57_43,10114.7,315.2007692,539.79,0.416067787,-0.222077465,RECT-14869-20250428-10_43_50,10083.4,220.06,595.35,0.630368691,0.5,42.1416385,1.238049501,13.28238474,0.034648082,-0.093323255,333.3674465,DARK-14870-20250428-10_43_58,172.98,172.98,0.709448224,0.88853375,-0.151468062,1.339607462,-0.247384969,0.698439371,0.301560629,14867,290,590.25,205,10102.7,588.31,1.94,300,24,633.0712602,3.078738144,-45.22563823,2.697599306,0.909405642,-0.008270922,290,589.11,755,10089,588.24,0.87,None,None,None,None,None,None,None,None,None,None,None,None,None,50,42.1416385,0.842694793,0.16480095,2,0.5,0: Broadleaf,2,1745826223,418.6737667,419.9932333,7.814203667,5.665241333,419.1565,7.872301667,600.0241,100.9671667,0.06201121,35.42252,32.39332,999.9,0,0,5001.5,0,152.0988333,-1.3195112,421.9712,422.3863333,2.148962333,419.9932333,5.665241333,0.788978733,0.572003833,3.510518333,-0.963759833,50.00818667,0.9001362,0.099863413,0,220.1942,4.99918,237.4579333,422.4266667,40.1372,43.87486667,41.99566667,43.0082,43.50393333,40.513,4.491666667,0,37.20000005,0,220.06,-14.03453845,65.62592307,237.82976,15,1745824555,10:15:54,1745824555,1745824555,2,0.161,0.049,-0.479,0.01,420,12,1.58,0.19,-1.42134665,1.633903812,0.211127663,0,220.5522941,-9.885561495,1.143888737,0,2.1673995,-0.363231445,0.035164633,0,0,3,0/3,3.21776,2.67087,0.100529,0.10166,0.0478587,0.0371759,26391.7,24284.3,27887.4,24787.7,34084.2,25231.1,39783.1,27568.8,1.8776,1.411,0.0593662,0,31.4215,999.9,8.2,42,6.6949,29.7383,19.8037,1,0.540671,0,20.3108,5.22568,11.9081,4.9596,3.292,9999,9999,9999,999.9,4.97229,1.85471,1.85675,1.85699,1.85635,1.85608,1.85135,1.85327,0,0,0,0,11111111,oooooooo,on,on,on,on,0,100,100,-0.482,-0.0583,-1.377733927,0.00151024,1.49E-06,5.40E-12,-0.063763226,-0.011177753,0.001682567,-2.18E-05,3,2244,0,20,27.9,27.9,1.04004,2.60742,1.59424,2.09839,1.50269,2.43774,45.1484,15.1477,18,618.548,356.984,35.5871,34.7364,29.9989,34.8615,34.9481,20.8959,-30,-30,-999.9,420,0,99.3857,74.3316
169,1745831683,10188,20250428 12:14:43,12:14:43,15,B,4,21%,5559.81,1745831675,0.008117817,8.117816512,12.6491545,414.6387097,267.4089192,26.99662124,41.86039953,0.174483816,1.99856115,0.166441138,0.104717416,321.4964075,36.12693456,35.03266452,5.658596457,14.63637239,0.894470124,6.111282904,4.764126333,-357.9957082,150.5363589,17.71654765,131.7536058,13.88533333,0.028533333,95.09929079,67.86734282,27.23194797,3.403993496,9.039696522,44.52755232,0.913687709,,,0,0,1,0,24876,RECT-12807-20250324-17_57_43,10114.7,315.2007692,539.79,0.416067787,-0.222077465,MPF-14903-20250428-12_14_42,10098.9,251.7058462,312.1329042,0.193594002,0.5,1681.123645,12.6491545,162.7277271,0.007656327,0.72935949,221.0544517,DARK-14904-20250428-12_14_50,182.18,182.18,0.416338369,0.464991979,0.636607186,-19.69677872,1.013659894,0.336552527,0.663447473,14903,290,298.35,125,10098.9,298.83,-0.48,300,24,312.1329042,4.045361569,-13.43612624,3.649721293,0.326158384,-0.006688042,290,300.86,885,10076,298.8,2.06,None,None,None,None,None,None,None,None,None,None,None,None,None,2000,1681.123645,0.840598565,0.16075523,2,0.5,0: Broadleaf,2,1745831675,414.6387097,419.9766774,8.85997129,6.17821,414.9104839,8.932145161,600.0454194,100.8947419,0.061581119,36.4298,35.03266452,999.9,0,0,4999.032258,0,319.5072581,-5.337868387,418.3452903,422.5875161,2.681762258,419.9766774,6.17821,0.893925323,0.623349419,5.293316452,0.216086774,1999.912581,0.979997516,0.020002497,0,252.0741935,4.99918,5377.965161,19218.99355,43.05822581,45.44722581,43.65906452,44.45535484,45.41103226,1955.010645,39.90258065,0,856.2,0,251.7058462,-31.32492308,-639.4564107,5371.000769,15,1745830281,11:51:20,1745830277,1745830281,3,0.223,-0.027,-0.257,0.051,420,15,1.43,0.25,-5.322255366,-0.227156237,0.134202777,1,253.6050882,-37.28817417,3.743370315,0,2.67185122,0.207642857,0.02111562,0,1,3,01-Mar,3.21819,2.66978,0.0997587,0.101784,0.0530935,0.0397727,26403.3,24265.5,27874.9,24771.2,33879.6,25147.2,39762.5,27551.3,1.881,1.398,0.0795126,0,33.8424,999.9,7.8,44,7.07545,29.762,20.3846,1,0.546626,0,20.2915,5.22088,11.9081,4.9576,3.2924,9999,9999,9999,999.9,4.97226,1.85471,1.85669,1.85693,1.85626,1.85608,1.85135,1.85327,0,0,0,0,11111111,oooooooo,on,on,on,on,0,100,100,-0.272,-0.0724,-1.154974873,0.00151024,1.49E-06,5.40E-12,-0.091068631,-0.011177753,0.001682567,-2.18E-05,3,2244,0,20,23.4,23.4,1.04492,2.62085,1.59424,2.09106,1.50269,2.41455,45.8344,14.132,18,617.184,347.737,35.0862,34.5322,30.0014,34.4429,34.4586,20.9898,-30,-30,-999.9,420,0,99.3371,74.2834
170,1745831723,10227.5,20250428 12:15:22,12:15:22,15,B,4,21%,5559.63,1745831715,0.007917188,7.917188228,11.66727422,415.0229667,272.4095331,27.50295206,41.90145855,0.167854434,1.999197049,0.16039952,0.100891901,289.5628074,36.13047769,35.15977,5.698538054,14.20528663,0.87744004,6.176855583,4.821098013,-349.1480009,157.8876047,18.60488486,116.9072962,13.88533333,0.028533333,107.3338514,69.32718228,38.00666912,4.750833639,10.65611511,44.52755232,0.913687709,,,0,0,1,0,25037,RECT-12807-20250324-17_57_43,10114.7,315.2007692,539.79,0.416067787,-0.222077465,MPF-14905-20250428-12_15_22,10089.8,230.5317308,301.5570584,0.235528653,0.5,1513.168161,11.66727422,178.197229,0.007857257,0.790009502,215.6971064,DARK-14906-20250428-12_15_29,173.65,173.65,0.424155412,0.555288571,0.65066079,-5.205719227,1.060749622,0.41827587,0.58172413,14905,290,283.2,225,10089.8,282.94,0.26,300,24,301.5570584,3.087628841,-18.78459171,2.776630753,0.620434512,-0.00685291,290,284.5,855,10074.7,282.91,1.59,None,None,None,None,None,None,None,None,None,None,None,None,None,1800,1513.168161,0.840658007,0.160869954,2,0.5,0: Broadleaf,2,1745831715,415.0229667,420.0076,8.690813667,6.074544667,415.2936333,8.765237333,599.9674667,100.9006,0.061182633,36.62466667,35.15977,999.9,0,0,5001.333333,0,318.8152,-4.984616667,418.6615,422.5746,2.616269667,420.0076,6.074544667,0.8769072,0.612924467,5.017208333,-0.016305815,1799.980667,0.978006633,0.021992983,0,230.5474667,4.99918,4480.577667,17281.74333,43.51636667,45.6955,43.96636667,44.7185,45.81223333,1755.500667,39.48,0,37.20000005,0,230.5317308,-18.0277949,-320.5644447,4480.834231,15,1745830281,11:51:20,1745830277,1745830281,3,0.223,-0.027,-0.257,0.051,420,15,1.43,0.25,-4.981723659,-0.055248502,0.136837328,1,232.2498824,-30.67236058,3.247145432,0,2.621694146,-0.104038537,0.010914534,0,1,3,01-Mar,3.21862,2.67001,0.099813,0.101737,0.0521795,0.0392251,26393.3,24260.3,27866.5,24765,33903.4,25155.8,39752.3,27545.1,1.8788,1.3962,0.0742078,0,34.0139,999.9,7.7,44,6.98424,29.912,20.2965,1,0.558171,0,20.2936,5.22088,11.9081,4.9588,3.292,9999,9999,9999,999.9,4.97223,1.85471,1.85669,1.85699,1.85635,1.85608,1.85135,1.85321,0,0,0,0,11111111,oooooooo,on,on,on,on,0,100,100,-0.271,-0.0749,-1.154974873,0.00151024,1.49E-06,5.40E-12,-0.091068631,-0.011177753,0.001682567,-2.18E-05,3,2244,0,20,24.1,24,1.04492,2.62207,1.59424,2.09106,1.50269,2.51587,45.8632,14.132,18,616.547,347.341,35.16,34.6505,30.0015,34.5504,34.5633,20.9945,-30,-30,-999.9,420,0,99.3098,74.2657
171,1745831762,10267,20250428 12:16:02,12:16:02,15,B,4,21%,5559.81,1745831754,0.00751411,7.514109616,11.55321588,415.0998333,266.6368269,26.92136956,41.91114988,0.157810628,1.998595746,0.151200395,0.095071077,257.6642487,36.11500869,35.19258,5.708887959,13.75398476,0.854306917,6.211341164,4.854581042,-331.3722341,165.2697206,19.49336882,111.055104,13.88533333,0.028533333,112.5293605,70.75486307,41.77449743,5.221812179,11.12750085,44.52755232,0.913687709,,,0,0,1,0,24654,RECT-12807-20250324-17_57_43,10114.7,315.2007692,539.79,0.416067787,-0.222077465,MPF-14907-20250428-12_16_01,10097.7,219.87988,302.3131719,0.272675158,0.5,1345.172959,11.55321588,183.3976246,0.008753739,0.785532521,216.0836751,DARK-14908-20250428-12_16_09,174.19,174.19,0.423809426,0.643390971,0.649553687,-6.396327421,1.057382971,0.509697718,0.490302282,14907,290,279.28,135,10097.7,279.25,0.03,300,24,302.3131719,2.355522911,-23.2875801,2.111716777,0.81284957,-0.007019847,290,278.98,735,10077.5,279.2,-0.22,None,None,None,None,None,None,None,None,None,None,None,None,None,1600,1345.172959,0.840747637,0.16104294,2,0.5,0: Broadleaf,2,1745831754,415.0998333,419.9902333,8.461296333,5.977976,415.3703,8.538679,600.0458667,100.9049667,0.06146723,36.72643,35.19258,999.9,0,0,4998.666667,0,318.5527333,-4.890539667,418.6420333,422.5161333,2.48332,419.9902333,5.977976,0.853785467,0.6032066,4.634406333,-0.2361118,1599.972333,0.9749995,0.025000383,0,219.9220667,4.99918,3833.308,15341.15,43.79546667,45.95806667,44.28306667,44.9412,46.12893333,1555.101,39.87333333,0,37.20000005,0,219.87988,-10.99838461,-178.560769,3832.2092,15,1745830281,11:51:20,1745830277,1745830281,3,0.223,-0.027,-0.257,0.051,420,15,1.43,0.25,-4.8958045,0.069091407,0.149779138,1,221.3588529,-23.61822767,2.607722244,0,2.4921015,-0.176492083,0.017351878,0,1,3,01-Mar,3.2188,2.66881,0.0998133,0.101724,0.051026,0.0387026,26384.5,24255.7,27857.6,24760.4,33934.7,25163.8,39740.9,27538.9,1.8772,1.395,0.0674129,0,34.1465,999.9,7.6,44,6.89382,30.012,20.1362,1,0.569695,0,20.2957,5.22328,11.9081,4.9596,3.292,9999,9999,9999,999.9,4.97223,1.85474,1.85672,1.85699,1.85635,1.85608,1.85135,1.85327,0,0,0,0,11111111,oooooooo,on,on,on,on,0,100,100,-0.27,-0.0779,-1.154974873,0.00151024,1.49E-06,5.40E-12,-0.091068631,-0.011177753,0.001682567,-2.18E-05,3,2244,0,20,24.8,24.7,1.04492,2.62207,1.59424,2.09106,1.50269,2.4353,45.8921,14.132,18,616.373,347.245,35.2415,34.775,30.0015,34.661,34.6655,20.9904,-30,-30,-999.9,420,0,99.2799,74.2504
172,1745831802,10306.5,20250428 12:16:41,12:16:41,15,B,4,21%,5559.72,1745831794,0.006998573,6.998572824,10.69300428,415.4642333,267.1737953,26.97566524,41.9480663,0.146039156,1.999048504,0.140360438,0.088217086,225.7797156,36.07027744,35.16379333,5.699806335,13.31122054,0.828208268,6.22188075,4.871598067,-308.6370615,171.7508904,20.25345491,109.1469993,13.88533333,0.028533333,108.633803,67.1624463,41.4713567,5.183919587,10.74279026,44.52755232,0.913687709,,,0,0,1,0,25346,RECT-12807-20250324-17_57_43,10114.7,315.2007692,539.79,0.416067787,-0.222077465,MPF-14909-20250428-12_16_41,10091.9,213.4260385,303.9795506,0.297893434,0.5,1177.201181,10.69300428,175.3402511,0.009272061,0.77574445,216.9336796,DARK-14910-20250428-12_16_48,162.87,162.87,0.46420738,0.641724899,0.625624667,-8.069846549,1.049963298,0.489714072,0.510285928,14909,290,282.19,225,10091.9,280.31,1.88,300,24,303.9795506,2.768259658,-23.88803538,2.474309858,0.768991944,-0.007186364,290,280.23,735,10078.8,280.28,-0.05,None,None,None,None,None,None,None,None,None,None,None,None,None,1400,1177.201181,0.840866795,0.161272915,2,0.5,0: Broadleaf,2,1745831794,415.4642333,419.9978333,8.202783667,5.889038333,415.7336,8.283357333,599.9938667,100.9052,0.061532967,36.75743333,35.16379333,999.9,0,0,5000.5,0,316.5564667,-4.53364,418.9003,422.4857667,2.313745333,419.9978333,5.889038333,0.8277032,0.5942343,4.191429,-0.4418664,1399.985333,0.971004167,0.02899553,0,213.4325333,4.99918,3281.978,13400.25,43.875,46.14566667,44.4748,45.0496,46.3204,1354.535333,40.45,0,37.20000005,0,213.4260385,-10.8251966,-132.926154,3282.185,15,1745830281,11:51:20,1745830277,1745830281,3,0.223,-0.027,-0.257,0.051,420,15,1.43,0.25,-4.530398,0.250876998,0.117511823,1,214.9154706,-22.82786862,2.513683262,0,2.32943075,-0.260946979,0.025380285,0,1,3,01-Mar,3.21813,2.66983,0.0998423,0.101688,0.0497236,0.0382042,26377.9,24252.2,27852,24756.3,33975.2,25173.1,39734,27534.8,1.8756,1.3934,0.0630319,0,34.1589,999.9,7.5,44,6.80316,29.982,20.3325,1,0.579776,0,20.2968,5.22328,11.9081,4.9588,3.2922,9999,9999,9999,999.9,4.97223,1.85471,1.85672,1.85699,1.85635,1.85608,1.85135,1.85324,0,0,0,0,11111111,oooooooo,on,on,on,on,0,100,100,-0.269,-0.0812,-1.154974873,0.00151024,1.49E-06,5.40E-12,-0.091068631,-0.011177753,0.001682567,-2.18E-05,3,2244,0,20,25.4,25.4,1.04492,2.62207,1.59424,2.09106,1.50269,2.46216,45.921,14.132,18,616.161,346.938,35.3177,34.8912,30.0012,34.7663,34.768,20.994,-30,-30,-999.9,420,0,99.2615,74.2388
173,1745831841,10346,20250428 12:17:21,12:17:21,15,B,4,21%,5559.63,1745831833,0.00638955,6.389549567,9.832211481,415.8218667,266.2782977,26.88544366,41.98447813,0.132558282,1.997952969,0.127858967,0.08032019,193.8059184,36.01795559,35.10852667,5.682405981,12.84295938,0.798657329,6.218639374,4.883748652,-281.7791359,176.5832289,20.82817334,109.4381847,13.88533333,0.028533333,110.8162381,65.59447721,45.22176089,5.652720114,11.09762699,44.52755232,0.913687709,,,0,0,1,0,24828,RECT-12807-20250324-17_57_43,10114.7,315.2007692,539.79,0.416067787,-0.222077465,MPF-14911-20250428-12_17_20,10091.8,209.16492,321.3472838,0.349100084,0.5,1009.195521,9.832211481,176.1551206,0.009962677,0.679771472,225.6365094,DARK-14912-20250428-12_17_28,166.9,166.9,0.480624208,0.726347276,0.585810068,18.25137852,0.972632194,0.579577877,0.420422123,14911,290,290.09,235,10091.8,289.09,1,300,24,321.3472838,2.99800347,-32.55739022,2.671308161,0.841398105,-0.007352634,290,288.08,655,10082,289.05,-0.97,None,None,None,None,None,None,None,None,None,None,None,None,None,1200,1009.195521,0.840985989,0.161502958,2,0.5,0: Broadleaf,2,1745831833,415.8218667,419.9847333,7.910046667,5.797133,416.0903667,7.994060667,600.0252667,100.9059333,0.061527737,36.74790333,35.10852667,999.9,0,0,4996,0,311.9372333,-4.162876667,419.1373333,422.4336333,2.112914,419.9847333,5.797133,0.7981709,0.5849652,3.674714333,-0.657336367,1200.014667,0.9669966,0.033003183,0,209.2587667,4.99918,2789.157333,11464.40667,43.8477,46.25413333,44.5788,45.1187,46.38326667,1155.574667,39.44,0,37.20000005,0,209.16492,-9.025538435,-99.203846,2788.504,15,1745830281,11:51:20,1745830277,1745830281,3,0.223,-0.027,-0.257,0.051,420,15,1.43,0.25,-4.16911175,0.344146604,0.135532523,1,210.3902647,-19.41630253,2.162485298,0,2.12879325,-0.304177373,0.029609155,0,1,3,01-Mar,3.21835,2.67009,0.0998842,0.101657,0.0482543,0.0376695,26372.1,24250.4,27847.5,24754,34022.3,25185.1,39727.9,27532.7,1.8746,1.3922,0.0658929,0,34.0755,999.9,7.4,44,6.71191,30.112,20.0962,1,0.587032,0,20.2988,5.22328,11.9081,4.9596,3.292,9999,9999,9999,999.9,4.9722,1.85471,1.85669,1.85699,1.85635,1.85608,1.85135,1.85321,0,0,0,0,11111111,oooooooo,on,on,on,on,0,100,100,-0.268,-0.0847,-1.154974873,0.00151024,1.49E-06,5.40E-12,-0.091068631,-0.011177753,0.001682567,-2.18E-05,3,2244,0,20,26.1,26,1.04492,2.61963,1.59424,2.09106,1.50269,2.47559,45.9499,14.132,18,616.265,346.764,35.3863,34.9882,30.0012,34.8589,34.8554,20.9962,-30,-30,-999.9,420,0,99.246,74.2325
174,1745831881,10385.5,20250428 12:18:00,12:18:00,15,B,4,21%,5559.63,1745831873,0.005718287,5.718287265,8.834671571,416.276,265.7439174,26.83244303,42.03182584,0.117836344,1.999468479,0.114109809,0.071643628,161.904334,35.96083171,35.05466667,5.665492943,12.35643058,0.766784539,6.205550493,4.898708404,-252.1764684,178.3700347,21.01355601,109.1114563,13.88533333,0.028533333,104.3254739,60.77078271,43.55469119,5.444336399,10.44379768,44.52755232,0.913687709,,,0,0,1,0,25005,RECT-12807-20250324-17_57_43,10114.7,315.2007692,539.79,0.416067787,-0.222077465,MPF-14913-20250428-12_18_00,10096.5,207.70692,340.8841711,0.390681828,0.5,841.1909515,8.834671571,164.3190093,0.010766579,0.583499751,235.0973791,DARK-14914-20250428-12_18_07,158.83,158.83,0.534064608,0.731525404,0.522117358,5.185343112,0.885642772,0.559385214,0.440614786,14913,290,306.54,205,10096.5,304.65,1.89,300,24,340.8841711,3.156088457,-36.58437605,2.803936809,0.858755177,-0.007520106,290,299.55,735,10081.5,304.6,-5.05,None,None,None,None,None,None,None,None,None,None,None,None,None,1000,841.1909515,0.841194288,0.161904976,2,0.5,0: Broadleaf,2,1745831873,416.276,420.0143333,7.594102667,5.702491667,416.5432,7.681611667,600.0030667,100.9094667,0.06158582,36.70937667,35.05466667,999.9,0,0,5002,0,312.5002,-3.738365667,419.4615,422.4231333,1.891612333,420.0143333,5.702491667,0.7663163,0.575434833,3.098074333,-0.882053133,999.9960333,0.959995,0.0400054,0,207.7639333,4.99918,2333.517667,9523.842333,43.6955,46.312,44.6145,45.062,46.3603,955.1926667,39.80966667,0,37.20000005,0,207.70692,-7.782461531,-73.77692295,2333.056,15,1745830281,11:51:20,1745830277,1745830281,3,0.223,-0.027,-0.257,0.051,420,15,1.43,0.25,-3.756703,0.387982739,0.140473152,1,209.1347647,-20.99981665,2.387890086,0,1.91320025,-0.36079666,0.035036117,0,1,3,01-Mar,3.21815,2.67072,0.0999509,0.101664,0.0466821,0.0371388,26366.8,24249.7,27844.3,24753.7,34075.4,25198.3,39724.5,27532,1.873,1.3908,0.0689924,0,33.9495,999.9,7.3,44,6.62052,29.812,20.3005,1,0.591341,0,20.3011,5.22328,11.9081,4.9592,3.292,9999,9999,9999,999.9,4.97226,1.85477,1.85678,1.85699,1.85632,1.85608,1.85135,1.85321,0,0,0,0,11111111,oooooooo,on,on,on,on,0,100,100,-0.267,-0.0881,-1.154974873,0.00151024,1.49E-06,5.40E-12,-0.091068631,-0.011177753,0.001682567,-2.18E-05,3,2244,0,20,26.7,26.7,1.04492,2.62207,1.59424,2.09106,1.50269,2.45361,45.9499,14.132,18,615.763,346.42,35.4451,35.0638,30.0005,34.9335,34.9306,20.9926,-30,-30,-999.9,420,0,99.2362,74.2311
175,1745831920,10425,20250428 12:18:40,12:18:40,15,B,4,21%,5559.81,1745831912,0.005043905,5.0439053,8.110148554,416.5752667,261.0485048,26.35767549,42.06097907,0.103498261,1.998859404,0.100610614,0.063134367,129.9872881,35.85880001,34.96332667,5.63691049,11.89502985,0.734779163,6.17719478,4.902131327,-222.4362237,179.138287,21.09255479,107.7819062,13.88533333,0.028533333,98.7261214,56.9722705,41.7538509,5.219231362,9.809111321,44.52755232,0.913687709,,,0,0,1,0,24493,RECT-12807-20250324-17_57_43,10114.7,315.2007692,539.79,0.416067787,-0.222077465,MPF-14915-20250428-12_18_39,10096.7,209.07992,384.9908939,0.456922428,0.5,673.2200985,8.110148554,153.8046809,0.012376674,0.402085111,255.2666079,DARK-14916-20250428-12_18_47,166.63,166.63,0.567184568,0.805597425,0.414833064,2.520571138,0.689254358,0.642035347,0.357964653,14915,290,334.81,235,10096.7,333.79,1.02,300,24,384.9908939,2.661008433,-51.69267945,2.35708697,0.944985604,-0.007687776,290,327.64,675,10086,333.74,-6.1,None,None,None,None,None,None,None,None,None,None,None,None,None,800,673.2200985,0.841490938,0.162477509,2,0.5,0: Broadleaf,2,1745831912,416.5752667,419.9790333,7.277311,5.608247,416.8416667,7.368094333,600.0008667,100.9064667,0.06203155,36.62567,34.96332667,999.9,0,0,4999.666667,0,314.0033333,-3.403741333,419.629,422.3476667,1.669063333,419.9790333,5.608247,0.7343268,0.5659078,2.497258,-1.110015,800.0325,0.9499909,0.050009283,0,209.1608,4.99918,1911.196333,7585.082333,43.4539,46.30786667,44.55993333,45.00826667,46.2269,755.2743333,39.76,0,37.20000005,0,209.07992,-8.200615349,-57.15692299,1910.8512,15,1745830281,11:51:20,1745830277,1745830281,3,0.223,-0.027,-0.257,0.051,420,15,1.43,0.25,-3.4029235,0.189316998,0.126330841,1,210.0893529,-16.67889992,1.900437873,0,1.6879545,-0.368464841,0.035721147,0,1,3,01-Mar,3.2189,2.67063,0.100008,0.101641,0.0450608,0.0366212,26364.7,24251,27844.1,24754.6,34132.5,25212.4,39723.6,27532.7,1.8732,1.3902,0.0732839,0,33.7906,999.9,7.1,44,6.44007,29.972,20.0962,1,0.593618,0,20.3025,5.22328,11.9081,4.958,3.292,9999,9999,9999,999.9,4.97223,1.85471,1.85672,1.85699,1.85638,1.85608,1.85135,1.85327,0,0,0,0,11111111,oooooooo,on,on,on,on,0,100,100,-0.266,-0.0914,-1.154974873,0.00151024,1.49E-06,5.40E-12,-0.091068631,-0.011177753,0.001682567,-2.18E-05,3,2244,0,20,27.4,27.3,1.04492,2.62207,1.59424,2.09106,1.50269,2.46948,45.9499,14.132,18,616.439,346.399,35.491,35.1133,30.0003,34.9905,34.9871,20.9919,-30,-30,-999.9,420,0,99.2347,74.2333
176,1745831960,10464.5,20250428 12:19:19,12:19:19,15,B,4,21%,5559.81,1745831952,0.004370284,4.370283779,6.951526469,417.061,262.6886221,26.5228865,42.10940495,0.089299119,1.999424285,0.087141141,0.054652756,98.06872229,35.74886351,34.87213667,5.60850008,11.43936736,0.703092807,6.146256035,4.905407273,-192.7295147,179.1325002,21.06718582,105.5388937,13.88533333,0.028533333,85.51675502,49.47948948,36.03726554,4.504658193,8.393658541,44.52755232,0.913687709,,,0,0,1,0,25049,RECT-12807-20250324-17_57_43,10114.7,315.2007692,539.79,0.416067787,-0.222077465,MPF-14917-20250428-12_19_19,10112.7,216.2422,453.6187423,0.52329527,0.5,505.2014293,6.951526469,132.1847592,0.014199493,0.189964059,283.7279273,DARK-14918-20250428-12_19_26,162.73,162.73,0.641262618,0.816038945,0.228534604,1.714925721,0.383683837,0.614098532,0.385901468,14917,290,386.14,95,10112.7,383.43,2.71,300,24,453.6187423,3.239732476,-70.98287703,2.861419204,0.956479922,-0.007856453,290,373.03,615,10092.2,383.28,-10.25,None,None,None,None,None,None,None,None,None,None,None,None,None,600,505.2014293,0.841992746,0.163446,2,0.5,0: Broadleaf,2,1745831952,417.061,419.9855,6.963589,5.517087667,417.3260667,7.057387,600.0479667,100.9058333,0.061183353,36.53395667,34.87213667,999.9,0,0,5002,0,318.1164667,-2.924406,419.9856667,422.3153667,1.446503,419.9855,5.517087667,0.702667367,0.556706733,1.879398,-1.333430667,600.0068667,0.933010133,0.066989723,0,216.2886333,4.99918,1516.243667,5645.268,43.13723333,46.208,44.40186667,44.906,46.031,555.147,39.855,0,37.20000005,0,216.2422,-11.00107688,-46.4623076,1515.9516,15,1745830281,11:51:20,1745830277,1745830281,3,0.223,-0.027,-0.257,0.051,420,15,1.43,0.25,-2.959763659,0.716324321,0.123693601,0,217.2363235,-18.04878534,2.030516056,0,1.466866098,-0.370414286,0.036791691,0,0,3,0/3,3.21874,2.66853,0.100055,0.101584,0.0435057,0.0361013,26362.9,24252,27843.8,24754.1,34188.8,25226.6,39724.6,27533.3,1.8718,1.3904,0.077635,0,33.6237,999.9,7,44,6.34907,29.762,20.0801,1,0.593415,0,20.3049,5.22328,11.9081,4.96,3.292,9999,9999,9999,999.9,4.97223,1.85474,1.85681,1.85699,1.85638,1.85608,1.85135,1.85327,0,0,0,0,11111111,oooooooo,on,on,on,on,0,100,100,-0.265,-0.0943,-1.154974873,0.00151024,1.49E-06,5.40E-12,-0.091068631,-0.011177753,0.001682567,-2.18E-05,3,2244,0,20,28.1,28,1.04492,2.61841,1.59424,2.08984,1.50269,2.53296,45.9499,14.132,18,615.743,346.705,35.5244,35.1409,30,35.0287,35.028,20.994,-30,-30,-999.9,420,0,99.2356,74.2335
177,1745831999,10504,20250428 12:19:59,12:19:59,15,B,4,21%,5559.9,1745831991,0.003759688,3.759688041,5.860667951,417.4901333,264.5836893,26.71445366,42.15309284,0.076093092,1.99997698,0.074520555,0.046713926,82.09498157,35.75117107,34.87408667,5.609106301,11.01274721,0.673592457,6.116479786,4.935513844,-165.8022426,169.4136348,19.91027079,105.6166445,13.88533333,0.028533333,76.25398288,43.48294272,32.77104016,4.09638002,7.533697455,44.52755232,0.913687709,,,0,0,1,0,25348,RECT-12807-20250324-17_57_43,10114.7,315.2007692,539.79,0.416067787,-0.222077465,MPF-14919-20250428-12_19_58,10115,221.97536,502.1377586,0.557939318,0.5,421.1991818,5.860667951,117.5017921,0.014441494,0.074983888,301.9784878,DARK-14920-20250428-12_20_06,169.93,169.93,0.661586891,0.843334905,0.101801334,1.49869964,0.167649363,0.645602739,0.354397261,14919,290,426.09,95,10115,421.7,4.39,300,24,502.1377586,3.616851925,-81.36215576,3.190093401,0.95873166,-0.007941326,290,406.58,625,10094.1,421.53,-14.95,None,None,None,None,None,None,None,None,None,None,None,None,None,500,421.1991818,0.842375956,0.164185596,2,0.5,0: Broadleaf,2,1745831991,417.4901333,419.9668333,6.671354,5.426519,417.7541333,6.767748333,600.0162,100.9075667,0.06031132,36.44531,34.87408667,999.9,0,0,5004.166667,0,314.0788667,-2.476661333,420.2941333,422.2583,1.244834667,419.9668333,5.426519,0.673189967,0.547576733,1.281607667,-1.558371333,500.0133,0.919994,0.0800056,0,221.9943,4.99918,1316.087333,4676.497333,42.78933333,46.0809,44.1955,44.7436,45.77476667,455.41,39.6,0,37.20000005,0,221.97536,-11.89107691,-64.12384606,1315.6516,15,1745830281,11:51:20,1745830277,1745830281,3,0.223,-0.027,-0.257,0.051,420,15,1.43,0.25,-2.510636098,0.595636725,0.159742949,0,223.8142353,-28.6045531,3.117966834,0,1.264892195,-0.321463484,0.031934695,0,0,3,0/3,3.21817,2.66709,0.100129,0.101623,0.0419976,0.0356293,26362,24253.7,27845.2,24757,34244.4,25241.7,39726.5,27536.3,1.8716,1.3918,0.0857711,0,33.4729,999.9,6.9,44,6.25756,29.892,19.984,1,0.591321,0,20.3035,5.20651,11.9081,4.9556,3.2898,9999,9999,9999,999.9,4.97226,1.85471,1.85678,1.85699,1.85638,1.85608,1.85135,1.8533,0,0,0,0,11111111,oooooooo,on,on,on,on,0,100,100,-0.264,-0.0969,-1.154974873,0.00151024,1.49E-06,5.40E-12,-0.091068631,-0.011177753,0.001682567,-2.18E-05,3,2244,0,20,28.7,28.6,1.04492,2.62451,1.59424,2.08984,1.50269,2.44141,45.921,14.132,18,615.768,347.55,35.5461,35.1441,29.9997,35.0478,35.0532,20.9963,-30,-30,-999.9,420,0,99.2405,74.2418
178,1745832039,10543.5,20250428 12:20:38,12:20:38,15,B,4,21%,5559.72,1745832031,0.003187603,3.187603004,5.029951741,417.9178,262.8539971,26.53984025,42.19632105,0.064056737,1.999351007,0.062938055,0.039435166,66.12930558,35.72770682,34.85243333,5.602377848,10.63514574,0.646938676,6.083025962,4.955439172,-140.5732925,160.9110293,18.90572889,105.3727713,13.88533333,0.028533333,65.48659556,37.67857039,27.80802517,3.476003147,6.404434367,44.52755232,0.913687709,,,0,0,1,0,25209,RECT-12807-20250324-17_57_43,10114.7,315.2007692,539.79,0.416067787,-0.222077465,MPF-14921-20250428-12_20_38,10111.3,229.6378,569.6057757,0.596847838,0.5,337.1974021,5.029951741,100.6277702,0.015575533,-0.052344581,325.1388619,DARK-14922-20250428-12_20_45,167.39,167.39,0.706130087,0.845237796,-0.080063844,1.336325808,-0.132756925,0.616119622,0.383880378,14921,290,477.4,155,10111.3,473.33,4.07,300,24,569.6057757,3.298754361,-97.3515187,2.905577043,0.975664632,-0.008026442,290,454.66,645,10095.8,473.18,-18.52,None,None,None,None,None,None,None,None,None,None,None,None,None,400,337.1974021,0.842962245,0.165317133,2,0.5,0: Broadleaf,2,1745832031,417.9178,420.0385,6.407364,5.351639,418.1804667,6.505926667,600.0007333,100.9065333,0.061458567,36.34526667,34.85243333,999.9,0,0,5001.666667,0,310.5397333,-2.120714667,420.6127667,422.2984667,1.055724333,420.0385,5.351639,0.646544667,0.540015133,0.7209485,-1.747200333,400.0148333,0.900012033,0.099988263,0,229.7091333,4.99918,1112.517333,3707.219333,42.42686667,45.91426667,43.9643,44.55996667,45.49976667,355.52,39.49833333,0,37.20000005,0,229.6378,-13.33938461,-61.57384605,1112.1224,15,1745830281,11:51:20,1745830277,1745830281,3,0.223,-0.027,-0.257,0.051,420,15,1.43,0.25,-2.12652625,-0.266681088,0.122156875,1,230.8358824,-21.85977082,2.309760361,0,1.06898175,-0.318165591,0.030924149,0,1,3,01-Mar,3.21866,2.67017,0.100177,0.101632,0.0406488,0.0351914,26363.7,24256.2,27848.4,24759.7,34296.3,25255.1,39730.8,27538.4,1.8722,1.3908,0.0946224,0,33.3142,999.9,6.8,44,6.16842,29.922,20,1,0.588049,0,20.3068,5.22328,11.9081,4.9596,3.292,9999,9999,9999,999.9,4.97223,1.85474,1.85672,1.85699,1.85629,1.85608,1.85135,1.85324,0,0,0,0,11111111,oooooooo,on,on,on,on,0,100,100,-0.263,-0.099,-1.154974873,0.00151024,1.49E-06,5.40E-12,-0.091068631,-0.011177753,0.001682567,-2.18E-05,3,2244,0,20,29.4,29.3,1.04492,2.62329,1.59302,2.08984,1.50269,2.51465,45.8921,14.132,18,616.248,347.084,35.5573,35.1313,29.9996,35.051,35.0627,20.9908,-30,-30,-999.9,420,0,99.2516,74.2487
179,1745832078,10583,20250428 12:21:18,12:21:18,15,B,4,21%,5559.72,1745832070,0.002675012,2.675012291,4.291447291,418.1805333,260.8729999,26.34104812,42.22481266,0.053560306,1.998749694,0.052775552,0.033054269,49.59203953,35.66269162,34.79667,5.585082505,10.33121395,0.624493258,6.044722919,4.960589247,-117.968042,154.4651257,18.13876385,104.2278871,13.88533333,0.028533333,51.54494209,31.06200736,20.48293473,2.560366841,4.850730129,44.52755232,0.913687709,,,0,0,1,0,24527,RECT-12807-20250324-17_57_43,10114.7,315.2007692,539.79,0.416067787,-0.222077465,MPF-14923-20250428-12_21_17,10106.8,236.2111923,629.8387105,0.624965585,0.5,252.9076911,4.291447291,79.02930155,0.01784653,-0.142971064,343.9124402,DARK-14924-20250428-12_21_25,188.86,188.86,0.700145455,0.892622498,-0.256600206,1.251049116,-0.400948479,0.713686271,0.286313729,14923,290,538.57,135,10106.8,534.02,4.55,300,24,629.8387105,2.366829459,-96.83773741,2.08006688,0.987245932,-0.008104526,290,515.15,635,10090.2,533.87,-18.72,None,None,None,None,None,None,None,None,None,None,None,None,None,300,252.9076911,0.842949116,0.165291794,2,0.5,0: Broadleaf,2,1745832070,418.1805333,419.9838667,6.184774,5.298632,418.4635333,6.285032333,600.0094667,100.9109,0.061788347,36.23013333,34.79667,999.9,0,0,4999,0,309.384,-1.782276667,420.8040333,422.2211,0.886142067,419.9838667,5.298632,0.624112,0.534690433,0.23289,-1.881576333,300.0272333,0.900025633,0.09997409,0,236.1270333,4.99918,897.9627667,2768.847333,42.0644,45.7017,43.7081,44.3603,45.20183333,265.5326667,29.49366667,0,37.20000005,0,236.2111923,-9.579863261,-42.51483766,897.9716538,15,1745832104,12:21:43,1745832104,1745830281,4,-0.026,-0.027,-0.283,0.051,420,15,2.38,0.25,-1.8340625,1.013293058,0.152063397,0,237.0888529,-15.43393431,1.705429291,0,0.900536125,-0.278293542,0.027273872,0,0,3,0/3,3.21861,2.67024,0.100271,0.101623,0.0395366,0.0349466,26365.1,24259.6,27852.7,24762.8,34341.3,25264.9,39736.8,27542.1,1.8726,1.3916,0.100493,0,33.1506,999.9,6.8,44,6.16677,30.022,20.004,1,0.583841,0,20.3079,5.22328,11.9081,4.9584,3.292,9999,9999,9999,999.9,4.97229,1.85474,1.85678,1.85699,1.85635,1.85608,1.85135,1.85324,0,0,0,0,11111111,oooooooo,on,on,on,on,0,100,100,-0.283,-0.1006,-1.154974873,0.00151024,1.49E-06,5.40E-12,-0.091068631,-0.011177753,0.001682567,-2.18E-05,3,2244,0,20,30,30,1.04492,2.61719,1.59424,2.08984,1.50269,2.55005,45.8344,14.132,18,616.429,347.463,35.5569,35.101,29.9997,35.0382,35.0564,20.9948,-30,-30,-999.9,420,0,99.2667,74.2584
180,1745832135,10639.5,20250428 12:22:14,12:22:14,15,B,4,21%,5559.81,1745832127,0.002210336,2.210336366,2.757177369,418.7638065,289.430768,29.22323759,42.28173215,0.044252875,1.998901049,0.04371573,0.027370048,33.04709616,35.52756344,34.70070645,5.555427458,10.11969832,0.606095426,5.989263778,4.949332032,-97.47583375,146.7321406,17.20728103,99.51068401,13.88533333,0.028533333,36.22320358,21.86337473,14.35982885,1.794978606,3.392849928,44.52755232,0.913687709,,,0,0,1,0,25406,RECT-12807-20250324-17_57_43,10114.7,315.2007692,539.79,0.416067787,-0.222077465,MPF-14925-20250428-12_22_14,10099.1,234.1591538,683.1725155,0.657247403,0.5,168.5747534,2.757177369,55.39765945,0.017673197,-0.209877465,359.225349,DARK-14926-20250428-12_22_21,188.72,188.72,0.723759379,0.908102088,-0.408415745,1.22023869,-0.638421152,0.731882667,0.268117333,14925,290,597.44,145,10099.1,597.66,-0.22,300,24,683.1725155,2.801414856,-86.35663223,2.456462667,0.977845736,-0.00818129,290,584.54,625,10084.6,597.54,-13,None,None,None,None,None,None,None,None,None,None,None,None,None,200,168.5747534,0.842925158,0.165245555,2,0.5,0: Broadleaf,2,1745832127,418.7638065,419.9914194,6.002848387,5.270481935,419.0499355,6.061848387,599.9914516,100.9064194,0.061552319,36.06230323,34.70070645,999.9,0,0,4999.83871,0,310.0568065,-1.227579677,421.2744839,422.2166129,0.689520806,419.9914194,5.270481935,0.601402355,0.531825323,-0.277286774,-1.954375161,199.9878065,0.900009032,0.099990987,0,234.1235806,4.99918,654.741129,1829.964194,41.52596774,45.399,43.32632258,44.09451613,44.77196774,175.49,19.5,0,54.5999999,0,234.1591538,3.32615386,5.923384596,654.8388846,15,1745832154,12:22:33,1745832104,1745832154,5,-0.026,0.047,-0.283,-0.059,420,5,2.38,0.53,-1.27101525,0.788066229,0.126434375,0,233.7285,6.982077922,0.896646243,0,0.700819475,-0.204525197,0.020006261,0,0,3,0/3,3.21865,2.66945,0.10036,0.101622,0.0384332,0.034818,26369.5,24264.2,27859.9,24767.2,34389,25273.5,39746.2,27547.8,1.8724,1.3924,0.107139,0,32.9381,999.9,6.7,44,6.0776,29.922,19.9639,1,0.574512,0,20.3086,5.22328,11.9081,4.9564,3.292,9999,9999,9999,999.9,4.97226,1.85471,1.85669,1.85699,1.85629,1.85608,1.85135,1.85327,0,0,0,0,11111111,oooooooo,on,on,on,on,0,100,100,-0.286,-0.059,-1.180907335,0.00151024,1.49E-06,5.40E-12,-0.091068631,-0.011177753,0.001682567,-2.18E-05,3,2244,0,20,0.5,30.9,1.04492,2.62085,1.59424,2.08984,1.50269,2.55127,45.7768,14.132,18,615.898,347.717,35.5402,35.0317,29.9993,34.9969,35.0249,20.9965,-30,-30,-999.9,420,0,99.291,74.2728
181,1745832185,10689.5,20250428 12:23:04,12:23:04,15,B,4,21%,5559.63,1745832177,0.001787513,1.787513409,1.865738728,419.1319677,306.3904159,30.93574583,42.31907837,0.035985723,2.000447971,0.035629927,0.022300378,16.51079436,35.37859532,34.55032581,5.509231514,10.05848314,0.596930669,5.934599288,4.912300845,-78.82934136,145.0801159,16.97417909,99.735748,13.88533333,0.028533333,18.43812388,13.55784513,4.880278755,0.610034844,1.421594073,44.52755232,0.913687709,,,0,0,1,0,24696,RECT-12807-20250324-17_57_43,10114.7,315.2007692,539.79,0.416067787,-0.222077465,MPF-14927-20250428-12_23_04,10084.7,223.4480769,674.2184368,0.668582073,0.5,84.28833429,1.865738728,28.17683462,0.024769931,-0.199384101,356.734189,DARK-14928-20250428-12_23_11,180.67,180.67,0.732030466,0.913325474,-0.374327347,1.255565953,-0.598552461,0.738473634,0.261526366,14927,290,620.84,245,10084.7,623.33,-2.49,300,24,674.2184368,4.297100714,-51.31626581,3.759302976,0.869363641,-0.00825859,290,619.12,625,10078,623.3,-4.18,None,None,None,None,None,None,None,None,None,None,None,None,None,100,84.28833429,0.842850526,0.165101515,2,0.5,0: Broadleaf,2,1745832177,419.1319677,420.0035806,5.912055161,5.319763548,419.417129,5.967479677,600.023871,100.9067097,0.061676481,35.89555161,34.55032581,999.9,0,0,5006.129032,0,305.9685161,-0.87167771,421.6245806,422.2497742,0.592290452,420.0035806,5.319763548,0.596565677,0.536799516,-0.388128129,-1.82822,100.0038935,0.899988032,0.100011945,0,223.6595161,4.99918,403.0293871,891.6118387,41.06222581,45.09654839,42.95535484,43.83841935,44.38880645,85.50387097,9.502258065,0,48.20000005,0,223.4480769,-14.29080343,-18.51617099,402.8239231,15,1745832154,12:22:33,1745832104,1745832154,5,-0.026,0.047,-0.283,-0.059,420,5,2.38,0.53,-0.94299122,1.670917192,0.221982794,0,224.6769706,-19.65385792,2.037647064,0,0.600996463,-0.174365812,0.017770317,0,0,3,0/3,3.21798,2.67026,0.100461,0.101602,0.0380825,0.0352206,26372,24268.7,27865.4,24771,34408.9,25266.4,39754.5,27551.5,1.8738,1.3932,0.109375,0,32.7391,999.9,6.7,43.9,6.04642,29.672,20.1643,1,0.565915,0,20.3101,5.22328,11.9081,4.9596,3.2922,9999,9999,9999,999.9,4.97226,1.85471,1.85669,1.85699,1.85635,1.85608,1.85135,1.85321,0,0,0,0,11111111,oooooooo,on,on,on,on,0,100,100,-0.285,-0.0554,-1.180907335,0.00151024,1.49E-06,5.40E-12,-0.044016605,-0.011177753,0.001682567,-2.18E-05,3,2244,0,20,1.4,0.5,1.04492,2.62207,1.59424,2.08984,1.50269,2.46582,45.6905,14.1233,18,616.449,347.892,35.5078,34.9518,29.9995,34.943,34.9777,20.9942,-30,-30,-999.9,420,0,99.3113,74.2834
182,1745832224,10729,20250428 12:23:44,12:23:44,15,B,4,21%,5559.63,1745832216,0.00150914,1.50913955,0.46166655,419.6047667,364.038234,36.75427537,42.36442138,0.030540128,1.998312628,0.030283181,0.018949893,8.241652769,35.28732401,34.44888667,5.478259016,10.15007784,0.598269432,5.894234912,4.879989585,-66.55305415,142.4959655,16.67134648,100.8559106,13.88533333,0.028533333,9.05196021,6.684931427,2.367028783,0.295878598,0.695013585,44.52755232,0.913687709,,,0,0,1,0,25083,RECT-12807-20250324-17_57_43,10114.7,315.2007692,539.79,0.416067787,-0.222077465,RECT-14929-20250428-12_23_44,10072.9,216.57892,631.39,0.656980757,0.5,42.13694211,0.46166655,13.84158006,0.016226712,-0.145076735,344.374443,DARK-14930-20250428-12_23_51,178.04,178.04,0.718018974,0.914990802,-0.253213545,1.311907679,-0.407855709,0.752173676,0.247826324,14927,290,620.84,245,10084.7,623.33,-2.49,300,24,674.2184368,4.297100714,-51.31626581,3.759302976,0.869363641,-0.00825859,290,619.12,625,10078,623.3,-4.18,None,None,None,None,None,None,None,None,None,None,None,None,None,50,42.13694211,0.842708336,0.164827089,2,0.5,0: Broadleaf,2,1745832216,419.6047667,419.9697333,5.925649333,5.425587667,419.8886,5.980986667,600.0047667,100.9018667,0.060812363,35.77156333,34.44888667,999.9,0,0,4997.666667,0,305.7393333,-0.365012685,422.1059667,422.2608667,0.500062833,419.9697333,5.425587667,0.597909433,0.5474521,-0.3572491,-1.561491667,50.00181,0.8996904,0.10030957,0,216.6751333,4.99918,281.1093667,422.3042333,40.74133333,44.8832,42.68306667,43.6332,44.09146667,40.488,4.514,0,37.20000005,0,216.57892,-24.81138458,-10.67584616,281.06812,15,1745832154,12:22:33,1745832104,1745832154,5,-0.026,0.047,-0.283,-0.059,420,5,2.38,0.53,-0.446846648,1.81845537,0.229047316,0,217.4662059,-21.81177997,2.196528568,0,0.507168732,-0.145309965,0.01493946,0,0,3,0/3,3.21857,2.66847,0.100546,0.101653,0.0381937,0.035845,26375.7,24270.5,27871.6,24774,34411.5,25252.9,39762,27554.6,1.8746,1.3944,0.112087,0,32.5881,999.9,6.7,43.9,6.04573,29.802,20.0962,1,0.558293,0,20.3106,5.22687,11.9081,4.96,3.292,9999,9999,9999,999.9,4.97226,1.85471,1.85669,1.85699,1.85635,1.85608,1.85135,1.85321,0,0,0,0,11111111,oooooooo,on,on,on,on,0,100,100,-0.284,-0.0553,-1.180907335,0.00151024,1.49E-06,5.40E-12,-0.044016605,-0.011177753,0.001682567,-2.18E-05,3,2244,0,20,2,1.2,1.04492,2.61719,1.59424,2.08984,1.50269,2.52075,45.6331,14.1233,18,616.521,348.256,35.473,34.8772,29.9992,34.8861,34.9275,20.9934,-30,-30,-999.9,420,0,99.3315,74.292
,,,,,,,,,,,,,,,,,,,,,,,,,,,,,,,,,,,,,,,,,,,,,,,,,,,,,,,,,,,,,,,,,,,,,,,,,,,,,,,,,,,,,,,,,,,,,,,,,,,,,,,,,,,,,,,,,,,,,,,,,,,,,,,,,,,,,,,,,,,,,,,,,,,,,,,,,,,,,,,,,,,,,,,,,,,,,,,,,,,,,,,,,,,,,,,,,,,,,,,,,,,,,,,,,,,,,,,,,,,,,,,,,,,,,,,,,,,,,,,,,,,,,,,,,,,,,,,,,,,,,,,,,,,,,,,,,,,,,,,,,,,,,,,,,,,,,,,,
197,1745906501,0,20250429 09:01:41,9:01:41,15,C,4,21%,5557.26,1745906493,0.005882268,5.882267895,15.43202881,414.0224667,286.3784937,28.92028219,41.8105648,0.231279123,1.998531459,0.217372313,0.137037429,321.5007192,28.81634522,27.41933667,3.66826299,25.86471674,0.998640464,3.861014502,2.669622526,-259.4080142,94.55039639,10.29792325,166.9410247,15.70785714,0.031713795,69.85179902,66.52352653,3.328272488,0.416034061,6.423774026,32.62518432,0.782818762,,,0,0,1,0,25762,RECT-12807-20250324-17_57_43,10114.7,315.2007692,539.79,0.416067787,-0.222077465,MPF-14993-20250429-09_01_38,10140.5,268.81124,323.4272927,0.168866555,0.5,1681.146139,15.43202881,141.9446786,0.009311568,0.668968612,226.6600338,DARK-14994-20250429-09_01_45,173.06,173.06,0.464918379,0.363217637,0.589978205,6.63901983,0.963370802,0.233838601,0.766161399,14993,290,306.69,145,10140.5,305.33,1.36,300,23.9,323.4272927,2.68212059,-18.34659093,2.431283688,0.670366749,-0.006714565,290,303.68,705,10129.3,305.31,-1.63,None,None,None,None,None,None,None,None,None,None,None,None,None,2000,1681.146139,0.840598568,0.160755236,2,0.5,0: Broadleaf,2,1745906493,414.0224667,419.9781333,9.888878333,7.947557667,414.5054667,9.906059333,600.0141,100.9266,0.059622163,28.29687667,27.41933667,999.9,0,0,4997.333333,0,186.1977667,-5.955560333,418.1575667,423.3427,1.941321,419.9781333,7.947557667,0.9980505,0.802119933,6.887785667,3.744639,1999.939333,0.979997333,0.020002693,0,269.452,4.99918,5602.956333,19219.24,36.65806667,38.43286667,37.26653333,37.54546667,38.7872,1955.038,39.90333333,0,1745906501,0,268.81124,-54.5639999,-1034.861537,5588.6308,15,1745906336,8:58:56,1745906336,1745906329,1,-0.167,0.016,-0.466,-0.059,420,6,2.09,0.77,-5.93970325,-0.417603715,0.129626279,1,273.1327647,-65.96287243,6.55118595,0,1.937823,0.058419062,0.006758193,1,2,3,02-Mar,3.21989,2.66795,0.101355,0.103483,0.0591255,0.0503579,26708.2,24440,28224.2,24973.1,34039.4,25061.6,40195.5,27763.5,1.9594,1.617,0.105709,0,25.8163,999.9,23,25.8,7.59866,29.9199,18.5817,1,0.0513008,0,20.2647,5.22807,11.9021,4.9612,3.292,9999,9999,9999,999.9,4.97217,1.85367,1.85562,1.85593,1.85562,1.85532,1.85028,1.85242,0,0,0,0,11111111,oooooooo,on,on,on,on,0,100,100,-0.483,-0.0159,-1.3651146,0.00151024,1.49E-06,5.40E-12,-0.050416491,-0.011177753,0.001682567,-2.18E-05,3,2244,0,20,2.8,2.9,1.0144,2.47925,1.59424,2.13989,1.50269,2.42188,31.0853,24.1663,18,611.471,427.513,26.9067,28.0733,30.0009,28.0136,28.0117,20.3851,-30,-30,-999.9,420,0,100.486,74.8712
198,1745906541,39.5,20250429 09:02:20,9:02:20,15,C,4,21%,5557.44,1745906533,0.005504826,5.504825829,15.06048355,414.2361667,281.4259006,28.42041057,41.83254598,0.214920396,1.999525018,0.202861873,0.127815668,289.5626478,28.85234632,27.60067667,3.70739092,26.457232,1.031313825,3.898041279,2.676077096,-242.7628191,92.74758116,10.113953,149.6613629,15.70785714,0.031713795,64.48110638,63.74250829,0.738598088,0.092324761,5.587778079,32.62518432,0.782818762,,,0,0,1,0,25337,RECT-12807-20250324-17_57_43,10114.7,315.2007692,539.79,0.416067787,-0.222077465,MPF-14995-20250429-09_02_18,10133.7,246.90116,298.3298906,0.172388796,0.5,1513.167321,15.06048355,130.4265462,0.010099717,0.809372835,214.0409684,DARK-14996-20250429-09_02_25,157.42,157.42,0.472329106,0.364976017,0.631482881,-3.048372988,1.075118823,0.23270253,0.76729747,14995,290,285.29,275,10133.7,284.38,0.91,300,23.9,298.3298906,3.337339741,-14.13343477,3.015661226,0.439607229,-0.006880622,290,285.1,675,10129.2,284.38,0.72,None,None,None,None,None,None,None,None,None,None,None,None,None,1800,1513.167321,0.840658008,0.160869955,2,0.5,0: Broadleaf,2,1745906533,414.2361667,420.0164667,10.21232333,8.396108,414.7185667,10.22438667,599.9959,100.9275667,0.059622147,28.46105667,27.60067667,999.9,0,0,5001.333333,0,192.6262,-5.78028,418.5102,423.5728,1.816223333,420.0164667,8.396108,1.030705333,0.847398367,7.357721333,4.526891667,1799.979667,0.9780063,0.02199359,0,247.5166667,4.99918,4675.178667,17281.70667,36.96226667,38.5662,37.4412,37.66633333,39.04966667,1755.499667,39.48,0,37.4000001,0,246.90116,-58.42476915,-1033.140768,4663.9348,15,1745906336,8:58:56,1745906336,1745906329,1,-0.167,0.016,-0.466,-0.059,420,6,2.09,0.77,-5.718982,-1.415313321,0.190640643,0,255.0588824,-112.1632392,11.61597283,0,1.82527825,-0.152809193,0.015117495,0,0,3,0/3,3.22018,2.6678,0.101367,0.103427,0.0605026,0.0526047,26701.3,24438.4,28217.6,24970.2,33983,24999,40188.1,27760.1,1.9586,1.6144,0.11012,0,25.8751,999.9,23.8,25.9,7.90854,29.9799,18.5176,1,0.0592073,0,20.2661,5.22927,11.9021,4.9612,3.292,9999,9999,9999,999.9,4.97214,1.85379,1.85577,1.85596,1.85562,1.85547,1.85034,1.85248,0,0,0,0,11111111,oooooooo,on,on,on,on,0,100,100,-0.483,-0.011,-1.3651146,0.00151024,1.49E-06,5.40E-12,-0.050416491,-0.011177753,0.001682567,-2.18E-05,3,2244,0,20,3.4,3.5,1.0144,2.48413,1.59424,2.13867,1.50269,2.36328,31.3026,24.1575,18,612.138,426.918,27.0158,28.1878,30.0009,28.1331,28.1353,20.3854,-30,-30,-999.9,420,0,100.466,74.8623
199,1745906580,79,20250429 09:03:00,9:03:00,15,C,4,21%,5557.71,1745906572,0.005048251,5.04825117,14.0763744,414.6173667,280.3567255,28.31302723,41.87191433,0.197483334,2.000162038,0.187255183,0.117909286,257.667078,28.84646593,27.65834333,3.719909806,27.0926177,1.061773813,3.919052137,2.658135993,-222.6278766,96.53977282,10.53201338,142.1109877,15.70785714,0.031713795,64.39369631,61.08908054,3.304615775,0.413076972,5.682796738,32.62518432,0.782818762,,,0,0,1,0,25508,RECT-12807-20250324-17_57_43,10114.7,315.2007692,539.79,0.416067787,-0.222077465,MPF-14997-20250429-09_02_57,10134.9,232.3842692,286.8086961,0.189758636,0.5,1345.186037,14.0763744,127.6303335,0.010629349,0.882055905,208.044956,DARK-14998-20250429-09_03_04,157.26,157.26,0.451690265,0.420107871,0.66133716,-1.916888089,1.126417785,0.284297057,0.715702943,14997,290,276.77,265,10134.9,274.86,1.91,300,23.9,286.8086961,3.693596032,-12.11396441,3.327384945,0.321287741,-0.007048551,290,276.68,815,10127,274.85,1.83,None,None,None,None,None,None,None,None,None,None,None,None,None,1600,1345.186037,0.840747754,0.161043165,2,0.5,0: Broadleaf,2,1745906572,414.6173667,420.0073333,10.51372667,8.848623667,415.0986333,10.52084,599.9839333,100.9295,0.059792043,28.55361667,27.65834333,999.9,0,0,5003.833333,0,194.915,-5.389911333,419.0228667,423.7569,1.665104,420.0073333,8.848623667,1.061145667,0.8930884,7.784046,5.279646,1599.987667,0.974999067,0.025000987,0,232.5056667,4.99918,3938.995667,15341.30333,37.12493333,38.708,37.62913333,37.812,39.2624,1555.112333,39.88,0,37.4000001,0,232.3842692,-46.9332308,-713.8601712,3937.675769,15,1745906336,8:58:56,1745906336,1745906329,1,-0.167,0.016,-0.466,-0.059,420,6,2.09,0.77,-5.3529155,-0.529129306,0.125814053,0,237.4865294,-81.00213902,8.404213657,0,1.67439375,-0.181205066,0.01781566,0,0,3,0/3,3.22014,2.66837,0.101399,0.103426,0.0618538,0.0548227,26694.4,24434.5,28211.8,24966.6,33927.7,24937.8,40181,27757.3,1.956,1.6116,0.108629,0,25.9189,999.9,24.7,26,8.2574,29.9899,18.4615,1,0.0666463,0,20.2676,5.22807,11.9021,4.9616,3.292,9999,9999,9999,999.9,4.97214,1.85388,1.8558,1.85605,1.85577,1.85547,1.85043,1.85257,0,0,0,0,11111111,oooooooo,on,on,on,on,0,100,100,-0.482,-0.006,-1.3651146,0.00151024,1.49E-06,5.40E-12,-0.050416491,-0.011177753,0.001682567,-2.18E-05,3,2244,0,20,4.1,4.2,1.0144,2.48291,1.59424,2.13867,1.50269,2.34619,31.5206,24.1575,18,611.458,426.158,27.1326,28.3024,30.0009,28.249,28.254,20.3887,-30,-30,-999.9,420,0,100.446,74.8532
200,1745906620,118.5,20250429 09:03:39,9:03:39,15,C,4,21%,5557.71,1745906612,0.004608406,4.608406116,13.82562115,414.7197667,272.9770819,27.5684779,41.88334288,0.181437304,1.998884707,0.172759289,0.108719645,225.7828012,28.80139588,27.66717667,3.721830693,27.76949247,1.092046771,3.932541339,2.629783922,-203.2307097,101.905469,11.128262,135.5858225,15.70785714,0.031713795,72.79890772,63.22214234,9.576765381,1.197095673,6.702217746,32.62518432,0.782818762,,,0,0,1,0,25800,RECT-12807-20250324-17_57_43,10114.7,315.2007692,539.79,0.416067787,-0.222077465,MPF-14999-20250429-09_03_37,10142.6,222.4467308,291.1274425,0.235912874,0.5,1177.217421,13.82562115,138.8603726,0.011932969,0.854136441,210.3080117,DARK-15000-20250429-09_03_44,156.35,156.35,0.462949976,0.509586103,0.648504479,-2.852979662,1.107188251,0.358170187,0.641829813,14999,290,273.64,145,10142.6,272.82,0.82,300,23.9,291.1274425,2.624229143,-18.57222029,2.356947696,0.689202699,-0.007215896,290,272.08,795,10128.5,272.79,-0.71,None,None,None,None,None,None,None,None,None,None,None,None,None,1400,1177.217421,0.840866783,0.161272892,2,0.5,0: Broadleaf,2,1745906612,414.7197667,419.9655333,10.81321,9.293638667,415.2007333,10.81523667,599.9816333,100.9321,0.05981368,28.61281333,27.66717667,999.9,0,0,4998.5,0,192.8999667,-5.245805,419.2532333,423.9051667,1.519571667,419.9655333,9.293638667,1.091400333,0.938027033,8.197198,5.987571,1400.004667,0.971005233,0.02899509,0,222.4689667,4.99918,3328.358667,13400.42,37.187,38.87283333,37.78926667,37.93493333,39.39773333,1354.554667,40.45,0,37.4000001,0,222.4467308,-37.54854701,-511.0382908,3327.503462,15,1745906336,8:58:56,1745906336,1745906329,1,-0.167,0.016,-0.466,-0.059,420,6,2.09,0.77,-5.210363659,-0.458636655,0.134167382,1,226.7173824,-67.79188691,7.021832742,0,1.530966585,-0.206205784,0.020716447,0,1,3,01-Mar,3.22066,2.66828,0.101438,0.103406,0.0631671,0.0569488,26689,24431,28207.7,24962.8,33875.2,24877.3,40175.4,27752.6,1.9554,1.6104,0.106096,0,25.956,999.9,25.6,26.1,8.60864,30.0499,18.4535,1,0.0747764,0,20.269,5.22927,11.9021,4.9616,3.292,9999,9999,9999,999.9,4.97217,1.85394,1.85593,1.85608,1.85577,1.8555,1.85043,1.85257,0,0,0,0,11111111,oooooooo,on,on,on,on,0,100,100,-0.481,-0.0009,-1.3651146,0.00151024,1.49E-06,5.40E-12,-0.050416491,-0.011177753,0.001682567,-2.18E-05,3,2244,0,20,4.7,4.8,1.0144,2.48413,1.59302,2.13867,1.50269,2.35962,31.7611,24.1663,18,612.2,426.304,27.2519,28.4123,30.0012,28.3626,28.3698,20.3875,-30,-30,-999.9,420,0,100.432,74.8412
201,1745906659,158,20250429 09:04:19,9:04:19,15,C,4,21%,5558.07,1745906651,0.004197292,4.197291933,12.86917066,415.1152,272.6384892,27.53502354,41.92440634,0.167099534,1.999075099,0.159709508,0.10045517,193.8035306,28.70998355,27.62664667,3.713024203,28.49953716,1.122344242,3.938113927,2.590679961,-185.1005743,108.9133094,11.89144703,129.5077127,15.70785714,0.031713795,73.16760906,60.79450815,12.37310091,1.546637614,6.851142884,32.62518432,0.782818762,,,0,0,1,0,25324,RECT-12807-20250324-17_57_43,10114.7,315.2007692,539.79,0.416067787,-0.222077465,MPF-15001-20250429-09_04_16,10135.7,215.6435385,295.8692639,0.271152618,0.5,1009.185701,12.86917066,136.8216723,0.01297209,0.824420668,212.7713908,DARK-15002-20250429-09_04_23,162.17,162.17,0.45188629,0.600046127,0.645942313,-4.149998874,1.086074943,0.451251547,0.548748453,15001,290,277.21,295,10135.7,276.32,0.89,300,23.9,295.8692639,2.187989203,-19.81871102,1.958971731,0.785196282,-0.007382791,290,276.08,735,10129.8,276.3,-0.22,None,None,None,None,None,None,None,None,None,None,None,None,None,1200,1009.185701,0.840985748,0.161502494,2,0.5,0: Broadleaf,2,1745906651,415.1152,419.9857667,11.11291,9.729344667,415.5952333,11.10967333,599.9930333,100.9343,0.060330737,28.63721667,27.62664667,999.9,0,0,4999.166667,0,127.1506333,-4.870552333,419.7801,424.1119667,1.383570667,419.9857667,9.729344667,1.121674,0.982024733,8.600643,6.652243,1200.003333,0.9670034,0.032996267,0,215.6873,4.99918,2747.41,11464.34,37.17253333,38.9895,37.87706667,38.062,39.479,1155.573333,39.43,0,37.4000001,0,215.6435385,-31.51788038,-495.8724788,2746.496538,15,1745906336,8:58:56,1745906336,1745906329,1,-0.167,0.016,-0.466,-0.059,420,6,2.09,0.77,-4.870094634,-0.11097324,0.129236574,1,218.7543529,-54.14719637,5.679265885,0,1.39318561,-0.207578676,0.020852871,0,1,3,01-Mar,3.22053,2.66866,0.101457,0.103372,0.064459,0.0590001,26681.4,24428.4,28200.6,24959.6,33821.3,24820.7,40167.3,27750,1.9528,1.6066,0.102341,0,25.978,999.9,26.5,26.2,8.96379,30.0899,18.4936,1,0.0815447,0,20.2705,5.22927,11.9021,4.9616,3.292,9999,9999,9999,999.9,4.97217,1.85394,1.85593,1.85608,1.85577,1.85559,1.85056,1.85269,0,0,0,0,11111111,oooooooo,on,on,on,on,0,100,100,-0.48,0.0043,-1.3651146,0.00151024,1.49E-06,5.40E-12,-0.050416491,-0.011177753,0.001682567,-2.18E-05,3,2244,0,20,5.4,5.5,1.0144,2.48779,1.59424,2.13623,1.50269,2.34375,32.0024,24.1751,18,611.474,424.92,27.3693,28.5207,30.0012,28.4748,28.4824,20.3876,-30,-30,-999.9,420,0,100.41,74.8329
202,1745906699,197.5,20250429 09:04:58,9:04:58,15,C,4,21%,5558.16,1745906691,0.003791321,3.791321004,12.06931773,415.4605,270.5029261,27.31930275,41.95921775,0.152925797,1.998949527,0.14671084,0.092231617,161.9058383,28.57691103,27.55044,3.696514998,29.2090486,1.149214184,3.934445794,2.547300813,-167.1972563,115.3883159,12.59341167,122.6903096,15.70785714,0.031713795,70.55670383,57.79126526,12.76543857,1.595679822,6.539008719,32.62518432,0.782818762,,,0,0,1,0,25208,RECT-12807-20250324-17_57_43,10114.7,315.2007692,539.79,0.416067787,-0.222077465,MPF-15003-20250429-09_04_56,10140.1,211.8943462,306.5545417,0.308787451,0.5,841.2042012,12.06931773,129.8766506,0.014611666,0.760828585,218.2419236,DARK-15004-20250429-09_05_03,156.62,156.62,0.489095809,0.631343481,0.608699685,-10.94814997,1.038497961,0.466652451,0.533347549,15003,290,288.96,225,10140.1,287.46,1.5,300,23.9,306.5545417,2.841232295,-19.36552428,2.536233705,0.675556171,-0.007550562,290,286.6,715,10132,287.44,-0.84,None,None,None,None,None,None,None,None,None,None,None,None,None,1000,841.2042012,0.841193686,0.161903814,2,0.5,0: Broadleaf,2,1745906691,415.4605,420.0088,11.37898,10.12954667,415.9395333,11.37092,599.9807333,100.9340667,0.060414757,28.62115667,27.55044,999.9,0,0,4998.666667,0,54.32473667,-4.548308667,420.2424667,424.3068667,1.249433,420.0088,10.12954667,1.148526667,1.022416,8.950522667,7.239671333,1000.0125,0.9600087,0.03999094,0,211.9202,4.99918,2213.542667,9524.030667,37.0579,39.05373333,37.937,38.125,39.4769,955.2223333,39.79,0,37.4000001,0,211.8943462,-25.7183248,-304.6338462,2213.236154,15,1745906336,8:58:56,1745906336,1745906329,1,-0.167,0.016,-0.466,-0.059,420,6,2.09,0.77,-4.5067925,-0.529157223,0.13524035,0,214.7313824,-48.50103899,5.147160314,0,1.25938825,-0.232973246,0.022921432,0,0,3,0/3,3.22026,2.66849,0.101485,0.103339,0.06558,0.060815,26677,24426.3,28197.1,24956.8,33776.6,24770,40162.7,27747,1.9506,1.6052,0.0974536,0,25.9582,999.9,27.3,26.3,9.29057,29.7299,18.6338,1,0.0876829,0,20.2721,5.22927,11.9021,4.9616,3.292,9999,9999,9999,999.9,4.97214,1.85394,1.85593,1.85614,1.85583,1.85562,1.85059,1.85272,0,0,0,0,11111111,oooooooo,on,on,on,on,0,100,100,-0.479,0.0089,-1.3651146,0.00151024,1.49E-06,5.40E-12,-0.050416491,-0.011177753,0.001682567,-2.18E-05,3,2244,0,20,6,6.2,1.0144,2.49268,1.59424,2.13501,1.50269,2.44385,32.2005,24.1838,18,610.921,424.849,27.475,28.6144,30.0008,28.5749,28.585,20.3889,-30,-30,-999.9,420,0,100.398,74.8246
203,1745906739,237.4000001,20250429 09:05:38,9:05:38,15,C,4,21%,5558.16,1745906731,0.00333983,3.339830256,10.98430433,415.880129,269.6259636,27.23114586,42.00223265,0.137006412,1.998385336,0.131993883,0.082931254,129.9860323,28.4087973,27.41210968,3.666711111,29.91660502,1.172439846,3.919027059,2.494271265,-147.2865143,122.9706075,13.41096171,119.0810872,15.70785714,0.031713795,67.05168596,53.7295569,13.32212906,1.665266132,6.199774461,32.62518432,0.782818762,,,0,0,1,0,26402,RECT-12807-20250324-17_57_43,10114.7,315.2007692,539.79,0.416067787,-0.222077465,MPF-15005-20250429-09_05_36,10145.4,211.035,330.1811038,0.360850765,0.5,673.218947,10.98430433,121.4657859,0.016645969,0.634830079,229.9564387,DARK-15006-20250429-09_05_43,149.87,149.87,0.546097586,0.660780736,0.537568979,7.953500871,0.933298963,0.469264382,0.530735618,15005,290,310.47,165,10145.4,309.81,0.66,300,23.9,330.1811038,3.018931822,-20.66684609,2.686757412,0.678783518,-0.007718785,290,310.39,805,10132.2,309.78,0.61,None,None,None,None,None,None,None,None,None,None,None,None,None,800,673.218947,0.841490194,0.162476074,2,0.5,0: Broadleaf,2,1745906731,415.880129,420.0045484,11.60877419,10.50842258,416.358,11.59647097,600.0007419,100.9356452,0.060362384,28.55350645,27.41210968,999.9,0,0,4996.290323,0,57.81526452,-4.124457419,420.7647419,424.4649677,1.100342581,420.0045484,10.50842258,1.17173871,1.060674194,9.247216774,7.777502258,800.0318387,0.950012226,0.049987994,0,211.4450323,4.99918,1774.792903,7585.129355,36.86474194,39,37.885,38.10874194,39.37093548,755.2909677,39.74,0,38,0,211.035,-19.35892308,-194.7600003,1771.1464,15,1745906336,8:58:56,1745906336,1745906329,1,-0.167,0.016,-0.466,-0.059,420,6,2.09,0.77,-4.106174146,-0.097840525,0.110284893,1,213.9251176,-42.84653936,4.512554551,0,1.113673171,-0.25152755,0.025164131,0,1,3,01-Mar,3.22001,2.66888,0.101557,0.103324,0.0665474,0.0625743,26671.5,24425.2,28193.8,24955.6,33738.8,24722.4,40159.6,27745.7,1.9502,1.604,0.0946224,0,25.8795,999.9,28.1,26.4,9.61785,30.0399,18.722,1,0.0923171,0,20.2735,5.22807,11.9021,4.962,3.292,9999,9999,9999,999.9,4.97214,1.85404,1.85593,1.85623,1.85587,1.85562,1.85059,1.85272,0,0,0,0,11111111,oooooooo,on,on,on,on,0,100,100,-0.478,0.0131,-1.3651146,0.00151024,1.49E-06,5.40E-12,-0.050416491,-0.011177753,0.001682567,-2.18E-05,3,2244,0,20,6.7,6.8,1.0144,2.48657,1.59424,2.13501,1.50269,2.48657,32.3991,24.1838,18,611.527,424.775,27.5653,28.6928,30.0006,28.6622,28.6716,20.3897,-30,-30,-999.9,420,0,100.389,74.8211
204,1745906778,276.9000001,20250429 09:06:18,9:06:18,15,C,4,21%,5558.61,1745906770,0.002895413,2.895413223,9.787383727,416.3162333,269.4610428,27.21488393,42.04688681,0.120818031,2.000337104,0.116905532,0.073406925,98.06991426,28.22030678,27.26284333,3.634786456,30.59707518,1.193157193,3.899579243,2.441629263,-127.6877231,129.9501791,14.14174953,114.4741197,15.70785714,0.031713795,61.33702843,48.63288278,12.70414565,1.588018206,5.594755237,32.62518432,0.782818762,,,0,0,1,0,26113,RECT-12807-20250324-17_57_43,10114.7,315.2007692,539.79,0.416067787,-0.222077465,MPF-15007-20250429-09_06_15,10146.7,216.2388846,381.4820126,0.433160995,0.5,505.2064898,9.787383727,109.4178728,0.019812614,0.414981525,253.7192471,DARK-15008-20250429-09_06_22,168.76,168.76,0.557620033,0.776803143,0.426671664,2.493060173,0.704877909,0.606242946,0.393757054,15007,290,355.29,185,10146.7,353.99,1.3,300,23.9,381.4820126,3.031552584,-27.89996205,2.689998921,0.7934691,-0.007887459,290,352.36,635,10139.3,353.97,-1.61,None,None,None,None,None,None,None,None,None,None,None,None,None,600,505.2064898,0.841992947,0.163446388,2,0.5,0: Broadleaf,2,1745906770,416.3162333,419.9806667,11.81373333,10.85995333,416.793,11.79754667,599.9722333,100.9371667,0.060304597,28.46784667,27.26284333,999.9,0,0,5004.166667,0,45.11758,-3.664339333,421.2932333,424.5916667,0.953762833,419.9806667,10.85995333,1.192442333,1.096172333,9.507514333,8.261435667,600.0127333,0.933016133,0.066983793,0,216.2521333,4.99918,1358.763,5645.335,36.6122,38.92046667,37.7872,38.04133333,39.2206,555.1566667,39.86,0,37.4000001,0,216.2388846,-19.46300857,-114.6659829,1358.627692,15,1745906336,8:58:56,1745906336,1745906329,1,-0.167,0.016,-0.466,-0.059,420,6,2.09,0.77,-3.66581675,0.295457448,0.145725954,1,218.3056765,-32.60741023,3.38937405,0,0.96792295,-0.270970874,0.026558094,0,1,3,01-Mar,3.22065,2.66878,0.101651,0.103291,0.067406,0.064136,26668.3,24425.4,28193.5,24955,33706.7,24681.2,40158.6,27745.9,1.9484,1.602,0.0893474,0,25.774,999.9,28.8,26.5,9.91658,29.7199,18.5537,1,0.0952439,0,20.2758,5.22807,11.9021,4.9616,3.292,9999,9999,9999,999.9,4.97241,1.85416,1.85611,1.85638,1.85608,1.85577,1.85074,1.85287,0,0,0,0,11111111,oooooooo,on,on,on,on,0,100,100,-0.476,0.0169,-1.3651146,0.00151024,1.49E-06,5.40E-12,-0.050416491,-0.011177753,0.001682567,-2.18E-05,3,2244,0,20,7.4,7.5,1.0144,2.49512,1.59424,2.13501,1.50269,2.43164,32.5539,24.0787,18,610.91,424.105,27.6331,28.7483,30.0005,28.7294,28.7397,20.3945,-30,-30,-999.9,420,0,100.387,74.8205
205,1745906818,316.4000001,20250429 09:06:57,9:06:57,15,C,4,21%,5558.91,1745906810,0.002478745,2.478744593,8.735821779,416.7419333,266.314559,26.89696841,42.08968019,0.104449786,1.99922701,0.101510135,0.063701059,82.09405908,28.16018735,27.18953,3.619195446,31.22431334,1.211966554,3.881483447,2.407228892,-109.3126365,129.153047,14.05205658,115.9865261,15.70785714,0.031713795,55.05234981,43.73382471,11.3185251,1.414815637,4.971810111,32.62518432,0.782818762,,,0,0,1,0,25408,RECT-12807-20250324-17_57_43,10114.7,315.2007692,539.79,0.416067787,-0.222077465,MPF-15009-20250429-09_06_55,10147.4,222.3839615,414.9659157,0.464091018,0.5,421.1944629,8.735821779,97.73628349,0.021267847,0.300805631,268.1076366,DARK-15010-20250429-09_07_02,166.56,166.56,0.598617637,0.775271207,0.334442795,1.930353044,0.555788378,0.580658656,0.419341344,15009,290,392.55,205,10147.4,389.57,2.98,300,23.9,414.9659157,2.563624985,-25.76731148,2.271516057,0.821290298,-0.007972308,290,387.26,685,10139.4,389.55,-2.29,None,None,None,None,None,None,None,None,None,None,None,None,None,500,421.1944629,0.842375953,0.16418559,2,0.5,0: Broadleaf,2,1745906810,416.7419333,419.9982333,12.00002667,11.18368667,417.2174667,11.98027,599.995,100.9367,0.060288363,28.38780667,27.18953,999.9,0,0,4999.666667,0,42.60286333,-3.256245667,421.8036333,424.7484333,0.816347867,419.9982333,11.18368667,1.211243,1.128843667,9.740446,8.694758,500.0077,0.9200018,0.079997963,0,222.3431,4.99918,1162.329333,4676.458,36.30396667,38.77063333,37.6061,37.91013333,39.0123,455.4106667,39.6,0,37.4000001,0,222.3839615,-27.77514532,-131.4355556,1162.095769,15,1745906336,8:58:56,1745906336,1745906329,1,-0.167,0.016,-0.466,-0.059,420,6,2.09,0.77,-3.24949,-0.023349118,0.12055114,1,224.6982059,-41.5128037,4.273200769,0,0.826257125,-0.246040334,0.024039489,0,1,3,01-Mar,3.22039,2.66923,0.101694,0.103301,0.0681804,0.0655723,26664.7,24425.6,28191.2,24955.6,33676.9,24643.2,40156.7,27745.8,1.9476,1.6012,0.0929832,0,25.6577,999.9,29.4,26.6,10.183,30.0499,18.6418,1,0.0968293,0,20.277,5.22807,11.9021,4.9616,3.292,9999,9999,9999,999.9,4.97244,1.85425,1.85623,1.85638,1.85608,1.85577,1.85074,1.85297,0,0,0,0,11111111,oooooooo,on,on,on,on,0,100,100,-0.476,0.0204,-1.3651146,0.00151024,1.49E-06,5.40E-12,-0.050416491,-0.011177753,0.001682567,-2.18E-05,3,2244,0,20,8,8.1,1.0144,2.49268,1.59424,2.13379,1.50269,2.44995,32.7535,24.0787,18,610.846,424.022,27.6811,28.7837,30.0003,28.7792,28.7925,20.3914,-30,-30,-999.9,420,0,100.38,74.8212
206,1745906857,355.9000001,20250429 09:07:37,9:07:37,15,C,4,21%,5559,1745906849,0.002100179,2.100179375,7.777401778,417.1107333,261.6052379,26.42178827,42.12764075,0.089206402,1.998876628,0.087052271,0.054596877,66.1316697,28.09446101,27.13500667,3.607638247,31.8044537,1.229341669,3.865312953,2.378296578,-92.61791042,127.2686188,13.84073071,114.6231088,15.70785714,0.031713795,49.77676908,39.41951113,10.35725795,1.294657243,4.458292133,32.62518432,0.782818762,,,0,0,1,0,25474,RECT-12807-20250324-17_57_43,10114.7,315.2007692,539.79,0.416067787,-0.222077465,MPF-15011-20250429-09_07_34,10145.9,230.0216,479.6041232,0.520392781,0.5,337.2083205,7.777401778,87.74038776,0.023722663,0.125490741,293.6804294,DARK-15012-20250429-09_07_41,173.18,173.18,0.638910527,0.814500244,0.164168672,1.518110897,0.267982025,0.613225681,0.386774319,15011,290,443.14,295,10145.9,442.13,1.01,300,23.9,479.6041232,2.332539234,-38.02272283,2.063838149,0.923792566,-0.008057254,290,438.25,695,10141.2,442.11,-3.86,None,None,None,None,None,None,None,None,None,None,None,None,None,400,337.2083205,0.842962567,0.165317754,2,0.5,0: Broadleaf,2,1745906849,417.1107333,419.9953333,12.17185667,11.48028667,417.5852333,12.14874667,599.9729,100.9381667,0.06053077,28.31600667,27.13500667,999.9,0,0,4998.166667,0,47.38339667,-2.884517333,422.2502667,424.8729,0.691571733,419.9953333,11.48028667,1.228604667,1.158799667,9.952746333,9.082466667,400.0276333,0.900007,0.09999288,0,230.2647667,4.99918,965.0468,3707.332,35.98723333,38.5851,37.406,37.73316667,38.7665,355.5283333,39.504,0,37.39999986,0,230.0216,-23.63776929,-92.99369244,964.20768,15,1745906336,8:58:56,1745906336,1745906329,1,-0.167,0.016,-0.466,-0.059,420,6,2.09,0.77,-2.852387317,-0.343806899,0.138615956,1,232.0622353,-30.10148208,3.084338875,0,0.705622512,-0.224082334,0.022619437,0,1,3,01-Mar,3.22134,2.66933,0.101757,0.103296,0.0688924,0.0668924,26662.3,24425.2,28190.7,24955.1,33650.5,24608,40156,27745.4,1.9484,1.5992,0.0956357,0,25.5515,999.9,30,26.7,10.4521,29.9399,18.5417,1,0.0976829,0,20.2777,5.22927,11.9021,4.962,3.292,9999,9999,9999,999.9,4.97244,1.85425,1.85623,1.85651,1.85611,1.85593,1.85089,1.853,0,0,0,0,11111111,oooooooo,on,on,on,on,0,100,100,-0.474,0.0237,-1.3651146,0.00151024,1.49E-06,5.40E-12,-0.050416491,-0.011177753,0.001682567,-2.18E-05,3,2244,0,20,8.7,8.8,1.0144,2.49268,1.59424,2.13379,1.50269,2.38525,32.9315,24.07,18,611.782,423.147,27.7137,28.8049,30.0001,28.8149,28.8318,20.3946,-30,-30,-999.9,420,0,100.379,74.82
207,1745906897,395.4000001,20250429 09:08:16,9:08:16,15,C,4,21%,5559,1745906889,0.001756431,1.756431442,6.377501846,417.6181,266.8690352,26.95396747,42.17973311,0.075396374,1.998249074,0.073850881,0.046293018,49.58675526,27.99595828,27.05259,3.590229704,32.38791818,1.245586457,3.845836742,2.344643247,-77.45862659,126.7535749,13.77741025,112.6591138,15.70785714,0.031713795,40.80922073,32.69726186,8.111958865,1.013994858,3.575950803,32.62518432,0.782818762,,,0,0,1,0,25838,RECT-12807-20250324-17_57_43,10114.7,315.2007692,539.79,0.416067787,-0.222077465,MPF-15013-20250429-09_08_14,10144.5,239.2462692,551.1337727,0.565901636,0.5,252.8803154,6.377501846,71.55269207,0.02609764,-0.020582612,319.0352056,DARK-15014-20250429-09_08_21,180.28,180.28,0.672892483,0.8409986,-0.031553427,1.321932493,-0.050508979,0.633720342,0.366279658,15013,290,511.42,155,10144.5,509.48,1.94,300,23.9,551.1337727,2.562153401,-42.25748776,2.26162421,0.925751767,-0.008134393,290,504.2,685,10134,509.44,-5.24,None,None,None,None,None,None,None,None,None,None,None,None,None,300,252.8803154,0.842949277,0.165292104,2,0.5,0: Broadleaf,2,1745906889,417.6181,419.9884667,12.33245,11.75418667,418.0912,12.30616333,599.9932,100.9404,0.060330367,28.22918,27.05259,999.9,0,0,4995.5,0,51.05310333,-2.370313333,422.8327,424.9837333,0.578280033,419.9884667,11.75418667,1.244845333,1.186473667,10.14893,9.432848333,299.9947,0.900018233,0.099981763,0,239.2567333,4.99918,766.7336667,2768.536667,35.64766667,38.40186667,37.16426667,37.57043333,38.5039,265.501,29.492,0,37.4000001,0,239.2462692,-14.75141881,-15.7219487,766.7809615,15,1745906336,8:58:56,1745906336,1745906329,1,-0.167,0.016,-0.466,-0.059,420,6,2.09,0.77,-2.345477317,-0.190526969,0.11702435,1,239.2251176,-2.148938127,1.386053449,0,0.589314293,-0.203936739,0.020463068,0,1,3,01-Mar,3.22084,2.66881,0.101873,0.103298,0.069588,0.0681038,26660.4,24425.3,28192.3,24955.3,33627.5,24576.2,40158.7,27745.7,1.9476,1.599,0.0955164,0,25.4423,999.9,30.6,26.8,10.7219,29.7599,18.5256,1,0.0971341,0,20.2784,5.22807,11.9021,4.9616,3.292,9999,9999,9999,999.9,4.97247,1.85431,1.85623,1.85651,1.85611,1.8559,1.85089,1.853,0,0,0,0,11111111,oooooooo,on,on,on,on,0,100,100,-0.473,0.0269,-1.3651146,0.00151024,1.49E-06,5.40E-12,-0.050416491,-0.011177753,0.001682567,-2.18E-05,3,2244,0,20,9.3,9.5,1.0144,2.49634,1.59424,2.13379,1.50269,2.37305,33.1099,24.07,18,611.419,423.238,27.7334,28.8108,30.0001,28.8355,28.8604,20.3961,-30,-30,-999.9,420,0,100.385,74.8207
208,1745906936,434.9000001,20250429 09:08:56,9:08:56,15,C,4,21%,5559.09,1745906928,0.001456112,1.456112121,4.44691473,418.2957667,290.7838143,29.36969275,42.24863126,0.063212172,2.000106351,0.062122928,0.038923131,33.05314114,27.8804551,26.96663333,3.572151585,32.96780797,1.261396506,3.826146122,2.310755079,-64.21454456,126.6323637,13.73951006,109.2104703,15.70785714,0.031713795,29.34840565,23.72875786,5.619647788,0.702455973,2.527872217,32.62518432,0.782818762,,,0,0,1,0,24955,RECT-12807-20250324-17_57_43,10114.7,315.2007692,539.79,0.416067787,-0.222077465,MPF-15015-20250429-09_08_53,10135.2,242.1295769,617.6215583,0.607964499,0.5,168.6065573,4.44691473,51.25340057,0.027691641,-0.126018202,340.2375169,DARK-15016-20250429-09_09_00,178.19,178.19,0.711489993,0.8544948,-0.215242141,1.24162093,-0.346550714,0.628846877,0.371153123,15015,290,583.24,185,10135.2,582.1,1.14,300,23.9,617.6215583,2.868330845,-36.00133764,2.525932392,0.8788609,-0.008210849,290,579.33,755,10125,582.06,-2.73,None,None,None,None,None,None,None,None,None,None,None,None,None,200,168.6065573,0.842924611,0.165244499,2,0.5,0: Broadleaf,2,1745906928,418.2957667,419.9810333,12.48885,12.00956,418.7671,12.45942,600.0237667,100.9417333,0.060080753,28.14100667,26.96663333,999.9,0,0,5003,0,44.61826667,-1.685163333,423.5859,425.0861667,0.479294233,419.9810333,12.00956,1.260645333,1.212265333,10.33767667,9.752993,200.0256667,0.900000833,0.099999023,0,242.0759,4.99918,529.304,1830.315,35.3227,38.18716667,36.9455,37.3936,38.22896667,175.5243333,19.49966667,0,37.4000001,0,242.1295769,11.35873505,13.27620512,529.2698846,15,1745906336,8:58:56,1745906336,1745906329,1,-0.167,0.016,-0.466,-0.059,420,6,2.09,0.77,-1.693480732,0.250422648,0.105774953,1,240.9709706,20.47405655,2.21381496,0,0.487359293,-0.173624801,0.017761957,0,1,3,01-Mar,3.22085,2.66858,0.101989,0.103286,0.0702408,0.0692014,26658.9,24426.6,28194.3,24956.2,33605.7,24548.8,40160.9,27747.5,1.9486,1.5978,0.0971556,0,25.3473,999.9,31.1,26.9,10.9624,30.1299,18.7019,1,0.0957317,0,20.2793,5.22807,11.9021,4.9612,3.292,9999,9999,9999,999.9,4.97247,1.85434,1.85632,1.85654,1.8562,1.85593,1.85089,1.85303,0,0,0,0,11111111,oooooooo,on,on,on,on,0,100,100,-0.471,0.0299,-1.3651146,0.00151024,1.49E-06,5.40E-12,-0.050416491,-0.011177753,0.001682567,-2.18E-05,3,2244,0,20,10,10.1,1.01562,2.49268,1.59424,2.13257,1.50269,2.46582,33.244,24.07,18,612.267,422.669,27.7409,28.8059,29.9999,28.8478,28.8774,20.4044,-30,-30,-999.9,420,0,100.391,74.8245
209,1745906976,474.4000001,20250429 09:09:35,9:09:35,15,C,4,21%,5559.09,1745906968,0.001197806,1.197805897,2.325848116,419.0527,333.6973563,33.70371911,42.32468201,0.052701076,1.999644233,0.05194144,0.032530738,16.51133092,27.74404553,26.85787333,3.549391462,33.52794839,1.275878181,3.805416802,2.27351328,-52.82324006,128.2747991,13.90690038,105.8697903,15.70785714,0.031713795,15.3354588,13.40159794,1.933860859,0.241732607,1.190163905,32.62518432,0.782818762,,,0,0,1,0,25439,RECT-12807-20250324-17_57_43,10114.7,315.2007692,539.79,0.416067787,-0.222077465,MPF-15017-20250429-09_09_33,10125.3,235.7438,643.9887164,0.633931785,0.5,84.28867272,2.325848116,26.71663437,0.030228565,-0.161802084,348.0886933,DARK-15018-20250429-09_09_40,193.87,193.87,0.698954353,0.906971653,-0.301222006,1.241666308,-0.463952417,0.745871554,0.254128446,15017,290,617.86,195,10125.3,617.9,-0.04,300,23.9,643.9887164,2.671747936,-26.41825314,2.346769117,0.819035533,-0.008287369,290,619.61,855,10114.1,617.87,1.74,None,None,None,None,None,None,None,None,None,None,None,None,None,100,84.28867272,0.842853238,0.165106749,2,0.5,0: Broadleaf,2,1745906968,419.0527,419.9953333,12.63235,12.23811,419.5219333,12.60000667,599.9770667,100.9407333,0.060124097,28.04775333,26.85787333,999.9,0,0,5001.166667,0,47.55976,-0.942527467,424.4142333,425.1990333,0.394234767,419.9953333,12.23811,1.275117333,1.235323333,10.50871333,10.034155,100.0039733,0.899874667,0.100125403,0,235.8101333,4.99918,280.992,891.5782667,34.9913,38.00403333,36.70166667,37.2393,37.9748,85.492,9.511,0,37.39999986,0,235.7438,-6.201769242,-2.04230768,281.01216,15,1745906336,8:58:56,1745906336,1745906329,1,-0.167,0.016,-0.466,-0.059,420,6,2.09,0.77,-0.96803285,0.409045036,0.128094589,1,235.9175882,-3.375523297,0.595969705,0,0.4007334,-0.148445403,0.014780574,0,1,3,01-Mar,3.22146,2.6686,0.102096,0.103287,0.0708517,0.0701636,26656.2,24428.3,28194.8,24957.9,33585.2,24524.6,40162.9,27748.9,1.9476,1.5976,0.0938773,0,25.2565,999.9,31.6,27,11.2052,29.6799,18.5938,1,0.0943293,0,20.2821,5.22807,11.9021,4.9612,3.292,9999,9999,9999,999.9,4.97244,1.85431,1.85632,1.85654,1.85623,1.85593,1.85089,1.85303,0,0,0,0,11111111,oooooooo,on,on,on,on,0,100,100,-0.47,0.0329,-1.3651146,0.00151024,1.49E-06,5.40E-12,-0.050416491,-0.011177753,0.001682567,-2.18E-05,3,2244,0,20,10.7,10.8,1.01562,2.5,1.59424,2.13135,1.50269,2.35718,33.4008,24.07,18,611.569,422.606,27.7407,28.7911,29.9998,28.8502,28.8847,20.4048,-30,-30,-999.9,420,0,100.395,74.8289
210,1745907015,513.9000001,20250429 09:10:15,9:10:15,15,C,4,21%,5559.09,1745907007,0.00098704,0.987039911,0.651266957,419.6072,380.9968495,38.48134103,42.38105324,0.043813465,1.998712158,0.043286816,0.02710105,8.24245215,27.68369537,26.80426333,3.538219193,34.04038006,1.290194756,3.790189045,2.248024438,-43.52846008,126.5796524,13.72113161,105.0147761,15.70785714,0.031713795,7.702760569,6.39181544,1.310945129,0.163868141,0.640000503,32.62518432,0.782818762,,,0,0,1,0,26217,RECT-12807-20250324-17_57_43,10114.7,315.2007692,539.79,0.416067787,-0.222077465,RECT-15019-20250429-09_10_12,10106,230.8878846,635.5,0.636683108,0.5,42.14451031,0.651266957,13.41634891,0.020722614,-0.150605822,345.5935029,DARK-15020-20250429-09_10_20,179.64,179.64,0.717324941,0.887579773,-0.265750382,1.263231618,-0.426155785,0.690572529,0.309427471,15017,290,617.86,195,10125.3,617.9,-0.04,300,23.9,643.9887164,2.671747936,-26.41825314,2.346769117,0.819035533,-0.008287369,290,619.61,855,10114.1,617.87,1.74,None,None,None,None,None,None,None,None,None,None,None,None,None,50,42.14451031,0.842700486,0.164811938,2,0.5,0: Broadleaf,2,1745907007,419.6072,419.9623667,12.77398667,12.44915667,420.0747667,12.73873333,599.9639667,100.9414667,0.060263607,27.97896667,26.80426333,999.9,0,0,4997.333333,0,47.80338,-0.355147337,425.0365667,425.2565,0.324827933,419.9623667,12.44915667,1.289424333,1.256635,10.67613667,10.28996667,50.01125667,0.899926833,0.10007324,0,230.9392333,4.99918,157.7192,422.4261667,35.3393,39.2143,37.37053333,38.64146667,38.6664,40.50866667,4.501666667,0,37.4000001,0,230.8878846,-13.79894012,-35.80529918,157.6047308,15,1745906336,8:58:56,1745906336,1745906329,1,-0.167,0.016,-0.466,-0.059,420,6,2.09,0.77,-0.415419441,1.09418964,0.165039687,0,231.4662647,-12.10800609,1.326630568,0,0.329982756,-0.118551387,0.012399122,0,0,3,0/3,3.22077,2.6683,0.102248,0.103289,0.0714546,0.0710789,26653.9,24429,28197,24958.6,33565.1,24501.7,40165,27750.4,1.9482,1.5972,0.0952482,0,25.1927,999.9,32,27.1,11.4124,29.5999,18.8101,1,0.0920732,0,20.2822,5.22568,11.9021,4.9604,3.2914,9999,9999,9999,999.9,4.97247,1.8544,1.85635,1.85654,1.85623,1.85593,1.85092,1.85303,0,0,0,0,11111111,oooooooo,on,on,on,on,0,100,100,-0.467,0.0358,-1.3651146,0.00151024,1.49E-06,5.40E-12,-0.050416491,-0.011177753,0.001682567,-2.18E-05,3,2244,0,20,11.3,11.4,1.01562,2.5,1.59424,2.13135,1.50269,2.47925,33.513,24.0787,18,611.953,422.376,27.7343,28.7704,29.9999,28.8453,28.8847,20.4099,-30,-30,-999.9,420,0,100.401,74.8321
225,1745910293,3791.9,20250429 10:04:53,10:04:53,15,C,2,21%,5560.47,1745910285,0.002255092,2.255091625,8.01591433,416.9813871,226.7843772,22.91361785,42.13055712,0.074846102,2.000019924,0.073324159,0.045961762,321.4999409,31.99825296,30.19860323,4.309293574,29.97971194,1.287962253,4.296112837,3.021331321,-99.44954067,-5.75785896,-0.641216607,215.6513247,15.70785714,0.031713795,42.97446112,37.78810862,5.186352501,0.648294063,5.199156144,32.62518432,0.782818762,,,0,0,1,0,24910,RECT-12807-20250324-17_57_43,10114.7,315.2007692,539.79,0.416067787,-0.222077465,MPF-15053-20250429-10_04_50,10137.7,198.76104,224.8665593,0.116093382,0.5,1681.143309,8.01591433,97.5848061,0.004900232,1.400490324,173.3976554,DARK-15054-20250429-10_04_57,141.24,141.24,0.371894156,0.312167803,0.790172979,-0.288988185,1.402219686,0.221827077,0.778172923,15053,290,222.31,95,10137.7,222.34,-0.03,300,23.9,224.8665593,4.046321373,-2.561627505,3.665464594,0.017143752,-0.006710364,290,223.64,845,10120,222.34,1.3,None,None,None,None,None,None,None,None,None,None,None,None,None,2000,1681.143309,0.8405985,0.160755104,2,0.5,0: Broadleaf,2,1745910285,416.9813871,419.9667419,12.74742903,12.00532903,417.2232258,12.72210968,600.012129,100.9756452,0.061375723,30.14520323,30.19860323,999.9,0,0,5000.967742,0,254.7643548,-2.985350645,422.3654839,425.0699677,0.742104548,419.9667419,12.00532903,1.287179032,1.212245161,10.64991935,9.752682581,1999.936129,0.979999548,0.020000387,0,198.8782258,4.99918,4264.30871,19219.22258,36.95951613,39.187,37.687,38,39.3363871,1955.03871,39.89870968,0,1465.8,0,198.76104,-9.991461524,-206.1815385,4261.7564,15,1745910077,10:01:16,1745910077,1745910065,4,0.043,0.002,-0.233,-0.025,420,10,2.19,0.35,-2.992802439,0.085379791,0.108920802,1,199.8112647,-14.29657754,1.530042797,0,0.74390561,-0.041637512,0.006984001,1,2,3,02-Mar,3.22171,2.66923,0.101515,0.103084,0.071477,0.0691757,26639,24409.8,28160.8,24935.9,33530.2,24534.5,40125.2,27730.4,1.9428,1.5252,0.222564,0,26.6723,999.9,20.9,34.8,11.5621,29.9418,20.4567,1,0.139959,0,20.2589,5.22807,11.9021,4.9604,3.292,9999,9999,9999,999.9,4.97256,1.85486,1.85687,1.85712,1.85666,1.85638,1.8515,1.85349,0,0,0,0,11111111,oooooooo,on,on,on,on,0,100,100,-0.242,0.027,-1.131389108,0.00151024,1.49E-06,5.40E-12,-0.060005978,-0.011177753,0.001682567,-2.18E-05,3,2244,0,20,3.6,3.8,1.03027,2.56348,1.59424,2.11914,1.50269,2.41577,39.4166,24.0262,18,615.883,387.769,29.0577,29.4911,30.0003,29.6173,29.7037,20.7044,-30,-30,-999.9,420,0,100.29,74.7714
226,1745910333,3831.4,20250429 10:05:32,10:05:32,15,C,2,21%,5560.47,1745910325,0.002106534,2.106534025,7.713467101,417.1269333,223.519717,22.58317372,42.14415679,0.070482688,1.9993053,0.069130826,0.043326066,289.5632268,31.90423789,30.20578667,4.311069351,30.47623266,1.318145914,4.325160295,2.992923436,-92.8981505,6.13413241,0.68378562,203.4829944,15.70785714,0.031713795,49.18866921,39.05298537,10.13568384,1.26696048,5.933312696,32.62518432,0.782818762,,,0,0,1,0,26022,RECT-12807-20250324-17_57_43,10114.7,315.2007692,539.79,0.416067787,-0.222077465,MPF-15055-20250429-10_05_30,10127.1,192.9222308,224.0744238,0.139026099,0.5,1513.167621,7.713467101,105.1848958,0.005244326,1.408976405,172.9262587,DARK-15056-20250429-10_05_37,136.17,136.17,0.392300122,0.354387091,0.78220994,-0.341857154,1.405746727,0.250136493,0.749863507,15055,290,220.35,285,10127.1,218.55,1.8,300,23.9,224.0744238,2.642521635,-5.599604295,2.386365086,0.164330262,-0.006876263,290,219.56,615,10125.2,218.54,1.02,None,None,None,None,None,None,None,None,None,None,None,None,None,1800,1513.167621,0.840658174,0.160870277,2,0.5,0: Broadleaf,2,1745910325,417.1269333,419.9908333,13.04651,12.35353,417.3683,13.01495333,600.0320667,100.9734333,0.060936353,30.26269667,30.20578667,999.9,0,0,4998.166667,0,258.8809333,-2.86388,422.6408333,425.2440667,0.692976533,419.9908333,12.35353,1.31735,1.247378667,10.99823667,10.17929333,1799.979667,0.9780005,0.02199948,0,192.877,4.99918,3750.654,17281.69667,37.17666667,39.2269,37.75,38,39.51033333,1755.489667,39.49,0,37.19999981,0,192.9222308,-14.17859829,-242.3511113,3750.872692,15,1745910077,10:01:16,1745910077,1745910065,4,0.043,0.002,-0.233,-0.025,420,10,2.19,0.35,-2.850317805,-0.263138467,0.096876351,1,194.3366176,-24.8437433,2.741700288,0,0.695462488,-0.051450794,0.007457088,1,2,3,02-Mar,3.22065,2.66964,0.101553,0.103085,0.0726192,0.0706771,26637.5,24409.1,28160.4,24935.2,33487.8,24494.8,40124.1,27730.4,1.9412,1.5262,0.214279,0,26.7469,999.9,21.4,34.9,11.9036,29.8818,20.5088,1,0.141301,0,20.2606,5.22807,11.9021,4.9608,3.292,9999,9999,9999,999.9,4.97259,1.85486,1.85687,1.85705,1.85654,1.85638,1.8515,1.85349,0,0,0,0,11111111,oooooooo,on,on,on,on,0,100,100,-0.241,0.0327,-1.131389108,0.00151024,1.49E-06,5.40E-12,-0.060005978,-0.011177753,0.001682567,-2.18E-05,3,2244,0,20,4.3,4.5,1.03027,2.5647,1.59424,2.11914,1.50269,2.41455,39.4416,24.035,18,614.898,388.419,29.0884,29.5063,30.0004,29.6351,29.7213,20.7072,-30,-30,-999.9,420,0,100.287,74.7704
227,1745910372,3870.9,20250429 10:06:12,10:06:12,15,C,2,21%,5560.47,1745910364,0.001916783,1.916783347,7.308578152,417.3060667,220.2812423,22.25571129,42.16175304,0.06531162,2.00006657,0.064149516,0.040196135,257.6678249,31.7357384,30.07863333,4.27973058,31.04414458,1.344897935,4.332211286,2.934832645,-84.5301456,22.91120609,2.551745459,198.6006308,15.70785714,0.031713795,49.30738972,38.01285501,11.29453471,1.411816838,5.863407012,32.62518432,0.782818762,,,0,0,1,0,25609,RECT-12807-20250324-17_57_43,10114.7,315.2007692,539.79,0.416067787,-0.222077465,MPF-15057-20250429-10_06_09,10128.4,188.7195385,222.7387689,0.152731519,0.5,1345.190211,7.308578152,102.7264718,0.005598209,1.423421853,172.1296906,DARK-15058-20250429-10_06_16,139,139,0.375950578,0.406254246,0.791065723,-0.367926611,1.411693829,0.299223603,0.700776397,15057,290,219.85,285,10128.4,217.85,2,300,23.9,222.7387689,2.93992205,-4.954539976,2.646957103,0.111212311,-0.007044435,290,219.88,835,10120.9,217.84,2.04,None,None,None,None,None,None,None,None,None,None,None,None,None,1600,1345.190211,0.840747735,0.161043129,2,0.5,0: Broadleaf,2,1745910364,417.3060667,420.0090333,13.31145,12.68099333,417.5469333,13.27425,599.9677,100.9721,0.06106583,30.29111333,30.07863333,999.9,0,0,5001.333333,0,126.03566,-2.703013333,422.936,425.4035667,0.6304643,420.0090333,12.68099333,1.344085667,1.280425667,11.30106667,10.57100333,1599.992667,0.9749979,0.02500213,0,188.6948,4.99918,3200.894,15341.35667,37.25,39.2624,37.8309,38.04753333,39.625,1555.113667,39.879,0,37.19999981,0,188.7195385,-10.10023931,-368.1422224,3201.125385,15,1745910077,10:01:16,1745910077,1745910065,4,0.043,0.002,-0.233,-0.025,420,10,2.19,0.35,-2.67298025,-0.265633734,0.143941649,1,189.9095294,-20.03804429,2.257971855,0,0.632406525,-0.033374983,0.00543662,1,2,3,02-Mar,3.22138,2.66961,0.101586,0.10311,0.0736878,0.0719824,26636.2,24408.7,28160.1,24935.6,33449,24460.5,40123.9,27730.5,1.9412,1.5252,0.203133,0,26.7786,999.9,21.8,34.9,12.1256,29.8918,20.4327,1,0.141707,0,20.2621,5.22807,11.9021,4.9608,3.292,9999,9999,9999,999.9,4.97263,1.85486,1.8569,1.85715,1.85663,1.85638,1.8515,1.85349,0,0,0,0,11111111,oooooooo,on,on,on,on,0,100,100,-0.241,0.0382,-1.131389108,0.00151024,1.49E-06,5.40E-12,-0.060005978,-0.011177753,0.001682567,-2.18E-05,3,2244,0,20,4.9,5.1,1.03027,2.5647,1.59424,2.11914,1.50269,2.40845,39.4916,24.0262,18,615.05,387.991,29.1207,29.5221,30.0001,29.6503,29.739,20.711,-30,-30,-999.9,420,0,100.287,74.7711
228,1745910412,3910.4,20250429 10:06:51,10:06:51,15,C,2,21%,5560.47,1745910404,0.00176529,1.765290361,6.824949707,417.4747667,222.522971,22.48265325,42.17964725,0.061536931,1.998455105,0.060503309,0.037905989,225.7844974,31.47963681,29.86974,4.228676707,31.53167822,1.362361354,4.320611623,2.866315353,-77.84930493,40.36002971,4.493053533,192.7882757,15.70785714,0.031713795,58.09258431,39.65157735,18.44100696,2.305125869,7.012440302,32.62518432,0.782818762,,,0,0,1,0,25968,RECT-12807-20250324-17_57_43,10114.7,315.2007692,539.79,0.416067787,-0.222077465,MPF-15059-20250429-10_06_49,10136.1,185.4145,230.2319061,0.194662012,0.5,1177.223601,6.824949707,114.5803575,0.005986142,1.344549064,176.5706486,DARK-15060-20250429-10_06_56,141.7,141.7,0.384533611,0.506228862,0.777608314,-0.527456818,1.378330087,0.386877131,0.613122869,15059,290,220.62,165,10136.1,220.31,0.31,300,23.9,230.2319061,2.873715385,-10.05274859,2.579721826,0.351631494,-0.007211895,290,220.86,885,10122.1,220.3,0.56,None,None,None,None,None,None,None,None,None,None,None,None,None,1400,1177.223601,0.840866993,0.161273297,2,0.5,0: Broadleaf,2,1745910404,417.4747667,419.9954667,13.48402667,12.90351667,417.7150667,13.44308333,599.9852333,100.9742,0.061001693,30.24434333,29.86974,999.9,0,0,4994.666667,0,78.55785667,-2.520671667,423.1810333,425.4856667,0.5805046,419.9954667,12.90351667,1.361536,1.302921333,11.4959,10.83257,1400.011667,0.970994667,0.029005143,0,185.4256,4.99918,2741.740333,13400.45,37.187,39.2185,37.875,38,39.6498,1354.551667,40.46,0,37.19999981,0,185.4145,-8.963179487,-119.1131625,2742,15,1745910077,10:01:16,1745910077,1745910065,4,0.043,0.002,-0.233,-0.025,420,10,2.19,0.35,-2.50814175,-0.343381576,0.104487113,1,186.8895,-22.30400305,2.501794124,0,0.58560415,-0.086496901,0.008971313,1,2,3,02-Mar,3.22132,2.66924,0.101606,0.103111,0.0743258,0.0729365,26634.9,24408.6,28159.4,24935.5,33424.3,24435.4,40122.1,27730.6,1.9418,1.524,0.192076,0,26.7338,999.9,22.1,35,12.3619,29.9818,20.4688,1,0.142236,0,20.2642,5.22927,11.9021,4.962,3.292,9999,9999,9999,999.9,4.97256,1.85495,1.8569,1.85715,1.8566,1.85638,1.8515,1.85349,0,0,0,0,11111111,oooooooo,on,on,on,on,0,100,100,-0.24,0.0416,-1.131389108,0.00151024,1.49E-06,5.40E-12,-0.060005978,-0.011177753,0.001682567,-2.18E-05,3,2244,0,20,5.6,5.8,1.03027,2.56348,1.59424,2.11914,1.50269,2.48535,39.5416,24.035,18,615.565,387.375,29.1424,29.5292,30.0001,29.6579,29.744,20.7086,-30,-30,-999.9,420,0,100.283,74.7711
229,1745910451,3949.9,20250429 10:07:31,10:07:31,15,C,2,21%,5560.47,1745910443,0.001564136,1.564136008,6.129076384,417.7457,224.7638995,22.70920235,42.20727463,0.055709795,1.999569073,0.054861669,0.034363668,193.8033054,31.22299674,29.66105333,4.178204183,31.98172927,1.376806545,4.304978426,2.801397638,-68.97839794,56.06538268,6.229575618,187.1198657,15.70785714,0.031713795,54.57169143,36.6222842,17.94940723,2.243675903,6.538883318,32.62518432,0.782818762,,,0,0,1,0,24853,RECT-12807-20250324-17_57_43,10114.7,315.2007692,539.79,0.416067787,-0.222077465,MPF-15061-20250429-10_07_28,10133,182.7936538,231.4716956,0.210298031,0.5,1009.179021,6.129076384,106.1141804,0.006293387,1.331991385,177.2989468,DARK-15062-20250429-10_07_35,144.39,144.39,0.376208829,0.55899281,0.779763036,-0.581375616,1.372809833,0.441552374,0.558447626,15061,290,224.31,235,10133,222.8,1.51,300,23.9,231.4716956,2.182914129,-8.788893343,1.953535307,0.41957743,-0.007379053,290,223.67,825,10123.5,222.79,0.88,None,None,None,None,None,None,None,None,None,None,None,None,None,1200,1009.179021,0.840986255,0.161503472,2,0.5,0: Broadleaf,2,1745910443,417.7457,420.0066,13.62691667,13.11262667,417.9855,13.58284667,599.9812,100.9749333,0.060875357,30.18113667,29.66105333,999.9,0,0,4999.166667,0,93.29678333,-2.260857333,423.5170333,425.5872,0.514297033,420.0066,13.11262667,1.375976667,1.324046,11.65542667,11.07459333,1199.994667,0.966989333,0.033010467,0,182.7721333,4.99918,2332.527333,11464.18667,37.03513333,39.1187,37.812,37.937,39.5641,1155.544667,39.45,0,37.20000005,0,182.7936538,-8.857743585,-101.6454701,2332.585,15,1745910077,10:01:16,1745910077,1745910065,4,0.043,0.002,-0.233,-0.025,420,10,2.19,0.35,-2.263845854,0.347204948,0.126197749,1,184.0009412,-20.44134455,2.275906076,0,0.519710463,-0.108325108,0.011629293,0,1,3,01-Mar,3.22179,2.66882,0.101644,0.103126,0.0748996,0.0738054,26634.4,24408.7,28160,24936,33405,24411.9,40123.9,27730,1.9418,1.5238,0.183672,0,26.6745,999.9,22.4,35,12.5301,30.1418,20.3726,1,0.140854,0,20.2655,5.22807,11.9033,4.9612,3.292,9999,9999,9999,999.9,4.97263,1.85486,1.85696,1.85715,1.85666,1.85638,1.8515,1.85349,0,0,0,0,11111111,oooooooo,on,on,on,on,0,100,100,-0.24,0.0446,-1.131389108,0.00151024,1.49E-06,5.40E-12,-0.060005978,-0.011177753,0.001682567,-2.18E-05,3,2244,0,20,6.2,6.4,1.03027,2.56104,1.59424,2.11914,1.50269,2.38281,39.5666,24.0437,18,615.514,387.22,29.1507,29.5211,29.9999,29.6528,29.7365,20.7091,-30,-30,-999.9,420,0,100.286,74.7711
230,1745910491,3989.4,20250429 10:08:10,10:08:10,15,C,2,21%,5560.47,1745910483,0.001353983,1.353982659,5.497653844,417.9315667,223.055837,22.53601605,42.22490933,0.049270304,2.001497529,0.048606286,0.030437842,161.9070085,30.9453742,29.44906,4.127470377,32.4501191,1.389927439,4.283273767,2.737542938,-59.71063528,69.48957017,7.70228046,179.3882238,15.70785714,0.031713795,59.91693148,36.72023744,23.19669404,2.899586755,7.265110198,32.62518432,0.782818762,,,0,0,1,0,25449,RECT-12807-20250324-17_57_43,10114.7,315.2007692,539.79,0.416067787,-0.222077465,MPF-15063-20250429-10_08_08,10136.4,180.1158077,245.7259832,0.267005445,0.5,841.2054133,5.497653844,112.3032128,0.006799447,1.196715191,185.5431288,DARK-15064-20250429-10_08_15,148.07,148.07,0.397418221,0.671850033,0.750699522,-0.944373911,1.309341574,0.552315955,0.447684045,15063,290,229.43,215,10136.4,230.31,-0.88,300,23.9,245.7259832,2.954231694,-15.62560963,2.636053041,0.556520502,-0.007547104,290,229.72,745,10127.3,230.3,-0.58,None,None,None,None,None,None,None,None,None,None,None,None,None,1000,841.2054133,0.841194225,0.161904855,2,0.5,0: Broadleaf,2,1745910483,417.9315667,419.9527333,13.75715333,13.31203667,418.1706333,13.71020333,600.0025667,100.9720333,0.061036897,30.09305,29.44906,999.9,0,0,5007.166667,0,235.3400333,-2.021195333,423.7613,425.6185333,0.445112567,419.9527333,13.31203667,1.389087667,1.344143667,11.79902333,11.30172333,1000.0133,0.9599922,0.04000797,0,180.1065,4.99918,2014.714,9523.998,36.81636667,39,37.7269,37.8309,39.4475,955.205,39.808,0,37.19999981,0,180.1158077,-8.324683769,105.0502564,2014.881538,15,1745910077,10:01:16,1745910077,1745910065,4,0.043,0.002,-0.233,-0.025,420,10,2.19,0.35,-2.020541,0.29807257,0.143268865,1,181.5979706,-21.77801374,2.464085685,0,0.45220165,-0.137592563,0.013819473,0,1,3,01-Mar,3.22127,2.6695,0.101714,0.103124,0.0754655,0.0746916,26634.2,24410.1,28161.9,24937.3,33386.5,24389.8,40126.3,27731.4,1.9422,1.5244,0.173151,0,26.6231,999.9,22.7,35.1,12.7685,29.6618,20.3966,1,0.138984,0,20.2678,5.22568,11.9021,4.9612,3.292,9999,9999,9999,999.9,4.97263,1.85486,1.85693,1.85715,1.8566,1.85638,1.8515,1.85349,0,0,0,0,11111111,oooooooo,on,on,on,on,0,100,100,-0.238,0.0477,-1.131389108,0.00151024,1.49E-06,5.40E-12,-0.060005978,-0.011177753,0.001682567,-2.18E-05,3,2244,0,20,6.9,7.1,1.03149,2.56104,1.59424,2.11792,1.50269,2.50366,39.5917,24.0437,18,615.65,387.433,29.1512,29.5013,29.9999,29.6376,29.7188,20.7181,-30,-30,-999.9,420,0,100.293,74.7748
231,1745910530,4028.9,20250429 10:08:50,10:08:50,15,C,2,21%,5560.47,1745910522,0.001147935,1.147934802,4.900825264,418.2009333,218.977337,22.12416998,42.25253928,0.042726171,1.999381071,0.042225341,0.026435347,129.9810945,30.69177612,29.24828333,4.079916937,32.98814769,1.407807281,4.26761543,2.672109656,-50.62392479,84.1819687,9.3284423,172.8675807,15.70785714,0.031713795,57.03485984,34.16800402,22.86685582,2.858356978,6.847951608,32.62518432,0.782818762,,,0,0,1,0,25339,RECT-12807-20250324-17_57_43,10114.7,315.2007692,539.79,0.416067787,-0.222077465,MPF-15065-20250429-10_08_47,10137.7,178.9294615,259.951406,0.311681117,0.5,673.1880108,4.900825264,104.9099954,0.007609914,1.076503483,193.5403351,DARK-15066-20250429-10_08_54,137.65,137.65,0.470477955,0.662477621,0.695873561,-1.466477436,1.246001836,0.509642424,0.490357576,15065,290,243.39,235,10137.7,242.72,0.67,300,23.9,259.951406,3.053998163,-17.46470955,2.716971189,0.596071931,-0.007715406,290,241.93,665,10131.8,242.71,-0.78,None,None,None,None,None,None,None,None,None,None,None,None,None,800,673.1880108,0.841490939,0.162477512,2,0.5,0: Broadleaf,2,1745910522,418.2009333,419.9945333,13.93398667,13.55668,418.4394,13.88309,600.0103333,100.9729333,0.061129263,30.02926,29.24828333,999.9,0,0,4998.5,0,239.9230667,-1.793491667,424.1104667,425.7665333,0.3773039,419.9945333,13.55668,1.406954333,1.368857,11.99279333,11.57695,799.9943667,0.9499873,0.050012627,0,178.9165333,4.99918,1631.499333,7584.708333,36.5414,38.937,37.625,37.7416,39.2748,755.2353333,39.758,0,37.19999981,0,178.9294615,-9.606290626,-247.5179489,1631.793846,15,1745910077,10:01:16,1745910077,1745910065,4,0.043,0.002,-0.233,-0.025,420,10,2.19,0.35,-1.81251878,0.038717352,0.102562236,1,179.9987059,-19.50973265,2.20119479,0,0.381185829,-0.083748523,0.009775678,1,2,3,02-Mar,3.22089,2.66954,0.10176,0.103119,0.0762223,0.0757061,26634.7,24411.4,28163.8,24938.3,33361.7,24364.5,40129.5,27733.2,1.9424,1.5252,0.161082,0,26.6136,999.9,23,35.1,12.9362,29.8218,20.4848,1,0.136423,0,20.2694,5.22687,11.9021,4.96,3.292,9999,9999,9999,999.9,4.97263,1.85489,1.8569,1.85715,1.85663,1.85638,1.8515,1.85349,0,0,0,0,11111111,oooooooo,on,on,on,on,0,100,100,-0.239,0.0518,-1.131389108,0.00151024,1.49E-06,5.40E-12,-0.060005978,-0.011177753,0.001682567,-2.18E-05,3,2244,0,20,7.6,7.8,1.03027,2.56226,1.59424,2.11792,1.50269,2.52441,39.6167,24.0437,18,615.618,387.785,29.1527,29.4784,29.9997,29.6199,29.7062,20.715,-30,-30,-999.9,420,0,100.3,74.7788
232,1745910570,4068.4,20250429 10:09:29,10:09:29,15,C,2,21%,5560.47,1745910562,0.001007377,1.00737679,4.298306113,418.4324667,223.7842936,22.60996834,42.27617886,0.038336789,2.001395108,0.037933454,0.023744293,98.07114747,30.39725037,29.05703333,4.035064788,33.5306367,1.424438395,4.248169839,2.610626393,-44.42531642,96.32414516,10.6489121,160.6188883,15.70785714,0.031713795,53.11175057,31.25358319,21.85816738,2.732270922,6.291278492,32.62518432,0.782818762,,,0,0,1,0,24871,RECT-12807-20250324-17_57_43,10114.7,315.2007692,539.79,0.416067787,-0.222077465,MPF-15067-20250429-10_09_27,10144.8,181.1789615,291.9072902,0.379327041,0.5,505.2096531,4.298306113,95.8198414,0.00894754,0.849183005,210.7146725,DARK-15068-20250429-10_09_34,147.81,147.81,0.493640601,0.768427557,0.632386116,-4.753619167,1.103715922,0.626901028,0.373098972,15067,290,270.62,155,10144.8,270.38,0.24,300,23.9,291.9072902,2.770160412,-21.83549079,2.457200428,0.738236631,-0.007884061,290,268.61,625,10136.2,270.37,-1.76,None,None,None,None,None,None,None,None,None,None,None,None,None,600,505.2096531,0.841993542,0.163447536,2,0.5,0: Broadleaf,2,1745910562,418.4324667,420.0057667,14.09851333,13.76745,418.6701333,14.04389667,599.9905,100.9737,0.06095248,29.94975667,29.05703333,999.9,0,0,5006.666667,0,261.7948333,-1.573339667,424.4159333,425.8687667,0.3310559,420.0057667,13.76745,1.423578,1.390151,12.17112,11.81059667,600.0160667,0.932992267,0.067007533,0,181.1531333,4.99918,1282.250333,5645.321667,36.24973333,38.937,37.4958,37.687,39.083,555.1463333,39.872,0,37.19999981,0,181.1789615,-11.30793162,-214.5005128,1281.99,15,1745910077,10:01:16,1745910077,1745910065,4,0.043,0.002,-0.233,-0.025,420,10,2.19,0.35,-1.55824975,-0.322061876,0.135072664,1,182.2761765,-20.48806724,2.228498551,0,0.33553445,-0.099932803,0.010865841,1,2,3,02-Mar,3.22153,2.66899,0.10182,0.103149,0.0768677,0.076614,26634.7,24412.3,28165.6,24940,33339.8,24342.2,40131.3,27735.2,1.942,1.5248,0.14618,0,26.6357,999.9,23.3,35.1,13.1049,29.5518,20.4487,1,0.134715,0,20.2716,5.22807,11.9033,4.9604,3.292,9999,9999,9999,999.9,4.97263,1.85486,1.85693,1.85715,1.85666,1.85638,1.8515,1.85349,0,0,0,0,11111111,oooooooo,on,on,on,on,0,100,100,-0.238,0.0554,-1.131389108,0.00151024,1.49E-06,5.40E-12,-0.060005978,-0.011177753,0.001682567,-2.18E-05,3,2244,0,20,8.2,8.4,1.03149,2.56592,1.59424,2.11792,1.50269,2.40479,39.6669,24.0437,18,615.172,387.506,29.1559,29.4582,29.9999,29.6047,29.6962,20.7163,-30,-30,-999.9,420,0,100.306,74.784
233,1745910609,4107.9,20250429 10:10:09,10:10:09,15,C,2,21%,5560.47,1745910601,0.000924063,0.924063381,3.786771711,418.6393,234.1879089,23.6608865,42.29670526,0.035765731,2.000279655,0.03541422,0.022165182,82.09363954,30.20499717,28.91722,4.002548242,34.00720958,1.437244057,4.226292233,2.565304184,-40.75119512,101.660976,11.23238435,154.2358048,15.70785714,0.031713795,50.14006271,28.89892883,21.24113388,2.655141735,5.94434097,32.62518432,0.782818762,,,0,0,1,0,25293,RECT-12807-20250324-17_57_43,10114.7,315.2007692,539.79,0.416067787,-0.222077465,MPF-15069-20250429-10_10_06,10145.7,186.2426923,324.1880249,0.425510266,0.5,421.19056,3.786771711,89.61045353,0.009517899,0.665052249,227.0333896,DARK-15070-20250429-10_10_13,147.91,147.91,0.543752426,0.782544124,0.550173459,15.3489939,0.959983586,0.621479962,0.378520038,15069,290,299.46,165,10145.7,297.16,2.3,300,23.9,324.1880249,2.810974393,-27.42363772,2.489769021,0.812483119,-0.007968806,290,294.04,685,10135.7,297.13,-3.09,None,None,None,None,None,None,None,None,None,None,None,None,None,500,421.19056,0.842376346,0.164186349,2,0.5,0: Broadleaf,2,1745910601,418.6393,420.0304333,14.22538333,13.92176,418.8765667,14.16789,600.0317667,100.9728,0.06096645,29.85993,28.91722,999.9,0,0,5002.166667,0,147.2956667,-1.391079333,424.6805,425.9605333,0.303609033,420.0304333,13.92176,1.436377667,1.405721333,12.30721333,11.97947333,500.0028333,0.9199873,0.080012653,0,186.2303667,4.99918,1046.064333,4676.387,35.97263333,38.8519,37.3477,37.6145,38.86656667,455.3976667,39.606,0,37.19999981,0,186.2426923,-18.2877265,-91.58324769,1045.682692,15,1745910077,10:01:16,1745910077,1745910065,4,0.043,0.002,-0.233,-0.025,420,10,2.19,0.35,-1.36812175,-0.317860075,0.115656448,1,188.1992941,-33.29989303,3.532221768,0,0.308456475,-0.106486143,0.011664333,0,1,3,01-Mar,3.22141,2.6693,0.101842,0.103153,0.0772918,0.0771957,26635.9,24413.2,28167.5,24940.9,33326,24327.2,40133.2,27735.6,1.9428,1.5242,0.139058,0,26.6316,999.9,23.5,35.2,13.2929,29.9518,20.3966,1,0.132947,0,20.2725,5.22927,11.9021,4.9616,3.292,9999,9999,9999,999.9,4.97256,1.85492,1.85693,1.85715,1.85669,1.85638,1.8515,1.85349,0,0,0,0,11111111,oooooooo,on,on,on,on,0,100,100,-0.237,0.0578,-1.131389108,0.00151024,1.49E-06,5.40E-12,-0.060005978,-0.011177753,0.001682567,-2.18E-05,3,2244,0,20,8.9,9.1,1.03027,2.56104,1.59424,2.11792,1.50269,2.49756,39.692,24.0437,18,615.627,387.104,29.1545,29.4404,29.9999,29.5915,29.6836,20.7124,-30,-30,-999.9,420,0,100.311,74.7859
234,1745910649,4147.4,20250429 10:10:48,10:10:48,15,C,2,21%,5560.65,1745910641,0.000818013,0.818013163,3.336824065,418.7823,238.2394081,24.07080872,42.31217966,0.032197646,1.998921958,0.031912278,0.019970602,66.13111656,29.99766185,28.76075667,3.966430537,34.43620924,1.445918872,4.198832868,2.520511665,-36.07438049,106.2413526,11.73072682,148.0288155,15.70785714,0.031713795,45.18111119,26.0460846,19.13502659,2.391878324,5.304498577,32.62518432,0.782818762,,,0,0,1,0,25717,RECT-12807-20250324-17_57_43,10114.7,315.2007692,539.79,0.416067787,-0.222077465,MPF-15071-20250429-10_10_46,10147.6,194.2314231,370.1587336,0.47527532,0.5,337.2047775,3.336824065,80.13255423,0.010554125,0.458266282,248.6601873,DARK-15072-20250429-10_10_53,149.2,149.2,0.596929678,0.79619985,0.434294955,3.201124944,0.755295638,0.611605556,0.388394444,15071,290,340.28,165,10147.6,338.78,1.5,300,23.9,370.1587336,2.99764089,-31.84123541,2.651311851,0.837427509,-0.008053816,290,335.01,645,10139.1,338.75,-3.74,None,None,None,None,None,None,None,None,None,None,None,None,None,400,337.2047775,0.842962771,0.165318148,2,0.5,0: Broadleaf,2,1745910641,418.7823,420.0088,14.31089667,14.04212,419.0190667,14.25144333,599.9826333,100.9755667,0.060651107,29.74661,28.76075667,999.9,0,0,4996.5,0,76.12207333,-1.2264457,424.8624333,425.9905667,0.2687737,420.0088,14.04212,1.445050333,1.417911,12.3988,12.11053333,400.0233333,0.8999948,0.10000517,0,194.1978,4.99918,842.5335667,3707.276667,35.66853333,38.67883333,37.156,37.5,38.656,355.519,39.506,0,37.19999981,0,194.2314231,-17.10813676,-79.45018809,842.651,15,1745910077,10:01:16,1745910077,1745910065,4,0.043,0.002,-0.233,-0.025,420,10,2.19,0.35,-1.249397275,0.213594923,0.117281104,1,196.1195294,-29.48501143,3.073890897,0,0.274075725,-0.081907238,0.009905473,1,2,3,02-Mar,3.22161,2.66927,0.101885,0.103136,0.0776451,0.0776822,26636.5,24414.3,28169.4,24941.5,33315.4,24315.8,40135.8,27737.2,1.9434,1.5242,0.130534,0,26.5735,999.9,23.7,35.3,13.4799,30.0118,20.5008,1,0.131098,0,20.2737,5.22927,11.9021,4.962,3.292,9999,9999,9999,999.9,4.97259,1.85486,1.85687,1.85715,1.85666,1.85638,1.8515,1.85355,0,0,0,0,11111111,oooooooo,on,on,on,on,0,100,100,-0.237,0.0598,-1.131389108,0.00151024,1.49E-06,5.40E-12,-0.060005978,-0.011177753,0.001682567,-2.18E-05,3,2244,0,20,9.5,9.7,1.03149,2.5647,1.59424,2.11792,1.50269,2.41089,39.7422,24.0437,18,615.859,386.968,29.1438,29.4152,29.9999,29.5718,29.6615,20.7152,-30,-30,-999.9,420,0,100.318,74.7891
235,1745910688,4186.9,20250429 10:11:28,10:11:28,15,C,2,21%,5560.56,1745910680,0.000727076,0.727076123,2.676518091,419.0010667,257.7935312,26.04547582,42.33264543,0.029208006,2.000632045,0.028973163,0.018129169,49.5910392,29.75962581,28.55861,3.920188412,34.85250098,1.452211137,4.166734371,2.467977274,-32.06405704,113.7593496,12.52922081,143.8155526,15.70785714,0.031713795,37.84057135,21.83842206,16.00214929,2.000268661,4.400590105,32.62518432,0.782818762,,,0,0,1,0,25195,RECT-12807-20250324-17_57_43,10114.7,315.2007692,539.79,0.416067787,-0.222077465,MPF-15073-20250429-10_11_25,10139.8,206.3897692,436.3810956,0.527042369,0.5,252.8997007,2.676518091,66.64442867,0.011461443,0.236969258,276.886835,DARK-15074-20250429-10_11_32,166.05,166.05,0.619483975,0.850776437,0.276686746,1.897926283,0.460435721,0.684488519,0.315511481,15073,290,401.94,165,10139.8,399.3,2.64,300,23.9,436.3810956,2.679248103,-37.59912748,2.364067616,0.900338358,-0.008130905,290,395.73,655,10131.1,399.27,-3.54,None,None,None,None,None,None,None,None,None,None,None,None,None,300,252.8997007,0.842950205,0.165293895,2,0.5,0: Broadleaf,2,1745910680,419.0010667,419.9947667,14.37373,14.13486,419.2373333,14.31282667,600.0128333,100.9715,0.060809453,29.61332333,28.55861,999.9,0,0,5003.666667,0,71.90244,-0.993615867,425.1116333,426.0164333,0.238867667,419.9947667,14.13486,1.451336667,1.427217333,12.46488333,12.20993667,300.0173667,0.900001533,0.09999848,0,206.4221,4.99918,680.6416667,2768.733333,35.37056667,38.47896667,36.9371,37.3435,38.39563333,265.5166667,29.504,0,37.19999981,0,206.3897692,-15.72246152,-43.91859836,680.6511923,15,1745910077,10:01:16,1745910077,1745910065,4,0.043,0.002,-0.233,-0.025,420,10,2.19,0.35,-0.973472098,-0.377256794,0.115656491,1,206.9451176,-14.54682964,1.523773967,0,0.241600537,-0.054513847,0.007427849,1,2,3,02-Mar,3.22122,2.66875,0.101909,0.103149,0.0778998,0.078017,26637.6,24414.9,28171.2,24942.3,33308.5,24307.1,40138.6,27737.4,1.9428,1.5234,0.126153,0,26.4632,999.9,23.8,35.3,13.5368,29.9918,20.5489,1,0.128659,0,20.2743,5.22927,11.9021,4.9612,3.292,9999,9999,9999,999.9,4.97259,1.85489,1.85687,1.85715,1.85663,1.85638,1.8515,1.85352,0,0,0,0,11111111,oooooooo,on,on,on,on,0,100,100,-0.237,0.0612,-1.131389108,0.00151024,1.49E-06,5.40E-12,-0.060005978,-0.011177753,0.001682567,-2.18E-05,3,2244,0,20,10.2,10.4,1.03027,2.56348,1.59424,2.1167,1.50269,2.51953,39.7422,24.0525,18,615.115,386.343,29.1148,29.3823,29.9999,29.5415,29.6308,20.7169,-30,-30,-999.9,420,0,100.325,74.7904
236,1745910728,4226.4,20250429 10:12:07,10:12:07,15,C,2,21%,5560.47,1745910720,0.000654977,0.654976635,1.861690672,419.2903,293.4093005,29.64450984,42.36285422,0.026799303,1.998083443,0.026601204,0.016643429,33.05344484,29.51943729,28.37442667,3.878465594,35.21480136,1.456461819,4.135936487,2.422003775,-28.88446962,119.5879022,13.16748975,136.9243672,15.70785714,0.031713795,27.99169369,16.38258972,11.60910397,1.451137996,3.202504963,32.62518432,0.782818762,,,0,0,1,0,26213,RECT-12807-20250324-17_57_43,10114.7,315.2007692,539.79,0.416067787,-0.222077465,MPF-15075-20250429-10_12_05,10134.4,217.9968462,520.6836136,0.581325702,0.5,168.6080525,1.861690672,49.00809729,0.012358651,0.03669481,308.5885553,DARK-15076-20250429-10_12_12,171.47,171.47,0.670682934,0.866766803,0.05187442,1.473051283,0.085072585,0.681773642,0.318226358,15075,290,486.01,135,10134.4,483.99,2.02,300,23.9,520.6836136,3.037947113,-37.18429551,2.674338426,0.873488797,-0.008207489,290,479.93,625,10125.3,483.96,-4.03,None,None,None,None,None,None,None,None,None,None,None,None,None,200,168.6080525,0.842924642,0.165244558,2,0.5,0: Broadleaf,2,1745910720,419.2903,420.0024,14.41546667,14.20029,419.5257333,14.35359333,600.0045,100.9739333,0.060729803,29.48459333,28.37442667,999.9,0,0,4993.166667,0,72.36663667,-0.7121136,425.4229333,426.0524667,0.215175367,420.0024,14.20029,1.455587333,1.433861,12.50943667,12.28053,200.0274333,0.9,0.0999998,0,218.0387333,4.99918,495.9614667,1830.331667,35.0268,38.21843333,36.68296667,37.12903333,38.1289,175.5253333,19.5,0,37.19999981,0,217.9968462,10.11815384,15.91507695,495.944,15,1745910077,10:01:16,1745910077,1745910065,4,0.043,0.002,-0.233,-0.025,420,10,2.19,0.35,-0.686290561,0.109423003,0.144018479,1,216.7830294,20.31714284,2.241077137,0,0.217464902,-0.03197607,0.005065999,1,2,3,02-Mar,3.2213,2.66951,0.101993,0.103161,0.0780379,0.0783123,26638,24417,28174,24944.7,33306.7,24301.7,40142.4,27740.1,1.9428,1.5254,0.121295,0,26.3569,999.9,23.9,35.3,13.592,29.9918,20.3886,1,0.125366,0,20.2756,5.22927,11.9045,4.962,3.292,9999,9999,9999,999.9,4.97266,1.85486,1.85687,1.85715,1.85663,1.85638,1.8515,1.85349,0,0,0,0,11111111,oooooooo,on,on,on,on,0,100,100,-0.236,0.0619,-1.131389108,0.00151024,1.49E-06,5.40E-12,-0.060005978,-0.011177753,0.001682567,-2.18E-05,3,2244,0,20,10.8,11,1.03149,2.55981,1.59424,2.11792,1.50269,2.46948,39.7422,24.0525,18,614.731,387.183,29.0769,29.3394,29.9997,29.5037,29.5932,20.7188,-30,-30,-999.9,420,0,100.334,74.7976
237,1745910767,4265.9,20250429 10:12:47,10:12:47,15,C,2,21%,5560.56,1745910759,0.000583223,0.583222581,0.93684472,419.6115333,342.7905422,34.63397332,42.39561149,0.024282156,1.99981176,0.02411954,0.015089232,16.51115675,29.27389866,28.19006,3.837089691,35.52564343,1.458022735,4.104141669,2.379066956,-25.7201158,125.145647,13.74578432,129.6824723,15.70785714,0.031713795,14.91091893,9.556075595,5.354843335,0.669355417,1.594584247,32.62518432,0.782818762,,,0,0,1,0,24834,RECT-12807-20250324-17_57_43,10114.7,315.2007692,539.79,0.416067787,-0.222077465,MPF-15077-20250429-10_12_44,10118.1,216.4516,565.5320708,0.617260256,0.5,84.28750963,0.93684472,26.01366489,0.013749631,-0.045518322,323.8074463,DARK-15078-20250429-10_12_51,167.56,167.56,0.703712648,0.877148163,-0.069156357,1.394473918,-0.114618456,0.679019911,0.320980089,15077,290,541.61,275,10118.1,541.48,0.13,300,23.9,565.5320708,2.303296124,-24.33566481,2.022399903,0.837957897,-0.008284115,290,542.21,635,10115.6,541.47,0.74,None,None,None,None,None,None,None,None,None,None,None,None,None,100,84.28750963,0.842853547,0.165107346,2,0.5,0: Broadleaf,2,1745910759,419.6115333,420.0054,14.43081333,14.23920667,419.8459333,14.36859333,599.9856,100.9747,0.06068182,29.35081667,28.19006,999.9,0,0,5000.166667,0,73.06877,-0.39394322,425.7554667,426.0724,0.191616767,420.0054,14.23920667,1.457145333,1.437798667,12.52574667,12.32223667,100.0025567,0.8998654,0.10013465,0,216.4663333,4.99918,275.5601667,891.5623,34.68316667,37.9957,36.458,36.94956667,37.8498,85.49066667,9.512,0,37.20000005,0,216.4516,4.22838462,12.65946154,275.62696,15,1745910077,10:01:16,1745910077,1745910065,4,0.043,0.002,-0.233,-0.025,420,10,2.19,0.35,-0.434326137,0.834050839,0.133412358,0,216.0006176,7.974774648,0.998193044,0,0.194245317,-0.048576251,0.007016008,1,1,3,01-Mar,3.22179,2.66849,0.102101,0.103204,0.0780638,0.0784358,26638.3,24417.8,28177.6,24946.5,33308.2,24299,40145.3,27740.8,1.9444,1.5242,0.11462,0,26.2648,999.9,23.9,35.4,13.6675,30.1218,20.5529,1,0.121016,0,20.2784,5.22807,11.9057,4.9616,3.292,9999,9999,9999,999.9,4.97269,1.85486,1.85693,1.85715,1.85663,1.85638,1.8515,1.85352,0,0,0,0,11111111,oooooooo,on,on,on,on,0,100,100,-0.234,0.062,-1.131389108,0.00151024,1.49E-06,5.40E-12,-0.060005978,-0.011177753,0.001682567,-2.18E-05,3,2244,0,20,11.5,11.7,1.03149,2.56104,1.59424,2.1167,1.50269,2.41455,39.7422,24.0525,18,615.436,386.256,29.0318,29.289,29.9995,29.4584,29.5482,20.7176,-30,-30,-999.9,420,0,100.344,74.8012
238,1745910807,4305.4,20250429 10:13:26,10:13:26,15,C,2,21%,5560.56,1745910799,0.000529976,0.529975866,-0.235875403,419.9728333,420.9108544,42.52695424,42.43218078,0.022380424,1.999977866,0.022242215,0.013913731,8.238484104,29.10006483,28.03611333,3.802836233,35.78332076,1.458091659,4.074780172,2.344744574,-23.37193569,128.3479562,14.07686208,127.2913667,15.70785714,0.031713795,7.597268038,3.990938303,3.606329735,0.450791217,0.920615168,32.62518432,0.782818762,,,0,0,1,0,25349,RECT-12807-20250324-17_57_43,10114.7,315.2007692,539.79,0.416067787,-0.222077465,MPF-15079-20250429-10_13_24,10112.7,212.8362308,572.7528815,0.6283978,0.5,42.12349392,-0.235875403,13.23515545,-0.000327559,-0.057551664,326.1618527,DARK-15080-20250429-10_13_31,170.43,170.43,0.702437115,0.894596523,-0.089243235,1.397451753,-0.146769644,0.716354,0.283646,15079,290,558.23,255,10112.7,557.95,0.28,300,23.9,572.7528815,2.464771594,-14.96871658,2.161028612,0.63147546,-0.008321921,290,560.56,635,10109.4,557.95,2.61,None,None,None,None,None,None,None,None,None,None,None,None,None,50,42.12349392,0.842702127,0.164815105,2,0.5,0: Broadleaf,2,1745910799,419.9728333,419.9684,14.43147333,14.25736333,420.2063667,14.36926,599.9971667,100.9749,0.060637093,29.22647333,28.03611333,999.9,0,0,5000.833333,0,73.24817667,0.004402592,426.1224333,426.0427,0.1741255,419.9684,14.25736333,1.457217667,1.439636333,12.52650333,12.34167333,49.98622,0.8998551,0.100144897,0,212.7527333,4.99918,159.1888333,422.1811333,35.0789,39.2726,37.15806667,38.3122,38.57886667,40.48166667,4.502,0,37.19999981,0,212.8362308,-16.2339145,-10.38830772,159.1501538,15,1745910077,10:01:16,1745910077,1745910065,4,0.043,0.002,-0.233,-0.025,420,10,2.19,0.35,-0.020060499,0.317846252,0.119040524,1,213.3384118,-12.07825821,1.375672309,0,0.175835512,-0.036146634,0.005410543,1,2,3,02-Mar,3.22111,2.6686,0.102151,0.103216,0.0780912,0.0785225,26639,24419.2,28179.8,24948.1,33309.5,24298.5,40148,27742.8,1.9448,1.5258,0.112355,0,26.1611,999.9,24,35.4,13.723,29.6118,20.629,1,0.116626,0,20.2796,5.22807,11.9021,4.962,3.292,9999,9999,9999,999.9,4.97263,1.85486,1.85687,1.85715,1.85666,1.85638,1.8515,1.85352,0,0,0,0,11111111,oooooooo,on,on,on,on,0,100,100,-0.233,0.0621,-1.131389108,0.00151024,1.49E-06,5.40E-12,-0.060005978,-0.011177753,0.001682567,-2.18E-05,3,2244,0,20,12.2,12.4,1.03149,2.5647,1.59424,2.11792,1.50269,2.48657,39.7171,24.0612,18,615.217,386.808,28.9778,29.2337,29.9994,29.4082,29.4986,20.7229,-30,-30,-999.9,420,0,100.351,74.8063
253,1745913409,6907.4,20250429 10:56:48,10:56:48,15,C,3,21%,5561.28,1745913401,0.003667717,3.667717063,10.93182461,415.8247097,233.0114831,23.54076434,42.01008194,0.108834774,1.997264514,0.105644141,0.066306463,321.502796,32.04398861,30.04821935,4.272264107,19.2410022,0.853778805,4.437288644,3.418485302,-161.7463225,71.2460828,7.961481766,238.9640381,15.70785714,0.031713795,61.39882884,51.70532527,9.693503568,1.211687946,6.761310476,32.62518432,0.782818762,,,0,0,1,0,25333,RECT-12807-20250324-17_57_43,10114.7,315.2007692,539.79,0.416067787,-0.222077465,MPF-15113-20250429-10_56_46,10122,227.26568,268.0871174,0.152269299,0.5,1681.157003,10.93182461,127.9942992,0.006634658,1.013487277,198.0143305,DARK-15114-20250429-10_56_53,170.31,170.31,0.364721432,0.417494793,0.735365602,-0.866446049,1.209776985,0.31286527,0.68713473,15113,290,259.88,185,10122,258.6,1.28,300,23.9,268.0871174,3.588714788,-9.603961155,3.247752964,0.237981124,-0.006704312,290,259.91,835,10110,258.59,1.32,None,None,None,None,None,None,None,None,None,None,None,None,None,2000,1681.157003,0.840598568,0.160755235,2,0.5,0: Broadleaf,2,1745913401,415.8247097,419.977129,8.450883871,7.238613548,416.2854839,8.517188065,599.9852581,100.9672903,0.061053974,30.7098871,30.04821935,999.9,0,0,4990.16129,0,244.5425161,-4.152370645,419.3688065,423.0393871,1.212269032,419.977129,7.238613548,0.853262452,0.730862903,4.625682581,2.430948065,1999.952258,0.979997516,0.020002755,0,227.4978065,4.99918,4793.040323,19219.40323,37.65296774,39.921,38.32622581,39.03,40.026,1955.049355,39.90354839,0,796.2,0,227.26568,-11.05269228,-217.9784616,4788.82,15,1745912066,10:34:26,1745912066,1745912066,5,-0.216,-0.02,-0.449,0.051,420,15,2.06,0.45,-4.140369024,-0.187849129,0.12451007,1,228.4570882,-16.7748663,1.783045402,0,1.203259024,0.148657422,0.015823431,0,1,3,01-Mar,3.21987,2.66999,0.101102,0.102913,0.0517,0.0458701,26619,24395.1,28129.3,24918.8,34213,25134.3,40086.6,27712.7,1.9366,1.493,0.177473,0,27.2389,999.9,12,38.4,8.08516,30.0009,20.9936,1,0.186301,0,20.2558,5.22687,11.9021,4.96,3.292,9999,9999,9999,999.9,4.97272,1.85516,1.85715,1.85733,1.85684,1.85654,1.85178,1.85376,0,0,0,0,11111111,oooooooo,on,on,on,on,0,100,100,-0.461,-0.0665,-1.347718206,0.00151024,1.49E-06,5.40E-12,-0.079716443,-0.011177753,0.001682567,-2.18E-05,3,2244,0,20,22.4,22.4,1.03271,2.58179,1.59424,2.10693,1.50269,2.45605,42.5103,24.0175,18,617.431,374.202,29.7955,30.1288,30.0003,30.2198,30.2925,20.7683,-30,-30,-999.9,420,0,100.187,74.7221
254,1745913448,6946.9,20250429 10:57:28,10:57:28,15,C,3,21%,5561.1,1745913440,0.003595287,3.595287113,10.9381841,415.8398667,229.6395448,23.20034377,42.01204922,0.106591795,2.000021578,0.103533418,0.06497586,289.5642438,31.90020235,29.99751,4.259840466,18.82639024,0.840056943,4.462124348,3.419783523,-158.5521617,87.34844599,9.749676184,228.1102043,15.70785714,0.031713795,66.32630238,53.36477509,12.96152729,1.620190911,7.215746071,32.62518432,0.782818762,,,0,0,1,0,26090,RECT-12807-20250324-17_57_43,10114.7,315.2007692,539.79,0.416067787,-0.222077465,MPF-15115-20250429-10_57_25,10117.8,221.5796154,269.0425926,0.176414362,0.5,1513.175721,10.9381841,133.4729643,0.00737539,1.006336598,198.5351129,DARK-15116-20250429-10_57_33,160.25,160.25,0.404369403,0.436270302,0.713356714,-1.028268026,1.205522662,0.315517814,0.684482186,15115,290,256.58,265,10117.8,255.66,0.92,300,23.9,269.0425926,3.373591993,-13.54327536,3.043437348,0.41425583,-0.006870268,290,255.1,635,10113.9,255.65,-0.55,None,None,None,None,None,None,None,None,None,None,None,None,None,1800,1513.175721,0.840658004,0.160869948,2,0.5,0: Broadleaf,2,1745913440,415.8398667,419.9842333,8.314975667,7.126525667,416.3004667,8.382972,600.0071333,100.9684,0.06099278,30.80760333,29.99751,999.9,0,0,5001.333333,0,242.3662667,-4.144435333,419.3265333,422.9988667,1.188451667,419.9842333,7.126525667,0.8395501,0.719553967,4.394181333,2.212086333,1799.989667,0.9780057,0.021994423,0,221.585,4.99918,4230.358667,17281.80333,37.97476667,40.02686667,38.5186,39.0935,40.28723333,1755.509667,39.48,0,37.20000005,0,221.5796154,-25.66591453,-392.6564104,4230.958462,15,1745912066,10:34:26,1745912066,1745912066,5,-0.216,-0.02,-0.449,0.051,420,15,2.06,0.45,-4.077428049,-0.914540697,0.142699352,0,224.0662647,-43.22488924,4.577243573,0,1.19014878,-0.0224377,0.005566843,1,1,3,01-Mar,3.21937,2.66908,0.101152,0.1029,0.0509803,0.0453075,26616.4,24394.4,28128.2,24917.8,34237.6,25148.3,40084.8,27711.8,1.9364,1.4936,0.169575,0,27.2666,999.9,11.8,38.5,7.99454,29.5309,21.1018,1,0.187398,0,20.2582,5.22687,11.9021,4.9596,3.292,9999,9999,9999,999.9,4.97269,1.85516,1.85715,1.85736,1.85684,1.85654,1.85171,1.8537,0,0,0,0,11111111,oooooooo,on,on,on,on,0,100,100,-0.461,-0.0683,-1.347718206,0.00151024,1.49E-06,5.40E-12,-0.079716443,-0.011177753,0.001682567,-2.18E-05,3,2244,0,20,23,23,1.03394,2.58301,1.59424,2.10693,1.50269,2.4939,42.537,24.0087,18,617.467,374.61,29.8085,30.1445,30.0001,30.2379,30.3079,20.7702,-30,-30,-999.9,420,0,100.183,74.7194
255,1745913488,6986.4,20250429 10:58:07,10:58:07,15,C,3,21%,5561.28,1745913480,0.003435511,3.435510828,10.55695768,415.9841667,228.9127526,23.12678444,42.02638797,0.102188812,1.998788272,0.099372604,0.062354438,257.6641588,31.72312995,29.87167333,4.229146773,18.42897941,0.823721245,4.469706255,3.405425527,-151.5060275,104.0589589,11.61652806,221.8336182,15.70785714,0.031713795,62.79189555,51.1700357,11.62185985,1.452732482,6.635464669,32.62518432,0.782818762,,,0,0,1,0,25442,RECT-12807-20250324-17_57_43,10114.7,315.2007692,539.79,0.416067787,-0.222077465,MPF-15117-20250429-10_58_05,10119.4,216.8464231,266.3395743,0.185827252,0.5,1345.170641,10.55695768,124.9846818,0.008013136,1.026698441,197.0593162,DARK-15118-20250429-10_58_12,157.63,157.63,0.408161553,0.455278677,0.715539109,-1.012933704,1.217558049,0.330951172,0.669048828,15117,290,255.86,245,10119.4,255.05,0.81,300,23.9,266.3395743,3.33298589,-11.42358474,2.997606998,0.341532346,-0.007037777,290,255.84,745,10111.3,255.04,0.8,None,None,None,None,None,None,None,None,None,None,None,None,None,1600,1345.170641,0.840747765,0.161043186,2,0.5,0: Broadleaf,2,1745913480,415.9841667,419.9794667,8.153329667,7.017513,416.4445,8.223283333,600.0088,100.9679333,0.060882993,30.83734,29.87167333,999.9,0,0,4996.333333,0,240.6398333,-3.995285,419.4037667,422.9475333,1.135818333,419.9794667,7.017513,0.823225067,0.7085439,4.114185667,1.996062667,1599.969333,0.974997767,0.02500205,0,216.8229,4.99918,3698.508,15341.12,38.16633333,40.12913333,38.7122,39.187,40.50413333,1555.089333,39.88,0,37.20000005,0,216.8464231,-21.45131627,-305.5753847,3699.060769,15,1745912066,10:34:26,1745912066,1745912066,5,-0.216,-0.02,-0.449,0.051,420,15,2.06,0.45,-3.952828049,-0.63697108,0.112705576,0,218.6456471,-34.99101605,3.697387208,0,1.138151951,-0.052231568,0.006608002,1,1,3,01-Mar,3.2197,2.66944,0.101142,0.102873,0.050183,0.0447241,26616.2,24394,28127.8,24916.8,34265.9,25163.3,40084.3,27711.4,1.9354,1.4922,0.160038,0,27.2898,999.9,11.6,38.5,7.85956,30.1309,20.9175,1,0.188862,0,20.2598,5.22687,11.9021,4.9608,3.292,9999,9999,9999,999.9,4.97269,1.85516,1.85715,1.85742,1.85684,1.85654,1.85175,1.85376,0,0,0,0,11111111,oooooooo,on,on,on,on,0,100,100,-0.46,-0.0702,-1.347718206,0.00151024,1.49E-06,5.40E-12,-0.079716443,-0.011177753,0.001682567,-2.18E-05,3,2244,0,20,23.7,23.7,1.03394,2.58423,1.59424,2.10693,1.50269,2.42188,42.6171,24.0087,18,616.892,373.98,29.8258,30.1601,30.0004,30.2535,30.326,20.7711,-30,-30,-999.9,420,0,100.181,74.7173
256,1745913527,7025.9,20250429 10:58:47,10:58:47,15,C,3,21%,5561.28,1745913519,0.003252663,3.252662592,10.25875151,416.1198667,225.6904344,22.8012451,42.04011169,0.097154846,2.000300672,0.094607411,0.059352945,225.7812052,31.50170127,29.72425667,4.193434677,18.05405224,0.805939771,4.464038101,3.387494906,-143.4424203,117.6382118,13.11151109,213.0885078,15.70785714,0.031713795,62.1248905,50.15248423,11.97240627,1.496550784,6.422506509,32.62518432,0.782818762,,,0,0,1,0,25623,RECT-12807-20250324-17_57_43,10114.7,315.2007692,539.79,0.416067787,-0.222077465,MPF-15119-20250429-10_58_44,10122.4,212.48128,267.5994063,0.205972528,0.5,1177.209021,10.25875151,121.2363592,0.008903116,1.017156942,197.7481289,DARK-15120-20250429-10_58_52,156.11,156.11,0.416628003,0.494379943,0.709420855,-1.157910675,1.211948555,0.363220952,0.636779048,15119,290,257.42,215,10122.4,256.36,1.06,300,23.9,267.5994063,2.968692085,-11.3761188,2.66199442,0.394765725,-0.007205058,290,257.31,865,10110.7,256.35,0.96,None,None,None,None,None,None,None,None,None,None,None,None,None,1400,1177.209021,0.84086679,0.161272904,2,0.5,0: Broadleaf,2,1745913519,416.1198667,419.9906667,7.977323,6.901737333,416.5796667,8.049343667,599.9922,100.9678,0.061050243,30.81511333,29.72425667,999.9,0,0,5002.5,0,242.4860667,-3.870842333,419.4660667,422.9094333,1.075586333,419.9906667,6.901737333,0.805451667,0.6968524,3.803708,1.763381,1399.994667,0.971004667,0.02899524,0,212.592,4.99918,3197.953,13400.31667,38.25,40.25826667,38.88326667,39.30373333,40.6374,1354.544667,40.45,0,37.20000005,0,212.48128,-19.43207691,-244.77,3196.4156,15,1745912066,10:34:26,1745912066,1745912066,5,-0.216,-0.02,-0.449,0.051,420,15,2.06,0.45,-3.88935925,0.146863902,0.095741553,1,214.2952941,-32.86615737,3.504279497,0,1.078634,-0.067163302,0.007900621,1,2,3,02-Mar,3.21906,2.66969,0.101186,0.102898,0.0492407,0.0440863,26613.1,24393.8,28125.9,24917.3,34297.7,25179.8,40081.7,27711,1.9348,1.4908,0.148714,0,27.3107,999.9,11.4,38.6,7.76322,29.5109,21.0096,1,0.190366,0,20.2616,5.22687,11.9045,4.9604,3.292,9999,9999,9999,999.9,4.97269,1.85516,1.85715,1.85745,1.85684,1.85654,1.85178,1.85376,0,0,0,0,11111111,oooooooo,on,on,on,on,0,100,100,-0.46,-0.0725,-1.347718206,0.00151024,1.49E-06,5.40E-12,-0.079716443,-0.011177753,0.001682567,-2.18E-05,3,2244,0,20,24.3,24.4,1.03394,2.58301,1.59424,2.10693,1.50269,2.4231,42.6706,24.0175,18,616.636,373.35,29.8416,30.1732,30.0005,30.2718,30.3441,20.7695,-30,-30,-999.9,420,0,100.175,74.7175
257,1745913567,7065.4,20250429 10:59:26,10:59:26,15,C,3,21%,5561.37,1745913559,0.003016898,3.016898437,9.788691678,416.3105333,221.7892255,22.40654397,42.05831121,0.090327794,2.001294515,0.088122483,0.055270206,193.8027326,31.29970566,29.59156667,4.161515224,17.66449315,0.787567699,4.458478897,3.373947524,-133.0452211,129.6584848,14.43304298,204.8490393,15.70785714,0.031713795,63.24401904,49.27203419,13.97198485,1.746498106,6.512387662,32.62518432,0.782818762,,,0,0,1,0,25213,RECT-12807-20250324-17_57_43,10114.7,315.2007692,539.79,0.416067787,-0.222077465,MPF-15121-20250429-10_59_24,10125,209.3788846,275.0201296,0.238677965,0.5,1009.181501,9.788691678,120.4346937,0.009919691,0.962729058,201.7712989,DARK-15122-20250429-10_59_31,156.97,156.97,0.429241779,0.556045514,0.691630193,-1.63365356,1.178907241,0.416863737,0.583136263,15121,290,261.85,175,10125,261.4,0.45,300,23.9,275.0201296,2.690318982,-13.79437699,2.404780588,0.540262695,-0.007371559,290,262.03,895,10110.2,261.38,0.65,None,None,None,None,None,None,None,None,None,None,None,None,None,1200,1009.181501,0.840985752,0.161502501,2,0.5,0: Broadleaf,2,1745913559,416.3105333,419.9921,7.795670333,6.797873333,416.7699333,7.869749333,599.9977333,100.9654333,0.060862773,30.79329,29.59156667,999.9,0,0,5006.666667,0,242.3863667,-3.681529,419.5814,422.8667667,0.997795967,419.9921,6.797873333,0.7870937,0.6863507,3.476614667,1.551449,1199.998333,0.9670012,0.032998887,0,209.3593333,4.99918,2718.108333,11464.27333,38.25,40.375,39.00826667,39.38946667,40.7395,1155.568333,39.43,0,37.20000005,0,209.3788846,-19.28728206,-223.614359,2718.54,15,1745912066,10:34:26,1745912066,1745912066,5,-0.216,-0.02,-0.449,0.051,420,15,2.06,0.45,-3.66766425,0.051144878,0.118841776,1,211.3230588,-34.01439269,3.615894706,0,1.003457975,-0.116551058,0.012078681,0,1,3,01-Mar,3.21935,2.6688,0.101205,0.102866,0.0483775,0.0435713,26611.1,24393.6,28124.6,24916.3,34328,25191.9,40080.6,27709.4,1.9348,1.4906,0.139475,0,27.3311,999.9,11.2,38.6,7.62827,29.3909,21.0777,1,0.191626,0,20.2634,5.22807,11.9021,4.9608,3.292,9999,9999,9999,999.9,4.97272,1.85516,1.85715,1.85742,1.85684,1.85654,1.85178,1.85379,0,0,0,0,11111111,oooooooo,on,on,on,on,0,100,100,-0.46,-0.0744,-1.347718206,0.00151024,1.49E-06,5.40E-12,-0.079716443,-0.011177753,0.001682567,-2.18E-05,3,2244,0,20,25,25,1.03394,2.58545,1.59424,2.10693,1.50269,2.47437,42.751,24.0175,18,616.812,373.353,29.8558,30.1914,30.0001,30.2899,30.3622,20.7714,-30,-30,-999.9,420,0,100.171,74.7138
258,1745913606,7104.9,20250429 11:00:06,11:00:06,15,C,3,21%,5561.28,1745913598,0.002785422,2.785421501,8.902961345,416.6412667,225.4979607,22.78216418,42.09346157,0.083639256,1.999419561,0.081743026,0.051256179,161.9059397,31.07869111,29.45973333,4.130011798,17.32990091,0.770863672,4.448171265,3.359148126,-122.8370882,139.3792044,15.51643319,193.9644891,15.70785714,0.031713795,63.0502406,46.84549382,16.20474678,2.025593348,6.561254806,32.62518432,0.782818762,,,0,0,1,0,26099,RECT-12807-20250324-17_57_43,10114.7,315.2007692,539.79,0.416067787,-0.222077465,MPF-15123-20250429-11_00_03,10123.9,206.3075769,286.2639008,0.279309838,0.5,841.2032945,8.902961345,117.4781781,0.010847602,0.885637688,207.7581491,DARK-15124-20250429-11_00_11,158.48,158.48,0.446384963,0.62571516,0.664881853,-2.763129815,1.128843526,0.480657763,0.519342237,15123,290,270.34,225,10123.9,270.49,-0.15,300,23.9,286.2639008,3.226643019,-15.97220621,2.875549655,0.524233001,-0.007538954,290,269.36,875,10112.2,270.47,-1.11,None,None,None,None,None,None,None,None,None,None,None,None,None,1000,841.2032945,0.841193845,0.161904121,2,0.5,0: Broadleaf,2,1745913598,416.6412667,419.9956667,7.630012,6.708648333,417.0997333,7.705907,600.0168667,100.9693667,0.061099917,30.75276333,29.45973333,999.9,0,0,4998.833333,0,243.3148,-3.354388667,419.8447667,422.8322667,0.921364567,419.9956667,6.708648333,0.770397767,0.677368,3.173215,1.36786,1000.011233,0.9600056,0.039994633,0,206.2714667,4.99918,2254.931,9524.015667,38.17666667,40.4454,39.0683,39.4643,40.7458,955.218,39.79533333,0,37.20000005,0,206.3075769,-19.70252995,-193.2769231,2255.270385,15,1745912066,10:34:26,1745912066,1745912066,5,-0.216,-0.02,-0.449,0.051,420,15,2.06,0.45,-3.37016275,0.30557955,0.112084442,1,207.9955294,-32.6249962,3.468853415,0,0.927380525,-0.125667636,0.012937523,0,1,3,01-Mar,3.21874,2.66985,0.10127,0.1029,0.0475457,0.0431017,26608.4,24392,28123.8,24915.7,34356.8,25203.6,40079.1,27708.6,1.934,1.4902,0.12973,0,27.3548,999.9,11.1,38.7,7.60096,29.7009,21.1138,1,0.192805,0,20.2648,5.22687,11.9021,4.9612,3.292,9999,9999,9999,999.9,4.97269,1.85516,1.85715,1.85745,1.85684,1.85657,1.85181,1.85376,0,0,0,0,11111111,oooooooo,on,on,on,on,0,100,100,-0.459,-0.0762,-1.347718206,0.00151024,1.49E-06,5.40E-12,-0.079716443,-0.011177753,0.001682567,-2.18E-05,3,2244,0,20,25.7,25.7,1.03394,2.57935,1.59424,2.10571,1.50269,2.49634,42.8315,24.0175,18,616.388,373.249,29.8719,30.2071,30,30.3056,30.3803,20.7754,-30,-30,-999.9,420,0,100.168,74.7117
259,1745913646,7144.4,20250429 11:00:45,11:00:45,15,C,3,21%,5561.37,1745913638,0.002545607,2.545607036,8.75960842,416.7159333,213.7329315,21.59330544,42.10055214,0.076745628,2.000592716,0.075146791,0.047107619,129.9806991,30.83057479,29.31225333,4.095015946,17.03619113,0.754776619,4.430430565,3.340239327,-112.2612703,147.8237761,16.42919677,181.9724016,15.70785714,0.031713795,59.93747407,45.42563051,14.51184356,1.813980445,5.961367373,32.62518432,0.782818762,,,0,0,1,0,25343,RECT-12807-20250324-17_57_43,10114.7,315.2007692,539.79,0.416067787,-0.222077465,MPF-15125-20250429-11_00_43,10128.7,204.5901923,303.5143946,0.325929195,0.5,673.1898759,8.75960842,109.7061172,0.01334198,0.778465897,216.6966764,DARK-15126-20250429-11_00_50,165.32,165.32,0.455314137,0.715833682,0.630960038,-8.464917969,1.052034439,0.578432538,0.421567462,15125,290,289.17,175,10128.7,286.83,2.34,300,23.9,303.5143946,2.870574456,-16.89541564,2.550489334,0.610475087,-0.007707032,290,285.92,695,10117.5,286.82,-0.9,None,None,None,None,None,None,None,None,None,None,None,None,None,800,673.1898759,0.841490395,0.162476463,2,0.5,0: Broadleaf,2,1745913638,416.7159333,419.9894333,7.470862667,6.628658,417.1742,7.548440333,599.9941,100.9682667,0.06111276,30.68282,29.31225333,999.9,0,0,5003.666667,0,247.0804,-3.273520333,419.8525333,422.7919667,0.842205433,419.9894333,6.628658,0.7543199,0.6692838,2.875504,1.200788333,799.9971,0.950006,0.0499936,0,204.5502667,4.99918,1816.517667,7584.783667,38.03513333,40.5062,39.125,39.53926667,40.6912,755.253,39.74366667,0,37.20000005,0,204.5901923,-20.92666667,-146.877265,1816.832308,15,1745912066,10:34:26,1745912066,1745912066,5,-0.216,-0.02,-0.449,0.051,420,15,2.06,0.45,-3.26057675,-0.184273734,0.125601232,1,206.6832353,-36.47046603,3.884269793,0,0.849078825,-0.120368972,0.01280269,0,1,3,01-Mar,3.2192,2.66994,0.101281,0.102857,0.0467552,0.0426929,26607,24391.9,28122.7,24914.5,34384.2,25214.6,40077.8,27708.8,1.935,1.4888,0.119358,0,27.371,999.9,10.9,38.7,7.4638,29.7309,21.0216,1,0.194024,0,20.2666,5.22687,11.9033,4.9612,3.292,9999,9999,9999,999.9,4.97269,1.85516,1.85715,1.85739,1.85684,1.85654,1.85181,1.85379,0,0,0,0,11111111,oooooooo,on,on,on,on,0,100,100,-0.458,-0.0779,-1.347718206,0.00151024,1.49E-06,5.40E-12,-0.079716443,-0.011177753,0.001682567,-2.18E-05,3,2244,0,20,26.3,26.3,1.03394,2.58179,1.59424,2.10571,1.50269,2.45728,42.9121,24.0175,18,617.278,372.605,29.8865,30.2228,30.0001,30.3212,30.3959,20.7725,-30,-30,-999.9,420,0,100.164,74.7104
260,1745913685,7183.9,20250429 11:01:25,11:01:25,15,C,3,21%,5561.28,1745913677,0.002307924,2.307923728,7.809008603,417.0684,218.4928695,22.07461196,42.13694989,0.069973345,2.000495937,0.06864153,0.043018503,98.07079046,30.58043497,29.14629,4.055943562,16.76207064,0.739604527,4.412369704,3.316339035,-101.7794364,158.0092387,17.54144224,171.842035,15.70785714,0.031713795,57.35602171,42.03021354,15.32580817,1.915726021,5.705816387,32.62518432,0.782818762,,,0,0,1,0,25643,RECT-12807-20250324-17_57_43,10114.7,315.2007692,539.79,0.416067787,-0.222077465,MPF-15127-20250429-11_01_22,10129.1,207.4578,349.9067964,0.407105543,0.5,505.2110332,7.809008603,102.8371061,0.015896498,0.542667949,239.3539722,DARK-15128-20250429-11_01_30,161,161,0.539877471,0.754070256,0.50128885,4.10444548,0.845468872,0.585204853,0.414795147,15127,290,324.19,205,10129.1,323.05,1.14,300,23.9,349.9067964,3.161878712,-27.20507234,2.800898607,0.771133346,-0.007875149,290,321.94,675,10120.4,323.03,-1.09,None,None,None,None,None,None,None,None,None,None,None,None,None,600,505.2110332,0.841992942,0.163446378,2,0.5,0: Broadleaf,2,1745913677,417.0684,419.9922333,7.320550667,6.556880667,417.5256,7.399665667,600.0048333,100.9704,0.060869423,30.61136333,29.14629,999.9,0,0,5003.166667,0,183.0552667,-2.923981,420.1439667,422.7643667,0.763670367,419.9922333,6.556880667,0.739159767,0.662051533,2.589603,1.049802333,600.0181333,0.9330088,0.066991133,0,207.5407667,4.99918,1378.471667,5645.37,37.8581,40.55166667,39.0935,39.562,40.6103,555.1583333,39.86,0,37.20000005,0,207.4578,-17.22461541,206.4261545,1378.4184,15,1745912066,10:34:26,1745912066,1745912066,5,-0.216,-0.02,-0.449,0.051,420,15,2.06,0.45,-2.93182275,0.163189081,0.106365366,1,209.6925294,-34.13989307,3.545322687,0,0.771820425,-0.15063018,0.015347966,0,1,3,01-Mar,3.21892,2.66957,0.101311,0.102849,0.0459942,0.0423131,26605.7,24392.1,28122.4,24914.5,34411.1,25224.4,40077.1,27708.6,1.9344,1.4878,0.108093,0,27.371,999.9,10.7,38.8,7.36589,29.5909,21.0377,1,0.195447,0,20.2681,5.22807,11.9069,4.9608,3.292,9999,9999,9999,999.9,4.97266,1.85516,1.85715,1.85745,1.85684,1.85654,1.85181,1.85376,0,0,0,0,11111111,oooooooo,on,on,on,on,0,100,100,-0.458,-0.0794,-1.347718206,0.00151024,1.49E-06,5.40E-12,-0.079716443,-0.011177753,0.001682567,-2.18E-05,3,2244,0,20,27,27,1.03394,2.58301,1.59424,2.10571,1.50269,2.42554,42.9929,24.0175,18,616.995,372.172,29.8958,30.2385,30.0003,30.3369,30.4114,20.7747,-30,-30,-999.9,420,0,100.163,74.7101
261,1745913725,7223.4,20250429 11:02:04,11:02:04,15,C,3,21%,5561.37,1745913717,0.002080975,2.080974767,7.351292986,417.2727,211.1440617,21.33254928,42.15837454,0.063068096,2.000070218,0.061983747,0.038835713,82.09215892,30.46141878,29.07173667,4.038497707,16.53057077,0.726508455,4.394938717,3.311989252,-91.77098721,158.5521325,17.59292757,166.4662317,15.70785714,0.031713795,53.66030875,39.57773424,14.08257451,1.760321814,5.241257101,32.62518432,0.782818762,,,0,0,1,0,25767,RECT-12807-20250324-17_57_43,10114.7,315.2007692,539.79,0.416067787,-0.222077465,MPF-15129-20250429-11_02_02,10129.8,213.1889231,389.8547175,0.453158027,0.5,421.1843402,7.351292986,95.4315322,0.01798113,0.384592711,257.3958256,DARK-15130-20250429-11_02_09,162.23,162.23,0.583870625,0.776127463,0.397116438,2.36646284,0.667597827,0.590608351,0.409391649,15129,290,358.23,215,10129.8,356.59,1.64,300,23.9,389.8547175,2.120704048,-33.69342268,1.875791222,0.920146535,-0.007959449,290,352.87,685,10121.4,356.57,-3.7,None,None,None,None,None,None,None,None,None,None,None,None,None,500,421.1843402,0.842376037,0.164185752,2,0.5,0: Broadleaf,2,1745913717,417.2727,420.0125333,7.190793,6.502133333,417.7294,7.271191,600.0092667,100.9724,0.060748207,30.54215667,29.07173667,999.9,0,0,5001.333333,0,165.0232,-2.739838667,420.2948333,422.7614,0.688659933,420.0125333,6.502133333,0.726071733,0.656536067,2.338588667,0.933677333,499.9956333,0.9199925,0.080007663,0,213.1212667,4.99918,1178.735667,4676.328333,37.6539,40.5,39.02273333,39.562,40.4853,455.393,39.6,0,37.20000005,0,213.1889231,-24.50249573,-76.52410258,1179.158846,15,1745912066,10:34:26,1745912066,1745912066,5,-0.216,-0.02,-0.449,0.051,420,15,2.06,0.45,-2.694541951,-0.540830383,0.126938346,0,215.7814706,-41.57417875,4.294163448,0,0.698134195,-0.140429666,0.0148909,0,0,3,0/3,3.21901,2.66942,0.101389,0.102901,0.0453549,0.0420588,26602.8,24391.1,28121.8,24914.9,34433.4,25230.2,40076.2,27707.6,1.9338,1.4874,0.104159,0,27.3506,999.9,10.6,38.9,7.33675,29.8009,21.0737,1,0.196382,0,20.2693,5.22807,11.9045,4.9612,3.292,9999,9999,9999,999.9,4.97269,1.85516,1.85718,1.85745,1.85684,1.8566,1.85181,1.85379,0,0,0,0,11111111,oooooooo,on,on,on,on,0,100,100,-0.457,-0.0807,-1.347718206,0.00151024,1.49E-06,5.40E-12,-0.079716443,-0.011177753,0.001682567,-2.18E-05,3,2244,0,20,27.6,27.6,1.03394,2.58301,1.59424,2.10571,1.50269,2.45117,43.0469,24.0262,18,616.686,372.038,29.9012,30.249,30.0002,30.3499,30.4244,20.7718,-30,-30,-999.9,420,0,100.16,74.7092
262,1745913764,7262.9,20250429 11:02:44,11:02:44,15,C,3,21%,5561.37,1745913756,0.001863067,1.863067486,6.498866179,417.5834333,213.863334,21.60712667,42.18945796,0.056407004,2.000757609,0.055538203,0.034788321,66.12423449,30.36250571,29.02065,4.026580982,16.35579751,0.716941427,4.383408556,3.309639555,-82.16127612,159.1650046,17.64638329,160.7743462,15.70785714,0.031713795,46.6027232,34.95206758,11.65065562,1.456331953,4.44592575,32.62518432,0.782818762,,,0,0,1,0,25710,RECT-12807-20250324-17_57_43,10114.7,315.2007692,539.79,0.416067787,-0.222077465,MPF-15131-20250429-11_02_41,10139.3,221.6506538,433.9555274,0.489231869,0.5,337.1728379,6.498866179,82.47784876,0.01993323,0.243883223,275.9083156,DARK-15132-20250429-11_02_49,173.49,173.49,0.600212489,0.815097782,0.288928399,1.787758881,0.471235741,0.637991865,0.362008135,15131,290,407.16,105,10139.3,404.26,2.9,300,23.9,433.9555274,3.446825272,-30.1059408,3.04432877,0.77741749,-0.008044218,290,401.93,615,10126,404.22,-2.29,None,None,None,None,None,None,None,None,None,None,None,None,None,400,337.1728379,0.842961879,0.165316427,2,0.5,0: Broadleaf,2,1745913756,417.5834333,420.0090667,7.096153333,6.479533667,418.0392333,7.177462,599.9960667,100.9717333,0.06067023,30.49624667,29.02065,999.9,0,0,5004.166667,0,264.9841333,-2.425779667,420.5677,422.7482667,0.616618967,420.0090667,6.479533667,0.716511333,0.654250233,2.152684,0.885296533,399.9858667,0.900013167,0.09998707,0,221.5136,4.99918,1035.853667,3706.948,37.46223333,40.4769,38.93493333,39.5,40.3393,355.4933333,39.49,0,37.20000005,0,221.6506538,-22.00974358,-99.92854705,1035.964231,15,1745912066,10:34:26,1745912066,1745912066,5,-0.216,-0.02,-0.449,0.051,420,15,2.06,0.45,-2.399270244,0.013728711,0.139399086,1,223.2613235,-30.07463713,3.071268044,0,0.625074878,-0.149490125,0.015302977,0,1,3,01-Mar,3.21912,2.66931,0.10145,0.102872,0.0448906,0.0419874,26600.4,24390.7,28121.2,24913.7,34448.9,25232.3,40074.7,27707.8,1.9332,1.4872,0.101537,0,27.3594,999.9,10.5,38.9,7.26678,29.7209,20.9936,1,0.197154,0,20.2703,5.22448,11.9033,4.9604,3.292,9999,9999,9999,999.9,4.97272,1.85516,1.85718,1.85745,1.85684,1.85657,1.85181,1.85379,0,0,0,0,11111111,oooooooo,on,on,on,on,0,100,100,-0.455,-0.0815,-1.347718206,0.00151024,1.49E-06,5.40E-12,-0.079716443,-0.011177753,0.001682567,-2.18E-05,3,2244,0,20,28.3,28.3,1.03394,2.58423,1.59424,2.10449,1.50269,2.43164,43.1009,24.0262,18,616.379,372.01,29.9032,30.2595,30.0001,30.363,30.4374,20.776,-30,-30,-999.9,420,0,100.157,74.7079
263,1745913804,7302.4,20250429 11:03:23,11:03:23,15,C,3,21%,5561.28,1745913796,0.001656842,1.656842153,5.5893486,417.9021,220.2964655,22.25716897,42.22181973,0.050127058,2.001415729,0.049439892,0.030960887,49.59098634,30.25741677,28.98595,4.018504188,16.28161851,0.711931236,4.372607279,3.306572952,-73.06673896,158.3106372,17.53912566,152.3740102,15.70785714,0.031713795,39.83255318,30.26996403,9.562589155,1.195323644,3.704470571,32.62518432,0.782818762,,,0,0,1,0,25418,RECT-12807-20250324-17_57_43,10114.7,315.2007692,539.79,0.416067787,-0.222077465,MPF-15133-20250429-11_03_21,10128,231.96196,519.0666243,0.553117174,0.5,252.9023491,5.5893486,69.9423163,0.022978933,0.039924308,308.0198743,DARK-15134-20250429-11_03_28,171.49,171.49,0.669618519,0.826018334,0.056267651,1.408301867,0.092272348,0.610677217,0.389322783,15133,290,474.71,145,10128,473.93,0.78,300,23.9,519.0666243,3.402921175,-45.71585739,2.998291723,0.892506224,-0.008120997,290,466.63,615,10118,473.88,-7.25,None,None,None,None,None,None,None,None,None,None,None,None,None,300,252.9023491,0.842949105,0.165291772,2,0.5,0: Broadleaf,2,1745913796,417.9021,419.996,7.046535667,6.498150667,418.3570333,7.128315,600.0044333,100.9720333,0.060767713,30.45314333,28.98595,999.9,0,0,5006.833333,0,266.9197667,-2.093924667,420.8679,422.7431,0.5483852,419.996,6.498150667,0.711502733,0.656131167,2.054422,0.9251208,300.0209,0.900025533,0.099974537,0,231.9956667,4.99918,846.9268667,2768.787333,37.2497,40.42873333,38.8393,39.4958,40.2059,265.5276667,29.493,0,37.20000005,0,231.96196,-13.01600004,-38.35092312,846.6182,15,1745912066,10:34:26,1745912066,1745912066,5,-0.216,-0.02,-0.449,0.051,420,15,2.06,0.45,-2.1168995,0.333888405,0.120868579,1,232.6031471,-11.26366694,1.267987014,0,0.5547498,-0.115360503,0.012115043,0,1,3,01-Mar,3.21955,2.66943,0.10148,0.102843,0.0447,0.0421084,26599.3,24390.7,28121,24913,34456.1,25228.5,40075.1,27707.1,1.9336,1.487,0.0947714,0,27.4148,999.9,10.5,39,7.30675,29.3909,20.9615,1,0.198049,0,20.2713,5.22687,11.9081,4.9596,3.292,9999,9999,9999,999.9,4.97269,1.85516,1.85715,1.85745,1.85684,1.85657,1.85181,1.85376,0,0,0,0,11111111,oooooooo,on,on,on,on,0,100,100,-0.455,-0.0819,-1.347718206,0.00151024,1.49E-06,5.40E-12,-0.079716443,-0.011177753,0.001682567,-2.18E-05,3,2244,0,20,29,29,1.03394,2.58667,1.59424,2.10571,1.50269,2.3877,43.155,24.0262,18,616.801,371.982,29.9094,30.2726,30.0003,30.376,30.4503,20.7804,-30,-30,-999.9,420,0,100.158,74.706
264,1745913843,7341.9,20250429 11:04:03,11:04:03,15,C,3,21%,5561.37,1745913835,0.001463949,1.463949255,4.781990172,418.1915667,226.7318907,22.9071541,42.25068927,0.044370617,1.998908203,0.043830629,0.027442112,33.04601472,30.14634294,28.93926,4.007658888,16.32397343,0.711997608,4.361668507,3.29566128,-64.56016213,158.4294823,17.56643707,144.481772,15.70785714,0.031713795,29.16786191,24.56211113,4.605750783,0.575718848,2.390356755,32.62518432,0.782818762,,,0,0,1,0,25305,RECT-12807-20250324-17_57_43,10114.7,315.2007692,539.79,0.416067787,-0.222077465,MPF-15135-20250429-11_04_00,10119.4,240.1554615,607.096394,0.604419555,0.5,168.5700482,4.781990172,50.9435168,0.02968539,-0.110866074,337.0187829,DARK-15136-20250429-11_04_08,183.52,183.52,0.697708631,0.866292215,-0.188919623,1.257096377,-0.299686649,0.661995968,0.338004032,15135,290,562.11,155,10119.4,560.69,1.42,300,23.9,607.096394,3.033765004,-46.95768694,2.666656083,0.917180349,-0.00819734,290,555,675,10107.9,560.64,-5.64,None,None,None,None,None,None,None,None,None,None,None,None,None,200,168.5700482,0.8429247,0.16524467,2,0.5,0: Broadleaf,2,1745913835,418.1915667,419.9896667,7.047255333,6.562702333,418.6458,7.129027667,599.9890333,100.9710667,0.06083506,30.40939667,28.93926,999.9,0,0,4996.666667,0,267.4286333,-1.798128667,421.1596,422.7641,0.484553267,419.9896667,6.562702333,0.711569067,0.662643233,2.055729,1.062202333,199.9823333,0.8999984,0.100001537,0,240.1076333,4.99918,629.7958333,1829.906667,37.04973333,40.3998,38.7332,39.4412,40.05786667,175.4843333,19.496,0,37.20000005,0,240.1554615,8.318974309,13.2643761,629.7588077,15,1745912066,10:34:26,1745912066,1745912066,5,-0.216,-0.02,-0.449,0.051,420,15,2.06,0.45,-1.80170175,0.162875235,0.131849655,1,239.0130588,16.15718867,1.850658785,0,0.4918507,-0.135462507,0.013636218,0,1,3,01-Mar,3.21932,2.66926,0.101506,0.102845,0.0447722,0.0425284,26596.9,24389.5,28119.3,24911.9,34451.6,25216.8,40073,27706.5,1.9334,1.4856,0.0884831,0,27.4712,999.9,10.5,39,7.30769,29.9709,20.9936,1,0.199715,0,20.2721,5.22807,11.9069,4.96,3.292,9999,9999,9999,999.9,4.97275,1.85516,1.85715,1.85742,1.85684,1.85654,1.85181,1.85379,0,0,0,0,11111111,oooooooo,on,on,on,on,0,100,100,-0.455,-0.0817,-1.347718206,0.00151024,1.49E-06,5.40E-12,-0.079716443,-0.011177753,0.001682567,-2.18E-05,3,2244,0,20,29.6,29.6,1.03394,2.58301,1.59424,2.10571,1.50269,2.40723,43.2091,24.0262,18,616.812,371.354,29.9186,30.291,30.0003,30.3922,30.4685,20.7827,-30,-30,-999.9,420,0,100.152,74.7035
265,1745913883,7381.4,20250429 11:04:42,11:04:42,15,C,3,21%,5561.37,1745913875,0.001369235,1.369235055,1.886267792,419.1403333,326.4125555,32.978979,42.34769777,0.041764915,1.999634302,0.04128629,0.025846477,16.50725974,29.98864627,28.87957667,3.993832628,16.58826891,0.721265703,4.348046845,3.272566925,-60.38326591,159.0339585,17.61707592,132.7750283,15.70785714,0.031713795,15.55105302,12.30124848,3.249804536,0.406225567,1.365882313,32.62518432,0.782818762,,,0,0,1,0,25134,RECT-12807-20250324-17_57_43,10114.7,315.2007692,539.79,0.416067787,-0.222077465,MPF-15137-20250429-11_04_40,10110.8,236.3683077,660.9816757,0.642398093,0.5,84.2684132,1.886267792,27.06693397,0.025019401,-0.183351037,352.9939132,DARK-15138-20250429-11_04_47,183.01,183.01,0.723123943,0.888365126,-0.339681809,1.227983848,-0.539614813,0.687823606,0.312176394,15137,290,622.44,165,10110.8,622.7,-0.26,300,23.9,660.9816757,2.26225405,-38.70872152,1.983692898,0.931502712,-0.008274163,290,621.1,625,10102.1,622.66,-1.56,None,None,None,None,None,None,None,None,None,None,None,None,None,100,84.2684132,0.842852646,0.165105608,2,0.5,0: Broadleaf,2,1745913875,419.1403333,419.9603667,7.138795333,6.685654667,419.2223333,7.192795333,600.0169333,100.9735667,0.061085453,30.35478667,28.87957667,999.9,0,0,4999.5,0,266.2592667,-1.1906374,421.7692333,422.7870667,0.425978767,419.9603667,6.685654667,0.718086467,0.675073833,2.183464,1.320601,99.98000667,0.8999275,0.100072563,0,236.3805333,4.99918,381.5886667,891.3697333,36.84133333,40.3708,38.625,39.437,39.91633333,85.47466667,9.507,0,37.20000005,0,236.3683077,1.267145273,-3.865948693,381.5691923,15,1745913915,11:05:14,1745913915,1745913901,6,0.368,0.03,-0.082,-0.054,420,7,2.61,0.95,-1.229381268,0.889959345,0.165928851,0,236.1156471,4.270924355,0.770240065,0,0.43085139,-0.105055923,0.012122533,0,0,3,0/3,3.21889,2.66949,0.101603,0.102827,0.0451915,0.043212,26592,24389,28117.3,24911,34435.3,25197.3,40071.7,27704.9,1.9326,1.485,0.0821054,0,27.511,999.9,10.5,39.1,7.34716,30.0009,21.0737,1,0.201463,0,20.2732,5.22807,11.9057,4.9616,3.292,9999,9999,9999,999.9,4.97269,1.85516,1.85715,1.85745,1.85684,1.85654,1.85181,1.85379,0,0,0,0,11111111,oooooooo,on,on,on,on,0,100,100,-0.082,-0.054,-1.347718206,0.00151024,1.49E-06,5.40E-12,-0.079716443,-0.011177753,0.001682567,-2.18E-05,3,2244,0,20,30.3,30.3,1.03394,2.58423,1.59424,2.10571,1.50269,2.47681,43.2904,24.0262,18,616.436,371.171,29.9275,30.3119,30.0002,30.4127,30.4914,20.7869,-30,-30,-999.9,420,0,100.147,74.6999
266,1745913946,7444.4,20250429 11:05:45,11:05:45,15,C,3,21%,5561.37,1745913938,0.001075953,1.07595304,0.898937253,419.5385161,355.3540748,35.90323819,42.38812031,0.033058531,1.99976586,0.032757902,0.020500471,8.244485132,29.93660227,28.84267742,3.985305361,17.21035853,0.744421577,4.325427478,3.240883784,-47.44952905,153.2104002,16.96008651,130.9654428,15.70785714,0.031713795,7.837038846,7.097028989,0.740009857,0.092501232,0.576221503,32.62518432,0.782818762,,,0,0,1,0,25495,RECT-12807-20250324-17_57_43,10114.7,315.2007692,539.79,0.416067787,-0.222077465,RECT-15139-20250429-11_05_43,10092.6,228.1156923,646.64,0.647229228,0.5,42.15409785,0.898937253,13.64168209,0.026593256,-0.165238773,348.8618344,DARK-15140-20250429-11_05_50,191.89,191.89,0.70325065,0.920339324,-0.307128485,1.262748247,-0.475757451,0.774185726,0.225814274,15137,290,622.44,165,10110.8,622.7,-0.26,300,23.9,660.9816757,2.26225405,-38.70872152,1.983692898,0.931502712,-0.008274163,290,621.1,625,10102.1,622.66,-1.56,None,None,None,None,None,None,None,None,None,None,None,None,None,50,42.15409785,0.842702306,0.164815451,2,0.5,0: Broadleaf,2,1745913938,419.5385161,419.9886452,7.367949355,7.01192871,419.6223871,7.416742581,599.9795161,100.9742903,0.060820116,30.26377419,28.84267742,999.9,0,0,5000,0,165.2326774,-0.450215935,422.6524194,422.9542903,0.356019323,419.9886452,7.01192871,0.743973194,0.708024419,2.680915484,1.985720645,50.02252581,0.899858452,0.100141616,0,228.2020323,4.99918,206.7403871,422.5221613,36.47554839,40.262,38.417,39.375,39.657,40.51354839,4.505483871,0,60.60000014,0,228.1156923,-11.96170937,79.7171625,207.0101154,15,1745913915,11:05:14,1745913915,1745913901,6,0.368,0.03,-0.082,-0.054,420,7,2.61,0.95,-0.47001795,0.588897433,0.139562442,0,228.6462941,-11.66542398,1.271564496,0,0.360027375,-0.078059629,0.00904738,1,1,3,01-Mar,3.21941,2.66979,0.101718,0.102833,0.0464294,0.0450517,26586.3,24387.2,28115,24909.4,34387.2,25147.2,40067.9,27703.2,1.932,1.4832,0.0786781,0,27.5461,999.9,10.8,39.2,7.59643,29.7609,20.9736,1,0.204634,0,20.2735,5.22807,11.9057,4.9616,3.292,9999,9999,9999,999.9,4.97269,1.85516,1.85721,1.85745,1.85684,1.85657,1.85181,1.85379,0,0,0,0,11111111,oooooooo,on,on,on,on,0,100,100,-0.084,-0.0484,-0.980208565,0.00151024,1.49E-06,5.40E-12,-0.049571173,-0.011177753,0.001682567,-2.18E-05,3,2244,0,20,0.5,0.8,1.03394,2.58545,1.59424,2.10449,1.50269,2.38281,43.3991,24.0262,18,616.389,370.448,29.9371,30.3513,30.0002,30.4519,30.5284,20.7842,-30,-30,-999.9,420,0,100.138,74.6952
281,1745919090,12589,20250429 12:31:30,12:31:30,15,C,6,21%,5561.37,1745919082,0.00376429,3.764290454,8.643875451,416.6046333,243.5778357,24.60796458,42.08836174,0.093448993,2.000502385,0.091089879,0.057138171,321.5022977,33.25724263,31.96746,4.76629561,14.78288501,0.704387002,4.764881834,4.061908608,-166.005209,-0.565139683,-0.064043824,154.8679052,15.70785714,0.031713795,28.73298859,34.7155141,-5.982525508,-0.747815688,3.031150887,32.62518432,0.782818762,,,0,0,1,0,25757,RECT-12807-20250324-17_57_43,10114.7,315.2007692,539.79,0.416067787,-0.222077465,MPF-15173-20250429-12_31_27,10129.3,262.7738077,288.1704115,0.088130505,0.5,1681.15655,8.643875451,74.08058749,0.005273722,0.873162471,208.7605229,DARK-15174-20250429-12_31_35,172.56,172.56,0.401187654,0.219674019,0.685182552,-0.93955855,1.120354648,0.144256953,0.855743047,15173,290,284.75,115,10129.3,283.73,1.02,300,23.9,288.1704115,2.985572484,-4.49736967,2.702610716,0.08999831,-0.006706004,290,285.29,765,10113.7,283.72,1.57,None,None,None,None,None,None,None,None,None,None,None,None,None,2000,1681.15655,0.840598449,0.160755007,2,0.5,0: Broadleaf,2,1745919082,416.6046333,420.0086,6.972257333,5.726266333,416.9515,7.051254667,600.0115333,100.9675667,0.05954242,31.96222,31.96746,999.9,0,0,5003.333333,0,150.2612333,-3.404003333,419.5298,422.4275667,1.245992333,420.0086,5.726266333,0.7039717,0.578166933,1.905424667,-0.817278467,1999.952,0.980001533,0.019998683,0,262.9180333,4.99918,5507.094333,19219.39333,37.5665,39.562,38.125,39.187,40.11643333,1955.057667,39.89566667,0,1050,0,262.7738077,-61.27948723,-1211.577436,5503.420769,15,1745917494,12:04:53,1745917494,1745917475,7,-0.255,-0.027,-0.337,-0.023,420,11,2.05,0.38,-3.402970488,-0.113984948,0.136834305,1,267.0982647,-71.56233762,7.080196256,0,1.264672683,-0.306279512,0.030524252,0,1,3,01-Mar,3.21832,2.66812,0.101117,0.102729,0.0440557,0.0378184,26590.4,24384.7,28101.9,24905.5,34459,25335.2,40052.4,27700.1,1.9266,1.4654,0.241399,0,28.1629,999.9,8,41.1,6.22819,29.4064,21.3622,1,0.225,0,20.2558,5.22448,11.9021,4.9604,3.292,9999,9999,9999,999.9,4.97278,1.85516,1.85715,1.85745,1.85684,1.85654,1.85181,1.85379,0,0,0,0,11111111,oooooooo,on,on,on,on,0,100,100,-0.346,-0.0794,-1.235618996,0.00151024,1.49E-06,5.40E-12,-0.076210588,-0.011177753,0.001682567,-2.18E-05,3,2244,0,20,26.6,26.9,1.04126,2.60498,1.59424,2.09595,1.50269,2.47314,43.59,23.9912,18,616.456,363.609,31.1699,30.7386,29.9999,30.8564,30.9491,20.9115,-30,-30,-999.9,420,0,100.096,74.6852
282,1745919130,12628.5,20250429 12:32:09,12:32:09,15,C,6,21%,5561.37,1745919122,0.003069106,3.069106184,7.460994464,417.0748,233.2226884,23.5607771,42.13400705,0.074924963,1.999958752,0.0733998,0.046009319,289.5659932,33.35602641,32.05671,4.790431809,14.19769378,0.680699393,4.794436357,4.109732417,-135.3475827,1.592527635,0.180696788,155.991635,15.70785714,0.031713795,40.64297162,35.53115914,5.111812477,0.63897656,4.842083488,32.62518432,0.782818762,,,0,0,1,0,25280,RECT-12807-20250324-17_57_43,10114.7,315.2007692,539.79,0.416067787,-0.222077465,MPF-15175-20250429-12_32_07,10121.7,234.14356,266.1878994,0.120382405,0.5,1513.182181,7.460994464,91.08025476,0.005077427,1.027853262,196.9762737,DARK-15176-20250429-12_32_14,167.51,167.51,0.370707683,0.32473674,0.73493634,-0.653794392,1.218233393,0.232321792,0.767678208,15175,290,259.89,235,10121.7,259.13,0.76,300,23.9,266.1878994,2.718430698,-7.139754751,2.453046619,0.232275069,-0.006871672,290,260.31,845,10111.8,259.13,1.18,None,None,None,None,None,None,None,None,None,None,None,None,None,1800,1513.182181,0.840658168,0.160870264,2,0.5,0: Broadleaf,2,1745919122,417.0748,419.9884333,6.738086,5.721960333,417.4202667,6.819176333,600.0097,100.9632333,0.059429857,32.07148,32.05671,999.9,0,0,5001.333333,0,150.4912667,-2.913666,419.9042333,422.4054667,1.016127133,419.9884333,5.721960333,0.6802996,0.577707967,1.427970333,-0.828139733,1799.997,0.978,0.0220001,0,234.5221,4.99918,4480.538333,17281.83667,37.8435,39.6145,38.2479,39.2101,40.3519,1755.507,39.49,0,37.39999986,0,234.14356,-41.25023084,-642.7884625,4474.736,15,1745917494,12:04:53,1745917494,1745917475,7,-0.255,-0.027,-0.337,-0.023,420,11,2.05,0.38,-2.9197345,0.43048818,0.120767939,1,237.5283235,-57.34149732,5.848197594,0,1.0286941,-0.29978875,0.029109073,0,1,3,01-Mar,3.21867,2.66809,0.101176,0.102733,0.0429105,0.0377878,26590.3,24385.1,28103.6,24905.9,34502.8,25336.6,40055.2,27700.7,1.9266,1.4654,0.240058,0,28.2062,999.9,8,41,6.19574,29.6164,21.3021,1,0.223089,0,20.2585,5.22807,11.9021,4.9596,3.292,9999,9999,9999,999.9,4.97275,1.85519,1.85718,1.85745,1.85684,1.85654,1.85181,1.85379,0,0,0,0,11111111,oooooooo,on,on,on,on,0,100,100,-0.345,-0.0814,-1.235618996,0.00151024,1.49E-06,5.40E-12,-0.076210588,-0.011177753,0.001682567,-2.18E-05,3,2244,0,20,27.3,27.6,1.04126,2.6062,1.59424,2.09595,1.50269,2.4939,43.5627,23.9912,18,616.272,363.518,31.1858,30.7199,29.9998,30.8378,30.9332,20.9162,-30,-30,-999.9,420,0,100.103,74.6867
283,1745919169,12668,20250429 12:32:49,12:32:49,15,C,6,21%,5561.37,1745919161,0.002514077,2.514076577,6.676626193,417.4522,218.8364965,22.10769848,42.17261523,0.061102968,1.999846954,0.06008444,0.037642872,257.6662915,33.34545006,32.01153333,4.778201256,13.83012603,0.665001576,4.808355138,4.11319968,-110.870777,11.98911129,1.360466074,160.1450918,15.70785714,0.031713795,39.01295435,32.89617133,6.11678302,0.764597878,4.657853106,32.62518432,0.782818762,,,0,0,1,0,25161,RECT-12807-20250324-17_57_43,10114.7,315.2007692,539.79,0.416067787,-0.222077465,MPF-15177-20250429-12_32_46,10122.1,220.60828,252.8361234,0.127465344,0.5,1345.181591,6.676626193,85.73201709,0.005128455,1.134940184,189.5684345,DARK-15178-20250429-12_32_54,165.17,165.17,0.346731006,0.367620264,0.765986537,-0.516764636,1.277683153,0.275238259,0.724761741,15177,290,248.94,245,10122.1,247.9,1.04,300,23.9,252.8361234,3.361184524,-4.999257284,3.023800905,0.088939331,-0.007039403,290,249.14,885,10111.9,247.89,1.25,None,None,None,None,None,None,None,None,None,None,None,None,None,1600,1345.181591,0.840747777,0.16104321,2,0.5,0: Broadleaf,2,1745919161,417.4522,420.0277,6.582621667,5.750073,417.7964667,6.665028333,599.9715,100.9641333,0.059685043,32.12273333,32.01153333,999.9,0,0,5000.833333,0,151.2773,-2.575565333,420.2182333,422.4568333,0.8325476,420.0277,5.750073,0.664608767,0.580551267,1.103342667,-0.760990533,1599.982333,0.9749968,0.025003457,0,220.8800667,4.99918,3781.73,15341.22667,37.9475,39.62913333,38.375,39.27273333,40.52686667,1555.101333,39.881,0,37.39999986,0,220.60828,-23.02700001,-331.7876928,3778.6828,15,1745917494,12:04:53,1745917494,1745917475,7,-0.255,-0.027,-0.337,-0.023,420,11,2.05,0.38,-2.56825,0.169355347,0.131972566,1,223.1860588,-38.00161953,4.020316529,0,0.844430975,-0.233333099,0.022730827,0,1,3,01-Mar,3.21993,2.6677,0.101241,0.102697,0.0421912,0.0380037,26589.7,24386.4,28105,24906.1,34529.6,25331.7,40056.1,27701.6,1.9282,1.466,0.23365,0,28.2472,999.9,8,41,6.19534,29.8364,21.1979,1,0.221341,0,20.2602,5.22687,11.9045,4.9596,3.292,9999,9999,9999,999.9,4.97275,1.85516,1.85718,1.85745,1.85684,1.85654,1.85181,1.85379,0,0,0,0,11111111,oooooooo,on,on,on,on,0,100,100,-0.344,-0.0825,-1.235618996,0.00151024,1.49E-06,5.40E-12,-0.076210588,-0.011177753,0.001682567,-2.18E-05,3,2244,0,20,27.9,28.2,1.04126,2.60376,1.59424,2.09595,1.50269,2.52075,43.5627,23.9912,18,617.287,363.738,31.2047,30.6985,29.9999,30.8218,30.9173,20.9167,-30,-30,-999.9,420,0,100.106,74.6882
284,1745919209,12707.5,20250429 12:33:28,12:33:28,15,C,6,21%,5561.19,1745919201,0.002080432,2.080432403,6.004985321,417.6824333,205.3356361,20.74415336,42.1966134,0.050734185,1.999708013,0.050029807,0.0313311,225.780401,33.23495667,31.88859333,4.745055593,13.65301448,0.656327044,4.807195106,4.088728549,-91.74706898,24.78224372,2.810605576,161.6261813,15.70785714,0.031713795,46.93516947,33.74586738,13.18930209,1.648662761,5.750502454,32.62518432,0.782818762,,,0,0,1,0,24926,RECT-12807-20250324-17_57_43,10114.7,315.2007692,539.79,0.416067787,-0.222077465,MPF-15179-20250429-12_33_26,10123.3,212.26196,253.7093831,0.163365748,0.5,1177.202041,6.004985321,96.15724578,0.005289715,1.127591788,190.0589153,DARK-15180-20250429-12_33_33,153.44,153.44,0.395213539,0.413360707,0.740470084,-0.674036245,1.273794901,0.298810333,0.701189667,15179,290,244.8,255,10123.3,244.4,0.4,300,23.9,253.7093831,3.919147238,-9.42884664,3.515252971,0.204422403,-0.007206761,290,245.54,835,10114,244.39,1.15,None,None,None,None,None,None,None,None,None,None,None,None,None,1400,1177.202041,0.840867009,0.161273328,2,0.5,0: Broadleaf,2,1745919201,417.6824333,419.9737667,6.496641667,5.807664,418.0262,6.579752333,599.9952333,100.9661667,0.059421263,32.11846667,31.88859333,999.9,0,0,5000.166667,0,152.6833,-2.291258,420.4139333,422.4271,0.688976033,419.9737667,5.807664,0.6559412,0.586377933,0.921099,-0.624295033,1399.986,0.970995833,0.02900417,0,212.3668333,4.99918,3214.582667,13400.2,38,39.687,38.4979,39.3666,40.625,1354.526,40.46,0,37.39999986,0,212.26196,-14.00323078,-188.1138464,3212.8532,15,1745917494,12:04:53,1745917494,1745917475,7,-0.255,-0.027,-0.337,-0.023,420,11,2.05,0.38,-2.29139425,-0.070271707,0.123848548,1,213.7956765,-25.40924368,2.721202867,0,0.69642645,-0.179583242,0.017571295,0,1,3,01-Mar,3.21969,2.66773,0.101304,0.102714,0.041799,0.0383349,26588.8,24386.9,28105.9,24907.1,34545.2,25323.3,40057.7,27701.9,1.9272,1.467,0.222445,0,28.2858,999.9,8.1,41,6.27342,29.7164,21.1979,1,0.22,0,20.2622,5.22807,11.9021,4.9612,3.292,9999,9999,9999,999.9,4.97272,1.85516,1.85718,1.85745,1.85684,1.85654,1.85181,1.85373,0,0,0,0,11111111,oooooooo,on,on,on,on,0,100,100,-0.343,-0.0831,-1.235618996,0.00151024,1.49E-06,5.40E-12,-0.076210588,-0.011177753,0.001682567,-2.18E-05,3,2244,0,20,28.6,28.9,1.04126,2.60376,1.59424,2.09595,1.50269,2.55005,43.5627,23.9912,18,616.374,364.165,31.2253,30.6798,29.9998,30.8032,30.9014,20.9185,-30,-30,-999.9,420,0,100.11,74.6901
285,1745919248,12747,20250429 12:34:08,12:34:08,15,C,6,21%,5561.37,1745919240,0.001690768,1.690767627,5.239214671,418.0350333,193.8495352,19.58319605,42.23101181,0.041489177,1.998527331,0.041016554,0.025677361,193.8010673,33.1003896,31.74867333,4.707575696,13.60878954,0.653762297,4.803970953,4.053813399,-74.56285234,38.56502663,4.373058345,162.1762999,15.70785714,0.031713795,47.25118298,31.80915015,15.44203283,1.930254104,5.828083441,32.62518432,0.782818762,,,0,0,1,0,25747,RECT-12807-20250324-17_57_43,10114.7,315.2007692,539.79,0.416067787,-0.222077465,MPF-15181-20250429-12_34_06,10122.4,206.5259615,253.824005,0.186341885,0.5,1009.168016,5.239214671,94.02513502,0.005411678,1.12663101,190.1232317,DARK-15182-20250429-12_34_13,151.58,151.58,0.40281456,0.462599675,0.73662707,-0.770618068,1.273284538,0.339525637,0.660474363,15181,290,245.07,295,10122.4,243.89,1.18,300,23.9,253.824005,3.115509027,-10.05767791,2.785691249,0.317664869,-0.007373562,290,244.4,805,10114.6,243.88,0.52,None,None,None,None,None,None,None,None,None,None,None,None,None,1200,1009.168016,0.840986195,0.161503357,2,0.5,0: Broadleaf,2,1745919240,418.0350333,420.0170667,6.471442,5.911492,418.3778667,6.554755333,599.9914,100.9633,0.059361843,32.10660333,31.74867333,999.9,0,0,4995.5,0,153.3318333,-1.982123,420.7578333,422.5148,0.5599499,420.0170667,5.911492,0.653377767,0.596843367,0.8667899,-0.381772233,1199.981667,0.9669905,0.03300915,0,206.5559333,4.99918,2707.656,11464.07333,37.9475,39.75,38.562,39.437,40.66013333,1155.539,39.44733333,0,37.39999986,0,206.5259615,-11.25541881,-128.9873505,2707.401538,15,1745917494,12:04:53,1745917494,1745917475,7,-0.255,-0.027,-0.337,-0.023,420,11,2.05,0.38,-1.967171463,0.135809477,0.126995652,1,207.9127059,-21.66245987,2.309268977,0,0.571789585,-0.196013833,0.019749218,0,1,3,01-Mar,3.21867,2.66763,0.101374,0.102711,0.0417014,0.0389579,26588,24387.2,28107.2,24907.2,34549.3,25307.4,40058.4,27702.5,1.9282,1.4672,0.212491,0,28.31,999.9,8.1,41,6.27288,29.7564,21.3381,1,0.218415,0,20.2638,5.22687,11.9069,4.9604,3.292,9999,9999,9999,999.9,4.97275,1.85516,1.85718,1.85745,1.85684,1.85654,1.85181,1.85379,0,0,0,0,11111111,oooooooo,on,on,on,on,0,100,100,-0.342,-0.0833,-1.235618996,0.00151024,1.49E-06,5.40E-12,-0.076210588,-0.011177753,0.001682567,-2.18E-05,3,2244,0,20,29.2,29.6,1.04004,2.6001,1.59424,2.09595,1.50269,2.47925,43.5627,23.9999,18,616.971,364.179,31.2445,30.6638,30,30.7899,30.8855,20.9147,-30,-30,-999.9,420,0,100.113,74.6912
286,1745919288,12786.5,20250429 12:34:47,12:34:47,15,C,6,21%,5561.37,1745919280,0.001427281,1.427280929,4.547880753,418.2854,190.6937643,19.26428504,42.25607065,0.035321856,1.997821762,0.034978553,0.021892162,161.9035413,32.90801652,31.61818,4.67285345,13.74645571,0.659492962,4.7975491,4.013360487,-62.94308896,50.0591401,5.674127961,154.6937204,15.70785714,0.031713795,48.70027918,30.4486251,18.25165408,2.28145676,6.037659422,32.62518432,0.782818762,,,0,0,1,0,25751,RECT-12807-20250324-17_57_43,10114.7,315.2007692,539.79,0.416067787,-0.222077465,MPF-15183-20250429-12_34_45,10131.8,201.8516538,259.7693142,0.222958052,0.5,841.1870319,4.547880753,93.77471112,0.005670509,1.07795906,193.4393803,DARK-15184-20250429-12_34_52,158.79,158.79,0.388726877,0.573559652,0.73496243,-1.044851886,1.246812614,0.451200352,0.548799648,15183,290,248.28,145,10131.8,247.07,1.21,300,23.9,259.7693142,2.78628155,-12.86909594,2.483858311,0.489458261,-0.007541003,290,246.71,715,10118.3,247.05,-0.34,None,None,None,None,None,None,None,None,None,None,None,None,None,1000,841.1870319,0.841194266,0.161904934,2,0.5,0: Broadleaf,2,1745919280,418.2854,420.0002667,6.528204667,6.055577,418.6276,6.586204667,600.034,100.9625,0.05960273,32.08295333,31.61818,999.9,0,0,4992.666667,0,151.0416333,-1.714794,421.0235333,422.5591333,0.4475691,420.0002667,6.055577,0.6565735,0.611385867,0.934464133,-0.050944987,999.9914,0.959994333,0.04000593,0,201.9154667,4.99918,2233.389,9523.793333,37.8519,39.75826667,38.5956,39.4643,40.625,955.187,39.80866667,0,37.39999986,0,201.8516538,-9.225948709,-87.39863255,2233.241154,15,1745919304,12:35:03,1745917494,1745919304,8,-0.255,0.028,-0.337,-0.058,420,6,2.05,0.68,-1.71783175,0.258437561,0.125793508,1,202.8004118,-16.5011459,1.791075673,0,0.454239075,-0.164870645,0.016239161,0,1,3,01-Mar,3.2182,2.66806,0.101426,0.102768,0.0419262,0.0398248,26586.9,24386.9,28107.6,24908.5,34541.9,25285.6,40059.1,27703.7,1.9282,1.4678,0.201732,0,28.3487,999.9,8.3,41,6.42819,29.9364,21.4583,1,0.217256,0,20.2656,5.22568,11.9057,4.9616,3.292,9999,9999,9999,999.9,4.97275,1.85516,1.85718,1.85745,1.85684,1.85657,1.85181,1.85379,0,0,0,0,11111111,oooooooo,on,on,on,on,0,100,100,-0.342,-0.058,-1.235618996,0.00151024,1.49E-06,5.40E-12,-0.076210588,-0.011177753,0.001682567,-2.18E-05,3,2244,0,20,29.9,30.2,1.04126,2.60498,1.59424,2.09595,1.50269,2.42676,43.5627,23.9999,18,616.811,364.414,31.2662,30.6489,30.0001,30.7739,30.8723,20.9137,-30,-30,-999.9,420,0,100.114,74.6946
287,1745919335,12833.5,20250429 12:35:34,12:35:34,15,C,6,21%,5561.28,1745919327,0.00109209,1.092089531,2.740796514,418.9687742,236.0198653,23.84362583,42.32582149,0.027273572,1.999488245,0.027068571,0.016936147,129.9820705,32.73174536,31.49635806,4.640640008,14.03269304,0.67197401,4.788631862,3.968665998,-48.16114832,59.68791556,6.754753478,148.2635913,15.70785714,0.031713795,44.62957483,24.27283235,20.35674248,2.54459281,5.859966896,32.62518432,0.782818762,,,0,0,1,0,25987,RECT-12807-20250324-17_57_43,10114.7,315.2007692,539.79,0.416067787,-0.222077465,MPF-15185-20250429-12_35_32,10132.3,196.50116,262.2768424,0.250787228,0.5,673.1926849,2.740796514,84.41406385,0.004401227,1.058092491,194.8264261,DARK-15186-20250429-12_35_39,150.48,150.48,0.426255103,0.588350091,0.712833366,-1.242834505,1.235647661,0.450556738,0.549443262,15185,290,254.4,165,10132.3,252.28,2.12,300,23.9,262.2768424,2.598940066,-10.13011557,2.309877116,0.407196355,-0.007709169,290,253.39,795,10118.4,252.27,1.12,None,None,None,None,None,None,None,None,None,None,None,None,None,800,673.1926849,0.841490992,0.162477614,2,0.5,0: Broadleaf,2,1745919327,418.9687742,420.034871,6.65164,6.290038065,418.9517742,6.705296129,600.0108065,100.9644839,0.059325287,32.05006774,31.49635806,999.9,0,0,4999.354839,0,147.2773871,-1.424232903,421.4136774,422.6936452,0.361600774,420.034871,6.290038065,0.671579742,0.635070806,1.248395161,0.473235419,799.999871,0.949992484,0.050007313,0,196.5165806,4.99918,1775.264516,7584.775484,37.659,39.796,38.59654839,39.504,40.562,755.2451613,39.76,0,45.20000005,0,196.50116,-2.345615393,-10.7861538,1775.038,15,1745919350,12:35:49,1745919350,1745919304,9,0.356,0.028,0.017,-0.058,420,6,2.05,0.68,-1.4304905,0.033685779,0.116251684,1,196.6934706,-2.766325449,0.440357892,0,0.3699305,-0.152909448,0.015468159,0,1,3,01-Mar,3.21928,2.66769,0.101515,0.102744,0.0426338,0.041182,26585.4,24387.9,28108.7,24908.7,34517.9,25250,40060.9,27704,1.9276,1.4672,0.1885,0,28.4118,999.9,8.5,41,6.58196,30.0164,21.1659,1,0.21687,0,20.2673,5.22927,11.9069,4.9596,3.292,9999,9999,9999,999.9,4.97272,1.85516,1.85727,1.85745,1.85684,1.85654,1.85181,1.85376,0,0,0,0,11111111,oooooooo,on,on,on,on,0,100,100,0.017,-0.0534,-1.235618996,0.00151024,1.49E-06,5.40E-12,-0.047797383,-0.011177753,0.001682567,-2.18E-05,3,2244,0,20,30.7,0.5,1.04004,2.60254,1.59424,2.09595,1.50269,2.53662,43.5627,24.0087,18,616.266,364.028,31.2904,30.6372,30.0001,30.7634,30.8591,20.9103,-30,-30,-999.9,420,0,100.119,74.6953
288,1745919381,12879.5,20250429 12:36:20,12:36:20,15,C,6,21%,5561.37,1745919373,0.000811299,0.811299477,2.022721586,419.196,240.7190552,24.31821201,42.34852613,0.020633789,1.998647564,0.020516173,0.012833119,98.0703212,32.49311463,31.27572258,4.582789284,14.51722249,0.69218618,4.768034522,3.890603104,-35.77830691,75.22972375,8.504736315,146.0264744,15.70785714,0.031713795,46.26790024,22.90407434,23.3638259,2.920478238,6.106850563,32.62518432,0.782818762,,,0,0,1,0,26402,RECT-12807-20250324-17_57_43,10114.7,315.2007692,539.79,0.416067787,-0.222077465,MPF-15187-20250429-12_36_18,10137.7,193.88532,291.3529023,0.334534448,0.5,505.2057788,2.022721586,84.50436815,0.004443336,0.85270164,210.4256426,DARK-15188-20250429-12_36_25,148.63,148.63,0.489862641,0.6829148,0.635129097,-4.087056618,1.106184374,0.523513728,0.476486272,15187,290,270.62,125,10137.7,269.89,0.73,300,23.9,291.3529023,3.167206531,-21.75780078,2.806552248,0.682183963,-0.007877428,290,268.47,705,10122.9,269.86,-1.39,None,None,None,None,None,None,None,None,None,None,None,None,None,600,505.2057788,0.841993471,0.163447398,2,0.5,0: Broadleaf,2,1745919373,419.196,419.9836129,6.851753871,6.583170968,419.1808387,6.903684516,599.994,100.9637419,0.059469471,31.97390323,31.27572258,999.9,0,0,4995.967742,0,142.2586452,-0.787594613,422.0880323,422.7667419,0.268582613,419.9836129,6.583170968,0.691778677,0.664661645,1.661294516,1.104335065,600.0115161,0.932989,0.0670111,0,193.8576774,4.99918,1351.289032,5645.270968,37.43119355,39.766,38.544,39.5,40.423,555.1396774,39.87,0,43.79999995,0,193.88532,-0.442615404,2.180769254,1351.28,15,1745919350,12:35:49,1745919350,1745919304,9,0.356,0.028,0.017,-0.058,420,6,2.05,0.68,-0.781602425,-0.020219516,0.140009125,1,193.8775882,-0.361222322,0.42523005,1,0.271762325,-0.093618135,0.010040667,1,3,3,03-Mar,3.21949,2.66806,0.101554,0.102739,0.0437584,0.0427876,26584.2,24386.5,28108.6,24907.2,34476.4,25206.7,40059.9,27703,1.9274,1.4674,0.173241,0,28.4409,999.9,8.8,40.9,6.77894,29.8764,21.23,1,0.216646,0,20.2693,5.22807,11.9069,4.96,3.292,9999,9999,9999,999.9,4.97269,1.85516,1.85721,1.85745,1.85684,1.85663,1.85187,1.85379,0,0,0,0,11111111,oooooooo,on,on,on,on,0,100,100,0.015,-0.0515,-0.879881724,0.00151024,1.49E-06,5.40E-12,-0.047797383,-0.011177753,0.001682567,-2.18E-05,3,2244,0,20,0.5,1.3,1.04004,2.60254,1.59424,2.09595,1.50269,2.49634,43.59,23.9999,18,616.041,364.086,31.3145,30.6345,30.0001,30.7553,30.8511,20.913,-30,-30,-999.9,420,0,100.117,74.6917
289,1745919420,12919,20250429 12:37:00,12:37:00,15,C,6,21%,5561.37,1745919412,0.000607444,0.607444258,1.670841439,419.3629667,227.6437067,22.99754626,42.3658504,0.015641988,2.000836078,0.015574369,0.009740032,82.09594984,32.373821,31.16296667,4.553467891,15.0682846,0.715997742,4.751687144,3.837470149,-26.78829179,80.93236887,9.131614029,145.371641,15.70785714,0.031713795,42.83751692,20.82226618,22.01525074,2.751906343,5.643324392,32.62518432,0.782818762,,,0,0,1,0,24768,RECT-12807-20250324-17_57_43,10114.7,315.2007692,539.79,0.416067787,-0.222077465,MPF-15189-20250429-12_36_57,10133.6,195.7071154,309.7399029,0.368156593,0.5,421.2041011,1.670841439,77.53453351,0.004494066,0.742720247,219.8515366,DARK-15190-20250429-12_37_05,149.69,149.69,0.516723552,0.712482704,0.589720833,-20.88181267,1.024314907,0.54495482,0.45504518,15189,290,289.13,205,10133.6,287.08,2.05,300,23.9,309.7399029,2.877407021,-22.96532222,2.545951507,0.743979751,-0.007961875,290,284.6,645,10126.3,287.06,-2.46,None,None,None,None,None,None,None,None,None,None,None,None,None,500,421.2041011,0.842375967,0.164185617,2,0.5,0: Broadleaf,2,1745919412,419.3629667,420.0048333,7.087381333,6.886333,419.3473667,7.137157667,599.9941,100.9647333,0.05956725,31.91325,31.16296667,999.9,0,0,5004.833333,0,139.2135667,-0.641902667,422.3562667,422.9172333,0.201048233,420.0048333,6.886333,0.715575167,0.6952764,2.134270667,1.731625333,500.0191333,0.9200044,0.079995507,0,195.6729667,4.99918,1159.619333,4676.567,37.2331,39.7227,38.4475,39.5,40.28926667,455.4193333,39.601,0,37.20000005,0,195.7071154,-11.42970938,-48.85948717,1159.682308,15,1745919350,12:35:49,1745919350,1745919304,9,0.356,0.028,0.017,-0.058,420,6,2.05,0.68,-0.62670678,0.145227554,0.134350009,1,196.6463824,-18.65776928,2.059161152,0,0.206310805,-0.099547902,0.010907429,1,2,3,02-Mar,3.21953,2.6675,0.101564,0.102759,0.0450029,0.0444328,26583.5,24386.7,28108.1,24907.8,34432.1,25163.7,40060.7,27703.4,1.928,1.468,0.165552,0,28.4483,999.9,9.1,40.9,7.00949,29.8864,21.278,1,0.216646,0,20.27,5.22807,11.9069,4.9604,3.292,9999,9999,9999,999.9,4.97275,1.85516,1.85724,1.85745,1.85684,1.85657,1.85181,1.85379,0,0,0,0,11111111,oooooooo,on,on,on,on,0,100,100,0.015,-0.0493,-0.879881724,0.00151024,1.49E-06,5.40E-12,-0.047797383,-0.011177753,0.001682567,-2.18E-05,3,2244,0,20,1.2,1.9,1.04004,2.60132,1.59424,2.09717,1.50269,2.46826,43.59,23.9999,18,616.427,364.352,31.3308,30.6318,30.0001,30.7501,30.8432,20.9124,-30,-30,-999.9,420,0,100.118,74.6932
290,1745919460,12958.5,20250429 12:37:39,12:37:39,15,C,6,21%,5561.1,1745919452,0.00044897,0.448969701,0.926428932,419.6322333,271.6515281,27.443455,42.39312913,0.01172722,2.000961222,0.01168917,0.00730914,66.12751588,32.24957383,31.04872,4.52392562,15.71963268,0.74485765,4.738390937,3.77906797,-19.7995638,87.92562656,9.912049776,144.1656284,15.70785714,0.031713795,39.47523511,17.71640555,21.75882956,2.719853694,5.320609948,32.62518432,0.782818762,,,0,0,1,0,25359,RECT-12807-20250324-17_57_43,10114.7,315.2007692,539.79,0.416067787,-0.222077465,MPF-15191-20250429-12_37_37,10139.7,198.8522,342.410802,0.419258391,0.5,337.1873366,0.926428932,70.68431015,0.003406137,0.576439753,235.822504,DARK-15192-20250429-12_37_44,153.03,153.03,0.553080688,0.758042,0.510340258,5.275943737,0.878845336,0.583363761,0.416636239,15191,290,317.67,135,10139.7,315.22,2.45,300,23.9,342.410802,2.635272445,-27.56762928,2.328283131,0.833524878,-0.008046445,290,311.37,665,10127.1,315.19,-3.82,None,None,None,None,None,None,None,None,None,None,None,None,None,400,337.1873366,0.842962511,0.165317646,2,0.5,0: Broadleaf,2,1745919452,419.6322333,420.0038333,7.373041,7.224492,419.6158667,7.420028333,600.0167333,100.9649333,0.059548977,31.86378333,31.04872,999.9,0,0,5005.333333,0,137.8644,-0.371616567,422.7491667,423.0601333,0.1485497,420.0038333,7.224492,0.7444186,0.729420433,2.689263,2.403036333,400.0027667,0.899992367,0.10000772,0,198.9162,4.99918,968.7379333,3707.081333,37.02893333,39.687,38.3498,39.437,40.1374,355.4993333,39.5,0,37.20000005,0,198.8522,-11.56761537,-36.47738458,968.5326,15,1745919350,12:35:49,1745919350,1745919304,9,0.356,0.028,0.017,-0.058,420,6,2.05,0.68,-0.371276878,0.243358369,0.103946487,1,200.1233235,-21.61012989,2.333396158,0,0.152898585,-0.073018118,0.008415956,1,2,3,02-Mar,3.21878,2.6677,0.101615,0.102756,0.0465204,0.0462132,26581.8,24385.9,28107.9,24906.9,34376.9,25115.8,40060.2,27702.4,1.9276,1.4678,0.157326,0,28.4629,999.9,9.4,40.9,7.24163,29.6464,21.4263,1,0.216667,0,20.2711,5.22687,11.9057,4.96,3.292,9999,9999,9999,999.9,4.97269,1.85519,1.85718,1.85745,1.85684,1.85654,1.85181,1.8537,0,0,0,0,11111111,oooooooo,on,on,on,on,0,100,100,0.016,-0.0463,-0.879881724,0.00151024,1.49E-06,5.40E-12,-0.047797383,-0.011177753,0.001682567,-2.18E-05,3,2244,0,20,1.8,2.6,1.04126,2.60742,1.59424,2.09595,1.50269,2.37915,43.59,24.0087,18,616.082,364.218,31.3437,30.6318,30.0001,30.7447,30.838,20.9123,-30,-30,-999.9,420,0,100.116,74.6904
291,1745919499,12998,20250429 12:38:19,12:38:19,15,C,6,21%,5561.37,1745919491,0.000312667,0.312666596,0.776757387,419.6896667,249.4990725,25.20561335,42.39909735,0.008302355,1.999864382,0.008283254,0.005178746,49.58873811,32.10508862,30.92349667,4.49173687,16.46841609,0.777822291,4.723115366,3.713914579,-13.78859688,95.23519979,10.73232574,141.7676668,15.70785714,0.031713795,34.30780965,15.59480628,18.71300337,2.339125421,4.546375471,32.62518432,0.782818762,,,0,0,1,0,25247,RECT-12807-20250324-17_57_43,10114.7,315.2007692,539.79,0.416067787,-0.222077465,MPF-15193-20250429-12_38_17,10131.6,207.9964615,400.6086987,0.480798939,0.5,252.8907839,0.776757387,60.79481025,0.003949669,0.347424561,262.0400727,DARK-15194-20250429-12_38_24,163.67,163.67,0.591446715,0.812920128,0.370044936,2.255203216,0.619714938,0.639677407,0.360322593,15193,290,366.38,135,10131.6,363.97,2.41,300,23.9,400.6086987,2.644526813,-37.11802536,2.33080681,0.900569815,-0.008123259,290,356.69,625,10120.8,363.93,-7.24,None,None,None,None,None,None,None,None,None,None,None,None,None,300,252.8907839,0.842949143,0.165291845,2,0.5,0: Broadleaf,2,1745919491,419.6896667,419.9923333,7.699314333,7.595892333,419.6732333,7.742883667,599.987,100.9655667,0.05931129,31.80680333,30.92349667,999.9,0,0,5000.833333,0,138.4035333,-0.302630633,422.9460667,423.207,0.103421597,419.9923333,7.595892333,0.777366,0.766924,3.300419667,3.109205667,300.0071667,0.900022033,0.099978013,0,207.9309667,4.99918,793.7669333,2768.657667,36.7998,39.5956,38.2206,39.375,39.979,265.5146667,29.492,0,37.20000005,0,207.9964615,-10.78892308,-30.37548713,793.7573462,15,1745919350,12:35:49,1745919350,1745919304,9,0.356,0.028,0.017,-0.058,420,6,2.05,0.68,-0.315064195,0.231149875,0.121052627,1,209.3365294,-21.31685256,2.308500446,0,0.108185532,-0.070298588,0.008397547,1,2,3,02-Mar,3.21992,2.66788,0.101594,0.102743,0.0482228,0.0481308,26581.4,24386.5,28106.8,24907.1,34315.3,25065.1,40060.1,27702.3,1.9268,1.4682,0.148416,0,28.4702,999.9,9.8,40.9,7.5496,29.7764,21.1498,1,0.216667,0,20.2721,5.22448,11.9057,4.9608,3.292,9999,9999,9999,999.9,4.97275,1.85516,1.85721,1.85745,1.85684,1.85654,1.85181,1.85379,0,0,0,0,11111111,oooooooo,on,on,on,on,0,100,100,0.016,-0.0427,-0.879881724,0.00151024,1.49E-06,5.40E-12,-0.047797383,-0.011177753,0.001682567,-2.18E-05,3,2244,0,20,2.5,3.3,1.04004,2.60254,1.59424,2.09717,1.50269,2.52686,43.6173,24.0087,18,615.468,364.41,31.3575,30.6318,30.0001,30.7421,30.8353,20.9115,-30,-30,-999.9,420,0,100.115,74.6906
292,1745919539,13037.5,20250429 12:38:58,12:38:58,15,C,6,21%,5561.37,1745919531,0.000215726,0.215726158,0.459440678,419.8175,273.0340194,27.58329069,42.41210734,0.005830791,1.999127434,0.005821359,0.003639195,33.04848621,31.94151933,30.80032,4.460269037,17.29967589,0.814241878,4.706688629,3.646027159,-9.51352357,101.8524588,11.47183355,136.859255,15.70785714,0.031713795,26.61269857,12.18359136,14.42910721,1.803638401,3.479108626,32.62518432,0.782818762,,,0,0,1,0,25721,RECT-12807-20250324-17_57_43,10114.7,315.2007692,539.79,0.416067787,-0.222077465,MPF-15195-20250429-12_38_56,10118.7,226.9105,509.0525724,0.554249379,0.5,168.5823855,0.459440678,46.71834127,0.004042641,0.060381637,304.4656799,DARK-15196-20250429-12_39_03,176.02,176.02,0.65422039,0.847190623,0.084496873,1.455452401,0.136860648,0.657186395,0.342813605,15195,290,459.43,215,10118.7,456.8,2.63,300,23.9,509.0525724,2.41729572,-52.8704714,2.125437694,0.956707983,-0.008199523,290,445.44,645,10112.1,456.77,-11.33,None,None,None,None,None,None,None,None,None,None,None,None,None,200,168.5823855,0.842924852,0.165244965,2,0.5,0: Broadleaf,2,1745919531,419.8175,420.0008333,8.059797333,7.988469,419.8007333,8.09931,600.0068667,100.9655333,0.059572437,31.74535,30.80032,999.9,0,0,4997.833333,0,136.6535667,-0.183415703,423.2286667,423.3830667,0.07132774,420.0008333,7.988469,0.813761333,0.806559667,3.949483,3.823082,199.9969333,0.900017367,0.09998252,0,226.9306333,4.99918,620.2136667,1830.054,36.57063333,39.5062,38.0851,39.26033333,39.8121,175.5016667,19.499,0,37.20000005,0,226.9105,0.255076937,-5.420444452,620.2633846,15,1745919350,12:35:49,1745919350,1745919304,9,0.356,0.028,0.017,-0.058,420,6,2.05,0.68,-0.184249884,0.073868998,0.135455318,1,227.0549412,-1.838502658,0.537760713,0,0.074065545,-0.060655524,0.007249849,1,2,3,02-Mar,3.21903,2.66842,0.101657,0.102739,0.0500345,0.050155,26580.3,24385.6,28107.7,24906.1,34250.1,25011.2,40060.4,27701.8,1.928,1.4684,0.141531,0,28.4702,999.9,10.2,40.9,7.85722,29.9264,21.3181,1,0.216646,0,20.273,5.22328,11.9081,4.9604,3.292,9999,9999,9999,999.9,4.97269,1.85519,1.85715,1.85745,1.85684,1.85654,1.85181,1.85379,0,0,0,0,11111111,oooooooo,on,on,on,on,0,100,100,0.017,-0.0385,-0.879881724,0.00151024,1.49E-06,5.40E-12,-0.047797383,-0.011177753,0.001682567,-2.18E-05,3,2244,0,20,3.1,3.9,1.04004,2.60376,1.59424,2.09717,1.50269,2.48169,43.6173,24.0087,18,616.348,364.498,31.3679,30.6345,30.0001,30.7421,30.8327,20.9116,-30,-30,-999.9,420,0,100.116,74.6885
293,1745919578,13077,20250429 12:39:38,12:39:38,15,C,6,21%,5561.28,1745919570,0.000135471,0.135471183,0.2591104,419.9048,288.1603883,29.11116803,42.4205397,0.003732614,1.998500172,0.003728746,0.002330813,16.50959052,31.76361845,30.67183,4.427648629,18.19933673,0.853212305,4.688150551,3.574436324,-5.974279192,108.1680084,12.1750976,130.8784173,15.70785714,0.031713795,14.97120071,7.768878002,7.202322708,0.900290339,1.828641287,32.62518432,0.782818762,,,0,0,1,0,25553,RECT-12807-20250324-17_57_43,10114.7,315.2007692,539.79,0.416067787,-0.222077465,MPF-15197-20250429-12_39_35,10113.7,245.4346923,645.2482567,0.6196275,0.5,84.28099812,0.2591104,26.11141209,0.005709328,-0.163438267,348.4563524,DARK-15198-20250429-12_39_43,179.16,179.16,0.722339428,0.857806561,-0.292427853,1.211381936,-0.469560612,0.626173187,0.373826813,15197,290,601.31,175,10113.7,599.39,1.92,300,23.9,645.2482567,2.72861606,-46.37893452,2.393529904,0.930600329,-0.008276924,290,592.57,615,10106.5,599.36,-6.79,None,None,None,None,None,None,None,None,None,None,None,None,None,100,84.28099812,0.842851871,0.165104111,2,0.5,0: Broadleaf,2,1745919570,419.9048,420.0101333,8.445624333,8.400848,419.8876667,8.480474,599.9912667,100.9644333,0.059750483,31.67577333,30.67183,999.9,0,0,4995.333333,0,132.5615667,-0.105328393,423.4812667,423.5684,0.044777363,420.0101333,8.400848,0.8527077,0.848186733,4.616223,4.540198333,99.99503,0.8999624,0.100037683,0,245.4136,4.99918,407.6965333,891.5203667,36.35183333,39.437,37.9601,39.187,39.66013333,85.49233333,9.506,0,37.20000005,0,245.4346923,19.05531623,16.73193165,407.6331923,15,1745919350,12:35:49,1745919350,1745919304,9,0.356,0.028,0.017,-0.058,420,6,2.05,0.68,-0.113721472,0.110841902,0.127531503,1,243.8951176,27.81097022,2.871837726,0,0.047943425,-0.059527716,0.007168433,1,2,3,02-Mar,3.21956,2.66788,0.101683,0.102763,0.0518933,0.0522355,26578.5,24385,28106.4,24906.1,34181.1,24956.3,40058.2,27701.8,1.928,1.4678,0.132471,0,28.4872,999.9,10.6,40.9,8.16557,29.4864,21.3782,1,0.216707,0,20.2739,5.22687,11.9069,4.96,3.292,9999,9999,9999,999.9,4.97272,1.85516,1.85718,1.85745,1.85684,1.85654,1.85181,1.85376,0,0,0,0,11111111,oooooooo,on,on,on,on,0,100,100,0.017,-0.0339,-0.879881724,0.00151024,1.49E-06,5.40E-12,-0.047797383,-0.011177753,0.001682567,-2.18E-05,3,2244,0,20,3.8,4.6,1.04004,2.60254,1.59424,2.09717,1.50269,2.4292,43.6447,24.0175,18,616.348,364.173,31.3764,30.6399,30.0001,30.7421,30.83,20.91,-30,-30,-999.9,420,0,100.111,74.6885
294,1745919618,13116.5,20250429 12:40:17,12:40:17,15,C,6,21%,5561.37,1745919610,7.53E-05,0.075349484,-0.35387107,420.0964,657.4242537,66.41609811,42.44011924,0.002113082,1.998594181,0.002111842,0.001320013,8.24211367,31.65030142,30.57685,4.403669364,19.13416706,0.893660187,4.670494326,3.510009177,-3.322912234,111.2428431,12.51063851,128.672683,15.70785714,0.031713795,7.529922659,3.653834732,3.876087927,0.484510991,0.951084204,32.62518432,0.782818762,,,0,0,1,0,25910,RECT-12807-20250324-17_57_43,10114.7,315.2007692,539.79,0.416067787,-0.222077465,RECT-15199-20250429-12_40_15,10105,242.5221154,643.48,0.623108542,0.5,42.13969265,-0.35387107,13.12880122,-0.003127541,-0.161139429,347.9400119,DARK-15200-20250429-12_40_22,173.91,173.91,0.72973519,0.853883094,-0.283398929,1.221392787,-0.46168732,0.612310381,0.387689619,15197,290,601.31,175,10113.7,599.39,1.92,300,23.9,645.2482567,2.72861606,-46.37893452,2.393529904,0.930600329,-0.008276924,290,592.57,615,10106.5,599.36,-6.79,None,None,None,None,None,None,None,None,None,None,None,None,None,50,42.13969265,0.842707447,0.164825373,2,0.5,0: Broadleaf,2,1745919610,420.0964,419.989,8.845956,8.821063,420.0789333,8.875626,600.0317,100.9654333,0.05928204,31.60928333,30.57685,999.9,0,0,4995.666667,0,129.1895,0.107595747,423.8458,423.7266,0.024891853,419.989,8.821063,0.8931357,0.890622533,5.280442333,5.239925333,50.00512667,0.899759667,0.10024035,0,242.5521,4.99918,278.8507667,422.3450667,36.11636667,39.3729,37.8058,39.0683,39.4769,40.49433333,4.513,0,37.20000005,0,242.5221154,-14.22711109,-5.162188015,278.8142308,15,1745919350,12:35:49,1745919350,1745919304,9,0.356,0.028,0.017,-0.058,420,6,2.05,0.68,0.090134734,0.486801884,0.122238675,1,242.9200588,-9.152207773,1.098496136,0,0.027002637,-0.028961471,0.005684223,1,2,3,02-Mar,3.22014,2.66719,0.10175,0.102777,0.053806,0.0543028,26577,24384.7,28107,24906.2,34112.2,24901.7,40058.5,27701.7,1.927,1.4694,0.126541,0,28.4872,999.9,11.1,40.8,8.50433,29.8764,21.1058,1,0.217195,0,20.275,5.22687,11.9057,4.96,3.292,9999,9999,9999,999.9,4.97275,1.85516,1.85715,1.85745,1.85684,1.85654,1.85181,1.85379,0,0,0,0,11111111,oooooooo,on,on,on,on,0,100,100,0.018,-0.0286,-0.879881724,0.00151024,1.49E-06,5.40E-12,-0.047797383,-0.011177753,0.001682567,-2.18E-05,3,2244,0,20,4.5,5.2,1.04004,2.60498,1.59424,2.09717,1.50269,2.38647,43.6721,24.0087,18,615.615,365.002,31.3811,30.6452,30.0001,30.7421,30.83,20.9119,-30,-30,-999.9,420,0,100.113,74.6884
,,,,,,,,,,,,,,,,,,,,,,,,,,,,,,,,,,,,,,,,,,,,,,,,,,,,,,,,,,,,,,,,,,,,,,,,,,,,,,,,,,,,,,,,,,,,,,,,,,,,,,,,,,,,,,,,,,,,,,,,,,,,,,,,,,,,,,,,,,,,,,,,,,,,,,,,,,,,,,,,,,,,,,,,,,,,,,,,,,,,,,,,,,,,,,,,,,,,,,,,,,,,,,,,,,,,,,,,,,,,,,,,,,,,,,,,,,,,,,,,,,,,,,,,,,,,,,,,,,,,,,,,,,,,,,,,,,,,,,,,,,,,,,,,,,,,,,,,
309,1745992883,0,20250430 09:01:22,9:01:22,15,D,6,21%,5556.33,1745992875,0.002585019,2.58501942,10.98467773,415.9743333,240.1359951,24.07156452,41.69784292,0.110502916,1.992969404,0.107208458,0.067293099,321.5150133,28.23650594,25.88962333,3.352282731,28.42800098,0.98757551,3.473953411,2.364707222,-113.9993564,64.82799498,6.963386556,279.3070384,14.028,0.0059,73.41713887,55.66677233,17.75036654,2.218795817,5.532151103,18.99779875,0.713219535,,,0,0,1,0,25611,RECT-12807-20250324-17_57_43,10114.7,315.2007692,539.79,0.416067787,-0.222077465,MPF-15233-20250430-09_01_18,10120.9,260.05,300.5097118,0.134636953,0.5,1681.22347,10.98467773,113.1774023,0.006665833,0.796248104,215.1607299,DARK-15234-20250430-09_01_25,166.56,166.56,0.445741707,0.302051503,0.641106792,-2.754036742,1.065413009,0.193461636,0.806538364,15233,290,285.45,285,10120.9,285.88,-0.43,300,23.9,300.5097118,2.943020946,-14.80202897,2.664267126,0.524347223,-0.006706602,290,287.22,735,10114.6,285.88,1.34,None,None,None,None,None,None,None,None,None,None,None,None,None,2000,1681.22347,0.840598426,0.160754961,2,0.5,0: Broadleaf,2,1745992875,415.9743333,419.994,9.851974,8.998859333,416.6983333,9.883974,600.0487333,100.182,0.05938409,26.49298333,25.88962333,999.9,0,0,5011.666667,0,163.0603333,-3.686920667,420.4495,423.8079333,0.853406367,419.994,8.998859333,0.987018967,0.9015231,6.726136667,5.415067667,2000.031667,0.9800026,0.01999736,0,260.2549333,4.99918,5505.542333,19220.18,39.1372,40.6164,39.63313333,40.77466667,41.26646667,1955.136667,39.89566667,0,1745992882,0,260.05,-38.67484609,-756.0530757,5501.6796,15,1745992917,9:01:56,1745992917,1745992901,1,-0.344,0.011,-0.724,-0.032,420,9,1.7,0.53,-3.662027805,-0.211647596,0.128564544,1,262.0507353,-42.26867838,4.180280467,0,0.850368024,0.071151993,0.007856499,1,2,3,02-Mar,3.22057,2.66721,0.10152,0.103181,0.0586098,0.0550972,26843.8,24531,28365.8,25050.4,34232.7,25014.3,40398.2,27850.8,1.986,1.6378,0.23523,0,22.1077,999.9,26.8,25.3,8.65898,29.33,19.1146,1,-0.112866,0,20.2677,5.22927,11.9021,4.962,3.292,9999,9999,9999,999.9,4.97211,1.85333,1.85532,1.85556,1.85526,1.85501,1.84998,1.85211,0,0,0,0,11111111,oooooooo,on,on,on,on,0,100,100,-0.724,-0.032,-1.279265332,0.00151024,1.49E-06,5.40E-12,-0.064594558,-0.011177753,0.001682567,-2.18E-05,3,2244,0,20,1173.8,1173.7,1.02051,2.48535,1.59302,2.146,1.50269,2.43896,29.3251,24.0612,18,611.675,426.663,25.2342,26.0885,29.9989,26.2239,26.2783,20.4964,-30,-30,-999.9,420,0,100.992,75.1048
310,1745992948,65,20250430 09:02:27,9:02:27,15,D,6,21%,5557.26,1745992940,0.002503455,2.503454539,10.89006662,416.0354516,237.5304946,23.81035504,41.70391608,0.107639179,1.989804993,0.104505842,0.065590072,289.5684399,28.08873136,25.88855484,3.352070609,28.7202087,1.002937401,3.492096493,2.349133208,-110.4023452,74.32106549,7.999267137,261.4864273,14.028,0.0059,67.72018101,53.51549008,14.20469093,1.775586366,4.82309954,18.99779875,0.713219535,,,0,0,1,0,25637,RECT-12807-20250324-17_57_43,10114.7,315.2007692,539.79,0.416067787,-0.222077465,MPF-15235-20250430-09_02_23,10127.7,235.7712,273.4661855,0.137841486,0.5,1513.192316,10.89006662,104.2903391,0.007343511,0.973882069,200.9336167,DARK-15236-20250430-09_02_30,159.27,159.27,0.417587956,0.330089708,0.699894393,-0.903207416,1.185826291,0.222984774,0.777015226,15235,290,265.05,255,10127.7,264.75,0.3,300,23.9,273.4661855,2.97012914,-8.828241641,2.682045248,0.278995022,-0.006875438,290,265.27,725,10120.8,264.74,0.53,None,None,None,None,None,None,None,None,None,None,None,None,None,1800,1513.192316,0.84065833,0.160870577,2,0.5,0: Broadleaf,2,1745992940,416.0354516,420.0127742,10.00523581,9.179074194,416.7702903,10.02333871,599.981129,100.1819032,0.059352471,26.58136774,25.88855484,999.9,0,0,4998.709677,0,161.9612903,-3.977283548,420.240129,423.9039032,0.826160516,420.0127742,9.179074194,1.002342903,0.919576968,6.950482903,5.700802903,1800.00871,0.977995935,0.022004026,0,235.8573226,4.99918,4526.69871,17281.94194,37.98364516,38.80816129,38.42116129,37.77393548,40.03803226,1755.509677,39.5,0,63,0,235.7712,-12.36892313,-250.7930773,4523.0472,15,1745992917,9:01:56,1745992917,1745992901,1,-0.344,0.011,-0.724,-0.032,420,9,1.7,0.53,-3.983328,0.195290882,0.132050364,1,236.7070882,-13.90727275,1.498777862,0,0.829753275,-0.072900101,0.008120579,1,2,3,02-Mar,3.2202,2.66774,0.101558,0.103184,0.0592251,0.0560157,26853.7,24538.9,28376.9,25057.9,34222.9,24997.5,40412.9,27859.3,1.9868,1.6396,0.245899,0,21.819,999.9,27.1,25.4,8.80727,29.74,19.0104,1,-0.127927,0,20.2692,5.23047,11.9021,4.962,3.292,9999,9999,9999,999.9,4.97232,1.85364,1.85562,1.8558,1.85562,1.85532,1.85028,1.85242,0,0,0,0,11111111,oooooooo,on,on,on,on,0,100,100,-0.734,-0.0179,-1.623211731,0.00151024,1.49E-06,5.40E-12,-0.053199391,-0.011177753,0.001682567,-2.18E-05,3,2244,0,20,0.5,0.8,1.02051,2.48779,1.59424,2.14233,1.50269,2.36206,29.3676,23.9649,18,611.024,427.002,25.1793,25.9258,29.999,26.11,26.1869,20.4978,-30,-30,-999.9,420,0,101.03,75.1276
311,1745992987,104.5,20250430 09:03:07,9:03:07,15,D,6,21%,5557.71,1745992979,0.002329464,2.329463982,10.70125523,416.1077667,233.3762466,23.39399533,41.71128507,0.102784809,1.989558328,0.099923329,0.062702538,257.6688404,27.79599578,25.59712667,3.294650879,29.01498669,1.007920373,3.473792298,2.286730505,-102.7293616,96.00616467,10.31484692,261.2604904,14.028,0.0059,69.11549518,53.47709777,15.63839741,1.954799677,5.016995237,18.99779875,0.713219535,,,0,0,1,0,26855,RECT-12807-20250324-17_57_43,10114.7,315.2007692,539.79,0.416067787,-0.222077465,MPF-15237-20250430-09_03_02,10136.9,232.9565385,276.4710091,0.157392526,0.5,1345.195281,10.70125523,105.8618419,0.008120258,0.952428943,202.5511494,DARK-15238-20250430-09_03_09,154.95,154.95,0.439543406,0.358081874,0.684229786,-1.123540926,1.172447094,0.238176557,0.761823443,15237,290,263.94,165,10136.9,262.96,0.98,300,23.9,276.4710091,2.8528004,-13.69414613,2.569258938,0.503624282,-0.007045496,290,263.19,855,10123.5,262.94,0.25,None,None,None,None,None,None,None,None,None,None,None,None,None,1600,1345.195281,0.840747751,0.161043159,2,0.5,0: Broadleaf,2,1745992979,416.1077667,419.9973667,10.05491667,9.286352333,416.8424667,10.07223667,600.0906667,100.1825667,0.058977503,26.49219667,25.59712667,999.9,0,0,4997.666667,0,161.7139,-3.889579667,420.3342333,423.9341667,0.7685642,419.9973667,9.286352333,1.007327667,0.930330867,7.022796333,5.868656,1599.998667,0.974997333,0.025002633,0,233.0705667,4.99918,3997.241,15341.38333,37.22893333,38.1372,37.7706,36.8122,39.35813333,1555.118667,39.88,0,37.4000001,0,232.9565385,-44.75090601,-710.5805132,3995.546923,15,1745992917,9:01:56,1745992917,1745992901,1,-0.344,0.011,-0.724,-0.032,420,9,1.7,0.53,-3.850371,-0.760197523,0.141450591,0,236.7002353,-59.84663101,6.020994744,0,0.7729588,-0.076533523,0.0081082,1,1,3,01-Mar,3.21909,2.66753,0.101582,0.103245,0.0594471,0.0565117,26859.4,24542,28383.2,25062.4,34222.4,24988.6,40421.8,27864.1,1.9874,1.6424,0.239164,0,21.6733,999.9,27.3,25.4,8.87455,29.3,18.9904,1,-0.137703,0,20.2705,5.23286,11.9021,4.9612,3.292,9999,9999,9999,999.9,4.97232,1.85379,1.85577,1.85593,1.85574,1.85547,1.85043,1.85257,0,0,0,0,11111111,oooooooo,on,on,on,on,0,100,100,-0.735,-0.0171,-1.623211731,0.00151024,1.49E-06,5.40E-12,-0.053199391,-0.011177753,0.001682567,-2.18E-05,3,2244,0,20,1.2,1.4,1.02051,2.48901,1.59424,2.14355,1.50269,2.38037,29.4739,23.9562,18,610.576,428.062,25.1432,25.8186,29.9989,26.0288,26.1162,20.4957,-30,-30,-999.9,420,0,101.052,75.1408
312,1745993027,144,20250430 09:03:46,9:03:46,15,D,6,21%,5557.71,1745993019,0.002144594,2.144594439,10.03804352,416.3337333,234.5810319,23.51487451,41.73413091,0.096693118,1.988549808,0.094155009,0.05906937,225.7829074,27.46804787,25.35203667,3.247028167,29.36332625,1.012296293,3.447485084,2.234731874,-94.57661475,108.4159888,11.63221874,251.2545002,14.028,0.0059,57.87107106,47.96039183,9.910679227,1.238834903,3.816366021,18.99779875,0.713219535,,,0,0,1,0,25093,RECT-12807-20250324-17_57_43,10114.7,315.2007692,539.79,0.416067787,-0.222077465,MPF-15239-20250430-09_03_42,10147.6,226.06688,266.2326029,0.150867033,0.5,1177.214699,10.03804352,88.80144447,0.00871559,1.027512762,197.0007515,DARK-15240-20250430-09_03_49,159.63,159.63,0.400411526,0.376779945,0.719584904,-0.820241515,1.218034347,0.26605128,0.73394872,15239,290,260.47,95,10147.6,260.17,0.3,300,23.9,266.2326029,3.401199785,-6.157131745,3.055323169,0.12666724,-0.007215745,290,261.19,655,10133.6,260.16,1.03,None,None,None,None,None,None,None,None,None,None,None,None,None,1400,1177.214699,0.840867042,0.16127339,2,0.5,0: Broadleaf,2,1745993019,416.3337333,419.9774333,10.09852333,9.390865333,417.0677,10.11515667,599.9896,100.1833333,0.05867822,26.36331667,25.35203667,999.9,0,0,4993.5,0,160.4294,-3.643714333,420.5809667,423.9589,0.707661767,419.9774333,9.390865333,1.011704667,0.940808733,7.086035667,6.030561333,1400.001,0.9709928,0.029006867,0,226.4071333,4.99918,3413.158,13400.34667,36.4706,37.5956,37.14553333,36.13306667,38.72473333,1354.541,40.462,0,37.4000001,0,226.06688,-37.97438465,-529.4730769,3408.6008,15,1745992917,9:01:56,1745992917,1745992901,1,-0.344,0.011,-0.724,-0.032,420,9,1.7,0.53,-3.629673902,-0.162119791,0.124988932,1,228.9142059,-48.35732624,4.843193853,0,0.711606317,-0.080661115,0.008642535,1,2,3,02-Mar,3.2209,2.66709,0.101645,0.103263,0.0596318,0.0570338,26865.5,24547.4,28391.3,25068,34224.9,24980.1,40432.5,27870.1,1.9904,1.642,0.231743,0,21.5457,999.9,27.4,25.5,8.95853,29.66,18.8902,1,-0.147622,0,20.2717,5.23286,11.9021,4.9616,3.292,9999,9999,9999,999.9,4.97238,1.85379,1.8558,1.85605,1.85577,1.85547,1.85043,1.85257,0,0,0,0,11111111,oooooooo,on,on,on,on,0,100,100,-0.734,-0.0166,-1.623211731,0.00151024,1.49E-06,5.40E-12,-0.053199391,-0.011177753,0.001682567,-2.18E-05,3,2244,0,20,1.8,2.1,1.02051,2.48535,1.59424,2.14478,1.50269,2.44629,29.6017,23.9649,18,611.738,427.228,25.1038,25.7045,29.9988,25.938,26.0353,20.499,-30,-30,-999.9,420,0,101.08,75.1573
313,1745993066,183.5,20250430 09:04:26,9:04:26,15,D,6,21%,5557.71,1745993058,0.001954228,1.954228399,9.704576781,416.4935333,229.0490199,22.96027119,41.75003444,0.090119519,1.988750561,0.087910752,0.05513816,193.8037152,27.10278955,25.08427667,3.195688992,29.70783864,1.014138283,3.413706043,2.181550709,-86.18147242,119.2569756,12.7662093,239.6454276,14.028,0.0059,65.63984876,49.66073976,15.979109,1.997388625,4.84195485,18.99779875,0.713219535,,,0,0,1,0,26586,RECT-12807-20250324-17_57_43,10114.7,315.2007692,539.79,0.416067787,-0.222077465,MPF-15241-20250430-09_04_21,10143.9,220.4792308,274.8200807,0.197732458,0.5,1009.188321,9.704576781,99.77464346,0.009836275,0.964157781,201.6636003,DARK-15242-20250430-09_04_28,147.63,147.63,0.46281218,0.427241257,0.675667889,-1.345713806,1.179797973,0.28607514,0.71392486,15241,290,262.52,185,10143.9,261.89,0.63,300,23.9,274.8200807,3.682503757,-13.11960356,3.298535938,0.361018383,-0.007383779,290,261.67,765,10134,261.87,-0.2,None,None,None,None,None,None,None,None,None,None,None,None,None,1200,1009.188321,0.840985595,0.161502199,2,0.5,0: Broadleaf,2,1745993058,416.4935333,419.9995667,10.11692667,9.472132,417.2271667,10.13326333,600.0228333,100.1831,0.058635113,26.19656667,25.08427667,999.9,0,0,4994.333333,0,158.9716,-3.505972667,420.7502667,424.0158667,0.6447872,419.9995667,9.472132,1.013544333,0.948948233,7.112558,6.15524,1200.006667,0.967006667,0.032993397,0,220.5343333,4.99918,2881.839667,11464.36333,35.7456,37.11216667,36.5664,35.61016667,38.10393333,1155.582667,39.424,0,37.4000001,0,220.4792308,-37.65805132,-418.2523079,2880.814615,15,1745992917,9:01:56,1745992917,1745992901,1,-0.344,0.011,-0.724,-0.032,420,9,1.7,0.53,-3.462862439,-0.553079582,0.127494243,0,223.1656176,-44.61297174,4.421389594,0,0.652049659,-0.131612488,0.013413777,0,0,3,0/3,3.22031,2.66677,0.101686,0.103277,0.0597413,0.0574321,26871.5,24551.4,28398.5,25072,34229.5,24973.5,40442.5,27874.5,1.9922,1.643,0.220239,0,21.4253,999.9,27.6,25.5,9.02518,29.28,19.0946,1,-0.15752,0,20.2733,5.23047,11.9021,4.9612,3.292,9999,9999,9999,999.9,4.97232,1.85388,1.85593,1.85608,1.85577,1.85556,1.85053,1.85257,0,0,0,0,11111111,oooooooo,on,on,on,on,0,100,100,-0.733,-0.0162,-1.623211731,0.00151024,1.49E-06,5.40E-12,-0.053199391,-0.011177753,0.001682567,-2.18E-05,3,2244,0,20,2.5,2.8,1.02051,2.49023,1.59424,2.14478,1.50269,2.32056,29.7083,23.9649,18,611.982,427.151,25.057,25.5891,29.9988,25.8423,25.95,20.4983,-30,-30,-999.9,420,0,101.105,75.1692
314,1745993106,223,20250430 09:05:05,9:05:05,15,D,6,21%,5558.07,1745993098,0.001743297,1.743297179,9.234116397,416.7032,222.5378163,22.30727118,41.77047946,0.082267028,1.991869884,0.080424985,0.05042768,161.9007558,26.73891195,24.81755667,3.145255833,30.11383523,1.017555949,3.379031405,2.127699884,-76.87940561,129.5429364,13.81505728,228.3793438,14.028,0.0059,63.55540861,47.71136536,15.84404325,1.980505407,4.703054544,18.99779875,0.713219535,,,0,0,1,0,24585,RECT-12807-20250324-17_57_43,10114.7,315.2007692,539.79,0.416067787,-0.222077465,MPF-15243-20250430-09_05_01,10147.8,215.2004231,279.0421456,0.228788818,0.5,841.1774602,9.234116397,96.22599826,0.011241616,0.934438967,203.9277782,DARK-15244-20250430-09_05_08,150.91,150.91,0.459185638,0.498249071,0.670509809,-1.76560157,1.16099892,0.34939879,0.65060121,15243,290,265.33,75,10147.8,265.2,0.13,300,23.9,279.0421456,2.221864092,-14.04740215,1.982923335,0.641878351,-0.00754939,290,265.86,665,10131.7,265.18,0.68,None,None,None,None,None,None,None,None,None,None,None,None,None,1000,841.1774602,0.841193723,0.161903886,2,0.5,0: Broadleaf,2,1745993098,416.7032,420.0234333,10.15116,9.575951333,417.4363,10.16694667,599.9912,100.1819,0.05846164,26.02389,24.81755667,999.9,0,0,5007.166667,0,156.1556,-3.320195667,420.9766667,424.0843333,0.575206267,420.0234333,9.575951333,1.016961,0.959335833,7.161667333,6.31299,999.9806667,0.9600091,0.03999067,0,215.3338333,4.99918,2378.28,9523.745333,36.04973333,38.0122,37.01433333,36.556,38.50803333,955.1913333,39.79,0,37.4000001,0,215.2004231,-35.0494701,-301.9685472,2377.524615,15,1745992917,9:01:56,1745992917,1745992901,1,-0.344,0.011,-0.724,-0.032,420,9,1.7,0.53,-3.278679756,-0.733628571,0.144738646,0,217.6469118,-40.45532467,4.002239244,0,0.582167073,-0.103714955,0.010881199,0,0,3,0/3,3.22047,2.66666,0.101774,0.103286,0.0599333,0.0579453,26877.3,24555.5,28407,25076.1,34231.7,24964.9,40453.2,27880.3,1.9944,1.6436,0.209957,0,21.3358,999.9,27.8,25.5,9.08963,29.52,19.1186,1,-0.166585,0,20.277,5.22927,11.9021,4.9616,3.292,9999,9999,9999,999.9,4.97232,1.85394,1.85593,1.85608,1.85593,1.85562,1.85059,1.85269,0,0,0,0,11111111,oooooooo,on,on,on,on,0,100,100,-0.732,-0.0156,-1.623211731,0.00151024,1.49E-06,5.40E-12,-0.053199391,-0.011177753,0.001682567,-2.18E-05,3,2244,0,20,3.1,3.4,1.02051,2.49146,1.59424,2.14111,1.50269,2.30713,29.7937,23.9649,18,612.471,426.808,25.003,25.4718,29.9991,25.7418,25.8589,20.4985,-30,-30,-999.9,420,0,101.133,75.1832
315,1745993145,262.5,20250430 09:05:45,9:05:45,15,D,6,21%,5558.16,1745993137,0.00154025,1.540250141,8.381333114,416.9854333,222.2903524,22.28248829,41.79881373,0.074215168,1.99036429,0.072711398,0.045577194,129.9807837,26.39260783,24.56726333,3.098562808,30.42520186,1.018771579,3.348446409,2.07979123,-67.92503123,139.8206505,14.89213556,216.7685385,14.028,0.0059,62.65116578,45.13586232,17.51530346,2.189412932,4.837665343,18.99779875,0.713219535,,,0,0,1,0,25964,RECT-12807-20250324-17_57_43,10114.7,315.2007692,539.79,0.416067787,-0.222077465,MPF-15245-20250430-09_05_40,10142.1,209.4081154,291.0657532,0.280547048,0.5,673.1861585,8.381333114,94.43019471,0.012780136,0.854529412,210.2758173,DARK-15246-20250430-09_05_47,147.51,147.51,0.493207296,0.568821771,0.634047738,-3.383367866,1.107462927,0.400685997,0.599314003,15245,290,274.52,135,10142.1,274.08,0.44,300,23.9,291.0657532,2.904868343,-17.22772938,2.583843184,0.613554967,-0.007715749,290,273.24,795,10127.1,274.05,-0.81,None,None,None,None,None,None,None,None,None,None,None,None,None,800,673.1861585,0.841490973,0.162477577,2,0.5,0: Broadleaf,2,1745993137,416.9854333,419.9933,10.16327667,9.655077667,417.7177,10.17887,599.9996667,100.1819,0.05856499,25.87029,24.56726333,999.9,0,0,5001,0,157.8333,-3.007885667,421.2669,424.0879333,0.5082073,419.9933,9.655077667,1.018177667,0.967264033,7.179117333,6.43238,799.9921333,0.9499915,0.050008293,0,209.4840333,4.99918,1901.626333,7584.698333,36.65186667,39.1081,37.70806667,37.95386667,39.2227,755.2363333,39.759,0,37.4000001,0,209.4081154,-26.618906,-207.631795,1901.138846,15,1745992917,9:01:56,1745992917,1745992901,1,-0.344,0.011,-0.724,-0.032,420,9,1.7,0.53,-2.99552925,-0.203858724,0.130198288,1,211.0158529,-30.82974792,3.065795234,0,0.513194075,-0.11103752,0.011204899,0,1,3,01-Mar,3.21979,2.66699,0.101852,0.103309,0.0599638,0.0583336,26881.2,24559,28413.2,25079.8,34236.8,24958.5,40460.4,27884.7,1.9946,1.6462,0.198931,0,21.2535,999.9,27.9,25.6,9.17587,29.44,19.0865,1,-0.17561,0,20.2787,5.23406,11.9021,4.9616,3.292,9999,9999,9999,999.9,4.97241,1.85394,1.85593,1.85608,1.85593,1.85559,1.85059,1.85272,0,0,0,0,11111111,oooooooo,on,on,on,on,0,100,100,-0.732,-0.0156,-1.623211731,0.00151024,1.49E-06,5.40E-12,-0.053199391,-0.011177753,0.001682567,-2.18E-05,3,2244,0,20,3.8,4.1,1.02051,2.49023,1.59424,2.14478,1.50269,2.47925,29.9006,23.9824,18,611.548,427.592,24.945,25.3597,29.9992,25.6443,25.7679,20.5013,-30,-30,-999.9,420,0,101.153,75.1947
316,1745993185,302,20250430 09:06:24,9:06:24,15,D,6,21%,5558.16,1745993177,0.001343377,1.343376643,7.688882474,417.2565667,217.9521837,21.84756957,41.82587995,0.066179756,1.991138321,0.064981612,0.040719349,98.06812213,26.06564535,24.31062333,3.05131605,30.73387618,1.021127495,3.322481971,2.030188555,-59.24290994,153.3233633,16.29212456,208.4407,14.028,0.0059,55.94536801,41.05406136,14.89130665,1.861413331,4.206816647,18.99779875,0.713219535,,,0,0,1,0,24846,RECT-12807-20250324-17_57_43,10114.7,315.2007692,539.79,0.416067787,-0.222077465,MPF-15247-20250430-09_06_20,10137,205.92292,308.6840483,0.332900676,0.5,505.1969784,7.688882474,84.0902078,0.015659159,0.748681226,219.3190623,DARK-15248-20250430-09_06_27,156.27,156.27,0.49375421,0.674223469,0.602591655,-15.7688399,1.029016177,0.511652134,0.488347866,15247,290,293.67,215,10137,293.77,-0.1,300,23.9,308.6840483,2.405718815,-15.11877708,2.132880001,0.642153697,-0.007882542,290,294,635,10130.9,293.76,0.24,None,None,None,None,None,None,None,None,None,None,None,None,None,600,505.1969784,0.841992999,0.163446489,2,0.5,0: Broadleaf,2,1745993177,417.2565667,420.0062333,10.18680667,9.743598333,417.9880667,10.20201,600.0302,100.1819667,0.058229153,25.73893,24.31062333,999.9,0,0,5004.166667,0,166.773,-2.749722667,421.5508333,424.1389667,0.443202667,420.0062333,9.743598333,1.020534333,0.9761333,7.212881333,6.564922333,600.0014,0.933006133,0.06699382,0,206.0765,4.99918,1454.227667,5645.205667,37.1123,39.92466667,38.28933333,39.12686667,39.7852,555.141,39.86,0,37.4000001,0,205.92292,-22.48969228,-118.36,1453.2376,15,1745992917,9:01:56,1745992917,1745992901,1,-0.344,0.011,-0.724,-0.032,420,9,1.7,0.53,-2.766710488,-0.076277561,0.116958655,1,207.2628529,-24.39326203,2.431091865,0,0.449467854,-0.131229324,0.01350374,0,1,3,01-Mar,3.22097,2.66669,0.101891,0.103371,0.0600846,0.0587378,26887,24562.2,28420.2,25084.4,34241.2,24951.4,40470.6,27888.8,1.9972,1.6476,0.187725,0,21.1783,999.9,28.1,25.6,9.24266,29.38,19.0304,1,-0.184695,0,20.2804,5.23406,11.9021,4.9616,3.292,9999,9999,9999,999.9,4.97235,1.85394,1.85593,1.85611,1.85593,1.85562,1.85056,1.85272,0,0,0,0,11111111,oooooooo,on,on,on,on,0,100,100,-0.732,-0.0152,-1.623211731,0.00151024,1.49E-06,5.40E-12,-0.053199391,-0.011177753,0.001682567,-2.18E-05,3,2244,0,20,4.5,4.7,1.02051,2.49512,1.59424,2.14478,1.50269,2.37671,29.9861,23.9737,18,612.292,427.673,24.883,25.2457,29.999,25.5421,25.6733,20.4995,-30,-30,-999.9,420,0,101.178,75.2072
317,1745993224,341.5,20250430 09:07:04,9:07:04,15,D,6,21%,5558.16,1745993216,0.001162843,1.162842577,6.924152035,417.5160667,214.2438694,21.47564338,41.85149465,0.058191112,1.987791215,0.057261044,0.035870477,82.094699,25.8981949,24.13623667,3.019572407,31.0350159,1.025007744,3.302745994,1.994564663,-51.28135763,160.9891086,17.11180873,208.9142587,14.028,0.0059,51.5929069,37.56395982,14.02894708,1.753618385,3.908586115,18.99779875,0.713219535,,,0,0,1,0,26634,RECT-12807-20250324-17_57_43,10114.7,315.2007692,539.79,0.416067787,-0.222077465,MPF-15249-20250430-09_06_59,10139.3,208.5002308,329.7867933,0.367772649,0.5,421.1978237,6.924152035,77.45251966,0.016966445,0.636784768,229.765109,DARK-15250-20250430-09_07_06,152.88,152.88,0.536427768,0.685595846,0.542770171,8.315258624,0.935054659,0.502703966,0.497296034,15249,290,316.76,165,10139.3,315.38,1.38,300,23.9,329.7867933,2.518144497,-14.60306479,2.228727316,0.605251904,-0.007965737,290,314.86,825,10124.8,315.36,-0.5,None,None,None,None,None,None,None,None,None,None,None,None,None,500,421.1978237,0.842375936,0.164185556,2,0.5,0: Broadleaf,2,1745993216,417.5160667,419.9860667,10.22561333,9.841945,418.2468,10.24020667,599.9722667,100.1812333,0.05801011,25.63848,24.13623667,999.9,0,0,4990.5,0,174.6039667,-2.470069667,421.8295,424.1607,0.383672933,419.9860667,9.841945,1.024414667,0.985978933,7.268336,6.710808667,500.0117,0.920005367,0.079994697,0,208.6066,4.99918,1247.739667,4676.497333,37.52686667,40.6101,38.83523333,40.14136667,40.26223333,455.4143333,39.6,0,37.4000001,0,208.5002308,-28.165812,-130.6499146,1247.431923,15,1745992917,9:01:56,1745992917,1745992901,1,-0.344,0.011,-0.724,-0.032,420,9,1.7,0.53,-2.46931225,0.191523715,0.110100736,1,209.7682941,-26.4231933,2.652950428,0,0.3877086,-0.099087827,0.010017479,1,2,3,02-Mar,3.22077,2.66664,0.101999,0.103378,0.0603198,0.0592522,26890.8,24566.1,28427.1,25088.1,34240.1,24942.3,40479.3,27894,1.9986,1.649,0.182688,0,21.0972,999.9,28.3,25.7,9.3636,29.39,19.2268,1,-0.193354,0,20.2815,5.23286,11.9021,4.9616,3.292,9999,9999,9999,999.9,4.97238,1.85394,1.85599,1.85611,1.85593,1.85562,1.85059,1.85272,0,0,0,0,11111111,oooooooo,on,on,on,on,0,100,100,-0.73,-0.0144,-1.623211731,0.00151024,1.49E-06,5.40E-12,-0.053199391,-0.011177753,0.001682567,-2.18E-05,3,2244,0,20,5.1,5.4,1.02051,2.49146,1.59424,2.14355,1.50269,2.44385,30.0718,23.9737,18,612.189,427.73,24.8189,25.1367,29.9988,25.4416,25.5766,20.5058,-30,-30,-999.9,420,0,101.201,75.2198
318,1745993264,381,20250430 09:07:43,9:07:43,15,D,6,21%,5558.16,1745993256,0.001028372,1.028371765,6.283789836,417.7452667,212.3788611,21.28861473,41.8743089,0.052121498,1.990841682,0.051375117,0.032175617,66.12788089,25.71186092,23.99104333,2.993363483,31.28719256,1.027128877,3.282905218,1.966234606,-45.35119484,165.9243483,17.58750045,204.2885348,14.028,0.0059,47.7648633,34.58031276,13.18455054,1.648068818,3.634230717,18.99779875,0.713219535,,,0,0,1,0,25697,RECT-12807-20250324-17_57_43,10114.7,315.2007692,539.79,0.416067787,-0.222077465,MPF-15251-20250430-09_07_39,10133.3,212.22484,368.880387,0.424678439,0.5,337.1906812,6.283789836,71.59880609,0.019294327,0.46331987,248.0826532,DARK-15252-20250430-09_07_46,155.94,155.94,0.577261341,0.735677948,0.445251043,2.918343191,0.76098757,0.540566407,0.459433593,15251,290,350.16,265,10133.3,349.45,0.71,300,23.9,368.880387,2.597959634,-19.69036387,2.295471245,0.724357021,-0.008049007,290,348.11,775,10124.9,349.43,-1.32,None,None,None,None,None,None,None,None,None,None,None,None,None,400,337.1906812,0.842962092,0.165316837,2,0.5,0: Broadleaf,2,1745993256,417.7452667,419.9830333,10.24681333,9.907539667,418.4754,10.26105333,600.0078,100.181,0.057859047,25.53696667,23.99104333,999.9,0,0,5003,0,176.2206667,-2.237756667,422.0700333,424.1856667,0.339277567,419.9830333,9.907539667,1.026536667,0.992546867,7.298553,6.807422,400.0069333,0.900008467,0.099991773,0,212.3833,4.99918,1045.289667,3707.138333,37.88946667,41.19146667,39.30186667,40.98103333,40.6831,355.5103333,39.495,0,37.4000001,0,212.22484,-22.07815382,-85.49384617,1044.6088,15,1745992917,9:01:56,1745992917,1745992901,1,-0.344,0.011,-0.724,-0.032,420,9,1.7,0.53,-2.204110976,-0.553637979,0.130384793,0,213.1207647,-17.01185637,1.852910716,0,0.345215415,-0.139928843,0.014314418,0,0,3,0/3,3.22082,2.66654,0.102045,0.103414,0.0603919,0.0595709,26896.2,24570.3,28434,25093.1,34244.9,24938.9,40487.9,27899.6,2.0002,1.6496,0.176996,0,21.0215,999.9,28.4,25.7,9.39556,29.39,19.1426,1,-0.201301,0,20.2823,5.22927,11.9021,4.962,3.292,9999,9999,9999,999.9,4.97238,1.854,1.85596,1.8562,1.85593,1.85562,1.85059,1.85272,0,0,0,0,11111111,oooooooo,on,on,on,on,0,100,100,-0.73,-0.0142,-1.623211731,0.00151024,1.49E-06,5.40E-12,-0.053199391,-0.011177753,0.001682567,-2.18E-05,3,2244,0,20,5.8,6,1.02051,2.49512,1.59302,2.14355,1.50269,2.46094,30.1361,23.9824,18,612.226,427.343,24.7538,25.0275,29.9991,25.3403,25.4806,20.5052,-30,-30,-999.9,420,0,101.224,75.2348
319,1745993303,420.5,20250430 09:08:23,9:08:23,15,D,6,21%,5558.16,1745993295,0.000866325,0.866324948,5.691310467,417.9687,201.5595829,20.20436068,41.89724073,0.044531092,1.989026641,0.043984551,0.02753889,49.59098636,25.54909584,23.84176,2.96662387,31.5819534,1.031657481,3.266604404,1.93496639,-38.2049302,172.7946537,18.31094005,202.4916499,14.028,0.0059,40.95317887,30.7298063,10.22337257,1.277921572,2.972086895,18.99779875,0.713219535,,,0,0,1,0,25525,RECT-12807-20250324-17_57_43,10114.7,315.2007692,539.79,0.416067787,-0.222077465,MPF-15253-20250430-09_08_18,10123.2,220.47892,427.8175616,0.484642661,0.5,252.9004054,5.691310467,61.28316275,0.023382279,0.261729411,273.4142574,DARK-15254-20250430-09_08_25,166.44,166.44,0.610955662,0.793253408,0.299912785,1.841098803,0.498565483,0.598828665,0.401171335,15253,290,404.19,265,10123.2,403.43,0.76,300,23.9,427.8175616,2.571932891,-24.68595326,2.2664902,0.80904231,-0.008124249,290,400.86,755,10115,403.41,-2.55,None,None,None,None,None,None,None,None,None,None,None,None,None,300,252.9004054,0.842949838,0.165293187,2,0.5,0: Broadleaf,2,1745993295,417.9687,419.9865333,10.29186,10.00605267,418.6982,10.30537333,599.9908,100.1823667,0.05777269,25.45316333,23.84176,999.9,0,0,4995.5,0,174.8296,-2.017867333,422.3151,424.2314,0.285800833,419.9865333,10.00605267,1.031062667,1.002430333,7.362858,6.951733333,300.0183333,0.899996233,0.100003697,0,220.5310333,4.99918,858.2695333,2768.738,38.18493333,41.7143,39.75593333,41.7143,41.04976667,265.5173333,29.5,0,37.4000001,0,220.47892,-5.593846149,-31.23238463,858.03696,15,1745992917,9:01:56,1745992917,1745992901,1,-0.344,0.011,-0.724,-0.032,420,9,1.7,0.53,-2.034245,0.471012383,0.116423132,1,219.9872647,6.121940423,1.483676402,0,0.289319275,-0.077952709,0.008382587,1,2,3,02-Mar,3.22105,2.66618,0.102136,0.103441,0.0606215,0.0600557,26900,24573.3,28440.5,25096.5,34243.4,24929.2,40496,27903.3,2.0012,1.6508,0.173151,0,20.9474,999.9,28.5,25.8,9.48544,30,19.0625,1,-0.209431,0,20.283,5.22927,11.9021,4.962,3.292,9999,9999,9999,999.9,4.97238,1.85394,1.85593,1.85617,1.85593,1.85562,1.85059,1.85272,0,0,0,0,11111111,oooooooo,on,on,on,on,0,100,100,-0.73,-0.0134,-1.623211731,0.00151024,1.49E-06,5.40E-12,-0.053199391,-0.011177753,0.001682567,-2.18E-05,3,2244,0,20,6.4,6.7,1.02051,2.49634,1.59424,2.14355,1.50269,2.40601,30.179,23.9824,18,611.867,427.304,24.6868,24.9242,29.9991,25.2427,25.3867,20.506,-30,-30,-999.9,420,0,101.245,75.2449
320,1745993343,460,20250430 09:09:02,9:09:02,15,D,6,21%,5558.16,1745993335,0.000739367,0.739366517,4.595072802,418.3413333,215.7827319,21.6311158,41.93658012,0.038498866,1.989453158,0.038089719,0.023842472,33.05365651,25.37993072,23.71285667,2.943703003,31.87454509,1.036460968,3.251688661,1.907242034,-32.60606339,178.3982621,18.88110116,197.7269564,14.028,0.0059,30.90099521,24.45577797,6.445217241,0.805652155,2.078702259,18.99779875,0.713219535,,,0,0,1,0,25297,RECT-12807-20250324-17_57_43,10114.7,315.2007692,539.79,0.416067787,-0.222077465,MPF-15255-20250430-09_08_58,10125.1,228.8654,506.0583069,0.547748951,0.5,168.6086166,4.595072802,46.17759646,0.028570012,0.066655744,303.392013,DARK-15256-20250430-09_09_05,178.95,178.95,0.646384621,0.847404059,0.093481025,1.452355041,0.150192834,0.662585766,0.337414234,15255,290,479.4,195,10125.1,478.92,0.48,300,23.9,506.0583069,2.342120606,-27.47702797,2.060368574,0.863977491,-0.008202975,290,475.85,785,10112.8,478.89,-3.04,None,None,None,None,None,None,None,None,None,None,None,None,None,200,168.6086166,0.842924933,0.165245121,2,0.5,0: Broadleaf,2,1745993335,418.3413333,419.9761,10.33929,10.09538667,419.0699,10.35202333,600.0098333,100.1873,0.057588033,25.37616,23.71285667,999.9,0,0,4997,0,169.5645667,-1.634772667,422.7119,424.2592667,0.243906767,419.9761,10.09538667,1.035864,1.011429333,7.430836333,7.082051333,200.0280333,0.900001967,0.099997913,0,228.6124333,4.99918,652.4266333,1830.337667,37.83936667,41.01433333,39.5268,40.63513333,40.6352,175.527,19.50233333,0,37.4000001,0,228.8654,24.30953849,36.63307692,652.77388,15,1745992917,9:01:56,1745992917,1745992901,1,-0.344,0.011,-0.724,-0.032,420,9,1.7,0.53,-1.664400244,0.576861951,0.150382694,0,226.8296471,34.18600461,3.509205213,0,0.248469634,-0.086185401,0.009550065,1,1,3,01-Mar,3.22087,2.66601,0.10225,0.103439,0.0608822,0.0604731,26903.3,24575.8,28447.3,25098.6,34240.9,24920.9,40504.2,27906.5,2.0032,1.6518,0.168532,0,20.8809,999.9,28.7,25.8,9.55141,29.79,19.3269,1,-0.217012,0,20.2821,5.23167,11.9021,4.9616,3.292,9999,9999,9999,999.9,4.97241,1.85397,1.85593,1.85617,1.85593,1.85562,1.85059,1.85272,0,0,0,0,11111111,oooooooo,on,on,on,on,0,100,100,-0.728,-0.0125,-1.623211731,0.00151024,1.49E-06,5.40E-12,-0.053199391,-0.011177753,0.001682567,-2.18E-05,3,2244,0,20,7.1,7.4,1.02051,2.4939,1.59424,2.14233,1.50269,2.36206,30.2434,23.9737,18,612.237,427.16,24.6216,24.8221,29.9991,25.1464,25.2928,20.5118,-30,-30,-999.9,420,0,101.267,75.2523
321,1745993382,499.5,20250430 09:09:42,9:09:42,15,D,6,21%,5558.25,1745993374,0.00063327,0.633270292,3.046891522,418.8899667,261.7648411,26.24241359,41.99450051,0.033486786,1.989944745,0.03317685,0.020763139,16.51347655,25.16976686,23.56195667,2.917067697,32.23299131,1.041266333,3.230436552,1.875801364,-27.92721987,182.8033529,19.31709623,190.7067058,14.028,0.0059,16.57324696,15.55137847,1.021868488,0.127733561,0.808974713,18.99779875,0.713219535,,,0,0,1,0,26198,RECT-12807-20250324-17_57_43,10114.7,315.2007692,539.79,0.416067787,-0.222077465,MPF-15257-20250430-09_09_37,10121.3,230.1671538,557.4725244,0.587123771,0.5,84.30297671,3.046891522,24.74814078,0.038776436,-0.031719096,321.1490279,DARK-15258-20250430-09_09_44,183.97,183.97,0.669992705,0.876313677,-0.049695139,1.350984436,-0.078732735,0.7004276,0.2995724,15257,290,537.49,195,10121.3,535.66,1.83,300,23.9,557.4725244,3.259013108,-22.0759111,2.861379617,0.680084845,-0.008282722,290,535.48,705,10111.9,535.64,-0.16,None,None,None,None,None,None,None,None,None,None,None,None,None,100,84.30297671,0.842849453,0.165099445,2,0.5,0: Broadleaf,2,1745993374,418.8899667,419.9940333,10.38650333,10.17760333,419.6169,10.39844667,599.9931333,100.1942333,0.057631957,25.26591,23.56195667,999.9,0,0,4998.666667,0,157.8644333,-1.1039458,423.2863667,424.3123333,0.208886667,419.9940333,10.17760333,1.040666667,1.019737667,7.498524667,7.201479,100.0213933,0.899999467,0.100000763,0,230.1206667,4.99918,420.0818667,891.7783,36.51853333,39.3664,38.33936667,38.32263333,39.33936667,85.52,9.5,0,37.4000001,0,230.1671538,12.45285472,3.306222231,420.0805,15,1745992917,9:01:56,1745992917,1745992901,1,-0.344,0.011,-0.724,-0.032,420,9,1.7,0.53,-1.1298316,0.803050131,0.156684576,0,229.5907941,12.13654701,1.311563947,0,0.211864475,-0.071606038,0.007704626,1,1,3,01-Mar,3.22086,2.66584,0.102357,0.103521,0.0610907,0.0608753,26905.3,24578.6,28452.3,25103.4,34239.8,24914,40511.7,27910.7,2.003,1.6526,0.162721,0,20.8249,999.9,28.8,25.9,9.64238,29.47,19.2027,1,-0.224512,0,20.2833,5.23526,11.9021,4.9616,3.292,9999,9999,9999,999.9,4.97235,1.854,1.85596,1.85617,1.85593,1.85562,1.85059,1.85275,0,0,0,0,11111111,oooooooo,on,on,on,on,0,100,100,-0.727,-0.0119,-1.623211731,0.00151024,1.49E-06,5.40E-12,-0.053199391,-0.011177753,0.001682567,-2.18E-05,3,2244,0,20,7.8,8,1.02173,2.49512,1.59424,2.13989,1.50269,2.35107,30.2864,23.9824,18,611.031,426.885,24.5553,24.7239,29.999,25.0497,25.1984,20.5146,-30,-30,-999.9,420,0,101.285,75.2652
322,1745993422,539,20250430 09:10:21,9:10:21,15,D,6,21%,5558.16,1745993414,0.000531219,0.531219292,1.657242088,419.3659667,314.415917,31.52109753,42.04264105,0.028428378,1.989431729,0.028204611,0.01764784,8.241712717,24.99569192,23.44776,2.897051226,32.65405593,1.045972596,3.203193497,1.85107863,-23.42677076,179.7463139,18.97438424,183.5356401,14.028,0.0059,8.336189036,9.099960673,-0.763771637,-0.095471455,0.246755653,18.99779875,0.713219535,,,0,0,1,0,26388,RECT-12807-20250324-17_57_43,10114.7,315.2007692,539.79,0.416067787,-0.222077465,RECT-15259-20250430-09_10_17,10115.1,232.84608,568.75,0.590600299,0.5,42.13649859,1.657242088,12.44291433,0.044600753,-0.050918681,324.859846,DARK-15260-20250430-09_10_24,185.5,185.5,0.673846154,0.876461631,-0.081740947,1.32480749,-0.128946521,0.698245092,0.301754908,15257,290,537.49,195,10121.3,535.66,1.83,300,23.9,557.4725244,3.259013108,-22.0759111,2.861379617,0.680084845,-0.008282722,290,535.48,705,10111.9,535.64,-0.16,None,None,None,None,None,None,None,None,None,None,None,None,None,50,42.13649859,0.842710028,0.164830353,2,0.5,0: Broadleaf,2,1745993414,419.3659667,419.9926667,10.43334333,10.25811,420.0916333,10.44452667,599.9736333,100.1955667,0.057301697,25.12365,23.44776,999.9,0,0,4996.5,0,145.5283,-0.6267253,423.7875,424.3457,0.1752259,419.9926667,10.25811,1.045375,1.027818,7.564615333,7.316789333,50.00118333,0.899668367,0.10033162,0,232.8678333,4.99918,299.7537667,422.2953333,35.3393,38.2581,37.25803333,36.87886667,38.24563333,40.487,4.517,0,37.4000001,0,232.84608,-2.89399999,-3.684153841,299.69616,15,1745992917,9:01:56,1745992917,1745992901,1,-0.344,0.011,-0.724,-0.032,420,9,1.7,0.53,-0.691447317,0.882284634,0.170542166,0,232.9558235,-1.578670733,0.467481832,0,0.180544098,-0.083116139,0.009229371,1,1,3,01-Mar,3.2206,2.66571,0.102514,0.103519,0.061346,0.0612616,26906.5,24581.4,28458.3,25105.9,34236.4,24906.6,40518.7,27914,2.0058,1.6532,0.160307,0,20.7588,999.9,29,25.9,9.7098,29.5,19.355,1,-0.231341,0,20.2836,5.23406,11.9021,4.9616,3.292,9999,9999,9999,999.9,4.97238,1.85407,1.85602,1.85623,1.85593,1.85562,1.85059,1.85272,0,0,0,0,11111111,oooooooo,on,on,on,on,0,100,100,-0.725,-0.011,-1.623211731,0.00151024,1.49E-06,5.40E-12,-0.053199391,-0.011177753,0.001682567,-2.18E-05,3,2244,0,20,8.4,8.7,1.02173,2.49756,1.59424,2.14111,1.50269,2.36206,30.3079,23.9737,18,611.98,426.516,24.4882,24.6268,29.9992,24.9545,25.1052,20.5165,-30,-30,-999.9,420,0,101.304,75.2735
337,1745995857,2974.1,20250430 09:50:56,9:50:56,15,D,5,21%,5557.26,1745995849,0.002170376,2.170375949,8.519572698,416.8465333,257.8670154,25.849213,41.78570421,0.095227075,1.990154617,0.092766222,0.05819469,321.4945785,26.69771079,24.62506,3.109290815,25.78264065,0.809846829,3.141054635,2.299443986,-95.71357935,18.25164892,1.934226382,245.9668745,14.028,0.0059,45.3921055,39.75148112,5.640624379,0.705078048,2.911029183,18.99779875,0.713219535,,,0,0,1,0,25755,RECT-12807-20250324-17_57_43,10114.7,315.2007692,539.79,0.416067787,-0.222077465,MPF-15293-20250430-09_50_52,10122,305.34056,333.8861777,0.085495057,0.5,1681.11519,8.519572698,71.86351913,0.005199911,0.616688669,231.7474851,DARK-15294-20250430-09_50_59,179.95,179.95,0.461043876,0.185438005,0.572209377,1.527695676,0.91680185,0.109286395,0.890713605,15293,290,325.83,225,10122,326.04,-0.21,300,23.9,333.8861777,3.265704575,-7.938563402,2.955976979,0.204826299,-0.006706757,290,325.78,765,10113.3,326.04,-0.26,None,None,None,None,None,None,None,None,None,None,None,None,None,2000,1681.11519,0.840598504,0.160755113,2,0.5,0: Broadleaf,2,1745995849,416.8465333,419.9879333,8.078883667,7.361276333,417.4375,8.126142333,600.0055,100.1847333,0.057684123,24.79517,24.62506,999.9,0,0,5000,0,107.6156667,-3.141365667,420.2417,423.1025333,0.717607833,419.9879333,7.361276333,0.809379833,0.737486567,3.872881333,2.557762333,1999.902667,0.9800001,0.020000043,0,305.6928333,4.99918,6286.337667,19218.92667,37.5414,39.68713333,38.2164,39.18306667,39.63726667,1955.005667,39.89833333,0,686.3999999,0,305.34056,-47.17692318,-874.7953859,6279.0672,15,1745994782,9:33:01,1745994782,1745994732,3,0.142,-0.003,-0.582,-0.005,420,11,1.8,0.51,-3.1249415,-0.483452533,0.126545678,1,308.5075588,-50.28267382,4.958129291,0,0.7156326,0.03703227,0.005218032,1,2,3,02-Mar,3.22052,2.66641,0.102225,0.103777,0.0502625,0.0470185,26957.9,24597,28500.3,25125.8,34691.6,25309.8,40573.2,27939.7,2.0212,1.649,0.225753,0,21.0079,999.9,20.3,27.9,7.6451,26.3791,19.9599,1,-0.290305,0,20.2662,5.23286,11.9021,4.9616,3.292,9999,9999,9999,999.9,4.97202,1.85367,1.85565,1.8559,1.85562,1.85535,1.85028,1.85242,0,0,0,0,11111111,oooooooo,on,on,on,on,0,100,100,-0.591,-0.0474,-1.481183463,0.00151024,1.49E-06,5.40E-12,-0.055858114,-0.011177753,0.001682567,-2.18E-05,3,2244,0,20,17.9,18.7,1.02783,2.51587,1.59424,2.13257,1.50269,2.46826,31.0636,24.14,18,610.499,415.259,23.2056,23.6758,30.0007,23.8419,23.9378,20.6422,-30,-30,-999.9,420,0,101.446,75.3382
338,1745995897,3014,20250430 09:51:36,9:51:36,15,D,5,21%,5557.26,1745995889,0.002124288,2.1242879,8.309399174,416.9511,257.4869327,25.8096623,41.79383775,0.092560835,1.990202776,0.090234096,0.056600486,289.5603729,26.63302889,24.66032333,3.1158522,25.25489509,0.80220067,3.176416561,2.31365153,-93.68109639,34.59932285,3.670709321,234.1493087,14.028,0.0059,29.93450351,34.03848439,-4.103980884,-0.512997611,1.041555101,18.99779875,0.713219535,,,0,0,1,0,25798,RECT-12807-20250324-17_57_43,10114.7,315.2007692,539.79,0.416067787,-0.222077465,MPF-15295-20250430-09_51_32,10129.4,287.5178077,307.2501467,0.064222391,0.5,1513.15251,8.309399174,48.58913605,0.005638213,0.756842123,218.5942456,DARK-15296-20250430-09_51_39,173.15,173.15,0.436452669,0.14714629,0.634245727,-2.481860893,1.035400729,0.088614964,0.911385036,15295,290,306.33,75,10129.4,305.39,0.94,300,23.9,307.2501467,2.721913806,-1.885741296,2.455210057,0.020633557,-0.006870925,290,306.52,675,10111.3,305.39,1.13,None,None,None,None,None,None,None,None,None,None,None,None,None,1800,1513.15251,0.840658186,0.1608703,2,0.5,0: Broadleaf,2,1745995889,416.9511,420.0160333,8.003056667,7.300652333,417.5417,8.051196333,600.0211,100.1786667,0.058118293,24.98279,24.66032333,999.9,0,0,5000.5,0,108.2710333,-3.065000333,420.3147667,423.1050333,0.7024042,420.0160333,7.300652333,0.801735967,0.731370067,3.738069667,2.440702,1799.961667,0.977999,0.0220012,0,287.7934667,4.99918,5366.304667,17281.49333,38.5081,40.49973333,38.91226667,40.3601,40.52056667,1755.471667,39.49033333,0,38,0,287.5178077,-82.27627346,-1409.989401,5360.540385,15,1745994782,9:33:01,1745994782,1745994732,3,0.142,-0.003,-0.582,-0.005,420,11,1.8,0.51,-3.040454634,-0.521513519,0.118981333,0,294.4417941,-113.247288,11.36813131,0,0.702815366,0.002145784,0.003708082,1,1,3,01-Mar,3.22017,2.66647,0.102237,0.103761,0.0498375,0.0467106,26952.9,24594.7,28495.7,25123.3,34702,25315.4,40567.4,27936.8,2.0184,1.6466,0.216514,0,21.1385,999.9,20.1,27.9,7.57052,26.4191,20.0441,1,-0.284329,0,20.2681,5.22927,11.9021,4.962,3.292,9999,9999,9999,999.9,4.97202,1.85367,1.85562,1.8559,1.85562,1.85532,1.85028,1.85242,0,0,0,0,11111111,oooooooo,on,on,on,on,0,100,100,-0.591,-0.0483,-1.481183463,0.00151024,1.49E-06,5.40E-12,-0.055858114,-0.011177753,0.001682567,-2.18E-05,3,2244,0,20,18.6,19.4,1.02783,2.51831,1.59302,2.13257,1.50269,2.37427,31.107,24.1313,18,609.221,414.349,23.2759,23.7535,30.0007,23.9036,23.9912,20.6416,-30,-30,-999.9,420,0,101.431,75.3305
339,1745995936,3053.5,20250430 09:52:16,9:52:16,15,D,5,21%,5557.26,1745995928,0.002023053,2.023053404,8.230538827,416.9635333,252.0511507,25.26301508,41.79213625,0.088239147,1.990035238,0.086121758,0.054012106,257.6654356,26.50974638,24.57803333,3.10055944,24.76831324,0.79181856,3.196901428,2.30874088,-89.21665512,54.99627616,5.835906829,229.2809635,14.028,0.0059,58.52095489,43.35700726,15.16394763,1.895493454,4.538883773,18.99779875,0.713219535,,,0,0,1,0,25668,RECT-12807-20250324-17_57_43,10114.7,315.2007692,539.79,0.416067787,-0.222077465,MPF-15297-20250430-09_52_11,10115.2,270.39112,312.2914578,0.134170618,0.5,1345.177361,8.230538827,90.24163872,0.006283644,0.728481476,221.1339634,DARK-15298-20250430-09_52_18,169.52,169.52,0.457173753,0.293478392,0.61441257,-14.40214941,1.012953922,0.183994419,0.816005581,15297,290,295.84,255,10115.2,295.06,0.78,300,23.9,312.2914578,2.653090735,-17.43122424,2.385092641,0.656073701,-0.007037127,290,293.3,875,10104.6,295.04,-1.74,None,None,None,None,None,None,None,None,None,None,None,None,None,1600,1345.177361,0.840747761,0.161043179,2,0.5,0: Broadleaf,2,1745995928,416.9635333,419.9882333,7.900038,7.231012667,417.5542667,7.949355333,599.9985667,100.1716,0.058115323,25.09064333,24.57803333,999.9,0,0,5000.166667,0,108.8866,-3.024408667,420.2839,423.0471333,0.669025767,419.9882333,7.231012667,0.7913602,0.724342767,3.553252667,2.305141667,1599.977333,0.974996633,0.02500298,0,270.9915333,4.99918,4522.188667,15341.19333,39.31633333,41.20386667,39.6206,41.3872,41.32886667,1555.097333,39.88,0,37.39999986,0,270.39112,-66.75515392,-1019.11154,4513.3436,15,1745994782,9:33:01,1745994782,1745994732,3,0.142,-0.003,-0.582,-0.005,420,11,1.8,0.51,-2.985633171,-0.401542997,0.118754903,1,276.5505588,-93.10773113,9.338980336,0,0.671560024,-0.035019889,0.004885318,1,2,3,02-Mar,3.2205,2.66627,0.102211,0.103729,0.0493329,0.0463152,26948.9,24592.5,28490.9,25120.4,34714.9,25323.7,40560.8,27934.2,2.018,1.6466,0.207871,0,21.1959,999.9,19.9,27.9,7.49485,26.3992,20.028,1,-0.279146,0,20.2697,5.23526,11.9021,4.962,3.292,9999,9999,9999,999.9,4.97198,1.85364,1.85565,1.8559,1.85562,1.85532,1.85028,1.85242,0,0,0,0,11111111,oooooooo,on,on,on,on,0,100,100,-0.591,-0.0495,-1.481183463,0.00151024,1.49E-06,5.40E-12,-0.055858114,-0.011177753,0.001682567,-2.18E-05,3,2244,0,20,19.2,20.1,1.02661,2.51953,1.59424,2.13257,1.50269,2.40845,31.1504,24.14,18,609.604,414.752,23.3457,23.8246,30.0008,23.9626,24.0448,20.6439,-30,-30,-999.9,420,0,101.414,75.3227
340,1745995976,3093,20250430 09:52:55,9:52:55,15,D,5,21%,5557.26,1745995968,0.001918266,1.918265524,7.707504933,417.1595333,254.8171941,25.53877065,41.80935154,0.083964954,1.989677614,0.082044984,0.05144696,225.8058482,26.34240361,24.46333333,3.079353079,24.34556832,0.781183725,3.208730701,2.298169354,-84.59550962,73.94127523,7.845580008,222.9971938,14.028,0.0059,54.7306515,40.69881575,14.03183575,1.753979469,4.208065336,18.99779875,0.713219535,,,0,0,1,0,25782,RECT-12807-20250324-17_57_43,10114.7,315.2007692,539.79,0.416067787,-0.222077465,MPF-15299-20250430-09_52_51,10125.1,256.95196,299.8273564,0.143000282,0.5,1177.33589,7.707504933,84.1796819,0.006735191,0.800336055,214.8107043,DARK-15300-20250430-09_52_58,162.93,162.93,0.456587278,0.31319375,0.636742142,-2.788931571,1.068451247,0.19859221,0.80140779,15299,290,286.59,175,10125.1,286.47,0.12,300,23.9,299.8273564,2.179185919,-13.52218349,1.953996466,0.631045611,-0.007205214,290,285.76,855,10109.9,286.45,-0.69,None,None,None,None,None,None,None,None,None,None,None,None,None,1400,1177.33589,0.840866917,0.16127315,2,0.5,0: Broadleaf,2,1745995968,417.1595333,419.9954667,7.794386333,7.159943,417.7496667,7.844888333,599.9949,100.1656333,0.058257533,25.15265,24.46333333,999.9,0,0,4999,0,112.5069333,-2.836081,420.4365,423.0244333,0.6344444,419.9954667,7.159943,0.780729433,0.717180033,3.361658333,2.165765667,1400.145333,0.9709995,0.029000577,0,257.4387667,4.99918,3786.91,13401.76,39.67473333,41.25393333,40.06226667,41.3414,41.68313333,1354.686,40.46033333,0,37.39999986,0,256.95196,-53.38653856,-755.813078,3780.3868,15,1745994782,9:33:01,1745994782,1745994732,3,0.142,-0.003,-0.582,-0.005,420,11,1.8,0.51,-2.80905325,-0.51900394,0.149128575,0,261.9961471,-75.00184879,7.547642316,0,0.6377707,-0.056944886,0.006693361,1,1,3,01-Mar,3.22003,2.66644,0.10221,0.103699,0.0487879,0.0459424,26945.9,24591.6,28488,25119,34733,25331.9,40558.7,27932.3,2.0172,1.6446,0.198215,0,21.2085,999.9,19.7,27.9,7.42057,26.4292,20.1402,1,-0.274939,0,20.2694,5.23286,11.9021,4.962,3.292,9999,9999,9999,999.9,4.97202,1.85373,1.85574,1.85593,1.85562,1.85535,1.85031,1.85242,0,0,0,0,11111111,oooooooo,on,on,on,on,0,100,100,-0.59,-0.0507,-1.481183463,0.00151024,1.49E-06,5.40E-12,-0.055858114,-0.011177753,0.001682567,-2.18E-05,3,2244,0,20,19.9,20.7,1.02661,2.51709,1.59424,2.13135,1.50269,2.36938,31.1722,24.14,18,609.648,414.034,23.4106,23.8888,30.0004,24.0174,24.0945,20.6427,-30,-30,-999.9,420,0,101.407,75.318
341,1745996015,3132.5,20250430 09:53:35,9:53:35,15,D,5,21%,5557.35,1745996007,0.001816708,1.816708358,7.106950103,417.3449333,260.1114462,26.0685968,41.8266745,0.080083967,1.990048434,0.078335709,0.049113713,193.8101632,26.13168735,24.30421,3.050143483,23.97246991,0.77018854,3.212804284,2.279954943,-80.11683859,93.31293782,9.892313961,216.8985764,14.028,0.0059,53.0101988,38.52385197,14.48634683,1.810793354,4.15598325,18.99779875,0.713219535,,,0,0,1,0,25660,RECT-12807-20250324-17_57_43,10114.7,315.2007692,539.79,0.416067787,-0.222077465,MPF-15301-20250430-09_53_30,10127.3,246.63612,293.9021398,0.160822306,0.5,1009.219177,7.106950103,81.15247755,0.007262077,0.836631745,211.7521654,DARK-15302-20250430-09_53_37,166.39,166.39,0.433859175,0.370678587,0.658510606,-2.219204758,1.094833708,0.250073712,0.749926288,15301,290,283.28,205,10127.3,282.1,1.18,300,23.9,293.9021398,2.73732846,-11.95347432,2.447804927,0.459950007,-0.007373664,290,281.4,715,10117.3,282.09,-0.69,None,None,None,None,None,None,None,None,None,None,None,None,None,1200,1009.219177,0.840985846,0.161502682,2,0.5,0: Broadleaf,2,1745996007,417.3449333,419.9666333,7.684911333,7.083999,417.9345333,7.736612,600.0033667,100.1626667,0.058208593,25.17395667,24.30421,999.9,0,0,5000.666667,0,125.7584,-2.621653,420.5769667,422.9629,0.600911767,419.9666333,7.083999,0.769741367,0.7095524,3.161186667,2.015984,1200.043,0.967001367,0.03299886,0,247.0423333,4.99918,3129.855333,11464.70333,38.6997,40.0268,39.38306667,39.381,40.7644,1155.611333,39.43533333,0,37.39999986,0,246.63612,-45.54815388,-549.4130777,3125.1212,15,1745994782,9:33:01,1745994782,1745994732,3,0.142,-0.003,-0.582,-0.005,420,11,1.8,0.51,-2.646224878,0.412830732,0.130927321,1,250.2484412,-61.30705883,6.155167056,0,0.603622024,-0.0599303,0.006566234,1,2,3,02-Mar,3.22034,2.66666,0.102249,0.103701,0.0482197,0.045519,26942.2,24589.9,28485.5,25117.5,34749.8,25341.7,40554.1,27930.7,2.0166,1.6442,0.188649,0,21.1959,999.9,19.4,27.9,7.30705,26.3792,20.0481,1,-0.270894,0,20.2711,5.23406,11.9021,4.9616,3.292,9999,9999,9999,999.9,4.97202,1.85379,1.85568,1.85593,1.85562,1.85541,1.85028,1.85245,0,0,0,0,11111111,oooooooo,on,on,on,on,0,100,100,-0.589,-0.0519,-1.481183463,0.00151024,1.49E-06,5.40E-12,-0.055858114,-0.011177753,0.001682567,-2.18E-05,3,2244,0,20,20.6,21.4,1.02783,2.51709,1.59424,2.13257,1.50269,2.36328,31.2156,24.14,18,609.779,414.159,23.4713,23.945,30.0004,24.0667,24.1403,20.6457,-30,-30,-999.9,420,0,101.396,75.3135
342,1745996055,3172,20250430 09:54:14,9:54:14,15,D,5,21%,5557.35,1745996047,0.001697919,1.697918552,6.866173616,417.5104667,256.8991654,25.7457991,41.84186655,0.075438569,1.98988937,0.073885008,0.046315047,161.9049516,25.8735933,24.12834,3.018141834,23.65528699,0.758481823,3.206394509,2.259660011,-74.87820814,108.574845,11.49905194,207.1006404,14.028,0.0059,54.49691189,38.37735237,16.11955952,2.014944941,4.379061449,18.99779875,0.713219535,,,0,0,1,0,25784,RECT-12807-20250324-17_57_43,10114.7,315.2007692,539.79,0.416067787,-0.222077465,MPF-15303-20250430-09_54_10,10128.9,238.40152,296.8962103,0.19702067,0.5,841.1940735,6.866173616,82.86630999,0.008426416,0.818110105,213.3019714,DARK-15304-20250430-09_54_17,161.58,161.58,0.455769409,0.43228147,0.642219375,-3.195635056,1.081502389,0.292984877,0.707015123,15303,290,282.75,275,10128.9,282.17,0.58,300,23.9,296.8962103,2.830329935,-14.91601788,2.524265635,0.554968539,-0.007543442,290,282.53,685,10123.6,282.16,0.37,None,None,None,None,None,None,None,None,None,None,None,None,None,1000,841.1940735,0.841194298,0.161904995,2,0.5,0: Broadleaf,2,1745996047,417.5104667,420.0354667,7.568355,7.006671,418.0995667,7.621301,600.0057333,100.1596333,0.057893877,25.14042,24.12834,999.9,0,0,5000.166667,0,144.1919,-2.525029333,420.6944667,422.9993333,0.5616832,420.0354667,7.006671,0.7580437,0.701785667,2.944968333,1.861997333,999.9997333,0.9599933,0.04000691,0,238.7068,4.99918,2528.268667,9523.871,37.7581,39.2309,38.65386667,38.17056667,39.94763333,955.1926667,39.81,0,37.39999986,0,238.40152,-39.47392314,-393.2200006,2524.8552,15,1745994782,9:33:01,1745994782,1745994732,3,0.142,-0.003,-0.582,-0.005,420,11,1.8,0.51,-2.48958425,-0.796982927,0.154198507,0,241.2770588,-50.04149734,4.982120898,0,0.564389475,-0.067184567,0.007088404,1,1,3,01-Mar,3.22005,2.66635,0.102255,0.103688,0.0475766,0.0451254,26940.1,24589.4,28483.6,25116.8,34770.5,25351.8,40550.8,27930.2,2.0166,1.6438,0.178486,0,21.1779,999.9,19.2,28,7.27504,26.3792,20.1082,1,-0.268049,0,20.2731,5.23167,11.9021,4.9612,3.292,9999,9999,9999,999.9,4.97205,1.85376,1.85568,1.85593,1.85562,1.85538,1.85031,1.85245,0,0,0,0,11111111,oooooooo,on,on,on,on,0,100,100,-0.59,-0.0532,-1.481183463,0.00151024,1.49E-06,5.40E-12,-0.055858114,-0.011177753,0.001682567,-2.18E-05,3,2244,0,20,21.2,22,1.02661,2.52075,1.59424,2.13623,1.50269,2.38403,31.2374,24.1488,18,610.253,414.243,23.5259,23.9901,30.0002,24.1097,24.1803,20.6393,-30,-30,-999.9,420,0,101.389,75.3118
343,1745996094,3211.5,20250430 09:54:54,9:54:54,15,D,5,21%,5557.35,1745996086,0.001581727,1.581727497,6.456179184,417.6268333,257.1984806,25.7759537,41.85378504,0.070892091,1.989649656,0.069518146,0.043570067,129.983026,25.5734678,23.94201667,2.984558687,23.39359952,0.746771505,3.192204367,2.237787182,-69.7541826,120.561612,12.7533296,193.543785,14.028,0.0059,51.36948229,36.24155735,15.12792494,1.890990618,4.092311495,18.99779875,0.713219535,,,0,0,1,0,25790,RECT-12807-20250324-17_57_43,10114.7,315.2007692,539.79,0.416067787,-0.222077465,MPF-15305-20250430-09_54_49,10140.9,229.75184,298.8023687,0.231090968,0.5,673.200977,6.456179184,77.78533281,0.009920153,0.806511783,214.28407,DARK-15306-20250430-09_54_56,158.67,158.67,0.468980113,0.49275217,0.632314314,-4.210808769,1.073015079,0.340301896,0.659698104,15305,290,286.72,145,10140.9,286.54,0.18,300,23.9,298.8023687,2.439240992,-12.43625759,2.169634216,0.539892707,-0.00771343,290,286.34,855,10125.7,286.52,-0.18,None,None,None,None,None,None,None,None,None,None,None,None,None,800,673.200977,0.841490527,0.162476718,2,0.5,0: Broadleaf,2,1745996086,417.6268333,419.9990333,7.451460333,6.928157667,418.2156333,7.505627333,600.0127333,100.16,0.058141413,25.06596667,23.94201667,999.9,0,0,4999.166667,0,158.0819333,-2.372239,420.7621333,422.9292,0.523303033,419.9990333,6.928157667,0.7463384,0.693924533,2.725639333,1.704594,800.0101667,0.9500064,0.04999386,0,230.0812667,4.99918,1972.665667,7584.908,36.86643333,38.62673333,37.97683333,37.38726667,39.21016667,755.265,39.748,0,37.39999986,0,229.75184,-33.9247693,-268.7961542,1970.372,15,1745994782,9:33:01,1745994782,1745994732,3,0.142,-0.003,-0.582,-0.005,420,11,1.8,0.51,-2.346276585,-0.197919094,0.111001557,1,232.7183824,-44.61752486,4.448806344,0,0.528155293,-0.080349031,0.008689965,1,2,3,02-Mar,3.21985,2.66642,0.102264,0.10367,0.0469958,0.0446784,26937.7,24589,28481.5,25116,34790.7,25362.8,40549.5,27929.1,2.0148,1.6424,0.168234,0,21.1564,999.9,19,28,7.19915,26.4792,20.1002,1,-0.265447,0,20.2752,5.22927,11.9021,4.9616,3.292,9999,9999,9999,999.9,4.97198,1.8537,1.85571,1.85593,1.85562,1.85538,1.85031,1.85245,0,0,0,0,11111111,oooooooo,on,on,on,on,0,100,100,-0.588,-0.0544,-1.481183463,0.00151024,1.49E-06,5.40E-12,-0.055858114,-0.011177753,0.001682567,-2.18E-05,3,2244,0,20,21.9,22.7,1.02783,2.51709,1.59424,2.13867,1.50269,2.36084,31.2809,24.1488,18,609.407,413.744,23.573,24.0297,30.0004,24.1471,24.2162,20.6432,-30,-30,-999.9,420,0,101.384,75.3092
344,1745996134,3251,20250430 09:55:33,9:55:33,15,D,5,21%,5557.26,1745996126,0.001450942,1.45094173,5.802439902,417.8567667,262.0668005,26.26373488,41.87664869,0.065672325,1.989681823,0.06449146,0.04041149,98.06650978,25.2515859,23.73935667,2.948402397,23.16847866,0.735120662,3.172934541,2.213281735,-63.9865303,131.4072556,13.87908434,179.3663194,14.028,0.0059,48.93441146,33.68656232,15.24784914,1.905981143,3.972925218,18.99779875,0.713219535,,,0,0,1,0,25798,RECT-12807-20250324-17_57_43,10114.7,315.2007692,539.79,0.416067787,-0.222077465,MPF-15307-20250430-09_55_29,10138.2,223.40508,315.5089762,0.291921635,0.5,505.1885952,5.802439902,73.73774036,0.011925284,0.710854653,222.7424135,DARK-15308-20250430-09_55_36,160.43,160.43,0.491520013,0.593916071,0.591208941,298.8378004,0.998627686,0.426498606,0.573501394,15307,290,302.36,285,10138.2,302.48,-0.12,300,23.9,315.5089762,2.877205845,-13.21252479,2.552159876,0.489063225,-0.007883246,290,301.82,655,10134.9,302.47,-0.65,None,None,None,None,None,None,None,None,None,None,None,None,None,600,505.1885952,0.841993014,0.163446517,2,0.5,0: Broadleaf,2,1745996126,417.8567667,419.9929333,7.335237,6.855154333,418.445,7.390585,600.0211333,100.1593,0.05841102,24.96439667,23.73935667,999.9,0,0,4999.333333,0,162.5632,-2.136126333,420.9445,422.8919,0.480081067,419.9929333,6.855154333,0.734692133,0.686607533,2.504371667,1.556668,599.9914333,0.933013433,0.066986493,0,223.6779333,4.99918,1461.835667,5645.126,36.02686667,38.1143,37.3122,36.80606667,38.49153333,555.1366667,39.86,0,37.39999986,0,223.40508,-27.9671539,-164.8800002,1460.458,15,1745994782,9:33:01,1745994782,1745994732,3,0.142,-0.003,-0.582,-0.005,420,11,1.8,0.51,-2.169824634,0.528434007,0.123993413,0,225.6821176,-35.24944234,3.502710898,0,0.48530239,-0.091982383,0.009808259,1,1,3,01-Mar,3.21895,2.6666,0.10227,0.103665,0.0463722,0.0442809,26935.9,24588.8,28479.9,25115.8,34811.3,25373,40546.9,27928.7,2.0134,1.642,0.156462,0,21.1528,999.9,18.8,28,7.12358,26.5092,20.1042,1,-0.263435,0,20.2769,5.23286,11.9021,4.9616,3.292,9999,9999,9999,999.9,4.97205,1.85373,1.85565,1.85593,1.85565,1.85538,1.85031,1.85242,0,0,0,0,11111111,oooooooo,on,on,on,on,0,100,100,-0.589,-0.0556,-1.481183463,0.00151024,1.49E-06,5.40E-12,-0.055858114,-0.011177753,0.001682567,-2.18E-05,3,2244,0,20,22.5,23.4,1.02783,2.51709,1.59424,2.13501,1.50269,2.39624,31.3026,24.1488,18,608.785,413.769,23.6139,24.062,30.0005,24.1802,24.2483,20.6452,-30,-30,-999.9,420,0,101.378,75.3083
345,1745996173,3290.5,20250430 09:56:13,9:56:13,15,D,5,21%,5557.26,1745996165,0.001330365,1.330365186,5.380838728,418.0037333,261.0382715,26.16017082,41.89059713,0.060309132,1.989580113,0.059311636,0.037158019,82.08384495,25.07915233,23.64285667,2.931320998,22.94558927,0.724470695,3.157341862,2.206850303,-58.6691047,132.8932711,14.02407768,170.332089,14.028,0.0059,46.46055731,31.73767447,14.72288284,1.840360355,3.790488283,18.99779875,0.713219535,,,0,0,1,0,25807,RECT-12807-20250324-17_57_43,10114.7,315.2007692,539.79,0.416067787,-0.222077465,MPF-15309-20250430-09_56_08,10147.6,223.86436,335.0131195,0.331774349,0.5,421.1422177,5.380838728,69.86209245,0.013304095,0.611250332,232.2898436,DARK-15310-20250430-09_56_16,158.69,158.69,0.526317058,0.630369743,0.537331096,5.610074433,0.911784059,0.446848147,0.553151853,15309,290,322.42,95,10147.6,321.22,1.2,300,23.9,335.0131195,2.774968508,-13.99813163,2.457133672,0.53684614,-0.007967267,290,320.63,685,10132.9,321.2,-0.57,None,None,None,None,None,None,None,None,None,None,None,None,None,500,421.1422177,0.842375917,0.16418552,2,0.5,0: Broadleaf,2,1745996165,418.0037333,419.9827333,7.229103333,6.788849333,418.5916,7.285503,599.9935667,100.1576333,0.058211153,24.88181333,23.64285667,999.9,0,0,4999,0,163.5359333,-1.978985333,421.0475667,422.8534,0.440254833,419.9827333,6.788849333,0.7240498,0.679954933,2.299458,1.420959,499.9457,0.9200028,0.079997027,0,224.1548333,4.99918,1232.228667,4675.872667,35.41443333,37.9227,36.91633333,36.64966667,37.9997,455.3523333,39.59433333,0,37.39999986,0,223.86436,-34.6628462,-151.2600002,1230.9748,15,1745994782,9:33:01,1745994782,1745994732,3,0.142,-0.003,-0.582,-0.005,420,11,1.8,0.51,-1.9874595,0.200830019,0.123659504,1,226.2393235,-36.58045839,3.655007264,0,0.4440993,-0.073981734,0.007900883,1,2,3,02-Mar,3.21966,2.66652,0.102334,0.103646,0.045871,0.0439621,26932.9,24588.5,28478.9,25115,34828.2,25381.7,40545.1,27928.9,2.0142,1.6412,0.14931,0,21.1761,999.9,18.6,28,7.04679,26.4893,19.9479,1,-0.261768,0,20.2798,5.23406,11.9021,4.9612,3.292,9999,9999,9999,999.9,4.97202,1.85379,1.85577,1.85593,1.85562,1.85547,1.8504,1.85242,0,0,0,0,11111111,oooooooo,on,on,on,on,0,100,100,-0.588,-0.0566,-1.481183463,0.00151024,1.49E-06,5.40E-12,-0.055858114,-0.011177753,0.001682567,-2.18E-05,3,2244,0,20,23.2,24,1.02783,2.51709,1.59302,2.13623,1.50269,2.47681,31.3244,24.1575,18,609.68,413.556,23.649,24.0923,30.0002,24.2096,24.2783,20.6463,-30,-30,-999.9,420,0,101.374,75.3075
346,1745996213,3330,20250430 09:56:52,9:56:52,15,D,5,21%,5557.26,1745996205,0.001210502,1.210501953,4.954333517,418.1869667,260.1379233,26.07026329,41.90947705,0.055024844,1.989794976,0.05419328,0.033944466,66.12706497,24.91591605,23.54144667,2.913463805,22.7598405,0.715468815,3.143558123,2.19799499,-53.38313613,135.9230901,14.32962474,162.9966436,14.028,0.0059,43.76548229,29.7019689,14.06351339,1.757939174,3.584689291,18.99779875,0.713219535,,,0,0,1,0,25754,RECT-12807-20250324-17_57_43,10114.7,315.2007692,539.79,0.416067787,-0.222077465,MPF-15311-20250430-09_56_48,10140.3,226.2215769,370.6204389,0.389613866,0.5,337.1876078,4.954333517,65.6864837,0.015351724,0.456449627,248.8684559,DARK-15312-20250430-09_56_55,161.99,161.99,0.562922108,0.69212749,0.44777544,2.605552557,0.753239862,0.495610249,0.504389751,15311,290,353.95,185,10140.3,353.08,0.87,300,23.9,370.6204389,2.361308461,-17.78676283,2.087154781,0.721738376,-0.00805036,290,351.75,675,10131.7,353.06,-1.31,None,None,None,None,None,None,None,None,None,None,None,None,None,400,337.1876078,0.842961784,0.165316243,2,0.5,0: Broadleaf,2,1745996205,418.1869667,420.0070667,7.139190333,6.738588667,418.7742,7.196459,600.0274333,100.1585667,0.05851419,24.80851333,23.54144667,999.9,0,0,4999.833333,0,164.4365,-1.820163,421.1939,422.8565667,0.4006011,420.0070667,6.738588667,0.715050767,0.6749272,2.124091667,1.317616,400.0034333,0.900029333,0.09997105,0,226.2693,4.99918,1010.312833,3707.132,35.92476667,39.281,37.62263333,38.11226667,38.72263333,355.5153333,39.491,0,37.39999986,0,226.2215769,-28.62929919,-99.93316244,1010.098962,15,1745994782,9:33:01,1745994782,1745994732,3,0.142,-0.003,-0.582,-0.005,420,11,1.8,0.51,-1.80538275,-0.350913659,0.11544633,1,227.6473529,-26.24550041,2.692910943,0,0.405044625,-0.079586555,0.008408972,1,2,3,02-Mar,3.21889,2.66736,0.102354,0.103646,0.0454,0.0437071,26931.1,24588.8,28477.7,25115.4,34844.3,25388.2,40543.9,27928.5,2.0134,1.6404,0.141203,0,21.1959,999.9,18.4,28.1,7.01208,26.4893,20.0801,1,-0.259817,0,20.2805,5.23526,11.9021,4.9616,3.292,9999,9999,9999,999.9,4.97205,1.85379,1.85571,1.85593,1.85562,1.85535,1.85031,1.85242,0,0,0,0,11111111,oooooooo,on,on,on,on,0,100,100,-0.587,-0.0575,-1.481183463,0.00151024,1.49E-06,5.40E-12,-0.055858114,-0.011177753,0.001682567,-2.18E-05,3,2244,0,20,23.8,24.7,1.02661,2.52075,1.59424,2.13501,1.50269,2.3938,31.368,24.1575,18,609.452,413.345,23.6786,24.1195,30.0003,24.2399,24.3085,20.6434,-30,-30,-999.9,420,0,101.37,75.3075
347,1745996252,3369.5,20250430 09:57:32,9:57:32,15,D,5,21%,5557.44,1745996244,0.001093854,1.093854152,4.095567366,418.4578667,273.187338,27.37819581,41.93686829,0.049861389,1.990048087,0.049177607,0.030796658,49.58609025,24.77815904,23.45112,2.897638449,22.59788554,0.70861068,3.135738869,2.189027769,-48.23896809,141.156697,14.86957363,157.3733928,14.028,0.0059,38.02109341,25.49712954,12.52396387,1.565495484,3.142332613,18.99779875,0.713219535,,,0,0,1,0,25815,RECT-12807-20250324-17_57_43,10114.7,315.2007692,539.79,0.416067787,-0.222077465,MPF-15313-20250430-09_57_27,10125.2,234.24916,426.1916257,0.450366582,0.5,252.8746192,4.095567366,56.94313896,0.017074251,0.266542953,272.7492529,DARK-15314-20250430-09_57_34,172.3,172.3,0.595721761,0.756001562,0.309119634,1.729353857,0.505805082,0.556070593,0.443929407,15313,290,408.73,285,10125.2,407.14,1.59,300,23.9,426.1916257,2.161766657,-19.29089089,1.905660203,0.785397838,-0.008125508,290,405.95,725,10119.5,407.13,-1.18,None,None,None,None,None,None,None,None,None,None,None,None,None,300,252.8746192,0.842950146,0.165293781,2,0.5,0: Broadleaf,2,1745996244,418.4578667,419.9756333,7.070716667,6.708676667,419.0444,7.128633667,599.9999,100.1593,0.058360193,24.76680667,23.45112,999.9,0,0,5000.833333,0,165.8510667,-1.517864333,421.4376333,422.8121667,0.362039567,419.9756333,6.708676667,0.708197933,0.671936133,1.989239667,1.255812667,299.9876333,0.8999828,0.100017183,0,234.4217333,4.99918,814.8076667,2768.436333,36.32883333,40.2477,38.16433333,39.38306667,39.23716667,265.486,29.5,0,37.39999986,0,234.24916,-14.72969237,-40.74969235,814.54512,15,1745994782,9:33:01,1745994782,1745994732,3,0.142,-0.003,-0.582,-0.005,420,11,1.8,0.51,-1.545656098,0.403878815,0.122209325,1,234.4724412,-4.381894584,1.229007447,0,0.366793634,-0.067869972,0.007637628,1,2,3,02-Mar,3.21961,2.66694,0.102416,0.103636,0.0450857,0.0435608,26928,24587.7,28476.5,25114.1,34854.7,25391.3,40542.6,27927.7,2.0142,1.6408,0.133961,0,21.2175,999.9,18.2,28.1,6.93551,26.4093,20.0521,1,-0.25811,0,20.2817,5.23406,11.9021,4.962,3.292,9999,9999,9999,999.9,4.97202,1.85376,1.85571,1.85593,1.85565,1.85538,1.85037,1.85248,0,0,0,0,11111111,oooooooo,on,on,on,on,0,100,100,-0.586,-0.058,-1.481183463,0.00151024,1.49E-06,5.40E-12,-0.055858114,-0.011177753,0.001682567,-2.18E-05,3,2244,0,20,24.5,25.3,1.02783,2.52075,1.59302,2.13501,1.50269,2.4353,31.3898,24.1575,18,610.307,413.76,23.705,24.145,30.0002,24.2662,24.3346,20.6462,-30,-30,-999.9,420,0,101.366,75.3045
348,1745996292,3409,20250430 09:58:11,9:58:11,15,D,5,21%,5557.26,1745996284,0.000983474,0.983474104,3.936037004,418.5494667,264.6328338,26.52124084,41.94661354,0.044884346,1.989982951,0.044329422,0.027755175,33.05033735,24.66915792,23.39225,2.887364858,22.45825111,0.70378346,3.133741167,2.183581398,-43.371208,146.3231638,15.408913,151.4112061,14.028,0.0059,30.24699652,22.48034961,7.766646909,0.970830864,2.217436414,18.99779875,0.713219535,,,0,0,1,0,25816,RECT-12807-20250324-17_57_43,10114.7,315.2007692,539.79,0.416067787,-0.222077465,MPF-15315-20250430-09_58_07,10118.3,247.40708,533.5281171,0.536281084,0.5,168.591675,3.936037004,45.20626312,0.024663818,0.011736744,313.0552566,DARK-15316-20250430-09_58_14,182.49,182.49,0.657956171,0.815071137,0.017525561,1.310513959,0.027881492,0.601204831,0.398795169,15315,290,501.75,215,10118.3,502.17,-0.42,300,23.9,533.5281171,2.546785071,-31.72458852,2.239185892,0.87758478,-0.00820024,290,498.27,775,10108.2,502.14,-3.87,None,None,None,None,None,None,None,None,None,None,None,None,None,200,168.591675,0.842924939,0.165245132,2,0.5,0: Broadleaf,2,1745996284,418.5494667,419.9987333,7.022454667,6.696922333,419.1357,7.080824333,599.982,100.1606333,0.058377517,24.75613667,23.39225,999.9,0,0,5000.5,0,164.1366667,-1.449259333,421.5093667,422.8302667,0.325533167,419.9987333,6.696922333,0.7033734,0.670767867,1.893605667,1.231602333,200.0079333,0.899989,0.100011,0,247.2296333,4.99918,609.5669,1830.142333,36.67253333,41.0456,38.64346667,40.4831,39.69556667,175.505,19.5,0,37.39999986,0,247.40708,25.07461544,49.11984622,610.01624,15,1745994782,9:33:01,1745994782,1745994732,3,0.142,-0.003,-0.582,-0.005,420,11,1.8,0.51,-1.455451951,0.265372892,0.109585473,1,244.6790588,41.64632547,4.283200329,0,0.329830488,-0.07545646,0.008439369,1,2,3,02-Mar,3.22051,2.66702,0.102414,0.103629,0.0448612,0.04352,26926.5,24586.3,28475,25112.6,34860.6,25391.4,40540,27926.6,2.0136,1.6402,0.128627,0,21.2571,999.9,18.1,28.1,6.89782,26.4693,19.8998,1,-0.256545,0,20.2828,5.23526,11.9021,4.9616,3.292,9999,9999,9999,999.9,4.97205,1.85379,1.85568,1.85593,1.85565,1.85538,1.85031,1.85242,0,0,0,0,11111111,oooooooo,on,on,on,on,0,100,100,-0.586,-0.0584,-1.481183463,0.00151024,1.49E-06,5.40E-12,-0.055858114,-0.011177753,0.001682567,-2.18E-05,3,2244,0,20,25.2,26,1.02783,2.51465,1.59424,2.13623,1.50269,2.43774,31.4333,24.1575,18,610.176,413.628,23.7305,24.1714,30.0001,24.2925,24.3608,20.647,-30,-30,-999.9,420,0,101.36,75.3009
349,1745996331,3448.5,20250430 09:58:51,9:58:51,15,D,5,21%,5557.35,1745996323,0.000884147,0.884147209,2.700533756,418.9989,298.5888406,29.92412391,41.99143871,0.040487556,1.990097314,0.04003546,0.025062361,16.50829466,24.55535653,23.32238333,2.875213557,22.39962673,0.701471999,3.131623608,2.173741558,-38.9908919,152.6134098,16.0638198,146.1946323,14.028,0.0059,16.66065178,14.6568927,2.003759077,0.250469885,0.934557185,18.99779875,0.713219535,,,0,0,1,0,25758,RECT-12807-20250324-17_57_43,10114.7,315.2007692,539.79,0.416067787,-0.222077465,MPF-15317-20250430-09_58_46,10106.3,250.8542,612.1217719,0.590189058,0.5,84.27706018,2.700533756,24.86969938,0.034678609,-0.118165658,338.5617806,DARK-15318-20250430-09_58_53,185.25,185.25,0.697364138,0.846314035,-0.204015829,1.216712757,-0.322062512,0.624983257,0.375016743,15317,290,583.44,265,10106.3,583.08,0.36,300,23.9,612.1217719,2.321658765,-29.34614002,2.03590785,0.88124089,-0.00827588,290,580.75,785,10098,583.06,-2.31,None,None,None,None,None,None,None,None,None,None,None,None,None,100,84.27706018,0.842848846,0.165098273,2,0.5,0: Broadleaf,2,1745996323,418.9989,420.0226,6.999426667,6.706763333,419.5839,7.058009333,599.9786,100.16,0.058493913,24.74482,23.32238333,999.9,0,0,5001,0,164.5849667,-1.0236024,421.9523,422.8585667,0.2926635,420.0226,6.706763333,0.701062867,0.671749633,1.847597667,1.251947667,99.99071667,0.900013967,0.099986093,0,250.6388667,4.99918,367.8563,891.4952667,36.9601,41.70393333,39.0893,41.39353333,40.07063333,85.49366667,9.495,0,37.39999986,0,250.8542,19.79930772,20.65746153,368.03792,15,1745994782,9:33:01,1745994782,1745994732,3,0.142,-0.003,-0.582,-0.005,420,11,1.8,0.51,-1.041392146,0.473221819,0.106277685,1,249.1930588,25.20302524,2.572861556,0,0.297785317,-0.083030801,0.008711571,1,2,3,02-Mar,3.22001,2.66611,0.102439,0.103628,0.0447452,0.0435746,26924.5,24586.4,28473.7,25112.8,34864.4,25389.6,40539.4,27926.2,2.0126,1.639,0.12055,0,21.2964,999.9,18.1,28.2,6.93878,26.3593,20.0761,1,-0.255,0,20.2834,5.23406,11.9021,4.962,3.292,9999,9999,9999,999.9,4.97198,1.85373,1.85574,1.85593,1.85562,1.85544,1.85031,1.85245,0,0,0,0,11111111,oooooooo,on,on,on,on,0,100,100,-0.585,-0.0586,-1.481183463,0.00151024,1.49E-06,5.40E-12,-0.055858114,-0.011177753,0.001682567,-2.18E-05,3,2244,0,20,25.8,26.6,1.02783,2.51953,1.59424,2.13623,1.50269,2.37305,31.4552,24.1488,18,609.742,413.159,23.7559,24.1937,30.0003,24.3168,24.3865,20.6446,-30,-30,-999.9,420,0,101.358,75.3006
350,1745996371,3488,20250430 09:59:30,9:59:30,15,D,5,21%,5557.35,1745996363,0.000788677,0.788676627,1.675067964,419.324,331.376189,33.21042017,42.02452286,0.036169218,1.990113976,0.035807957,0.02241213,8.242043476,24.50890186,23.29058,2.86969711,22.42240013,0.701670547,3.129328453,2.168026563,-34.78063925,154.7100812,16.28075364,144.452239,14.028,0.0059,8.371283062,9.159194351,-0.787911289,-0.098488911,0.245177098,18.99779875,0.713219535,,,0,0,1,0,25819,RECT-12807-20250324-17_57_43,10114.7,315.2007692,539.79,0.416067787,-0.222077465,RECT-15319-20250430-09_59_26,10102.6,253.00976,621.74,0.593061794,0.5,42.13818963,1.675067964,12.49527517,0.045021997,-0.131807508,341.4836194,DARK-15320-20250430-09_59_33,184.12,184.12,0.703863351,0.842580869,-0.230410212,1.202881077,-0.364888377,0.613162076,0.386837924,15317,290,583.44,265,10106.3,583.08,0.36,300,23.9,612.1217719,2.321658765,-29.34614002,2.03590785,0.88124089,-0.00827588,290,580.75,785,10098,583.06,-2.31,None,None,None,None,None,None,None,None,None,None,None,None,None,50,42.13818963,0.842710028,0.164830353,2,0.5,0: Broadleaf,2,1745996363,419.324,419.9925667,7.001324,6.740282667,419.9082667,7.059889,600.0236333,100.1613667,0.05832708,24.73254667,23.29058,999.9,0,0,5001,0,165.7520333,-0.668534367,422.2806333,422.8427667,0.261041,419.9925667,6.740282667,0.701262367,0.6751162,1.851577,1.321509333,50.00319,0.899631667,0.10036833,0,252.9996667,4.99918,241.6804,422.3090667,36.82476667,41.25593333,38.97263333,40.7747,39.8164,40.487,4.517,0,37.39999986,0,253.00976,-2.653615346,-4.669769251,241.61456,15,1745994782,9:33:01,1745994782,1745994732,3,0.142,-0.003,-0.582,-0.005,420,11,1.8,0.51,-0.6870186,0.668420533,0.117351459,0,253.1368824,-2.088861718,0.593328882,0,0.263631125,-0.055424882,0.006209337,1,1,3,01-Mar,3.21965,2.66703,0.10253,0.103628,0.0448304,0.0437865,26921.2,24585.3,28473.2,25111.7,34861.2,25383.1,40539.3,27925.3,2.0124,1.6386,0.118405,0,21.313,999.9,18.1,28.2,6.93771,26.4494,19.9119,1,-0.253496,0,20.2822,5.23286,11.9021,4.9616,3.292,9999,9999,9999,999.9,4.97211,1.85379,1.85574,1.85593,1.85562,1.85541,1.85031,1.85245,0,0,0,0,11111111,oooooooo,on,on,on,on,0,100,100,-0.584,-0.0585,-1.481183463,0.00151024,1.49E-06,5.40E-12,-0.055858114,-0.011177753,0.001682567,-2.18E-05,3,2244,0,20,26.5,27.3,1.02783,2.51953,1.59424,2.13867,1.50269,2.48779,31.4988,24.1575,18,609.848,413.112,23.7818,24.2161,30.0001,24.3391,24.4091,20.6459,-30,-30,-999.9,420,0,101.357,75.2978
365,1745998017,5134.6,20250430 10:26:57,10:26:57,15,D,4,21%,5557.44,1745998009,0.001763286,1.763286083,7.714041876,417.1792903,233.8367825,23.42620613,41.79380139,0.073599172,1.989403681,0.072119294,0.045205041,321.4947266,27.46727102,25.0754871,3.194015811,24.34350128,0.793356451,3.259007165,2.40065936,-77.76091628,36.30435757,3.869595227,283.9077631,14.028,0.0059,62.17574052,43.19794394,18.97779658,2.372224573,5.241016657,18.99779875,0.713219535,,,0,0,1,0,25686,RECT-12807-20250324-17_57_43,10114.7,315.2007692,539.79,0.416067787,-0.222077465,MPF-15353-20250430-10_26_52,10137.3,242.21828,273.6698291,0.114925161,0.5,1681.11569,7.714041876,96.60124553,0.004720746,0.972413261,201.0435383,DARK-15354-20250430-10_27_00,155.39,155.39,0.43219901,0.265907969,0.692300132,-0.75730405,1.184919553,0.170587617,0.829412383,15353,290,260.85,225,10137.3,261.18,-0.33,300,23.9,273.6698291,3.481610825,-12.65786178,3.156254563,0.364839634,-0.00671661,290,261.47,895,10127.4,261.17,0.3,None,None,None,None,None,None,None,None,None,None,None,None,None,2000,1681.11569,0.840598519,0.160755142,2,0.5,0: Broadleaf,2,1745998009,417.1792903,419.9957742,7.919161935,7.336068065,417.6427742,7.956677419,600.0139677,100.123129,0.058740881,25.41398065,25.0754871,999.9,0,0,5000,0,150.0547097,-2.816454516,420.5093871,423.0996452,0.583093452,419.9957742,7.336068065,0.792891839,0.734510774,3.580667419,2.500903548,1999.903226,0.979999645,0.020000526,0,242.3817419,4.99918,5078.346774,19218.90968,36.79819355,39.3323871,37.63283871,38.17919355,39.00583871,1955.005484,39.89935484,0,631.8,0,242.21828,-18.55715384,-386.1430769,5074.7144,15,1745996839,10:07:18,1745996839,1745996828,4,0.127,0.012,-0.456,-0.03,420,9,3.06,0.59,-2.772639268,-0.37136676,0.127601615,1,243.6819412,-22.73604277,2.312474088,0,0.580974122,0.040489944,0.00542208,1,2,3,02-Mar,3.21989,2.66718,0.102016,0.103504,0.0492447,0.0467053,26929.5,24584.5,28466.4,25108.2,34693.5,25303.2,40533.2,27923.2,2.0112,1.6322,0.259131,0,20.8905,999.9,18.8,29,7.55298,26.3983,20.0881,1,-0.242683,0,20.2661,5.23286,11.9021,4.9616,3.292,9999,9999,9999,999.9,4.97205,1.85379,1.85574,1.85593,1.85562,1.85547,1.85034,1.85248,0,0,0,0,11111111,oooooooo,on,on,on,on,0,100,100,-0.464,-0.0377,-1.354203984,0.00151024,1.49E-06,5.40E-12,-0.044139996,-0.011177753,0.001682567,-2.18E-05,3,2244,0,20,19.6,19.8,1.02905,2.52563,1.59424,2.14111,1.50269,2.49023,31.5861,24.14,18,611.984,411.783,24.2279,24.4471,29.9999,24.6085,24.7013,20.6685,-30,-30,-999.9,420,0,101.338,75.2897
366,1745998057,5174.1,20250430 10:27:36,10:27:36,15,D,4,21%,5557.53,1745998049,0.001726435,1.726435105,7.348808531,417.2976,238.0781885,23.85111349,41.80564578,0.071870561,1.989324392,0.070458609,0.044161178,289.5588644,27.290188,25.03585,3.186480006,23.83293303,0.780340611,3.274211403,2.406139395,-76.13578811,48.95534549,5.219259037,267.5976809,14.028,0.0059,41.20210214,35.23277556,5.969326584,0.746165823,2.74581941,18.99779875,0.713219535,,,0,0,1,0,25741,RECT-12807-20250324-17_57_43,10114.7,315.2007692,539.79,0.416067787,-0.222077465,MPF-15355-20250430-10_27_32,10140.1,235.35012,257.5440927,0.086175429,0.5,1513.144661,7.348808531,65.19794518,0.005003412,1.095912954,192.2027545,DARK-15356-20250430-10_27_39,160.46,160.46,0.376961054,0.228605656,0.74406429,-0.384933264,1.256720575,0.155861673,0.844138327,15355,290,254.13,125,10140.1,252.96,1.17,300,23.9,257.5440927,3.284563112,-4.652076113,2.96729261,0.080699755,-0.006881109,290,253.16,665,10127.3,252.95,0.21,None,None,None,None,None,None,None,None,None,None,None,None,None,1800,1513.144661,0.840658184,0.160870296,2,0.5,0: Broadleaf,2,1745998049,417.2976,419.9873667,7.789241333,7.218241667,417.7607667,7.82821,599.9959667,100.1233,0.058550513,25.49231667,25.03585,999.9,0,0,4999.666667,0,154.919,-2.689658667,420.5736667,423.0409667,0.570998767,419.9873667,7.218241667,0.779885133,0.722714767,3.346337,2.273558667,1799.952333,0.9779992,0.022000797,0,235.6546,4.99918,4478.554667,17281.42,37.79136667,40.30173333,38.3727,39.4643,39.91433333,1755.462333,39.49,0,37.20000005,0,235.35012,-43.02969229,-786.7730769,4474.3092,15,1745996839,10:07:18,1745996839,1745996828,4,0.127,0.012,-0.456,-0.03,420,9,3.06,0.59,-2.716238,0.015454109,0.126780843,1,239.548,-62.51434681,6.323199255,0,0.57239765,-0.028410687,0.004774566,1,2,3,02-Mar,3.21973,2.66689,0.102047,0.103508,0.0485441,0.0460915,26930.4,24584.8,28468.4,25108.6,34720,25319.6,40534.2,27923.2,2.0114,1.6324,0.255257,0,20.8727,999.9,18.5,29,7.43112,26.4283,19.996,1,-0.243841,0,20.2683,5.23167,11.9021,4.9616,3.292,9999,9999,9999,999.9,4.97208,1.85379,1.85577,1.85593,1.85565,1.85547,1.85043,1.85251,0,0,0,0,11111111,oooooooo,on,on,on,on,0,100,100,-0.463,-0.0393,-1.354203984,0.00151024,1.49E-06,5.40E-12,-0.044139996,-0.011177753,0.001682567,-2.18E-05,3,2244,0,20,20.3,20.5,1.02905,2.52563,1.59424,2.14111,1.50269,2.47681,31.5861,24.14,18,612.076,411.862,24.2225,24.4368,30,24.6044,24.6972,20.67,-30,-30,-999.9,420,0,101.342,75.2904
367,1745998096,5213.6,20250430 10:28:16,10:28:16,15,D,4,21%,5557.71,1745998088,0.00164948,1.649480264,6.945035573,417.4343667,240.944007,24.13840447,41.819673,0.069002277,1.98965841,0.067699889,0.042427397,257.6622436,27.07638698,24.89064333,3.159005864,23.35533339,0.765911306,3.279385026,2.393094558,-72.74207963,67.39087124,7.179232268,259.4902675,14.028,0.0059,53.00886136,38.09163407,14.91722729,1.864653411,4.290124822,18.99779875,0.713219535,,,0,0,1,0,25562,RECT-12807-20250324-17_57_43,10114.7,315.2007692,539.79,0.416067787,-0.222077465,MPF-15357-20250430-10_28_11,10134.3,226.57328,258.0822293,0.122088798,0.5,1345.160561,6.945035573,82.11451829,0.005328073,1.09154269,192.5023108,DARK-15358-20250430-10_28_19,158.39,158.39,0.386280875,0.31606224,0.738615025,-0.551641364,1.254324483,0.220948817,0.779051183,15357,290,249.14,185,10134.3,248.29,0.85,300,23.9,258.0822293,2.970680559,-9.922609142,2.674702767,0.329543774,-0.00704742,290,247.79,615,10126.7,248.28,-0.49,None,None,None,None,None,None,None,None,None,None,None,None,None,1600,1345.160561,0.84074777,0.161043197,2,0.5,0: Broadleaf,2,1745998088,417.4343667,419.9788333,7.645150667,7.099540667,417.8972333,7.685687667,600.0145667,100.124,0.0586307,25.5189,24.89064333,999.9,0,0,5001,0,160.1841,-2.544474333,420.6502667,422.9818,0.5456099,419.9788333,7.099540667,0.7654628,0.710834233,3.082437667,2.041240667,1599.957333,0.9749966,0.025003273,0,226.7863667,4.99918,3868.909333,15341,38.6414,41.10386667,39.10393333,40.60806667,40.7498,1555.077333,39.88,0,37.20000005,0,226.57328,-38.215,-586.5423077,3865.7968,15,1745996839,10:07:18,1745996839,1745996828,4,0.127,0.012,-0.456,-0.03,420,9,3.06,0.59,-2.5536795,0.01523955,0.105535377,1,229.685,-52.30053479,5.265023825,0,0.546765625,-0.022696019,0.004293071,1,2,3,02-Mar,3.22004,2.66718,0.102038,0.103554,0.0478141,0.0454644,26930.4,24584.3,28468,25109.4,34747.4,25336.9,40534.9,27923.8,2.0124,1.6322,0.249743,0,20.8497,999.9,18.3,29,7.35016,26.4683,20.0361,1,-0.24439,0,20.2697,5.23047,11.9021,4.962,3.292,9999,9999,9999,999.9,4.97205,1.85379,1.85574,1.85593,1.85562,1.85547,1.85043,1.85257,0,0,0,0,11111111,oooooooo,on,on,on,on,0,100,100,-0.463,-0.0408,-1.354203984,0.00151024,1.49E-06,5.40E-12,-0.044139996,-0.011177753,0.001682567,-2.18E-05,3,2244,0,20,21,21.1,1.02905,2.52441,1.59424,2.14111,1.50269,2.49634,31.5861,24.1488,18,612.715,411.707,24.2235,24.4265,30,24.5982,24.6911,20.6707,-30,-30,-999.9,420,0,101.342,75.2923
368,1745998136,5253.1,20250430 10:28:55,10:28:55,15,D,4,21%,5557.44,1745998128,0.001548326,1.548326252,7.086670531,417.4082333,228.4938125,22.89153725,41.81783313,0.065256384,1.989723479,0.064090311,0.040159476,225.7798814,26.84108979,24.70802667,3.124747532,22.91439039,0.751258917,3.278546382,2.373488615,-68.28118771,86.52038392,9.208164616,253.2272422,14.028,0.0059,50.4085988,37.60257311,12.80602569,1.600753212,3.883175243,18.99779875,0.713219535,,,0,0,1,0,25682,RECT-12807-20250324-17_57_43,10114.7,315.2007692,539.79,0.416067787,-0.222077465,MPF-15359-20250430-10_28_51,10133.1,219.94996,253.4492439,0.13217354,0.5,1177.204801,7.086670531,77.79766318,0.006208561,1.129775539,189.9128924,DARK-15360-20250430-10_28_58,149.22,149.22,0.411243065,0.321400047,0.733135561,-0.542485124,1.27495319,0.218046482,0.781953518,15359,290,245.77,185,10133.1,245.13,0.64,300,23.9,253.4492439,3.175151893,-8.432295136,2.84939938,0.238252703,-0.007213103,290,245.14,715,10121.4,245.12,0.02,None,None,None,None,None,None,None,None,None,None,None,None,None,1400,1177.204801,0.840866578,0.161272496,2,0.5,0: Broadleaf,2,1745998128,417.4082333,419.9858333,7.498754333,6.986526,417.8711,7.540835,600.012,100.126,0.058495143,25.51459333,24.70802667,999.9,0,0,5001.166667,0,168.6830333,-2.57745,420.5618667,422.9405667,0.512229167,419.9858333,6.986526,0.750820367,0.699532767,2.809974,1.817041333,1399.99,0.971009,0.028990627,0,220.1139667,4.99918,3312.123,13400.30667,39.38306667,41.8164,39.83726667,41.62473333,41.49973333,1354.55,40.44,0,37.20000005,0,219.94996,-32.68430772,-439.5015385,3309.7432,15,1745996839,10:07:18,1745996839,1745996828,4,0.127,0.012,-0.456,-0.03,420,9,3.06,0.59,-2.5796655,-0.00655182,0.101019106,1,222.0287647,-41.30560737,4.163437586,0,0.513457025,-0.02851854,0.004760342,1,2,3,02-Mar,3.21963,2.66695,0.10209,0.103534,0.0470834,0.0448859,26930.5,24585.3,28469.8,25109.7,34775.8,25352.9,40536.7,27924.4,2.0122,1.6322,0.237375,0,20.8231,999.9,18,29,7.22871,26.4083,20.0841,1,-0.245183,0,20.2711,5.22927,11.9021,4.9616,3.292,9999,9999,9999,999.9,4.97202,1.85379,1.85577,1.85593,1.85562,1.85544,1.85043,1.85248,0,0,0,0,11111111,oooooooo,on,on,on,on,0,100,100,-0.462,-0.0424,-1.354203984,0.00151024,1.49E-06,5.40E-12,-0.044139996,-0.011177753,0.001682567,-2.18E-05,3,2244,0,20,21.6,21.8,1.02905,2.52563,1.59424,2.13989,1.50269,2.50366,31.5861,24.14,18,612.46,411.646,24.2272,24.4142,29.9999,24.588,24.6829,20.6695,-30,-30,-999.9,420,0,101.348,75.2936
369,1745998175,5292.6,20250430 10:29:35,10:29:35,15,D,4,21%,5557.62,1745998167,0.001446454,1.446454128,6.566542347,417.6171333,231.3746228,23.18042305,41.83925492,0.061330496,1.989532245,0.060299214,0.037778221,193.808045,26.61835452,24.54650667,3.094717936,22.48115429,0.737432332,3.280224507,2.357285603,-63.78862705,104.7608698,11.14196203,245.9222497,14.028,0.0059,46.07235175,34.77014894,11.30220281,1.412775352,3.483436107,18.99779875,0.713219535,,,0,0,1,0,25623,RECT-12807-20250324-17_57_43,10114.7,315.2007692,539.79,0.416067787,-0.222077465,MPF-15361-20250430-10_29_30,10140.8,214.17184,249.1953631,0.140546448,0.5,1009.20773,6.566542347,70.92028081,0.006726682,1.166131798,187.5143723,DARK-15362-20250430-10_29_38,151.23,151.23,0.39312675,0.357509246,0.747875841,-0.530615978,1.293893905,0.252442727,0.747557273,15361,290,245.13,175,10140.8,243.99,1.14,300,23.9,249.1953631,2.651459658,-5.27459047,2.373676627,0.149913127,-0.007382507,290,244.58,675,10129.7,243.99,0.59,None,None,None,None,None,None,None,None,None,None,None,None,None,1200,1009.20773,0.840985884,0.161502756,2,0.5,0: Broadleaf,2,1745998167,417.6171333,420.0073333,7.360656333,6.882054333,418.0793,7.404148,600.0005333,100.127,0.058676247,25.52321,24.54650667,999.9,0,0,5000.333333,0,181.6381333,-2.390227,420.7138333,422.9178667,0.4786028,420.0073333,6.882054333,0.7370002,0.689079067,2.548464667,1.606782,1200.029333,0.966999133,0.033000977,0,214.3566333,4.99918,2789.219667,11464.56667,39.08936667,41.03513333,39.78513333,40.51013333,41.2039,1155.594,39.43633333,0,37.20000005,0,214.17184,-27.75053845,-339.6015385,2787.4116,15,1745996839,10:07:18,1745996839,1745996828,4,0.127,0.012,-0.456,-0.03,420,9,3.06,0.59,-2.368808293,-0.050151638,0.1207893,1,215.9230588,-34.74832697,3.484885347,0,0.481514902,-0.052905889,0.006412242,1,2,3,02-Mar,3.21957,2.66697,0.102097,0.103528,0.0463833,0.0443548,26930.8,24586,28470.3,25110.3,34801.9,25368.5,40537.1,27925.9,2.0116,1.6322,0.227064,0,20.8214,999.9,17.7,29,7.10978,26.4184,20.1162,1,-0.246301,0,20.2711,5.23526,11.9021,4.962,3.292,9999,9999,9999,999.9,4.97205,1.85379,1.85577,1.85593,1.85568,1.85544,1.85043,1.85254,0,0,0,0,11111111,oooooooo,on,on,on,on,0,100,100,-0.463,-0.0438,-1.354203984,0.00151024,1.49E-06,5.40E-12,-0.044139996,-0.011177753,0.001682567,-2.18E-05,3,2244,0,20,22.3,22.5,1.02905,2.52563,1.59424,2.13989,1.50269,2.44263,31.5861,24.14,18,611.923,411.586,24.2347,24.4019,30,24.5777,24.6747,20.673,-30,-30,-999.9,420,0,101.349,75.2966
370,1745998215,5332.1,20250430 10:30:14,10:30:14,15,D,4,21%,5557.71,1745998207,0.001344166,1.34416579,6.346474332,417.6591,226.0608347,22.64806255,41.84346854,0.057386936,1.989535902,0.056482962,0.035381883,161.9028005,26.34247711,24.37593333,3.06327931,22.13567054,0.724154115,3.271435188,2.339125195,-59.27771132,118.2114488,12.55885302,233.3953909,14.028,0.0059,49.25649986,35.2446836,14.01181626,1.751477032,3.908081875,18.99779875,0.713219535,,,0,0,1,0,25627,RECT-12807-20250324-17_57_43,10114.7,315.2007692,539.79,0.416067787,-0.222077465,MPF-15363-20250430-10_30_10,10140.9,209.35612,254.8903874,0.178642545,0.5,841.1854868,6.346474332,75.13575797,0.007808684,1.117733844,190.7209001,DARK-15364-20250430-10_30_17,150.17,150.17,0.410844789,0.434817599,0.731224302,-0.754998826,1.268536392,0.311892286,0.688107714,15363,290,247.43,275,10140.9,246.56,0.87,300,23.9,254.8903874,2.776715676,-8.446908782,2.479357108,0.293053045,-0.007552406,290,247.69,835,10132.2,246.55,1.14,None,None,None,None,None,None,None,None,None,None,None,None,None,1000,841.1854868,0.841194011,0.161904441,2,0.5,0: Broadleaf,2,1745998207,417.6591,419.9618,7.228118667,6.783287667,418.1212667,7.272923667,599.9806667,100.1273,0.058398183,25.47803667,24.37593333,999.9,0,0,5000.333333,0,193.6134333,-2.302607,420.6999667,422.8299,0.444830967,419.9618,6.783287667,0.723731933,0.679192333,2.293292333,1.405316333,999.9898667,0.9600008,0.03999934,0,209.5353,4.99918,2289.500667,9523.801333,38.0373,39.83936667,38.9685,38.8269,40.29353333,955.1916667,39.8,0,37.20000005,0,209.35612,-25.49930769,-246.6230769,2288.2024,15,1745996839,10:07:18,1745996839,1745996828,4,0.127,0.012,-0.456,-0.03,420,9,3.06,0.59,-2.287299024,-0.069751359,0.126604734,1,211.2079118,-32.02271964,3.201076927,0,0.448170049,-0.05160161,0.006758539,1,2,3,02-Mar,3.22032,2.6663,0.102108,0.103529,0.0457336,0.0438283,26931.7,24587.2,28471.6,25111.6,34827.2,25383.7,40538.8,27927.2,2.013,1.6322,0.216067,0,20.8231,999.9,17.5,29,7.02958,26.4184,19.98,1,-0.247439,0,20.2732,5.23286,11.9021,4.9612,3.292,9999,9999,9999,999.9,4.97208,1.85379,1.85574,1.85593,1.85565,1.85547,1.85043,1.85257,0,0,0,0,11111111,oooooooo,on,on,on,on,0,100,100,-0.462,-0.045,-1.354203984,0.00151024,1.49E-06,5.40E-12,-0.044139996,-0.011177753,0.001682567,-2.18E-05,3,2244,0,20,22.9,23.1,1.02905,2.5293,1.59424,2.13989,1.50269,2.39136,31.608,24.1488,18,612.799,411.51,24.243,24.3896,30,24.5675,24.6646,20.6742,-30,-30,-999.9,420,0,101.353,75.3002
371,1745998254,5371.6,20250430 10:30:54,10:30:54,15,D,4,21%,5557.62,1745998246,0.001239741,1.239741068,5.873757436,417.8595667,227.4329822,22.78531538,41.86315423,0.053385462,1.989482618,0.052602209,0.032945795,129.9834577,26.02093004,24.18689667,3.028764165,21.87255629,0.711664475,3.253686791,2.31709969,-54.67258108,128.665124,13.65053059,217.6265312,14.028,0.0059,50.5634799,34.41976522,16.14371468,2.017964334,4.187332656,18.99779875,0.713219535,,,0,0,1,0,25697,RECT-12807-20250324-17_57_43,10114.7,315.2007692,539.79,0.416067787,-0.222077465,MPF-15365-20250430-10_30_49,10157,204.33612,264.53252,0.227557655,0.5,673.1999385,5.873757436,76.59589975,0.009055014,1.040543068,196.0683453,DARK-15366-20250430-10_30_57,155.23,155.23,0.41319124,0.550732042,0.715772519,-1.188049733,1.225604091,0.418379946,0.581620054,15365,290,252.21,95,10157,252.72,-0.51,300,23.9,264.53252,3.26624458,-11.99676962,2.908616103,0.377943906,-0.007722491,290,252.94,695,10140.5,252.7,0.24,None,None,None,None,None,None,None,None,None,None,None,None,None,800,673.1999385,0.841490982,0.162477596,2,0.5,0: Broadleaf,2,1745998246,417.8595667,419.9902333,7.103521333,6.693196667,418.3212,7.149521667,599.9807667,100.1262667,0.05847857,25.38649333,24.18689667,999.9,0,0,5000.166667,0,200.9914,-2.130734,420.8490333,422.8202333,0.410323633,419.9902333,6.693196667,0.711249233,0.670165067,2.049418,1.219086,800.0085,0.949990033,0.050009493,0,204.4610667,4.99918,1814.590667,7584.852,37.08936667,39.04973333,38.22683333,37.8143,39.48103333,755.2503333,39.76,0,37.20000005,0,204.33612,-20.63115385,-175.7592308,1813.6704,15,1745996839,10:07:18,1745996839,1745996828,4,0.127,0.012,-0.456,-0.03,420,9,3.06,0.59,-2.14158325,0.581669606,0.140644452,0,205.8741471,-26.51164249,2.671092959,0,0.4124818,-0.037324728,0.005575252,1,1,3,01-Mar,3.22014,2.66688,0.102144,0.103509,0.0450873,0.0433721,26930.3,24588,28471.2,25111.7,34851,25395.8,40538.9,27927.1,2.0124,1.6322,0.204355,0,20.8224,999.9,17.3,29.1,6.98826,26.3984,19.9639,1,-0.248171,0,20.275,5.23286,11.9021,4.962,3.292,9999,9999,9999,999.9,4.97202,1.85379,1.85577,1.85593,1.85562,1.85547,1.8504,1.85254,0,0,0,0,11111111,oooooooo,on,on,on,on,0,100,100,-0.461,-0.0462,-1.354203984,0.00151024,1.49E-06,5.40E-12,-0.044139996,-0.011177753,0.001682567,-2.18E-05,3,2244,0,20,23.6,23.8,1.02905,2.52808,1.59424,2.14111,1.50269,2.37915,31.608,24.14,18,612.271,411.449,24.2518,24.3778,29.9999,24.5577,24.6564,20.6747,-30,-30,-999.9,420,0,101.353,75.3002
372,1745998294,5411.1,20250430 10:31:33,10:31:33,15,D,4,21%,5557.62,1745998286,0.001133229,1.133229488,5.704544588,417.9437,218.9455964,21.93535099,41.87223633,0.049342441,1.989503749,0.048672535,0.030479765,98.06986865,25.68133517,23.97254,2.990037768,21.6677399,0.700388621,3.232402754,2.289649147,-49.9754204,139.8213357,14.80973557,202.7255195,14.028,0.0059,46.67673499,32.67294932,14.00378567,1.750473208,3.72796699,18.99779875,0.713219535,,,0,0,1,0,25764,RECT-12807-20250324-17_57_43,10114.7,315.2007692,539.79,0.416067787,-0.222077465,MPF-15367-20250430-10_31_29,10152,200.1548077,277.5015782,0.278725516,0.5,505.20427,5.704544588,70.40666037,0.01173114,0.945178126,203.1037543,DARK-15368-20250430-10_31_36,150.41,150.41,0.457985065,0.608590841,0.673605274,-2.051682502,1.167858409,0.457336746,0.542663254,15367,290,267.1,245,10152,266.26,0.84,300,23.9,277.5015782,2.584315022,-11.41277627,2.295100881,0.468967139,-0.007892793,290,266.26,815,10143.2,266.25,0.01,None,None,None,None,None,None,None,None,None,None,None,None,None,600,505.20427,0.841993317,0.163447102,2,0.5,0: Broadleaf,2,1745998286,417.9437,420.0031667,6.990861667,6.615745333,418.4049333,7.037911,599.9777333,100.128,0.05830818,25.27613667,23.97254,999.9,0,0,5000.166667,0,204.7345667,-2.059499,420.886,422.8003333,0.375116267,420.0031667,6.615745333,0.699980533,0.662420933,1.825985333,1.057552,600.0098333,0.933,0.066999833,0,200.1314667,4.99918,1364.349667,5645.275667,36.1789,38.4144,37.50813333,37.08936667,38.71016667,555.1436667,39.867,0,37.20000005,0,200.1548077,-21.03210257,-110.7654702,1364.440385,15,1745996839,10:07:18,1745996839,1745996828,4,0.127,0.012,-0.456,-0.03,420,9,3.06,0.59,-2.081414878,0.499641324,0.137222716,1,201.2598824,-22.10649352,2.238612146,0,0.37905278,-0.065401129,0.007277944,1,2,3,02-Mar,3.21998,2.66645,0.102177,0.103508,0.0445283,0.0429742,26929.6,24587.7,28471.5,25111.4,34871.8,25406.3,40539.1,27926.9,2.0126,1.6322,0.189543,0,20.8355,999.9,17,29.1,6.86857,26.4584,19.9479,1,-0.24939,0,20.2769,5.23286,11.9021,4.9612,3.292,9999,9999,9999,999.9,4.97205,1.85379,1.85577,1.85593,1.85565,1.85544,1.8504,1.85254,0,0,0,0,11111111,oooooooo,on,on,on,on,0,100,100,-0.461,-0.0472,-1.354203984,0.00151024,1.49E-06,5.40E-12,-0.044139996,-0.011177753,0.001682567,-2.18E-05,3,2244,0,20,24.3,24.4,1.02905,2.53052,1.59424,2.13989,1.50269,2.34131,31.6298,24.1488,18,612.313,411.389,24.2595,24.3671,29.9999,24.549,24.6483,20.6702,-30,-30,-999.9,420,0,101.354,75.2997
373,1745998333,5450.6,20250430 10:32:13,10:32:13,15,D,4,21%,5557.62,1745998325,0.001026362,1.026362148,5.14831512,418.1592667,221.0421302,22.14518126,41.89342885,0.044928564,1.989572118,0.04437244,0.027782167,82.08990298,25.47265696,23.83751333,2.965866273,21.51655259,0.69080755,3.210586578,2.275058723,-45.26257074,142.1054542,15.03228685,193.9650732,14.028,0.0059,44.20879912,30.36702545,13.84177367,1.730221708,3.591277628,18.99779875,0.713219535,,,0,0,1,0,25715,RECT-12807-20250324-17_57_43,10114.7,315.2007692,539.79,0.416067787,-0.222077465,MPF-15369-20250430-10_32_08,10156.9,200.38168,292.9473282,0.315980517,0.5,421.1745128,5.14831512,66.54147015,0.012750991,0.842617932,211.2560731,DARK-15370-20250430-10_32_16,160.22,160.22,0.453075742,0.697412127,0.650321869,-4.159610559,1.099085076,0.557632668,0.442367332,15369,290,282.93,185,10156.9,281.08,1.85,300,23.9,292.9473282,3.160580692,-12.05312674,2.802872798,0.397750694,-0.007978755,290,280.18,705,10147.6,281.07,-0.89,None,None,None,None,None,None,None,None,None,None,None,None,None,500,421.1745128,0.842375645,0.164184994,2,0.5,0: Broadleaf,2,1745998325,418.1592667,420.0185,6.895295667,6.555521667,418.62,6.943214,599.9782667,100.1269333,0.058407967,25.16236,23.83751333,999.9,0,0,5000.5,0,207.5516667,-1.859178333,421.0626,422.79,0.3397734,420.0185,6.555521667,0.6904042,0.6563837,1.633592,0.930456667,499.9842,0.9200065,0.07999364,0,200.4965333,4.99918,1157.276,4676.241,35.381,37.90183333,36.8684,36.581,38.02886667,455.3903333,39.59266667,0,37.20000005,0,200.38168,-22.52230768,-118.5353846,1156.644,15,1745996839,10:07:18,1745996839,1745996828,4,0.127,0.012,-0.456,-0.03,420,9,3.06,0.59,-1.861817073,0.114403484,0.117826032,1,201.7077353,-26.62791445,2.664307705,0,0.343680902,-0.084058955,0.009063597,1,2,3,02-Mar,3.22001,2.66713,0.102187,0.103532,0.0440295,0.0426527,26929.8,24588.6,28472,25113,34890.4,25416.2,40539.5,27928.4,2.0126,1.6326,0.179797,0,20.8515,999.9,16.8,29.1,6.78712,26.4084,19.996,1,-0.249146,0,20.28,5.23286,11.9021,4.962,3.292,9999,9999,9999,999.9,4.97208,1.85379,1.85577,1.85596,1.85565,1.85547,1.85043,1.85254,0,0,0,0,11111111,oooooooo,on,on,on,on,0,100,100,-0.461,-0.0481,-1.354203984,0.00151024,1.49E-06,5.40E-12,-0.044139996,-0.011177753,0.001682567,-2.18E-05,3,2244,0,20,24.9,25.1,1.02905,2.52808,1.59424,2.13989,1.50269,2.38403,31.6298,24.1488,18,612.222,411.563,24.2649,24.3609,30.0002,24.5409,24.6421,20.6701,-30,-30,-999.9,420,0,101.355,75.3039
374,1745998373,5490.1,20250430 10:32:52,10:32:52,15,D,4,21%,5557.71,1745998365,0.000936072,0.936071897,4.62095734,418.3314667,224.9165014,22.5324792,41.90908632,0.041116786,1.989320328,0.040650437,0.025447982,66.12854579,25.28006305,23.73925333,2.948384059,21.39874007,0.683282581,3.193097251,2.265101478,-41.28077066,142.7910184,15.09225594,182.7310495,14.028,0.0059,42.33073829,28.33471776,13.99602053,1.749502566,3.519214403,18.99779875,0.713219535,,,0,0,1,0,25660,RECT-12807-20250324-17_57_43,10114.7,315.2007692,539.79,0.416067787,-0.222077465,MPF-15371-20250430-10_32_48,10149.2,202.16648,324.5228835,0.377034748,0.5,337.1958724,4.62095734,63.56728033,0.014362675,0.663334167,227.1975667,DARK-15372-20250430-10_32_55,156.56,156.56,0.517568689,0.728472868,0.561717811,13.12539199,0.958492604,0.564137597,0.435862403,15371,290,308.2,295,10149.2,306.96,1.24,300,23.9,324.5228835,2.337693909,-17.82976863,2.069032145,0.726189061,-0.008060853,290,305.66,665,10145.5,306.95,-1.29,None,None,None,None,None,None,None,None,None,None,None,None,None,400,337.1958724,0.842961582,0.165315854,2,0.5,0: Broadleaf,2,1745998365,418.3314667,420.0023,6.820444667,6.510551667,418.7917333,6.869027667,600.0054667,100.1229667,0.058563207,25.07066,23.73925333,999.9,0,0,4999.666667,0,211.5208,-1.670784,421.2043,422.7547,0.309893033,420.0023,6.510551667,0.682883467,0.651855867,1.480838667,0.834455733,400.0133333,0.9000281,0.09997167,0,202.2803667,4.99918,956.7670333,3707.225,35.7143,39.10176667,37.46226667,37.8706,38.55393333,355.5243333,39.489,0,37.20000005,0,202.16648,-24.15592308,-87.29869229,956.45236,15,1745996839,10:07:18,1745996839,1745996828,4,0.127,0.012,-0.456,-0.03,420,9,3.06,0.59,-1.6776765,0.060726079,0.125815711,1,203.312,-24.78698244,2.471605206,0,0.3122533,-0.056406732,0.006646419,1,2,3,02-Mar,3.21974,2.66708,0.102225,0.103518,0.0436686,0.042444,26928.9,24589,28472.2,25113,34903.8,25422.3,40539.7,27929,2.0118,1.6322,0.171512,0,20.8869,999.9,16.7,29.1,6.74785,26.3785,20.0881,1,-0.249878,0,20.2806,5.23406,11.9021,4.962,3.292,9999,9999,9999,999.9,4.97208,1.85379,1.85577,1.85593,1.85565,1.85547,1.85043,1.85257,0,0,0,0,11111111,oooooooo,on,on,on,on,0,100,100,-0.46,-0.0487,-1.354203984,0.00151024,1.49E-06,5.40E-12,-0.044139996,-0.011177753,0.001682567,-2.18E-05,3,2244,0,20,25.6,25.7,1.02905,2.52808,1.59424,2.13989,1.50269,2.41943,31.6298,24.1488,18,611.634,411.329,24.2687,24.3569,30,24.5388,24.6401,20.6719,-30,-30,-999.9,420,0,101.356,75.3048
375,1745998412,5529.6,20250430 10:33:32,10:33:32,15,D,4,21%,5557.71,1745998404,0.000847898,0.847897673,3.925915664,418.5627333,237.052007,23.74717297,41.93038378,0.0373877,1.989426992,0.037001698,0.02316041,49.58990878,25.11106257,23.64676,2.932010242,21.3061967,0.677802325,3.181245035,2.254207917,-37.39228737,146.0270197,15.42140689,173.646048,14.028,0.0059,36.70379196,24.60562452,12.09816744,1.51227093,3.037043129,18.99779875,0.713219535,,,0,0,1,0,25665,RECT-12807-20250324-17_57_43,10114.7,315.2007692,539.79,0.416067787,-0.222077465,MPF-15373-20250430-10_33_27,10139.7,209.1128077,370.0897632,0.434967328,0.5,252.8974237,3.925915664,55.00105834,0.01640188,0.458538046,248.6290612,DARK-15374-20250430-10_33_35,170.3,170.3,0.539841366,0.80573175,0.459282354,2.932772929,0.755602734,0.656182271,0.343817729,15373,290,352.38,255,10139.7,351.81,0.57,300,23.9,370.0897632,2.504537337,-18.53135159,2.210733335,0.715057361,-0.008136086,290,349.59,795,10131.4,351.8,-2.21,None,None,None,None,None,None,None,None,None,None,None,None,None,300,252.8974237,0.84294889,0.165291358,2,0.5,0: Broadleaf,2,1745998404,418.5627333,419.9896667,6.766043333,6.485324,419.0223,6.815099333,600.0019667,100.1183667,0.05869269,25.00826667,23.64676,999.9,0,0,5000.333333,0,218.0672,-1.427006333,421.4140333,422.7313,0.280719033,419.9896667,6.485324,0.677405133,0.6493,1.368633333,0.7800043,300.0151333,0.9000273,0.09997265,0,209.1295,4.99918,777.3465667,2768.735,36.14563333,40.16013333,38.0268,39.18726667,39.0935,265.522,29.49,0,37.20000005,0,209.1128077,-19.05494016,-46.40632486,777.3376538,15,1745996839,10:07:18,1745996839,1745996828,4,0.127,0.012,-0.456,-0.03,420,9,3.06,0.59,-1.461943415,0.338144111,0.122815127,1,209.5427059,-8.978701295,1.377841076,0,0.283676268,-0.049480223,0.006385441,1,2,3,02-Mar,3.21957,2.66662,0.102236,0.103541,0.0433801,0.0423044,26927.3,24587.8,28471,25112.4,34913.3,25425,40538.5,27927.8,2.013,1.6318,0.161946,0,20.9384,999.9,16.6,29.1,6.70624,26.4485,20.1122,1,-0.249187,0,20.2813,5.23286,11.9021,4.9616,3.292,9999,9999,9999,999.9,4.97205,1.85379,1.85577,1.85593,1.85568,1.85547,1.85043,1.85257,0,0,0,0,11111111,oooooooo,on,on,on,on,0,100,100,-0.46,-0.0492,-1.354203984,0.00151024,1.49E-06,5.40E-12,-0.044139996,-0.011177753,0.001682567,-2.18E-05,3,2244,0,20,26.2,26.4,1.02905,2.5293,1.59424,2.13989,1.50269,2.45361,31.6517,24.1575,18,612.496,411.125,24.2735,24.3609,30.0001,24.5405,24.6421,20.671,-30,-30,-999.9,420,0,101.352,75.3023
376,1745998452,5569.1,20250430 10:34:11,10:34:11,15,D,4,21%,5557.62,1745998444,0.00075047,0.750469983,3.474861409,418.7330667,238.09482,23.85068299,41.9457661,0.03322327,1.989377006,0.032918082,0.020600987,33.0486086,24.98416623,23.56253667,2.917169668,21.22777147,0.674353749,3.176752445,2.242815919,-33.09572623,152.5141989,16.09813943,168.5652207,14.028,0.0059,29.28882447,20.93115734,8.357667129,1.044708391,2.252942338,18.99779875,0.713219535,,,0,0,1,0,25666,RECT-12807-20250324-17_57_43,10114.7,315.2007692,539.79,0.416067787,-0.222077465,MPF-15375-20250430-10_34_07,10130.1,221.54836,461.059158,0.519479537,0.5,168.5827013,3.474861409,43.78763183,0.021929527,0.170760824,286.621002,DARK-15376-20250430-10_34_14,174.41,174.41,0.621718825,0.835553817,0.215476605,1.642077634,0.35055484,0.657774859,0.342225141,15375,290,437.71,245,10130.1,436.67,1.04,300,23.9,461.059158,2.176140584,-24.70546649,1.91581421,0.855889282,-0.008210867,290,433.73,725,10122.6,436.65,-2.92,None,None,None,None,None,None,None,None,None,None,None,None,None,200,168.5827013,0.842925027,0.165245301,2,0.5,0: Broadleaf,2,1745998444,418.7330667,419.9961333,6.731888333,6.483409667,419.1922333,6.781239,599.9854333,100.1142667,0.058777793,24.98456333,23.56253667,999.9,0,0,5000.333333,0,220.5918,-1.263118667,421.5709667,422.7369667,0.248478667,419.9961333,6.483409667,0.6739587,0.649082367,1.297629333,0.775358633,199.9972667,0.9,0.0999998,0,221.3997333,4.99918,592.4747,1830.048667,36.5124,40.97893333,38.51633333,40.33726667,39.56226667,175.499,19.5,0,37.20000005,0,221.54836,14.48561536,25.69938463,592.60992,15,1745996839,10:07:18,1745996839,1745996828,4,0.127,0.012,-0.456,-0.03,420,9,3.06,0.59,-1.287467805,0.39451108,0.130600122,1,219.6117059,30.56947289,3.281708634,0,0.251262585,-0.054845916,0.005930079,1,2,3,02-Mar,3.21971,2.66734,0.10229,0.103559,0.0432318,0.0423287,26925.9,24586.9,28471.2,25112,34918.4,25423.7,40538,27927.1,2.012,1.632,0.154078,0,20.9972,999.9,16.5,29.1,6.66714,26.3885,20.0441,1,-0.248496,0,20.2824,5.23286,11.9021,4.9616,3.292,9999,9999,9999,999.9,4.97205,1.85379,1.85577,1.85593,1.85562,1.85544,1.85043,1.85254,0,0,0,0,11111111,oooooooo,on,on,on,on,0,100,100,-0.459,-0.0494,-1.354203984,0.00151024,1.49E-06,5.40E-12,-0.044139996,-0.011177753,0.001682567,-2.18E-05,3,2244,0,20,26.9,27.1,1.02905,2.52808,1.59424,2.14111,1.50269,2.49023,31.6517,24.1575,18,611.843,411.28,24.2804,24.3691,30.0002,24.545,24.6483,20.6681,-30,-30,-999.9,420,0,101.352,75.3007
377,1745998491,5608.6,20250430 10:34:51,10:34:51,15,D,4,21%,5557.44,1745998483,0.000664292,0.664291586,2.474790511,419.0873667,271.7400567,27.22021255,41.97999859,0.029572189,1.988692304,0.029330047,0.018352869,16.50976354,24.84229771,23.47579,2.901953186,21.25115304,0.673710104,3.170228469,2.228243083,-29.29525895,158.0661597,16.67970362,161.9603679,14.028,0.0059,16.44469338,13.98292458,2.461768797,0.3077211,0.983370212,18.99779875,0.713219535,,,0,0,1,0,25668,RECT-12807-20250324-17_57_43,10114.7,315.2007692,539.79,0.416067787,-0.222077465,MPF-15377-20250430-10_34_46,10119,224.74588,538.4623164,0.582615397,0.5,84.2836727,2.474790511,24.55248273,0.031997514,0.002465694,314.7475961,DARK-15378-20250430-10_34_54,188.13,188.13,0.650616219,0.895482437,0.003775475,1.40515212,0.005911608,0.749589318,0.250410682,15377,290,517.33,275,10119,517.15,0.18,300,23.9,538.4623164,2.922518433,-21.56791347,2.566149765,0.716140235,-0.008286573,290,515.99,725,10112.6,517.13,-1.14,None,None,None,None,None,None,None,None,None,None,None,None,None,100,84.2836727,0.842849847,0.165100205,2,0.5,0: Broadleaf,2,1745998483,419.0873667,420.0050667,6.725664667,6.505730333,419.5455333,6.775067333,600.0189,100.1115,0.058540727,24.95009,23.47579,999.9,0,0,4997.666667,0,221.7485333,-0.917766667,421.9251,422.7555,0.219933,420.0050667,6.505730333,0.6733166,0.651298767,1.284365667,0.8226004,99.99844333,0.900042,0.0999583,0,224.6587333,4.99918,371.8053333,891.5768,36.82046667,41.67053333,38.9664,41.31226667,39.95813333,85.503,9.499666667,0,37.20000005,0,224.74588,18.49638463,19.79638461,371.92624,15,1745996839,10:07:18,1745996839,1745996828,4,0.127,0.012,-0.456,-0.03,420,9,3.06,0.59,-0.926527488,0.31723223,0.112275318,1,223.5882059,23.2134301,2.434708592,0,0.223039854,-0.072005812,0.008220465,1,2,3,02-Mar,3.21963,2.66684,0.102353,0.103488,0.0432384,0.0424671,26922.4,24587.7,28469.6,25110.9,34916.8,25419.3,40536.5,27926.4,2.0122,1.631,0.145674,0,21.0497,999.9,16.5,29.1,6.66755,26.4885,20.0361,1,-0.247276,0,20.2832,5.23286,11.9021,4.9616,3.292,9999,9999,9999,999.9,4.97202,1.85379,1.85577,1.85593,1.85568,1.85538,1.8504,1.85248,0,0,0,0,11111111,oooooooo,on,on,on,on,0,100,100,-0.458,-0.0494,-1.354203984,0.00151024,1.49E-06,5.40E-12,-0.044139996,-0.011177753,0.001682567,-2.18E-05,3,2244,0,20,27.5,27.7,1.02905,2.52808,1.59424,2.13989,1.50269,2.48291,31.6736,24.1575,18,612.098,410.809,24.2889,24.3814,30.0002,24.5552,24.6585,20.6713,-30,-30,-999.9,420,0,101.347,75.2982
378,1745998531,5648.1,20250430 10:35:30,10:35:30,15,D,4,21%,5557.71,1745998523,0.000583637,0.583636854,1.698259386,419.3430667,301.437389,30.1942301,42.00454725,0.026061289,1.989475518,0.025873106,0.016187485,8.241042358,24.78677985,23.43565,2.894935638,21.33289907,0.675662853,3.167234094,2.219272786,-25.73838525,160.7343894,16.94980099,160.1868475,14.028,0.0059,8.315499558,9.202443642,-0.886944084,-0.11086801,0.230564277,18.99779875,0.713219535,,,0,0,1,0,25640,RECT-12807-20250324-17_57_43,10114.7,315.2007692,539.79,0.416067787,-0.222077465,RECT-15379-20250430-10_35_26,10113.4,228.3468,555.79,0.589149139,0.5,42.13767344,1.698259386,12.41268701,0.045572921,-0.028787852,320.5899354,DARK-15380-20250430-10_35_33,187.92,187.92,0.661886684,0.890105744,-0.045471339,1.361005224,-0.071241172,0.732520322,0.267479678,15377,290,517.33,275,10119,517.15,0.18,300,23.9,538.4623164,2.922518433,-21.56791347,2.566149765,0.716140235,-0.008286573,290,515.99,725,10112.6,517.13,-1.14,None,None,None,None,None,None,None,None,None,None,None,None,None,50,42.13767344,0.842699648,0.164810321,2,0.5,0: Broadleaf,2,1745998523,419.3430667,419.9907333,6.74533,6.552097,419.8005333,6.794564,600.0010667,100.109,0.05850147,24.93424667,23.43565,999.9,0,0,5001,0,222.9711,-0.647646167,422.1909,422.7605667,0.1932327,419.9907333,6.552097,0.675267767,0.655923433,1.324638667,0.920723767,50.00319333,0.900083333,0.09991632,0,228.4181667,4.99918,257.2277,422.3723333,36.72683333,41.29766667,38.8955,40.8331,39.77266667,40.50733333,4.5,0,37.20000005,0,228.3468,-4.21992311,-6.168999979,257.21948,15,1745996839,10:07:18,1745996839,1745996828,4,0.127,0.012,-0.456,-0.03,420,9,3.06,0.59,-0.66370855,0.419605238,0.122022903,1,228.4732059,-3.273720421,0.641994538,0,0.195243875,-0.042517407,0.005089773,1,2,3,02-Mar,3.21979,2.66709,0.102385,0.103505,0.0433572,0.04273,26921,24587,28469.1,25110.7,34911.9,25412.2,40535.8,27926.3,2.0124,1.631,0.140071,0,21.0972,999.9,16.5,29.1,6.66722,26.3685,19.9359,1,-0.245793,0,20.2818,5.23286,11.9021,4.962,3.292,9999,9999,9999,999.9,4.97208,1.85379,1.85577,1.85596,1.85565,1.85547,1.85043,1.85257,0,0,0,0,11111111,oooooooo,on,on,on,on,0,100,100,-0.458,-0.0492,-1.354203984,0.00151024,1.49E-06,5.40E-12,-0.044139996,-0.011177753,0.001682567,-2.18E-05,3,2244,0,20,28.2,28.4,1.02905,2.52686,1.59424,2.13989,1.50269,2.44751,31.7173,24.1575,18,612.398,410.914,24.2989,24.3999,30.0003,24.5695,24.6727,20.6717,-30,-30,-999.9,420,0,101.345,75.2976
393,1746000973,8090.5,20250430 11:16:13,11:16:13,15,D,1,21%,5557.71,1746000965,0.001604147,1.604146764,5.947109671,417.7900667,262.7223159,26.30380234,41.82921156,0.068084191,1.988647011,0.066815253,0.041871572,321.5038647,28.26336079,26.06179333,3.386616184,30.42748595,1.035952053,3.404658717,2.350664132,-70.74287231,9.634779462,1.036272169,261.432044,14.028,0.0059,64.33200057,39.20487807,25.1271225,3.140890312,6.095071053,18.99779875,0.713219535,,,0,0,1,0,25665,RECT-12807-20250324-17_57_43,10114.7,315.2007692,539.79,0.416067787,-0.222077465,MPF-15413-20250430-11_16_08,10125,227.0598077,257.6437031,0.118706163,0.5,1681.16241,5.947109671,99.78216946,0.003669596,1.09510263,192.258227,DARK-15414-20250430-11_16_16,156.27,156.27,0.393464703,0.301694566,0.735675576,-0.531366476,1.256277053,0.207636087,0.792363913,15413,290,246.79,175,10125,245.74,1.05,300,23.9,257.6437031,2.932148995,-12.0564756,2.654430082,0.424223131,-0.006705015,290,245.57,635,10118.1,245.73,-0.16,None,None,None,None,None,None,None,None,None,None,None,None,None,2000,1681.16241,0.840598578,0.160755255,2,0.5,0: Broadleaf,2,1746000965,417.7900667,419.9959,10.34708667,9.817888333,418.3944667,10.35456667,599.9824333,100.0610667,0.05910108,26.15166,26.06179333,999.9,0,0,5000,0,250.5643667,-2.205938333,422.1581667,424.1603667,0.529192967,419.9959,9.817888333,1.035341,0.982388833,7.423423,6.657751667,1999.958667,0.979997333,0.020002857,0,227.1085333,4.99918,4758.248333,19219.43333,36.0538,38.1996,36.89153333,37.17873333,38.208,1955.054667,39.90433333,0,289.2,0,227.0598077,-27.06075215,-509.6023935,4757.744231,15,1746000137,11:02:17,1746000137,1746000127,5,-0.143,-0.004,-0.599,0.024,420,12,1.78,0.68,-2.174093,-0.407083902,0.109178469,1,228.5672353,-29.84241407,2.972834259,0,0.525675075,0.08793367,0.009661701,1,2,3,02-Mar,3.22086,2.66753,0.101838,0.103223,0.0605797,0.0588061,26874.8,24547.8,28406.3,25066.4,34212.2,24938.2,40458.1,27876.1,1.9966,1.608,0.251234,0,22.0339,999.9,22.4,30.5,9.81415,26.4403,20.2163,1,-0.166179,0,20.2633,5.22927,11.9021,4.962,3.292,9999,9999,9999,999.9,4.97205,1.85394,1.8559,1.85608,1.85577,1.85547,1.85046,1.85257,0,0,0,0,11111111,oooooooo,on,on,on,on,0,100,100,-0.604,-0.0079,-1.497315381,0.00151024,1.49E-06,5.40E-12,-0.047991962,-0.011177753,0.001682567,-2.18E-05,3,2244,0,20,13.9,14.1,1.03027,2.5415,1.59424,2.13135,1.50269,2.35962,32.8869,24.1313,18,613.18,406.38,25.0274,25.471,30.0002,25.6637,25.7768,20.7097,-30,-30,-999.9,420,0,101.139,75.1636
394,1746001013,8130,20250430 11:16:52,11:16:52,15,D,1,21%,5557.71,1746001005,0.00161425,1.614249953,5.929845753,417.8106,261.95308,26.2275849,41.83254109,0.06758072,1.9885205,0.066330216,0.04156681,289.5644504,28.16729344,26.14697667,3.403716375,29.67378427,1.020900702,3.4404129,2.382815673,-71.18842294,19.46273168,2.096206736,239.9349659,14.028,0.0059,75.35221334,42.83224521,32.51996813,4.064996016,7.413922837,18.99779875,0.713219535,,,0,0,1,0,25654,RECT-12807-20250324-17_57_43,10114.7,315.2007692,539.79,0.416067787,-0.222077465,MPF-15415-20250430-11_16_48,10129.3,217.09988,256.2289121,0.152711229,0.5,1513.174061,5.929845753,115.5393352,0.004065575,1.106670928,191.4693147,DARK-15416-20250430-11_16_55,148.61,148.61,0.420010807,0.363588809,0.724886466,-0.66352043,1.262576513,0.248885135,0.751114865,15415,290,238.97,115,10129.3,238.21,0.76,300,23.9,256.2289121,3.708474712,-18.25289486,3.346947556,0.515081764,-0.006871211,290,238.19,865,10113.7,238.18,0.01,None,None,None,None,None,None,None,None,None,None,None,None,None,1800,1513.174061,0.840658172,0.160870271,2,0.5,0: Broadleaf,2,1746001005,417.8106,420.012,10.19644333,9.663854333,418.4150667,10.20636333,600.0087667,100.0640333,0.059183007,26.32852333,26.14697667,999.9,0,0,4999.333333,0,244.6167333,-2.201355,422.1147333,424.1105667,0.5325806,420.012,9.663854333,1.020296667,0.967004067,7.20946,6.428465333,1799.987333,0.9780012,0.0219989,0,217.3155667,4.99918,4126.982667,17281.76,36.125,38.062,36.812,37.03306667,38.25,1755.497333,39.49,0,37.20000005,0,217.09988,-39.38861542,-677.7969231,4123.1272,15,1746000137,11:02:17,1746000137,1746000127,5,-0.143,-0.004,-0.599,0.024,420,12,1.78,0.68,-2.182763415,-0.247123693,0.108117825,1,221.5677941,-66.9432391,6.889316148,0,0.53161939,0.015131436,0.004491159,1,2,3,02-Mar,3.22086,2.66774,0.101873,0.103165,0.0598802,0.0580677,26872.2,24547.2,28404.9,25064.3,34236.5,24956,40456.7,27874,1.996,1.6076,0.241548,0,22.2278,999.9,22,30.5,9.63931,26.4103,20,1,-0.162154,0,20.2647,5.22927,11.9021,4.962,3.292,9999,9999,9999,999.9,4.97205,1.85394,1.85587,1.85608,1.85577,1.8555,1.85046,1.85257,0,0,0,0,11111111,oooooooo,on,on,on,on,0,100,100,-0.604,-0.0103,-1.497315381,0.00151024,1.49E-06,5.40E-12,-0.047991962,-0.011177753,0.001682567,-2.18E-05,3,2244,0,20,14.6,14.8,1.03027,2.53906,1.59424,2.13135,1.50269,2.45728,32.8869,24.1313,18,613.126,406.391,25.0752,25.516,30.0007,25.698,25.8084,20.7112,-30,-30,-999.9,420,0,101.135,75.1576
395,1746001052,8169.5,20250430 11:17:32,11:17:32,15,D,1,21%,5557.71,1746001044,0.001591018,1.591018444,5.841552734,417.8242333,261.5005113,26.1820061,41.83348082,0.06635599,1.988629101,0.065150029,0.040825294,257.6660052,28.00068341,26.10858,3.395999096,29.04106887,1.004664853,3.459462384,2.391334243,-70.1639134,33.61278398,3.621023006,224.7358988,14.028,0.0059,47.05134189,33.16317335,13.88816854,1.736021068,3.926145202,18.99779875,0.713219535,,,0,0,1,0,25646,RECT-12807-20250324-17_57_43,10114.7,315.2007692,539.79,0.416067787,-0.222077465,MPF-15417-20250430-11_17_27,10125.6,208.9972,234.5728306,0.10903066,0.5,1345.178161,5.841552734,73.3328315,0.004507678,1.301161642,179.1126975,DARK-15418-20250430-11_17_35,144.13,144.13,0.385563965,0.282782288,0.771412752,-0.317205562,1.359001802,0.19501415,0.80498585,15417,290,232.69,205,10125.6,231.68,1.01,300,23.9,234.5728306,2.881445202,-2.933187087,2.592844631,0.043707817,-0.007039557,290,233.66,805,10116.1,231.67,1.99,None,None,None,None,None,None,None,None,None,None,None,None,None,1600,1345.178161,0.840747911,0.161043468,2,0.5,0: Broadleaf,2,1746001044,417.8242333,419.993,10.03438667,9.509370333,418.4287,10.04689333,600.0017333,100.0629333,0.05926515,26.4221,26.10858,999.9,0,0,4999.833333,0,243.2188333,-2.168701333,422.0593333,424.0251667,0.525013267,419.993,9.509370333,1.004071,0.951536033,6.975561667,6.194673667,1599.978,0.974992667,0.025007563,0,209.1825333,4.99918,3556.410333,15341.17667,36.062,37.937,36.75,36.937,38.25,1555.09,39.888,0,37.20000005,0,208.9972,-33.94815383,-490.3715385,3553.5844,15,1746000137,11:02:17,1746000137,1746000127,5,-0.143,-0.004,-0.599,0.024,420,12,1.78,0.68,-2.16523075,0.208758011,0.106678106,1,212.6130882,-54.77092435,5.62524088,0,0.525078325,0.004422946,0.004853261,1,2,3,02-Mar,3.22013,2.66778,0.101848,0.103178,0.0591209,0.0573285,26869.2,24545.9,28401.2,25063.5,34260.4,24974.6,40452,27872.8,1.9962,1.6064,0.226319,0,22.4089,999.9,21.7,30.5,9.50684,26.4503,20.1322,1,-0.157927,0,20.2665,5.23167,11.9021,4.962,3.292,9999,9999,9999,999.9,4.97205,1.85388,1.85587,1.85608,1.85577,1.8555,1.85046,1.85257,0,0,0,0,11111111,oooooooo,on,on,on,on,0,100,100,-0.604,-0.013,-1.497315381,0.00151024,1.49E-06,5.40E-12,-0.047991962,-0.011177753,0.001682567,-2.18E-05,3,2244,0,20,15.2,15.4,1.03027,2.5415,1.59424,2.13013,1.50269,2.48413,32.9315,24.14,18,613.664,405.965,25.1305,25.5612,30.0009,25.7345,25.8406,20.7127,-30,-30,-999.9,420,0,101.123,75.1548
396,1746001092,8209,20250430 11:18:11,11:18:11,15,D,1,21%,5557.98,1746001084,0.001551125,1.551124719,5.914114259,417.841,256.4325122,25.6742888,41.83467382,0.064796499,1.988942253,0.063646204,0.039880526,225.7806138,27.7768177,26.00351333,3.374959996,28.51092859,0.98807121,3.465587614,2.386888786,-68.40460012,48.10027109,5.178960933,210.6552457,14.028,0.0059,62.07689222,38.36518752,23.7117047,2.963963087,5.70770824,18.99779875,0.713219535,,,0,0,1,0,25645,RECT-12807-20250324-17_57_43,10114.7,315.2007692,539.79,0.416067787,-0.222077465,MPF-15419-20250430-11_18_07,10132.7,203.11064,242.2028062,0.161402615,0.5,1177.203161,5.914114259,95.00183405,0.005212517,1.228669471,183.5273179,DARK-15420-20250430-11_18_14,146.95,146.95,0.393277054,0.410404352,0.757527731,-0.535524069,1.325028777,0.296926441,0.703073559,15419,290,230.99,125,10132.7,231.12,-0.13,300,23.9,242.2028062,2.944826436,-11.23148782,2.642182139,0.392224234,-0.007207225,290,231.41,865,10117.5,231.1,0.31,None,None,None,None,None,None,None,None,None,None,None,None,None,1400,1177.203161,0.840867008,0.161273326,2,0.5,0: Broadleaf,2,1746001084,417.841,420.0284667,9.868767333,9.356815667,418.4452667,9.883874667,599.9851667,100.0619333,0.05910271,26.45209333,26.00351333,999.9,0,0,5001.166667,0,226.2701333,-2.187430667,422.0056667,423.9955333,0.511953133,420.0284667,9.356815667,0.987487433,0.9362606,6.733038333,5.960468667,1399.987333,0.970995,0.029005,0,203.2598667,4.99918,3034.968333,13400.23333,35.94333333,37.875,36.687,36.8603,38.2395,1354.527333,40.46,0,37.20000005,0,203.11064,-28.67638463,-520.9976923,3032.0712,15,1746000137,11:02:17,1746000137,1746000127,5,-0.143,-0.004,-0.599,0.024,420,12,1.78,0.68,-2.142972927,-0.629070314,0.139553155,0,206.1728529,-46.41975553,4.741125345,0,0.512399854,-0.009421087,0.004319147,1,1,3,01-Mar,3.22065,2.6677,0.10181,0.103173,0.0583499,0.0565944,26866.5,24543.4,28397.3,25061.1,34284.9,24991.9,40447.8,27870.2,1.9948,1.6058,0.211447,0,22.545,999.9,21.4,30.6,9.43023,26.3904,20.0841,1,-0.155,0,20.2683,5.23286,11.9021,4.962,3.292,9999,9999,9999,999.9,4.97208,1.85394,1.85593,1.85608,1.85577,1.85547,1.85059,1.85266,0,0,0,0,11111111,oooooooo,on,on,on,on,0,100,100,-0.605,-0.0156,-1.497315381,0.00151024,1.49E-06,5.40E-12,-0.047991962,-0.011177753,0.001682567,-2.18E-05,3,2244,0,20,15.9,16.1,1.03027,2.54028,1.59424,2.13135,1.50269,2.39502,32.9537,24.14,18,613.086,405.909,25.1903,25.6086,30.0003,25.7733,25.8791,20.7096,-30,-30,-999.9,420,0,101.111,75.1476
397,1746001131,8248.5,20250430 11:18:51,11:18:51,15,D,1,21%,5557.71,1746001123,0.001505583,1.505583251,5.938441075,417.8094333,251.7847704,25.20922396,41.8319645,0.063022089,1.988629508,0.061933193,0.038804512,193.8056336,27.52699478,25.89203333,3.352761218,28.0253272,0.971372487,3.466052259,2.381388731,-66.39622135,60.28831564,6.48871834,194.1864462,14.028,0.0059,53.72628127,35.64652205,18.07975922,2.259969902,4.633324832,18.99779875,0.713219535,,,0,0,1,0,25646,RECT-12807-20250324-17_57_43,10114.7,315.2007692,539.79,0.416067787,-0.222077465,MPF-15421-20250430-11_18_46,10135.8,198.83004,237.526719,0.162915057,0.5,1009.195121,5.938441075,82.20654042,0.006104388,1.272544336,180.8298162,DARK-15422-20250430-11_18_54,144.21,144.21,0.392868303,0.414681093,0.764101524,-0.498193141,1.345849398,0.300765218,0.699234782,15421,290,232.13,95,10135.8,230.89,1.24,300,23.9,237.526719,2.814603608,-6.728486845,2.517578617,0.203250828,-0.007374211,290,231.99,815,10119,230.88,1.11,None,None,None,None,None,None,None,None,None,None,None,None,None,1200,1009.195121,0.840985889,0.161502766,2,0.5,0: Broadleaf,2,1746001123,417.8094333,419.9986,9.701877333,9.204884333,418.4139,9.719536667,599.9989,100.0629667,0.059149207,26.45436667,25.89203333,999.9,0,0,4999.833333,0,240.6425667,-2.189197,421.9026667,423.9006,0.496992667,419.9986,9.204884333,0.970798467,0.921067933,6.48531,5.724167333,1200.014333,0.967001,0.032998763,0,198.9635333,4.99918,2573.538,11464.41333,35.73936667,37.812,36.625,36.75,38.12913333,1155.578333,39.436,0,37.20000005,0,198.83004,-25.68376923,-296.7315385,2571.8976,15,1746000137,11:02:17,1746000137,1746000127,5,-0.143,-0.004,-0.599,0.024,420,12,1.78,0.68,-2.18013225,-0.154112533,0.100911333,1,200.6088824,-34.48828114,3.495973632,0,0.49845565,-0.032269216,0.004783043,1,2,3,02-Mar,3.22011,2.66788,0.101778,0.103139,0.0575887,0.0558579,26864,24542.3,28393.7,25059.2,34308.9,25010.1,40443.2,27868.7,1.9946,1.6048,0.197083,0,22.6525,999.9,21.1,30.6,9.29891,26.4204,20.0962,1,-0.150366,0,20.2703,5.23047,11.9021,4.962,3.292,9999,9999,9999,999.9,4.97211,1.85394,1.85587,1.85611,1.85577,1.8555,1.85059,1.85257,0,0,0,0,11111111,oooooooo,on,on,on,on,0,100,100,-0.605,-0.0181,-1.497315381,0.00151024,1.49E-06,5.40E-12,-0.047991962,-0.011177753,0.001682567,-2.18E-05,3,2244,0,20,16.6,16.7,1.03027,2.53784,1.59424,2.13013,1.50269,2.48047,32.9983,24.14,18,613.392,405.627,25.2477,25.656,30.0006,25.8151,25.9156,20.7102,-30,-30,-999.9,420,0,101.099,75.1429
398,1746001171,8288.1,20250430 11:19:30,11:19:30,15,D,1,21%,5557.98,1746001163,0.001461738,1.46173831,5.667318764,417.8994333,255.3726473,25.56807893,41.84036862,0.061527557,1.989013016,0.060489432,0.037897707,161.8982273,27.25028576,25.74079667,3.322849698,27.59539204,0.955104108,3.46109998,2.36774559,-64.46265947,73.91764944,7.947091413,179.3003086,14.028,0.0059,57.32978871,36.12469837,21.20509034,2.650636293,5.126598798,18.99779875,0.713219535,,,0,0,1,0,25647,RECT-12807-20250324-17_57_43,10114.7,315.2007692,539.79,0.416067787,-0.222077465,MPF-15423-20250430-11_19_26,10131,194.2879231,244.9899596,0.206955569,0.5,841.1596661,5.667318764,87.04133877,0.00700152,1.203314784,185.1231784,DARK-15424-20250430-11_19_33,139.86,139.86,0.429119462,0.482279616,0.737129098,-0.722140036,1.312618772,0.347173545,0.652826455,15423,290,235.25,165,10131,235.05,0.2,300,23.9,244.9899596,2.90881953,-10.07062565,2.593576775,0.350001031,-0.007541597,290,236.12,735,10120.4,235.04,1.08,None,None,None,None,None,None,None,None,None,None,None,None,None,1000,841.1596661,0.841194239,0.161904882,2,0.5,0: Broadleaf,2,1746001163,417.8994333,419.9921667,9.539530333,9.056930667,418.5036333,9.55962,599.9979333,100.0610667,0.05959703,26.43012333,25.74079667,999.9,0,0,5001.5,0,225.6732667,-2.092769,421.9243667,423.8307667,0.482599467,419.9921667,9.056930667,0.954535433,0.906246033,6.240263667,5.490293333,999.9589,0.9599923,0.040007897,0,194.4679333,4.99918,2122.851667,9523.469667,35.51653333,37.7874,36.5477,36.7412,37.9978,955.1533333,39.80633333,0,37.79999995,0,194.2879231,-20.6926496,-219.7774361,2121.215769,15,1746000137,11:02:17,1746000137,1746000127,5,-0.143,-0.004,-0.599,0.024,420,12,1.78,0.68,-2.0806065,0.147972608,0.107267512,1,195.9116765,-29.9499007,3.059636087,0,0.484053025,-0.03722525,0.005354713,1,2,3,02-Mar,3.22117,2.66787,0.101784,0.103167,0.0567893,0.0551119,26861.9,24541.2,28391.9,25059,34335.2,25028.8,40439.8,27867.5,1.9944,1.6032,0.181645,0,22.732,999.9,20.7,30.6,9.12215,26.324,19.9359,1,-0.146646,0,20.2737,5.22927,11.9021,4.962,3.292,9999,9999,9999,999.9,4.97211,1.85394,1.85593,1.85608,1.85577,1.85547,1.85059,1.85266,0,0,0,0,11111111,oooooooo,on,on,on,on,0,100,100,-0.604,-0.0206,-1.497315381,0.00151024,1.49E-06,5.40E-12,-0.047991962,-0.011177753,0.001682567,-2.18E-05,3,2244,0,20,17.2,17.4,1.03027,2.53784,1.59424,2.13135,1.50269,2.49146,33.0429,24.14,18,613.688,405.014,25.3023,25.7014,30.0006,25.8553,25.9522,20.7084,-30,-30,-999.9,420,0,101.091,75.1407
399,1746001210,8327.6,20250430 11:20:10,11:20:10,15,D,1,21%,5557.89,1746001202,0.0014069,1.406899616,5.480167991,417.9699667,256.0195106,25.63144604,41.84514931,0.05966429,1.988823945,0.05868746,0.036766094,129.9838805,26.97543789,25.56417,3.288211868,27.16819491,0.938842425,3.45566729,2.349369444,-62.04427308,89.99348708,9.666514653,167.5996092,14.028,0.0059,55.93665606,35.16125209,20.77540397,2.596925496,4.979313836,18.99779875,0.713219535,,,0,0,1,0,25647,RECT-12807-20250324-17_57_43,10114.7,315.2007692,539.79,0.416067787,-0.222077465,MPF-15425-20250430-11_20_05,10127.3,190.9506154,254.9789769,0.251112316,0.5,673.207251,5.480167991,84.52531614,0.008470267,1.116998062,190.7704947,DARK-15426-20250430-11_20_13,144.84,144.84,0.431953168,0.581341532,0.721131847,-1.063209166,1.268141941,0.440959602,0.559040398,15425,290,243.81,195,10127.3,242.36,1.45,300,23.9,254.9789769,3.212259375,-12.78419621,2.85423601,0.417415173,-0.007707215,290,242.21,815,10116.2,242.34,-0.13,None,None,None,None,None,None,None,None,None,None,None,None,None,800,673.207251,0.84149027,0.162476222,2,0.5,0: Broadleaf,2,1746001202,417.9699667,419.9927,9.377620667,8.913052667,418.5740333,9.400080667,600.0009667,100.0555667,0.059639317,26.40349333,25.56417,999.9,0,0,5001,0,202.1653,-2.022837667,421.9265667,423.7698667,0.464566767,419.9927,8.913052667,0.938282533,0.891800167,5.991661667,5.259075667,800.0178667,0.950009467,0.049990557,0,190.9473667,4.99918,1699.371,7584.99,36.12466667,39.17266667,37.32053333,38.156,38.83096667,755.2753333,39.74133333,0,37.20000005,0,190.9506154,-22.33511113,-165.2670086,1699.453077,15,1746000137,11:02:17,1746000137,1746000127,5,-0.143,-0.004,-0.599,0.024,420,12,1.78,0.68,-2.002675854,-0.387672544,0.096313214,1,192.8739412,-30.42074867,3.094026968,0,0.467232902,-0.039139213,0.005543597,1,2,3,02-Mar,3.22025,2.6678,0.101796,0.103141,0.0560227,0.0544201,26858.8,24540,28389.2,25057.2,34360.4,25046,40436.5,27866,1.9934,1.6032,0.169128,0,22.7888,999.9,20.5,30.6,9.03436,26.364,20.1923,1,-0.143455,0,20.2759,5.23047,11.9021,4.9616,3.292,9999,9999,9999,999.9,4.97205,1.85394,1.85593,1.85608,1.85577,1.8555,1.85059,1.85263,0,0,0,0,11111111,oooooooo,on,on,on,on,0,100,100,-0.603,-0.0229,-1.497315381,0.00151024,1.49E-06,5.40E-12,-0.047991962,-0.011177753,0.001682567,-2.18E-05,3,2244,0,20,17.9,18.1,1.03027,2.54028,1.59424,2.13013,1.50269,2.39746,33.0652,24.14,18,613.396,405.274,25.352,25.7469,30.0004,25.8942,25.9887,20.7089,-30,-30,-999.9,420,0,101.082,75.1362
400,1746001250,8367.1,20250430 11:20:49,11:20:49,15,D,1,21%,5557.89,1746001242,0.00135304,1.353040187,5.232053422,418.0686333,258.0468852,25.83363139,41.85375446,0.057671,1.988057364,0.056757464,0.035554287,98.06848505,26.71578529,25.41966333,3.260108039,26.73884298,0.923401272,3.453407735,2.336706767,-59.66907226,104.258775,11.1943818,153.8525696,14.028,0.0059,52.06793926,33.21004097,18.85789829,2.357237286,4.548653699,18.99779875,0.713219535,,,0,0,1,0,25529,RECT-12807-20250324-17_57_43,10114.7,315.2007692,539.79,0.416067787,-0.222077465,MPF-15427-20250430-11_20_45,10122.5,188.87268,273.8226154,0.310237105,0.5,505.1938343,5.232053422,78.36493622,0.010796115,0.971312703,201.1259799,DARK-15428-20250430-11_20_52,142.73,142.73,0.47875014,0.648014651,0.669841799,-2.053014151,1.184239261,0.489700952,0.510299048,15427,290,260.03,295,10122.5,259.93,0.1,300,23.9,273.8226154,2.822628963,-14.06362402,2.499724502,0.530616063,-0.007873418,290,259.85,655,10118.9,259.92,-0.07,None,None,None,None,None,None,None,None,None,None,None,None,None,600,505.1938343,0.841993934,0.163448292,2,0.5,0: Broadleaf,2,1746001242,418.0686333,420.0011333,9.223667333,8.776830667,418.6723,9.248332333,600.0224667,100.0527333,0.059427973,26.39240667,25.41966333,999.9,0,0,4998,0,175.0847333,-1.932516,421.9605667,423.7201,0.4468367,420.0011333,8.776830667,0.922853367,0.878146167,5.752109333,5.037475667,599.997,0.932981733,0.067018427,0,188.9797333,4.99918,1297.995333,5645.119333,36.68313333,40.3122,38.0456,39.5164,39.55393333,555.122,39.87866667,0,37.20000005,0,188.87268,-20.31361542,-98.19769243,1297.4236,15,1746000137,11:02:17,1746000137,1746000127,5,-0.143,-0.004,-0.599,0.024,420,12,1.78,0.68,-1.920799024,-0.375743833,0.10962356,1,190.3051471,-25.89330788,2.608201072,0,0.449584854,-0.063342585,0.00787146,1,2,3,02-Mar,3.22049,2.66777,0.101811,0.103123,0.0553052,0.0537747,26856.9,24539.5,28387.8,25056.3,34384.9,25062.6,40434.4,27865.4,1.993,1.6028,0.15527,0,22.8492,999.9,20.1,30.6,8.85845,26.3941,19.9519,1,-0.140447,0,20.2779,5.22927,11.9021,4.9616,3.292,9999,9999,9999,999.9,4.97208,1.85394,1.85593,1.85608,1.85577,1.85547,1.85056,1.85263,0,0,0,0,11111111,oooooooo,on,on,on,on,0,100,100,-0.603,-0.0251,-1.497315381,0.00151024,1.49E-06,5.40E-12,-0.047991962,-0.011177753,0.001682567,-2.18E-05,3,2244,0,20,18.5,18.7,1.03027,2.53906,1.59424,2.13013,1.50269,2.48657,33.0875,24.14,18,613.533,405.316,25.3998,25.7881,30.0004,25.9332,26.0254,20.7083,-30,-30,-999.9,420,0,101.077,75.1341
401,1746001289,8406.6,20250430 11:21:29,11:21:29,15,D,1,21%,5558.07,1746001281,0.001295967,1.295966699,4.844522088,418.2157333,263.1168105,26.34010199,41.8667475,0.05525042,1.988693443,0.054411623,0.034081566,82.09311829,26.60443147,25.33685333,3.244097825,26.3245433,0.909203596,3.453824766,2.334894229,-57.15213143,113.3899927,12.16599055,150.4969701,14.028,0.0059,48.92593413,31.12928904,17.79664509,2.224580637,4.273382866,18.99779875,0.713219535,,,0,0,1,0,25528,RECT-12807-20250324-17_57_43,10114.7,315.2007692,539.79,0.416067787,-0.222077465,MPF-15429-20250430-11_21_24,10121.8,190.85724,293.2054361,0.349066502,0.5,421.1894316,4.844522088,73.51156088,0.012029266,0.840995881,211.3902674,DARK-15430-20250430-11_21_32,149.57,149.57,0.489879854,0.712555334,0.63191165,-4.653177806,1.097935832,0.558411624,0.441588376,15429,290,277.84,265,10121.8,277.18,0.66,300,23.9,293.2054361,2.286773603,-16.21611891,2.02154503,0.696795147,-0.007956006,290,276.3,635,10117.9,277.18,-0.88,None,None,None,None,None,None,None,None,None,None,None,None,None,500,421.1894316,0.842375999,0.164185678,2,0.5,0: Broadleaf,2,1746001281,418.2157333,420.0111667,9.082225667,8.654177333,418.819,9.10887,600.0240333,100.0482,0.05981641,26.39445333,25.33685333,999.9,0,0,5000.833333,0,151.7621667,-1.795364333,422.0488,423.6776333,0.428047633,420.0111667,8.654177333,0.9086604,0.865834867,5.528616667,4.835042667,500.0017,0.919996567,0.080003307,0,191.0154333,4.99918,1115.142,4676.390667,37.1664,41.23306667,38.6664,40.68726667,40.13726667,455.401,39.6,0,37.20000005,0,190.85724,-25.24738468,-109.2623079,1114.5432,15,1746000137,11:02:17,1746000137,1746000127,5,-0.143,-0.004,-0.599,0.024,420,12,1.78,0.68,-1.7649965,-0.604208555,0.108955508,0,192.6650294,-30.79148972,3.115870292,0,0.43130185,-0.054406424,0.006911408,1,1,3,01-Mar,3.22065,2.66818,0.101833,0.10309,0.0546533,0.0531884,26854.8,24538.6,28386.5,25054.6,34407.4,25077.1,40433,27864.2,1.992,1.6022,0.147074,0,22.8935,999.9,19.9,30.6,8.77057,26.4041,19.976,1,-0.13752,0,20.2786,5.22927,11.9021,4.9616,3.292,9999,9999,9999,999.9,4.97211,1.85394,1.85593,1.85608,1.85577,1.85547,1.85059,1.85269,0,0,0,0,11111111,oooooooo,on,on,on,on,0,100,100,-0.603,-0.027,-1.497315381,0.00151024,1.49E-06,5.40E-12,-0.047991962,-0.011177753,0.001682567,-2.18E-05,3,2244,0,20,19.2,19.4,1.03027,2.53906,1.59424,2.13013,1.50269,2.47437,33.1099,24.1488,18,613.22,405.249,25.4455,25.8294,30.0002,25.9701,26.0621,20.708,-30,-30,-999.9,420,0,101.073,75.1299
402,1746001329,8446.1,20250430 11:22:08,11:22:08,15,D,1,21%,5557.71,1746001321,0.001230607,1.230606706,4.620852307,418.2855333,262.6627089,26.29322503,41.8714773,0.052465675,1.988463311,0.05170859,0.03238498,66.13344253,26.51126915,25.26204,3.229692769,25.92970031,0.896461161,3.457275444,2.333231608,-54.26975573,123.2115858,13.21747867,148.2927512,14.028,0.0059,44.82704249,29.16653908,15.66050341,1.957562927,3.827123739,18.99779875,0.713219535,,,0,0,1,0,25526,RECT-12807-20250324-17_57_43,10114.7,315.2007692,539.79,0.416067787,-0.222077465,MPF-15431-20250430-11_22_04,10130.4,195.75256,325.6686575,0.398921095,0.5,337.2184277,4.620852307,67.26177223,0.014361403,0.657482191,227.7585579,DARK-15432-20250430-11_22_11,156.52,156.52,0.519388813,0.768058697,0.558669717,12.41091751,0.953390961,0.614125032,0.385874968,15431,290,308.37,145,10130.4,306.27,2.1,300,23.9,325.6686575,2.437714478,-19.64832683,2.151867377,0.748590277,-0.008039919,290,305.86,685,10117.7,306.25,-0.39,None,None,None,None,None,None,None,None,None,None,None,None,None,400,337.2184277,0.842962265,0.165317171,2,0.5,0: Broadleaf,2,1746001321,418.2855333,419.9973667,8.955421667,8.548900667,418.8886333,8.983809,600.0113667,100.0426667,0.059952143,26.41138,25.26204,999.9,0,0,5000.166667,0,139.2535333,-1.711851667,422.0653333,423.6188333,0.4065203,419.9973667,8.548900667,0.895923233,0.8552539,5.325409667,4.659022333,400.0397667,0.900006067,0.09999414,0,195.8951667,4.99918,936.8293333,3707.445,37.58513333,41.92886667,39.2164,41.5289,40.6102,355.5386667,39.50066667,0,37.20000005,0,195.75256,-21.69323081,-85.26600011,936.3548,15,1746000137,11:02:17,1746000137,1746000127,5,-0.143,-0.004,-0.599,0.024,420,12,1.78,0.68,-1.728955,0.308598124,0.116089606,1,196.9122059,-23.77608862,2.420764327,0,0.409485425,-0.059080514,0.007692316,1,2,3,02-Mar,3.22009,2.66813,0.101794,0.103109,0.0540315,0.0526746,26854.1,24537.6,28384.6,25054.3,34427.2,25090.5,40429.5,27863.8,1.9916,1.601,0.140965,0,22.9224,999.9,19.7,30.6,8.68351,26.4341,20.1442,1,-0.135041,0,20.2776,5.23167,11.9021,4.9616,3.292,9999,9999,9999,999.9,4.97208,1.85394,1.85593,1.85608,1.8558,1.8555,1.85059,1.85257,0,0,0,0,11111111,oooooooo,on,on,on,on,0,100,100,-0.604,-0.0287,-1.497315381,0.00151024,1.49E-06,5.40E-12,-0.047991962,-0.011177753,0.001682567,-2.18E-05,3,2244,0,20,19.9,20,1.03027,2.53906,1.59424,2.13135,1.50269,2.39746,33.1322,24.14,18,613.309,404.839,25.4886,25.8665,30.0003,26.0049,26.0967,20.706,-30,-30,-999.9,420,0,101.065,75.129
403,1746001368,8485.6,20250430 11:22:48,11:22:48,15,D,1,21%,5557.8,1746001360,0.001158142,1.158142201,4.430556135,418.3372667,260.3657964,26.06360067,41.87714214,0.049432328,1.988481196,0.048759656,0.03053446,49.59080925,26.40469816,25.18333333,3.214598423,25.60740764,0.885621921,3.458459887,2.328976502,-51.07407107,132.2727767,14.18420353,144.9737184,14.028,0.0059,38.74176843,26.63065793,12.1111105,1.513888813,3.11992039,18.99779875,0.713219535,,,0,0,1,0,25644,RECT-12807-20250324-17_57_43,10114.7,315.2007692,539.79,0.416067787,-0.222077465,MPF-15433-20250430-11_22_43,10122.2,205.895,380.4354767,0.458791273,0.5,252.8999602,4.430556135,58.01414736,0.018397131,0.418873983,253.2558941,DARK-15434-20250430-11_22_51,154.19,154.19,0.594701311,0.771465044,0.413263805,2.675576904,0.709537687,0.577732316,0.422267684,15433,290,356.04,195,10122.2,355.49,0.55,300,23.9,380.4354767,2.770813976,-25.25322595,2.440856232,0.79265525,-0.008118141,290,353.29,695,10112.9,355.46,-2.17,None,None,None,None,None,None,None,None,None,None,None,None,None,300,252.8999602,0.842949665,0.165292853,2,0.5,0: Broadleaf,2,1746001360,418.3372667,419.9755667,8.847037667,8.464417333,418.9402,8.876887,600.0183333,100.0441333,0.059647693,26.41718667,25.18333333,999.9,0,0,5000.166667,0,134.4226333,-1.638289667,422.0713667,423.5606667,0.382621167,419.9755667,8.464417333,0.885094367,0.846815367,5.150627667,4.517257,300.0178667,0.900017267,0.099982753,0,205.9053,4.99918,769.7227,2768.752667,36.91426667,40.59763333,38.6206,39.76846667,39.75606667,265.5226667,29.49866667,0,37.20000005,0,205.895,-11.09504273,-35.18789744,769.7200769,15,1746000137,11:02:17,1746000137,1746000127,5,-0.143,-0.004,-0.599,0.024,420,12,1.78,0.68,-1.63810475,0.140980525,0.125952795,1,206.0151471,-6.27671505,0.985172906,0,0.38590565,-0.063396135,0.00731568,1,2,3,02-Mar,3.22007,2.66781,0.101817,0.10307,0.0535425,0.052263,26851.3,24537.7,28382.5,25053.4,34444,25100.3,40428.3,27862.6,1.9904,1.6002,0.135452,0,22.9379,999.9,19.4,30.7,8.6,26.3841,20.012,1,-0.13252,0,20.2785,5.22927,11.9021,4.9608,3.292,9999,9999,9999,999.9,4.97205,1.85394,1.85593,1.85611,1.8558,1.85556,1.85059,1.8526,0,0,0,0,11111111,oooooooo,on,on,on,on,0,100,100,-0.603,-0.0301,-1.497315381,0.00151024,1.49E-06,5.40E-12,-0.047991962,-0.011177753,0.001682567,-2.18E-05,3,2244,0,20,20.5,20.7,1.03027,2.5415,1.59424,2.13013,1.50269,2.45972,33.1545,24.1488,18,612.805,404.617,25.5292,25.8992,30.0004,26.0376,26.1274,20.7074,-30,-30,-999.9,420,0,101.06,75.126
404,1746001408,8525.1,20250430 11:23:27,11:23:27,15,D,1,21%,5558.07,1746001400,0.001091679,1.091679231,3.5017412,418.6981667,284.4233025,28.4725545,41.91430964,0.046817586,1.988307133,0.046213674,0.028937156,33.04685288,26.25286102,25.07484333,3.193893294,25.42035332,0.877225027,3.450876611,2.316668267,-48.1430541,139.9023162,14.99270316,139.7988182,14.028,0.0059,29.3635521,21.02774599,8.335806107,1.041975763,2.252997664,18.99779875,0.713219535,,,0,0,1,0,25649,RECT-12807-20250324-17_57_43,10114.7,315.2007692,539.79,0.416067787,-0.222077465,MPF-15435-20250430-11_23_23,10113.2,218.43976,455.8329505,0.520789886,0.5,168.5739914,3.5017412,43.89581491,0.022090114,0.18418381,284.5925914,DARK-15436-20250430-11_23_30,165.33,165.33,0.637301341,0.817179964,0.224208325,1.688043152,0.373824912,0.618497124,0.381502876,15435,290,429.79,285,10113.2,429.54,0.25,300,23.9,455.8329505,2.836977391,-26.59377045,2.493973464,0.802405171,-0.008196388,290,427.23,705,10108.2,429.52,-2.29,None,None,None,None,None,None,None,None,None,None,None,None,None,200,168.5739914,0.842924887,0.165245033,2,0.5,0: Broadleaf,2,1746001400,418.6981667,420.0177667,8.762938333,8.402236333,419.3000667,8.793904667,600.0038333,100.0465333,0.059731687,26.37998,25.07484333,999.9,0,0,4999.333333,0,134.1093333,-1.319789,422.3995667,423.5768333,0.3607016,420.0177667,8.402236333,0.876702167,0.840615133,5.013871667,4.412297333,199.9869667,0.900001367,0.099998517,0,218.4030667,4.99918,586.6254,1829.953,36.09556667,39.6289,37.89146667,38.4831,38.98726667,175.49,19.498,0,37.20000005,0,218.43976,16.15707696,25.44969234,586.77256,15,1746000137,11:02:17,1746000137,1746000127,5,-0.143,-0.004,-0.599,0.024,420,12,1.78,0.68,-1.319586,-0.139716023,0.092510494,1,217.1134412,24.81303287,2.616975715,0,0.363377975,-0.061375553,0.007330884,1,2,3,02-Mar,3.22007,2.66853,0.101874,0.103068,0.0531656,0.0519959,26848.4,24537.5,28381.4,25053.3,34456.9,25107.7,40427.3,27862.9,1.991,1.6,0.129491,0,22.9244,999.9,19.2,30.7,8.5111,26.3541,19.9599,1,-0.130813,0,20.2799,5.22927,11.9021,4.9616,3.292,9999,9999,9999,999.9,4.97211,1.85394,1.85593,1.85608,1.8558,1.8555,1.85056,1.85269,0,0,0,0,11111111,oooooooo,on,on,on,on,0,100,100,-0.602,-0.0312,-1.497315381,0.00151024,1.49E-06,5.40E-12,-0.047991962,-0.011177753,0.001682567,-2.18E-05,3,2244,0,20,21.2,21.4,1.03027,2.54272,1.59424,2.13013,1.50269,2.48169,33.1545,24.1488,18,613.538,404.723,25.5642,25.9276,30.0002,26.0659,26.1574,20.7059,-30,-30,-999.9,420,0,101.057,75.1263
405,1746001447,8564.6,20250430 11:24:07,11:24:07,15,D,1,21%,5557.8,1746001439,0.000998514,0.998514209,2.62531365,418.9766667,306.6398138,30.69537674,41.94056365,0.042989117,1.988055839,0.042479292,0.02659486,16.50982072,26.09678798,24.98181333,3.176231586,25.31077155,0.87079899,3.440428469,2.305432596,-44.03447662,144.3486844,15.45994479,132.2839733,14.028,0.0059,16.16903966,14.29243505,1.876604613,0.234575577,0.899191235,18.99779875,0.713219535,,,0,0,1,0,25653,RECT-12807-20250324-17_57_43,10114.7,315.2007692,539.79,0.416067787,-0.222077465,MPF-15437-20250430-11_24_02,10108.9,224.50904,525.7185453,0.572948221,0.5,84.28135973,2.62531365,24.14442756,0.033784352,0.026766137,310.350118,DARK-15438-20250430-11_24_10,178.95,178.95,0.659608736,0.868618303,0.038996383,1.430803189,0.062654183,0.692351833,0.307648167,15437,290,494.85,245,10108.9,494.65,0.2,300,23.9,525.7185453,2.958954994,-31.40200902,2.595450028,0.839433543,-0.008274696,290,492,675,10103.5,494.64,-2.64,None,None,None,None,None,None,None,None,None,None,None,None,None,100,84.28135973,0.84285279,0.165105885,2,0.5,0: Broadleaf,2,1746001439,418.9766667,419.9912,8.699083333,8.369148,419.5779,8.730886667,600.0133667,100.0426,0.059785147,26.3286,24.98181333,999.9,0,0,4998.5,0,135.2001667,-1.014521967,422.6534,423.5357667,0.3299337,419.9912,8.369148,0.8702789,0.837271467,4.908418667,4.355409333,99.99535,0.8999264,0.10007367,0,224.4025,4.99918,371.2930333,891.5124333,35.3393,38.94146667,37.22263333,37.6518,38.3164,85.48866667,9.509,0,37.20000005,0,224.50904,16.66900005,11.15538461,371.39136,15,1746000137,11:02:17,1746000137,1746000127,5,-0.143,-0.004,-0.599,0.024,420,12,1.78,0.68,-1.03565185,0.682795272,0.115970278,0,223.3637059,19.20638658,1.967660936,0,0.33325875,-0.060151362,0.007504497,1,1,3,01-Mar,3.22052,2.66821,0.101892,0.103075,0.0528871,0.0518302,26847.6,24537.5,28381.1,25053.6,34467.2,25112.2,40427.5,27863,1.9904,1.5998,0.124127,0,22.9155,999.9,19.1,30.7,8.4673,26.4542,19.9319,1,-0.129634,0,20.2811,5.23047,11.9021,4.9612,3.292,9999,9999,9999,999.9,4.97214,1.85394,1.8559,1.85608,1.85577,1.85547,1.85059,1.8526,0,0,0,0,11111111,oooooooo,on,on,on,on,0,100,100,-0.602,-0.0319,-1.497315381,0.00151024,1.49E-06,5.40E-12,-0.047991962,-0.011177753,0.001682567,-2.18E-05,3,2244,0,20,21.8,22,1.03027,2.54028,1.59424,2.13135,1.50269,2.49146,33.1769,24.1488,18,613.369,404.782,25.5934,25.9494,30.0002,26.0899,26.1812,20.7083,-30,-30,-999.9,420,0,101.057,75.1268
406,1746001487,8604.1,20250430 11:24:46,11:24:46,15,D,1,21%,5557.8,1746001479,0.000913498,0.913498117,1.725868166,419.2998333,334.7551194,33.51016531,41.97338864,0.039550317,1.988354324,0.039118416,0.024487422,8.238775485,25.96792786,24.88579,3.158091165,25.34936939,0.867463991,3.422033809,2.290627174,-40.28526695,144.93135,15.50546214,128.3903207,14.028,0.0059,7.995288637,9.169330082,-1.174041445,-0.146755181,0.181621538,18.99779875,0.713219535,,,0,0,1,0,25662,RECT-12807-20250324-17_57_43,10114.7,315.2007692,539.79,0.416067787,-0.222077465,RECT-15439-20250430-11_24_42,10107,226.7946923,523.4,0.566689545,0.5,42.12468492,1.725868166,11.93580926,0.046242379,0.031314482,309.5406528,DARK-15440-20250430-11_24_49,173.87,173.87,0.667806649,0.848583262,0.044791211,1.424622495,0.072977675,0.65055831,0.34944169,15437,290,494.85,245,10108.9,494.65,0.2,300,23.9,525.7185453,2.958954994,-31.40200902,2.595450028,0.839433543,-0.008274696,290,492,675,10103.5,494.64,-2.64,None,None,None,None,None,None,None,None,None,None,None,None,None,50,42.12468492,0.842702801,0.164816406,2,0.5,0: Broadleaf,2,1746001479,419.2998333,420.0028,8.665669333,8.363808333,419.9003333,8.697907333,599.9993667,100.0437333,0.059785213,26.23781,24.88579,999.9,0,0,4999.666667,0,143.2844667,-0.703002,422.9652333,423.5453333,0.301860933,420.0028,8.363808333,0.866945933,0.836746567,4.853428667,4.346461667,49.98759333,0.899834167,0.100165803,0,226.7571667,4.99918,255.7757,422.1911,34.61646667,38.37466667,36.59763333,37.02266667,37.6706,40.48266667,4.503333333,0,37.20000005,0,226.7946923,-6.951452929,-1.831589816,255.7196154,15,1746000137,11:02:17,1746000137,1746000127,5,-0.143,-0.004,-0.599,0.024,420,12,1.78,0.68,-0.722534225,0.587952709,0.128668512,0,226.8742647,-3.981497291,0.762129034,0,0.3042882,-0.052687024,0.006827219,1,1,3,01-Mar,3.22055,2.66835,0.102001,0.103104,0.0527181,0.0518294,26844.3,24537.5,28381.2,25054.4,34471.8,25112.6,40425.6,27863.5,1.9908,1.599,0.12055,0,22.8665,999.9,19,30.7,8.42301,26.4842,20.012,1,-0.128699,0,20.2816,5.23047,11.9021,4.9616,3.292,9999,9999,9999,999.9,4.97214,1.85394,1.85593,1.85608,1.85577,1.85547,1.85056,1.8526,0,0,0,0,11111111,oooooooo,on,on,on,on,0,100,100,-0.6,-0.0324,-1.497315381,0.00151024,1.49E-06,5.40E-12,-0.047991962,-0.011177753,0.001682567,-2.18E-05,3,2244,0,20,22.5,22.7,1.03027,2.5354,1.59424,2.13013,1.50269,2.44263,33.1769,24.1488,18,613.866,404.484,25.6156,25.9648,30.0003,26.1096,26.2008,20.7062,-30,-30,-999.9,420,0,101.054,75.1286
